[
    {
        "id": "b2e1b159-62f3-4292-fa61-22c70c203fef",
        "data": [
            {
                "text": "tell me about activation of the myucl account",
                "userDefined": false
            }
        ],
        "isTemplate": false,
        "count": 0,
        "updated": 1560155629
    },
    {
        "id": "247cdb09-3916-5295-ccdd-497967ff6246",
        "data": [
            {
                "text": "what about obtaining my myUCL account",
                "userDefined": false
            }
        ],
        "isTemplate": false,
        "count": 0,
        "updated": 1560155629
    },
    {
        "id": "b67258db-3f3f-ecc4-2d14-148040630958",
        "data": [
            {
                "text": "how to activate my myucl account",
                "userDefined": false
            }
        ],
        "isTemplate": false,
        "count": 0,
        "updated": 1560155629
    },
    {
        "id": "14349472-7a16-014b-bea4-3b1b2cc84147",
        "data": [
            {
                "text": "how do I get the myucl account please",
                "userDefined": false
            }
        ],
        "isTemplate": false,
        "count": 0,
        "updated": 1560155629
    },
    {
        "id": "fe7d35ff-95dc-1a48-b3c3-1adc38a0bf70",
        "data": [
            {
                "text": "where should I need to go to get the myUCL account please",
                "userDefined": false
            }
        ],
        "isTemplate": false,
        "count": 0,
        "updated": 1560155629
    },
    {
        "id": "e2c8d3ff-e7b7-bcb9-e218-e8047a477a82",
        "data": [
            {
                "text": "info about getting my myUCL account",
                "userDefined": false
            }
        ],
        "isTemplate": false,
        "count": 0,
        "updated": 1560155629
    },
    {
        "id": "3b1e8832-9356-73a3-2153-19ae4563fa4e",
        "data": [
            {
                "text": "how to activate the myucl account",
                "userDefined": false
            }
        ],
        "isTemplate": false,
        "count": 0,
        "updated": 1560155629
    },
    {
        "id": "53849660-61cf-1632-2046-502294aa9eb4",
        "data": [
            {
                "text": "where is it possible for me to get my myUCL account please",
                "userDefined": false
            }
        ],
        "isTemplate": false,
        "count": 0,
        "updated": 1560155629
    },
    {
        "id": "295b8784-ef32-68a1-bf36-9bd4b365769d",
        "data": [
            {
                "text": "tell me about getting a myucl account",
                "userDefined": false
            }
        ],
        "isTemplate": false,
        "count": 0,
        "updated": 1560155629
    },
    {
        "id": "80f71374-f024-db9c-f678-f70c01df85e3",
        "data": [
            {
                "text": "I would love to learn about receiving my myUCL account",
                "userDefined": false
            }
        ],
        "isTemplate": false,
        "count": 0,
        "updated": 1560155629
    },
    {
        "id": "8e494764-c6e9-a2ba-e999-bf5a40fc25ad",
        "data": [
            {
                "text": "what to do to activate my uclouvain account please",
                "userDefined": false
            }
        ],
        "isTemplate": false,
        "count": 0,
        "updated": 1560155629
    },
    {
        "id": "52673a65-0826-4a82-8ad7-1f9e2b27c76a",
        "data": [
            {
                "text": "I'd want to know about receiving my myUCL account",
                "userDefined": false
            }
        ],
        "isTemplate": false,
        "count": 0,
        "updated": 1560155629
    },
    {
        "id": "e3afe1fc-3298-c01b-8ec1-9999d816045c",
        "data": [
            {
                "text": "I want to know about activation of the myUCL account",
                "userDefined": false
            }
        ],
        "isTemplate": false,
        "count": 0,
        "updated": 1560155629
    },
    {
        "id": "5524cdf5-9db7-f890-9932-cca3dc18abf1",
        "data": [
            {
                "text": "tell me about obtaining the the university account",
                "userDefined": false
            }
        ],
        "isTemplate": false,
        "count": 0,
        "updated": 1560155629
    },
    {
        "id": "92c45536-fd51-f09c-b85c-6e8a0e52d496",
        "data": [
            {
                "text": "I'd want to learn about getting a myUCL account",
                "userDefined": false
            }
        ],
        "isTemplate": false,
        "count": 0,
        "updated": 1560155629
    },
    {
        "id": "eb14dc62-f4dc-b94b-57b2-c30098254b34",
        "data": [
            {
                "text": "what about activation of my myUCL account",
                "userDefined": false
            }
        ],
        "isTemplate": false,
        "count": 0,
        "updated": 1560155629
    },
    {
        "id": "9ccd0600-c9fa-bc46-2c04-ec16d14e6618",
        "data": [
            {
                "text": "where could I get a UCLouvain account",
                "userDefined": false
            }
        ],
        "isTemplate": false,
        "count": 0,
        "updated": 1560155629
    },
    {
        "id": "1fd560f2-c8d9-820c-c1e6-2388e5639468",
        "data": [
            {
                "text": "who can I ask to activate the myucl account",
                "userDefined": false
            }
        ],
        "isTemplate": false,
        "count": 0,
        "updated": 1560155629
    },
    {
        "id": "70f36b59-7693-3370-9b6a-45faeee0df5f",
        "data": [
            {
                "text": "where to go to activate the ucl account",
                "userDefined": false
            }
        ],
        "isTemplate": false,
        "count": 0,
        "updated": 1560155629
    },
    {
        "id": "eb863bd2-f501-06ec-5981-aa235c34d6d8",
        "data": [
            {
                "text": "how do I receive a myUCL account please",
                "userDefined": false
            }
        ],
        "isTemplate": false,
        "count": 0,
        "updated": 1560155629
    },
    {
        "id": "63de4956-105e-d054-1fe6-2a689aa46a6e",
        "data": [
            {
                "text": "I would really like to learn about activation of the ucl account",
                "userDefined": false
            }
        ],
        "isTemplate": false,
        "count": 0,
        "updated": 1560155629
    },
    {
        "id": "26d959fe-4693-f4b5-90d1-24d36f79dc71",
        "data": [
            {
                "text": "tell me about getting the myUCL account",
                "userDefined": false
            }
        ],
        "isTemplate": false,
        "count": 0,
        "updated": 1560155629
    },
    {
        "id": "114edc4f-a997-055e-3623-ef02d0716075",
        "data": [
            {
                "text": "I'd really love to acquire a myUCL account",
                "userDefined": false
            }
        ],
        "isTemplate": false,
        "count": 0,
        "updated": 1560155629
    },
    {
        "id": "922a65fb-3b5a-ebb1-9e79-0dc925a84327",
        "data": [
            {
                "text": "what about acquiring the UCLouvain account",
                "userDefined": false
            }
        ],
        "isTemplate": false,
        "count": 0,
        "updated": 1560155629
    },
    {
        "id": "8d03a8d7-d6bb-458b-d36f-a571e32765ec",
        "data": [
            {
                "text": "how do we activate my UCLouvain account",
                "userDefined": false
            }
        ],
        "isTemplate": false,
        "count": 0,
        "updated": 1560155629
    },
    {
        "id": "f5566e78-8253-1f0c-e8cc-a734ccee200d",
        "data": [
            {
                "text": "I need to activate the uclouvain account please",
                "userDefined": false
            }
        ],
        "isTemplate": false,
        "count": 0,
        "updated": 1560155629
    },
    {
        "id": "3779d915-f3bd-0c6d-a41d-7cce0ea6f76b",
        "data": [
            {
                "text": "what about obtaining the college account",
                "userDefined": false
            }
        ],
        "isTemplate": false,
        "count": 0,
        "updated": 1560155629
    },
    {
        "id": "4b187206-853c-a108-d051-225d01e44347",
        "data": [
            {
                "text": "how to acquire a myucl account",
                "userDefined": false
            }
        ],
        "isTemplate": false,
        "count": 0,
        "updated": 1560155629
    },
    {
        "id": "175268ec-b3a0-5b2c-82f1-88f52c49b684",
        "data": [
            {
                "text": "where to go to activate my the university account please",
                "userDefined": false
            }
        ],
        "isTemplate": false,
        "count": 0,
        "updated": 1560155629
    },
    {
        "id": "9900d29c-2248-b14b-987b-e3fa6fe5b7d6",
        "data": [
            {
                "text": "I'd really like to activate the myUCL account",
                "userDefined": false
            }
        ],
        "isTemplate": false,
        "count": 0,
        "updated": 1560155629
    },
    {
        "id": "1d5fbfca-386b-73f6-a717-0bb314e44787",
        "data": [
            {
                "text": "how to activate the myUCL account please",
                "userDefined": false
            }
        ],
        "isTemplate": false,
        "count": 0,
        "updated": 1560155629
    },
    {
        "id": "128064c2-cce3-eb68-25b8-3689ccbb4fdf",
        "data": [
            {
                "text": "who should I get in touch with to activate my myUCL account",
                "userDefined": false
            }
        ],
        "isTemplate": false,
        "count": 0,
        "updated": 1560155629
    },
    {
        "id": "4b7cd56b-cd96-20e7-2025-94ff0f473d68",
        "data": [
            {
                "text": "show me about getting my UCLouvain account",
                "userDefined": false
            }
        ],
        "isTemplate": false,
        "count": 0,
        "updated": 1560155629
    },
    {
        "id": "0d627e29-6961-e5ce-1ba5-cfe866315549",
        "data": [
            {
                "text": "show me about getting the uni account",
                "userDefined": false
            }
        ],
        "isTemplate": false,
        "count": 0,
        "updated": 1560155629
    },
    {
        "id": "04da2924-24e3-69ac-d3a6-c9b412b4a8d5",
        "data": [
            {
                "text": "I need to obtain the the uni account please",
                "userDefined": false
            }
        ],
        "isTemplate": false,
        "count": 0,
        "updated": 1560155629
    },
    {
        "id": "55e9c6f6-5198-6b38-06a0-b7da0b5743c8",
        "data": [
            {
                "text": "I need to activate my myucl account please",
                "userDefined": false
            }
        ],
        "isTemplate": false,
        "count": 0,
        "updated": 1560155629
    },
    {
        "id": "8fd7b25a-1cce-63ae-64bc-a6f354e2ae91",
        "data": [
            {
                "text": "I'd really like to get my uclouvain account please",
                "userDefined": false
            }
        ],
        "isTemplate": false,
        "count": 0,
        "updated": 1560155629
    },
    {
        "id": "c2b98b31-9aac-a3f8-fdab-bd1e81c8f335",
        "data": [
            {
                "text": "tell me about activation of my UCLouvain account",
                "userDefined": false
            }
        ],
        "isTemplate": false,
        "count": 0,
        "updated": 1560155629
    },
    {
        "id": "21e87fda-0ded-8a9f-727d-9e44ee561e07",
        "data": [
            {
                "text": "how can I activate my the college account",
                "userDefined": false
            }
        ],
        "isTemplate": false,
        "count": 0,
        "updated": 1560155629
    },
    {
        "id": "3367062d-428d-c10d-e5e1-0f16aa8c9843",
        "data": [
            {
                "text": "I'd like to get my myucl account",
                "userDefined": false
            }
        ],
        "isTemplate": false,
        "count": 0,
        "updated": 1560155629
    },
    {
        "id": "9baeb2ce-ad77-2781-5f8c-dd0e6ca72acc",
        "data": [
            {
                "text": "I need to activate the myucl account please",
                "userDefined": false
            }
        ],
        "isTemplate": false,
        "count": 0,
        "updated": 1560155629
    },
    {
        "id": "36cabdf6-30e7-970b-f286-61259f363f5a",
        "data": [
            {
                "text": "how is it possible for me to activate my UCLouvain account please",
                "userDefined": false
            }
        ],
        "isTemplate": false,
        "count": 0,
        "updated": 1560155629
    },
    {
        "id": "079c61b6-5bd2-075a-c5f7-7a58439e0691",
        "data": [
            {
                "text": "what about acquiring my myucl account",
                "userDefined": false
            }
        ],
        "isTemplate": false,
        "count": 0,
        "updated": 1560155629
    },
    {
        "id": "9f93466e-7725-a869-8fd3-03ba09207976",
        "data": [
            {
                "text": "what about activation of the myucl account",
                "userDefined": false
            }
        ],
        "isTemplate": false,
        "count": 0,
        "updated": 1560155629
    },
    {
        "id": "d2c952fe-5501-71e1-1304-a4041adf6984",
        "data": [
            {
                "text": "who can support to get the myucl account",
                "userDefined": false
            }
        ],
        "isTemplate": false,
        "count": 0,
        "updated": 1560155629
    },
    {
        "id": "52273637-e67d-29a2-d789-275a9f97fdd0",
        "data": [
            {
                "text": "where is it possible for me to acquire the uni account please",
                "userDefined": false
            }
        ],
        "isTemplate": false,
        "count": 0,
        "updated": 1560155629
    },
    {
        "id": "41c5e0f8-aea6-44e2-c4ce-13239a2150d5",
        "data": [
            {
                "text": "who should I contact to get my the college account",
                "userDefined": false
            }
        ],
        "isTemplate": false,
        "count": 0,
        "updated": 1560155629
    },
    {
        "id": "dae56087-ab7c-2df8-3d9c-a144e2960b42",
        "data": [
            {
                "text": "I'd really like to receive a myucl account please",
                "userDefined": false
            }
        ],
        "isTemplate": false,
        "count": 0,
        "updated": 1560155629
    },
    {
        "id": "99e17956-795e-3755-bf61-b93e12645312",
        "data": [
            {
                "text": "how do I activate the myUCL account",
                "userDefined": false
            }
        ],
        "isTemplate": false,
        "count": 0,
        "updated": 1560155629
    },
    {
        "id": "62090897-1b86-2c61-9099-21648ea3f710",
        "data": [
            {
                "text": "information about activation of the ucl account",
                "userDefined": false
            }
        ],
        "isTemplate": false,
        "count": 0,
        "updated": 1560155629
    },
    {
        "id": "4d751965-6def-c91c-44e4-618f28f934f2",
        "data": [
            {
                "text": "I'd really want to be informed about activation of a myUCL account",
                "userDefined": false
            }
        ],
        "isTemplate": false,
        "count": 0,
        "updated": 1560155629
    },
    {
        "id": "07d9b0be-b080-cbc6-7a78-b69c018f62ef",
        "data": [
            {
                "text": "I would really want to activate my myUCL account please",
                "userDefined": false
            }
        ],
        "isTemplate": false,
        "count": 0,
        "updated": 1560155629
    },
    {
        "id": "84d4673b-1843-eb49-9607-c5bf2e8ac979",
        "data": [
            {
                "text": "how to activate the myucl account please",
                "userDefined": false
            }
        ],
        "isTemplate": false,
        "count": 0,
        "updated": 1560155629
    },
    {
        "id": "09c74a7e-c7c8-2376-6b55-a9b2d0cac1a8",
        "data": [
            {
                "text": "I'd want to get a myUCL account please",
                "userDefined": false
            }
        ],
        "isTemplate": false,
        "count": 0,
        "updated": 1560155629
    },
    {
        "id": "aea556be-3bb8-62a3-3ef4-3e998e1ff422",
        "data": [
            {
                "text": "I would really want to activate the the uni account please",
                "userDefined": false
            }
        ],
        "isTemplate": false,
        "count": 0,
        "updated": 1560155629
    },
    {
        "id": "f4a5196a-c5fe-baaa-dbb5-07fa26087439",
        "data": [
            {
                "text": "I would love to obtain a myucl account",
                "userDefined": false
            }
        ],
        "isTemplate": false,
        "count": 0,
        "updated": 1560155629
    },
    {
        "id": "e446113c-a1e7-bdb6-41db-e3e8c3e8de21",
        "data": [
            {
                "text": "who do I have to get in touch with to acquire a myucl account",
                "userDefined": false
            }
        ],
        "isTemplate": false,
        "count": 0,
        "updated": 1560155629
    },
    {
        "id": "57cb1304-c905-4176-36d1-27842b627aeb",
        "data": [
            {
                "text": "how do we acquire my myucl account please",
                "userDefined": false
            }
        ],
        "isTemplate": false,
        "count": 0,
        "updated": 1560155629
    },
    {
        "id": "1b97bd82-01a8-fabb-a36b-ecd434cb3091",
        "data": [
            {
                "text": "tell me about acquiring my UCL account",
                "userDefined": false
            }
        ],
        "isTemplate": false,
        "count": 0,
        "updated": 1560155629
    },
    {
        "id": "1b6e0ddf-f4e9-0b12-c9de-d0c1de175461",
        "data": [
            {
                "text": "how to activate my myUCL account",
                "userDefined": false
            }
        ],
        "isTemplate": false,
        "count": 0,
        "updated": 1560155629
    },
    {
        "id": "8470f566-697f-0daa-a39a-37825fbfd20e",
        "data": [
            {
                "text": "how do I activate the myUCL account please",
                "userDefined": false
            }
        ],
        "isTemplate": false,
        "count": 0,
        "updated": 1560155629
    },
    {
        "id": "9be0ed6e-5671-967c-d354-6b3c4825b70a",
        "data": [
            {
                "text": "tell me about receiving a myucl account",
                "userDefined": false
            }
        ],
        "isTemplate": false,
        "count": 0,
        "updated": 1560155629
    },
    {
        "id": "a986a460-9327-a626-d2cd-a7d17e7b9f8b",
        "data": [
            {
                "text": "I would really love to acquire the college account",
                "userDefined": false
            }
        ],
        "isTemplate": false,
        "count": 0,
        "updated": 1560155629
    },
    {
        "id": "8b028834-d396-a3c1-c0f5-f0a9af2b9726",
        "data": [
            {
                "text": "I would really want to know about activation of the myucl account",
                "userDefined": false
            }
        ],
        "isTemplate": false,
        "count": 0,
        "updated": 1560155629
    },
    {
        "id": "7a9dc599-182f-038a-20b5-a4b5a3d87e0c",
        "data": [
            {
                "text": "how to activate my UCLouvain account",
                "userDefined": false
            }
        ],
        "isTemplate": false,
        "count": 0,
        "updated": 1560155629
    },
    {
        "id": "42c3532d-46c1-2fc8-7055-f183bed25295",
        "data": [
            {
                "text": "what to do to obtain a myucl account",
                "userDefined": false
            }
        ],
        "isTemplate": false,
        "count": 0,
        "updated": 1560155629
    },
    {
        "id": "d38fe1c6-567c-67f8-eb02-2efea7a5bfb2",
        "data": [
            {
                "text": "I need to activate my UCLouvain account",
                "userDefined": false
            }
        ],
        "isTemplate": false,
        "count": 0,
        "updated": 1560155629
    },
    {
        "id": "31cc8785-e200-4b8c-ea84-166f5f1d6461",
        "data": [
            {
                "text": "I'd really want to obtain the college account please",
                "userDefined": false
            }
        ],
        "isTemplate": false,
        "count": 0,
        "updated": 1560155629
    },
    {
        "id": "64fc2701-5bb7-851e-d61c-db7e48121f31",
        "data": [
            {
                "text": "I'd love to receive a myUCL account please",
                "userDefined": false
            }
        ],
        "isTemplate": false,
        "count": 0,
        "updated": 1560155629
    },
    {
        "id": "b0942069-6df5-a6d9-dcba-a8db96c0df88",
        "data": [
            {
                "text": "how do I get a myucl account please",
                "userDefined": false
            }
        ],
        "isTemplate": false,
        "count": 0,
        "updated": 1560155629
    },
    {
        "id": "5208511a-b9b5-c848-ad35-d3ef146e5469",
        "data": [
            {
                "text": "what about receiving a university account",
                "userDefined": false
            }
        ],
        "isTemplate": false,
        "count": 0,
        "updated": 1560155629
    },
    {
        "id": "313f1b6d-2b8e-1319-e2cb-4c5c3331feb8",
        "data": [
            {
                "text": "how to activate the uclouvain account please",
                "userDefined": false
            }
        ],
        "isTemplate": false,
        "count": 0,
        "updated": 1560155629
    },
    {
        "id": "0303f947-1951-ec27-d7a2-4f7f4dedb24e",
        "data": [
            {
                "text": "information on activation of my UCL account",
                "userDefined": false
            }
        ],
        "isTemplate": false,
        "count": 0,
        "updated": 1560155629
    },
    {
        "id": "94c4478d-a2df-a89c-15b7-7909b3b825da",
        "data": [
            {
                "text": "where to go to activate the myUCL account please",
                "userDefined": false
            }
        ],
        "isTemplate": false,
        "count": 0,
        "updated": 1560155629
    },
    {
        "id": "7b627cc5-2bea-ffaf-343f-6fa3e145db32",
        "data": [
            {
                "text": "info about activation of my UCL account",
                "userDefined": false
            }
        ],
        "isTemplate": false,
        "count": 0,
        "updated": 1560155629
    },
    {
        "id": "52f22a85-404d-1e8f-22ba-e6f24cd0b44e",
        "data": [
            {
                "text": "where is it possible to obtain a uclouvain account please",
                "userDefined": false
            }
        ],
        "isTemplate": false,
        "count": 0,
        "updated": 1560155629
    },
    {
        "id": "742ad1e3-cd87-a7fc-b9fe-c94f471e07a4",
        "data": [
            {
                "text": "I would really love to know about receiving my myucl account",
                "userDefined": false
            }
        ],
        "isTemplate": false,
        "count": 0,
        "updated": 1560155629
    },
    {
        "id": "40e862f9-3b4b-2270-5579-9fff89116511",
        "data": [
            {
                "text": "how to activate my the uni account",
                "userDefined": false
            }
        ],
        "isTemplate": false,
        "count": 0,
        "updated": 1560155629
    },
    {
        "id": "0e50a022-0811-31e8-c4f4-f1ae4a6e9848",
        "data": [
            {
                "text": "how to obtain a myucl account",
                "userDefined": false
            }
        ],
        "isTemplate": false,
        "count": 0,
        "updated": 1560155629
    },
    {
        "id": "4a332f8f-5c10-b01d-8f27-df46b7e3a163",
        "data": [
            {
                "text": "I would love to get a college account please",
                "userDefined": false
            }
        ],
        "isTemplate": false,
        "count": 0,
        "updated": 1560155629
    },
    {
        "id": "34d415c3-c9b6-f0f5-f1d0-960245ad4d91",
        "data": [
            {
                "text": "pieces of advice on activation of the UCL account",
                "userDefined": false
            }
        ],
        "isTemplate": false,
        "count": 0,
        "updated": 1560155629
    },
    {
        "id": "b17a5c8c-0064-a618-3b01-55385f966f74",
        "data": [
            {
                "text": "how is it possible to activate the college account please",
                "userDefined": false
            }
        ],
        "isTemplate": false,
        "count": 0,
        "updated": 1560155629
    },
    {
        "id": "6fcaa664-5843-ae71-625c-3e9865d6ea69",
        "data": [
            {
                "text": "would you be so kind and show me about activation of my myUCL account",
                "userDefined": false
            }
        ],
        "isTemplate": false,
        "count": 0,
        "updated": 1560155629
    },
    {
        "id": "0e947a8a-7211-8806-e530-733dc76ac065",
        "data": [
            {
                "text": "tell me about acquiring a myucl account",
                "userDefined": false
            }
        ],
        "isTemplate": false,
        "count": 0,
        "updated": 1560155629
    },
    {
        "id": "e7c9f387-dae5-73a6-077d-87931e78bc29",
        "data": [
            {
                "text": "could you show me about activation of the the uni account",
                "userDefined": false
            }
        ],
        "isTemplate": false,
        "count": 0,
        "updated": 1560155629
    },
    {
        "id": "b0206eb2-b02f-b524-7ba2-8e5728d3c44c",
        "data": [
            {
                "text": "where would I go to acquire my myUCL account",
                "userDefined": false
            }
        ],
        "isTemplate": false,
        "count": 0,
        "updated": 1560155629
    },
    {
        "id": "b7afe438-e2c3-47f5-e6b7-b3b47f9e1d26",
        "data": [
            {
                "text": "I need to acquire a myucl account please",
                "userDefined": false
            }
        ],
        "isTemplate": false,
        "count": 0,
        "updated": 1560155629
    },
    {
        "id": "dd06830a-4f9c-627f-6ee3-9a8b3738accf",
        "data": [
            {
                "text": "how do I activate my myucl account",
                "userDefined": false
            }
        ],
        "isTemplate": false,
        "count": 0,
        "updated": 1560155629
    },
    {
        "id": "bf5b86f4-7775-5fcf-93b2-ada116d18d39",
        "data": [
            {
                "text": "how to activate my uni account",
                "userDefined": false
            }
        ],
        "isTemplate": false,
        "count": 0,
        "updated": 1560155629
    },
    {
        "id": "5d08bc50-d626-5c0f-731b-51e51f7f6be9",
        "data": [
            {
                "text": "what do I need to do to activate my UCL account please",
                "userDefined": false
            }
        ],
        "isTemplate": false,
        "count": 0,
        "updated": 1560155629
    },
    {
        "id": "16d25ab6-0496-ed99-6e59-35d72956ac7f",
        "data": [
            {
                "text": "I would really love to activate the university account",
                "userDefined": false
            }
        ],
        "isTemplate": false,
        "count": 0,
        "updated": 1560155629
    },
    {
        "id": "fbd58b72-47bc-9f86-7b3d-a8247d9fa556",
        "data": [
            {
                "text": "how do I activate my myucl account please",
                "userDefined": false
            }
        ],
        "isTemplate": false,
        "count": 0,
        "updated": 1560155629
    },
    {
        "id": "b863c783-88a4-7f4d-5cfe-c019774a71e1",
        "data": [
            {
                "text": "I would really love to learn about activation of a UCL account",
                "userDefined": false
            }
        ],
        "isTemplate": false,
        "count": 0,
        "updated": 1560155629
    },
    {
        "id": "a9c74ff6-8a67-2881-da20-57dec0121d11",
        "data": [
            {
                "text": "I'd really want to activate my university account please",
                "userDefined": false
            }
        ],
        "isTemplate": false,
        "count": 0,
        "updated": 1560155629
    },
    {
        "id": "49f26085-426e-e9cf-c5cc-e4b00506d4a4",
        "data": [
            {
                "text": "I need to activate the UCLouvain account please",
                "userDefined": false
            }
        ],
        "isTemplate": false,
        "count": 0,
        "updated": 1560155629
    },
    {
        "id": "febc1240-0cdd-8f86-df0b-403712e06d67",
        "data": [
            {
                "text": "how is it possible for me to activate my myUCL account",
                "userDefined": false
            }
        ],
        "isTemplate": false,
        "count": 0,
        "updated": 1560155629
    },
    {
        "id": "a1ffe370-ad40-80e6-f31e-43c77766fb4a",
        "data": [
            {
                "text": "I'd really love to learn about getting my UCL account",
                "userDefined": false
            }
        ],
        "isTemplate": false,
        "count": 0,
        "updated": 1560155629
    },
    {
        "id": "4d650b37-d9dc-ef62-700b-952ebddc76e8",
        "data": [
            {
                "text": "what about activation of my ucl account",
                "userDefined": false
            }
        ],
        "isTemplate": false,
        "count": 0,
        "updated": 1560155629
    },
    {
        "id": "0f76cc0b-9a0b-e786-7ee1-b1da1c3747c1",
        "data": [
            {
                "text": "how to activate the the college account",
                "userDefined": false
            }
        ],
        "isTemplate": false,
        "count": 0,
        "updated": 1560155629
    },
    {
        "id": "38ed2efb-f3a3-c0a6-dc9a-6ddda95a76bd",
        "data": [
            {
                "text": "I need to acquire my myucl account",
                "userDefined": false
            }
        ],
        "isTemplate": false,
        "count": 0,
        "updated": 1560155629
    }
]