[
    {
        "id": "7eae9205-988e-fac3-fd01-84e5a2a1e3e7",
        "data": [
            {
                "text": "I am looking for drugstores",
                "userDefined": false
            }
        ],
        "isTemplate": false,
        "count": 0,
        "updated": 1560155628
    },
    {
        "id": "aaf7b5a7-ac04-4529-c8da-9d106c51ecfb",
        "data": [
            {
                "text": "what to do to receive medicine",
                "userDefined": false
            }
        ],
        "isTemplate": false,
        "count": 0,
        "updated": 1560155628
    },
    {
        "id": "4610322e-68af-7b40-66c0-5679b18edb49",
        "data": [
            {
                "text": "where to go to obtain remedies",
                "userDefined": false
            }
        ],
        "isTemplate": false,
        "count": 0,
        "updated": 1560155628
    },
    {
        "id": "1f6c48fe-038a-fb66-dd94-cefd589830e7",
        "data": [
            {
                "text": "are there drugstores at uclouvain",
                "userDefined": false
            }
        ],
        "isTemplate": false,
        "count": 0,
        "updated": 1560155628
    },
    {
        "id": "1cf0fe4d-fbe0-31d0-624a-618cd5de1b8c",
        "data": [
            {
                "text": "who is it possible to get in touch with to get remedies",
                "userDefined": false
            }
        ],
        "isTemplate": false,
        "count": 0,
        "updated": 1560155628
    },
    {
        "id": "ac7ba2a0-d085-6797-7a3a-57fef034f8d7",
        "data": [
            {
                "text": "I'd really like pharmacies",
                "userDefined": false
            }
        ],
        "isTemplate": false,
        "count": 0,
        "updated": 1560155628
    },
    {
        "id": "b6c041ed-bb09-2286-d6bc-11ade0485add",
        "data": [
            {
                "text": "I am searching for pharmacies",
                "userDefined": false
            }
        ],
        "isTemplate": false,
        "count": 0,
        "updated": 1560155628
    },
    {
        "id": "886905ae-6d13-849c-500d-984ac76483f3",
        "data": [
            {
                "text": "I am searching for a pharmacy",
                "userDefined": false
            }
        ],
        "isTemplate": false,
        "count": 0,
        "updated": 1560155628
    },
    {
        "id": "609660be-0de8-9f3e-15d7-3d086eadbfc4",
        "data": [
            {
                "text": "I need drugstores",
                "userDefined": false
            }
        ],
        "isTemplate": false,
        "count": 0,
        "updated": 1560155628
    },
    {
        "id": "3f8d3f34-4795-14ca-6f81-3e5d04fcb97f",
        "data": [
            {
                "text": "are there drugstores there",
                "userDefined": false
            }
        ],
        "isTemplate": false,
        "count": 0,
        "updated": 1560155628
    },
    {
        "id": "af617bae-7113-6667-6181-942ce86b58a2",
        "data": [
            {
                "text": "I am searching for a drugstore",
                "userDefined": false
            }
        ],
        "isTemplate": false,
        "count": 0,
        "updated": 1560155628
    },
    {
        "id": "d0f5171b-9614-1980-8604-78b36592b485",
        "data": [
            {
                "text": "I'd like a drugstore",
                "userDefined": false
            }
        ],
        "isTemplate": false,
        "count": 0,
        "updated": 1560155628
    },
    {
        "id": "152e226f-2854-e179-f687-ba5dbd25a2c6",
        "data": [
            {
                "text": "what do I have to do to acquire remedies",
                "userDefined": false
            }
        ],
        "isTemplate": false,
        "count": 0,
        "updated": 1560155628
    },
    {
        "id": "918197e0-02c2-0202-fa4e-640cd9bb9da2",
        "data": [
            {
                "text": "are there drugstores in belgium",
                "userDefined": false
            }
        ],
        "isTemplate": false,
        "count": 0,
        "updated": 1560155628
    },
    {
        "id": "57a0c3e8-4004-0620-89d9-204336943278",
        "data": [
            {
                "text": "who is it possible for me to call to obtain pills",
                "userDefined": false
            }
        ],
        "isTemplate": false,
        "count": 0,
        "updated": 1560155628
    },
    {
        "id": "e90b9673-99f2-ac0a-12dd-f71b20fa65d4",
        "data": [
            {
                "text": "who can aid to obtain drugs",
                "userDefined": false
            }
        ],
        "isTemplate": false,
        "count": 0,
        "updated": 1560155628
    },
    {
        "id": "db927f23-51e9-5346-f98c-40838d9d2d62",
        "data": [
            {
                "text": "are there pharmacies in belgium",
                "userDefined": false
            }
        ],
        "isTemplate": false,
        "count": 0,
        "updated": 1560155628
    },
    {
        "id": "b2866a0a-4f63-9dca-f215-47ab0561aab7",
        "data": [
            {
                "text": "I would like pharmacies",
                "userDefined": false
            }
        ],
        "isTemplate": false,
        "count": 0,
        "updated": 1560155628
    },
    {
        "id": "50937533-411e-e02a-0a63-91a0aa0c37ac",
        "data": [
            {
                "text": "what to do to get medicine",
                "userDefined": false
            }
        ],
        "isTemplate": false,
        "count": 0,
        "updated": 1560155628
    },
    {
        "id": "34ffb933-e1dd-e519-de2a-dee3461b2ad6",
        "data": [
            {
                "text": "would there be drugstores in LLN",
                "userDefined": false
            }
        ],
        "isTemplate": false,
        "count": 0,
        "updated": 1560155628
    },
    {
        "id": "d18e79cf-868d-e2a1-1b93-051deb8ed689",
        "data": [
            {
                "text": "what to do to acquire remedies",
                "userDefined": false
            }
        ],
        "isTemplate": false,
        "count": 0,
        "updated": 1560155628
    },
    {
        "id": "0612304b-fe9b-6b44-71d0-96c90e52e53c",
        "data": [
            {
                "text": "I need a drugstore",
                "userDefined": false
            }
        ],
        "isTemplate": false,
        "count": 0,
        "updated": 1560155628
    },
    {
        "id": "5aeb41e3-f933-6043-bb86-8601f08c755b",
        "data": [
            {
                "text": "what would I do to obtain drugs",
                "userDefined": false
            }
        ],
        "isTemplate": false,
        "count": 0,
        "updated": 1560155628
    },
    {
        "id": "cf6e1974-ccb9-ba01-f8e3-46b3dd8dbae6",
        "data": [
            {
                "text": "I am looking for pharmacies",
                "userDefined": false
            }
        ],
        "isTemplate": false,
        "count": 0,
        "updated": 1560155628
    },
    {
        "id": "f0c5f2cc-4a42-0d7b-df5c-cb98c5ebd344",
        "data": [
            {
                "text": "where should I have to go to get drugs",
                "userDefined": false
            }
        ],
        "isTemplate": false,
        "count": 0,
        "updated": 1560155628
    },
    {
        "id": "14737860-7762-73cb-9f77-1339dba691cf",
        "data": [
            {
                "text": "I'd love a pharmacy",
                "userDefined": false
            }
        ],
        "isTemplate": false,
        "count": 0,
        "updated": 1560155628
    },
    {
        "id": "e486016a-673d-4158-5fc7-064bc0f588c9",
        "data": [
            {
                "text": "where do I have to go to get drugs",
                "userDefined": false
            }
        ],
        "isTemplate": false,
        "count": 0,
        "updated": 1560155628
    },
    {
        "id": "cacde3e5-98ff-21e3-9c79-812a10358f0b",
        "data": [
            {
                "text": "I would really like pharmacies",
                "userDefined": false
            }
        ],
        "isTemplate": false,
        "count": 0,
        "updated": 1560155628
    },
    {
        "id": "1e9865c5-2845-18f6-cfde-bd43ced05f8a",
        "data": [
            {
                "text": "are there drugstores at lln",
                "userDefined": false
            }
        ],
        "isTemplate": false,
        "count": 0,
        "updated": 1560155628
    },
    {
        "id": "85a41ac0-f326-2cd6-a8bb-75ccd9743465",
        "data": [
            {
                "text": "who can aid to get medicine",
                "userDefined": false
            }
        ],
        "isTemplate": false,
        "count": 0,
        "updated": 1560155628
    },
    {
        "id": "fa937226-4322-8fc0-a76e-618ed4799841",
        "data": [
            {
                "text": "who could help to get drugs",
                "userDefined": false
            }
        ],
        "isTemplate": false,
        "count": 0,
        "updated": 1560155628
    },
    {
        "id": "7ed3c4d1-8831-835e-ffbc-0fc7dc73eadc",
        "data": [
            {
                "text": "are there pharmacies in Louvain-la-Neuve",
                "userDefined": false
            }
        ],
        "isTemplate": false,
        "count": 0,
        "updated": 1560155628
    },
    {
        "id": "047bb747-64d0-fbae-8cac-1068edbfb3bf",
        "data": [
            {
                "text": "what to do to obtain remedies",
                "userDefined": false
            }
        ],
        "isTemplate": false,
        "count": 0,
        "updated": 1560155628
    },
    {
        "id": "ced6dbeb-4762-45df-c9d3-e3d4ea60b799",
        "data": [
            {
                "text": "who is it possible to get in touch with to obtain remedies",
                "userDefined": false
            }
        ],
        "isTemplate": false,
        "count": 0,
        "updated": 1560155628
    },
    {
        "id": "0d8d14f7-0c03-7ef7-31d1-70f870cba39b",
        "data": [
            {
                "text": "where do I have to go to obtain medicine",
                "userDefined": false
            }
        ],
        "isTemplate": false,
        "count": 0,
        "updated": 1560155628
    },
    {
        "id": "de79dd66-f42f-956a-ebba-92456c2bd197",
        "data": [
            {
                "text": "I would like a pharmacy",
                "userDefined": false
            }
        ],
        "isTemplate": false,
        "count": 0,
        "updated": 1560155628
    },
    {
        "id": "73f6a73d-bcf6-48b3-8aae-1edcf8d5a923",
        "data": [
            {
                "text": "where to go to obtain pills",
                "userDefined": false
            }
        ],
        "isTemplate": false,
        "count": 0,
        "updated": 1560155628
    },
    {
        "id": "5c34d169-a39c-4382-7ea4-11e42def9432",
        "data": [
            {
                "text": "would there be pharmacies in belgium",
                "userDefined": false
            }
        ],
        "isTemplate": false,
        "count": 0,
        "updated": 1560155628
    },
    {
        "id": "0ac8c0ff-ab8b-3610-f390-ac3fc07a04f2",
        "data": [
            {
                "text": "I would really like a pharmacy",
                "userDefined": false
            }
        ],
        "isTemplate": false,
        "count": 0,
        "updated": 1560155628
    },
    {
        "id": "9ef81348-f4bc-fb8b-0ab9-9f9b1040f9bf",
        "data": [
            {
                "text": "are there pharmacies at university",
                "userDefined": false
            }
        ],
        "isTemplate": false,
        "count": 0,
        "updated": 1560155628
    },
    {
        "id": "aa36dabb-8f36-3433-7f25-fe02b2254e23",
        "data": [
            {
                "text": "what to do to receive pills",
                "userDefined": false
            }
        ],
        "isTemplate": false,
        "count": 0,
        "updated": 1560155628
    },
    {
        "id": "f3622a73-c6bc-4b1f-de46-a0653ea08707",
        "data": [
            {
                "text": "would there be drugstores there",
                "userDefined": false
            }
        ],
        "isTemplate": false,
        "count": 0,
        "updated": 1560155628
    },
    {
        "id": "3fae84ad-788a-df61-4e8f-9d99845904ce",
        "data": [
            {
                "text": "what do I need to do to receive pills",
                "userDefined": false
            }
        ],
        "isTemplate": false,
        "count": 0,
        "updated": 1560155628
    },
    {
        "id": "72a076e0-ba33-2948-c080-e1f2ca8127f5",
        "data": [
            {
                "text": "I am searching for drugstores",
                "userDefined": false
            }
        ],
        "isTemplate": false,
        "count": 0,
        "updated": 1560155628
    },
    {
        "id": "78bcf8a7-09c8-c747-bfa7-af3cbaee411e",
        "data": [
            {
                "text": "what would I do to get drugs",
                "userDefined": false
            }
        ],
        "isTemplate": false,
        "count": 0,
        "updated": 1560155628
    },
    {
        "id": "b0d010de-6033-b9e9-ddd3-bc00f8cc5bb2",
        "data": [
            {
                "text": "I am looking for a drugstore",
                "userDefined": false
            }
        ],
        "isTemplate": false,
        "count": 0,
        "updated": 1560155628
    },
    {
        "id": "bb800c89-a3fb-dba1-a089-86c6b922f0ae",
        "data": [
            {
                "text": "I am looking for a pharmacy",
                "userDefined": false
            }
        ],
        "isTemplate": false,
        "count": 0,
        "updated": 1560155628
    },
    {
        "id": "1be885f4-1a65-162f-5a37-6b578ee67263",
        "data": [
            {
                "text": "who should I have to get in touch with to get remedies",
                "userDefined": false
            }
        ],
        "isTemplate": false,
        "count": 0,
        "updated": 1560155628
    },
    {
        "id": "1bd51cc5-012b-c2cc-b1c5-00add0f7d67c",
        "data": [
            {
                "text": "I would really want a drugstore",
                "userDefined": false
            }
        ],
        "isTemplate": false,
        "count": 0,
        "updated": 1560155628
    },
    {
        "id": "fd5a652b-50fa-c0dd-3ca3-efa799d7f043",
        "data": [
            {
                "text": "what to do to receive drugs",
                "userDefined": false
            }
        ],
        "isTemplate": false,
        "count": 0,
        "updated": 1560155628
    },
    {
        "id": "987c8ad4-d91b-282b-866c-760ceaef9323",
        "data": [
            {
                "text": "would there be drugstores in belgium",
                "userDefined": false
            }
        ],
        "isTemplate": false,
        "count": 0,
        "updated": 1560155628
    },
    {
        "id": "b67126da-785c-93d0-31e0-1e77507acbd1",
        "data": [
            {
                "text": "I'd love a drugstore",
                "userDefined": false
            }
        ],
        "isTemplate": false,
        "count": 0,
        "updated": 1560155628
    },
    {
        "id": "4446adc9-70d7-ce46-f140-60b01ef80b56",
        "data": [
            {
                "text": "I would really want pharmacies",
                "userDefined": false
            }
        ],
        "isTemplate": false,
        "count": 0,
        "updated": 1560155628
    },
    {
        "id": "eb0a1092-f3e8-8a63-1b56-85448f0f14b5",
        "data": [
            {
                "text": "who would support to get drugs",
                "userDefined": false
            }
        ],
        "isTemplate": false,
        "count": 0,
        "updated": 1560155628
    },
    {
        "id": "bee0d8bc-c94d-d37a-50bc-91df37fade14",
        "data": [
            {
                "text": "where will I need to go to acquire medicine",
                "userDefined": false
            }
        ],
        "isTemplate": false,
        "count": 0,
        "updated": 1560155628
    },
    {
        "id": "5efb14aa-dac0-d6cf-6ea2-2176de6473f7",
        "data": [
            {
                "text": "what do I need to do to receive medicine",
                "userDefined": false
            }
        ],
        "isTemplate": false,
        "count": 0,
        "updated": 1560155628
    },
    {
        "id": "45ed0fe7-ab35-afb1-e7e6-3359cbe66342",
        "data": [
            {
                "text": "what to do to get drugs",
                "userDefined": false
            }
        ],
        "isTemplate": false,
        "count": 0,
        "updated": 1560155628
    },
    {
        "id": "ee35ab46-3451-45a3-6d54-5e0c25805b3f",
        "data": [
            {
                "text": "who do I have to reach to acquire pills",
                "userDefined": false
            }
        ],
        "isTemplate": false,
        "count": 0,
        "updated": 1560155628
    },
    {
        "id": "a8b13988-29c2-3680-2041-11f568edf307",
        "data": [
            {
                "text": "who do I need to get in touch with to get drugs",
                "userDefined": false
            }
        ],
        "isTemplate": false,
        "count": 0,
        "updated": 1560155628
    },
    {
        "id": "5ddcdeeb-7828-9576-bd47-193267b53d9f",
        "data": [
            {
                "text": "are there drugstores in louvain",
                "userDefined": false
            }
        ],
        "isTemplate": false,
        "count": 0,
        "updated": 1560155628
    },
    {
        "id": "092502f1-453e-41de-9d66-58ff4c1f56d9",
        "data": [
            {
                "text": "where should I need to go to receive medicine",
                "userDefined": false
            }
        ],
        "isTemplate": false,
        "count": 0,
        "updated": 1560155628
    },
    {
        "id": "46b86399-fd8d-fa9c-01f8-090b0a007004",
        "data": [
            {
                "text": "would there be pharmacies at college",
                "userDefined": false
            }
        ],
        "isTemplate": false,
        "count": 0,
        "updated": 1560155628
    },
    {
        "id": "d1be0adf-3a38-ac26-bc79-60c9b9985dec",
        "data": [
            {
                "text": "where to go to acquire remedies",
                "userDefined": false
            }
        ],
        "isTemplate": false,
        "count": 0,
        "updated": 1560155628
    },
    {
        "id": "29339890-b0fc-bda6-9f54-031d8d98235b",
        "data": [
            {
                "text": "are there pharmacies at ucl",
                "userDefined": false
            }
        ],
        "isTemplate": false,
        "count": 0,
        "updated": 1560155628
    },
    {
        "id": "a9253f82-e370-e182-4806-a73091dd1bb0",
        "data": [
            {
                "text": "where should I go to acquire pills",
                "userDefined": false
            }
        ],
        "isTemplate": false,
        "count": 0,
        "updated": 1560155628
    },
    {
        "id": "9f340837-7b18-a183-b0aa-ed54e03a44e0",
        "data": [
            {
                "text": "are there drugstores at LLN",
                "userDefined": false
            }
        ],
        "isTemplate": false,
        "count": 0,
        "updated": 1560155628
    },
    {
        "id": "f3783af4-0738-40b6-af3c-59f2d7aeaff8",
        "data": [
            {
                "text": "who could I contact to obtain drugs",
                "userDefined": false
            }
        ],
        "isTemplate": false,
        "count": 0,
        "updated": 1560155628
    },
    {
        "id": "20109cc6-1f99-faea-a2c0-d68ebd16a25d",
        "data": [
            {
                "text": "I want a pharmacy",
                "userDefined": false
            }
        ],
        "isTemplate": false,
        "count": 0,
        "updated": 1560155628
    },
    {
        "id": "942a2085-63b6-29eb-6eb5-6d3138773e7d",
        "data": [
            {
                "text": "I would really want drugstores",
                "userDefined": false
            }
        ],
        "isTemplate": false,
        "count": 0,
        "updated": 1560155628
    },
    {
        "id": "36900e1b-f61d-3db6-f225-5489c2d60e74",
        "data": [
            {
                "text": "who is it possible for me to get in touch with to get remedies",
                "userDefined": false
            }
        ],
        "isTemplate": false,
        "count": 0,
        "updated": 1560155628
    },
    {
        "id": "5817b547-d770-4482-7b98-fa04584ba300",
        "data": [
            {
                "text": "where to go to receive remedies",
                "userDefined": false
            }
        ],
        "isTemplate": false,
        "count": 0,
        "updated": 1560155628
    },
    {
        "id": "f433b048-83b4-bf9f-c18a-c1b66bf8206f",
        "data": [
            {
                "text": "I'd really love a pharmacy",
                "userDefined": false
            }
        ],
        "isTemplate": false,
        "count": 0,
        "updated": 1560155628
    },
    {
        "id": "d68b6ab6-68f4-2298-e7f3-7adebd539900",
        "data": [
            {
                "text": "what to do to receive remedies",
                "userDefined": false
            }
        ],
        "isTemplate": false,
        "count": 0,
        "updated": 1560155628
    },
    {
        "id": "f1880c77-ddb1-07a9-9652-d4ce2af6ce75",
        "data": [
            {
                "text": "where will I need to go to obtain remedies",
                "userDefined": false
            }
        ],
        "isTemplate": false,
        "count": 0,
        "updated": 1560155628
    },
    {
        "id": "36a4f288-d48b-2671-1825-d0b71c86c7a1",
        "data": [
            {
                "text": "who can support to receive pills",
                "userDefined": false
            }
        ],
        "isTemplate": false,
        "count": 0,
        "updated": 1560155628
    },
    {
        "id": "588fd44a-ff51-5a5e-c04d-1b35ed004ef6",
        "data": [
            {
                "text": "are there pharmacies there",
                "userDefined": false
            }
        ],
        "isTemplate": false,
        "count": 0,
        "updated": 1560155628
    },
    {
        "id": "b0713489-9127-a4b8-fd04-52e1a79cd9e9",
        "data": [
            {
                "text": "I'd like drugstores",
                "userDefined": false
            }
        ],
        "isTemplate": false,
        "count": 0,
        "updated": 1560155628
    },
    {
        "id": "95ffd100-6858-1762-7ac7-a0e95a2c9dcf",
        "data": [
            {
                "text": "are there pharmacies at Louvain",
                "userDefined": false
            }
        ],
        "isTemplate": false,
        "count": 0,
        "updated": 1560155628
    },
    {
        "id": "a263f39a-ddba-42f4-ead2-8a3f32903d9e",
        "data": [
            {
                "text": "what will I do to obtain drugs",
                "userDefined": false
            }
        ],
        "isTemplate": false,
        "count": 0,
        "updated": 1560155628
    },
    {
        "id": "a7ecdab0-7395-da42-e27b-25f4c5c2187d",
        "data": [
            {
                "text": "where would I have to go to acquire drugs",
                "userDefined": false
            }
        ],
        "isTemplate": false,
        "count": 0,
        "updated": 1560155628
    },
    {
        "id": "67fa19bd-a4a4-f436-503f-33ed47fc7dcf",
        "data": [
            {
                "text": "where would I go to acquire pills",
                "userDefined": false
            }
        ],
        "isTemplate": false,
        "count": 0,
        "updated": 1560155628
    },
    {
        "id": "5c2c7e8f-9073-d518-6567-23ecce361581",
        "data": [
            {
                "text": "I need a pharmacy",
                "userDefined": false
            }
        ],
        "isTemplate": false,
        "count": 0,
        "updated": 1560155628
    },
    {
        "id": "757824da-c9f1-8db9-e9e3-163b198492c6",
        "data": [
            {
                "text": "who will I get in touch with to acquire pills",
                "userDefined": false
            }
        ],
        "isTemplate": false,
        "count": 0,
        "updated": 1560155628
    },
    {
        "id": "b2ce6cf9-a6c6-9c13-9d1d-7d55a81ab561",
        "data": [
            {
                "text": "what to do to get pills",
                "userDefined": false
            }
        ],
        "isTemplate": false,
        "count": 0,
        "updated": 1560155628
    },
    {
        "id": "c1cc197e-a4e9-7d1d-bc98-b54d8ae76988",
        "data": [
            {
                "text": "are there pharmacies at Louvain la Neuve",
                "userDefined": false
            }
        ],
        "isTemplate": false,
        "count": 0,
        "updated": 1560155628
    },
    {
        "id": "852cc24f-4b91-a6f5-1159-150f89052d19",
        "data": [
            {
                "text": "are there drugstores at ucl",
                "userDefined": false
            }
        ],
        "isTemplate": false,
        "count": 0,
        "updated": 1560155628
    },
    {
        "id": "304a0b41-5a4a-01d0-563a-030eaff2ffd6",
        "data": [
            {
                "text": "I need pharmacies",
                "userDefined": false
            }
        ],
        "isTemplate": false,
        "count": 0,
        "updated": 1560155628
    },
    {
        "id": "94022ca6-d997-81d6-887c-a3b99cb90d6d",
        "data": [
            {
                "text": "who is it possible for me to get in touch with to obtain pills",
                "userDefined": false
            }
        ],
        "isTemplate": false,
        "count": 0,
        "updated": 1560155628
    },
    {
        "id": "fe85b43f-a53e-76e9-2da4-7795796c8823",
        "data": [
            {
                "text": "I want pharmacies",
                "userDefined": false
            }
        ],
        "isTemplate": false,
        "count": 0,
        "updated": 1560155628
    },
    {
        "id": "3c7435fd-b4ee-b6ed-5653-58617ec0dcc9",
        "data": [
            {
                "text": "what to do to obtain drugs",
                "userDefined": false
            }
        ],
        "isTemplate": false,
        "count": 0,
        "updated": 1560155628
    },
    {
        "id": "a5342066-a029-ec18-a112-9f8534896a9d",
        "data": [
            {
                "text": "what do I need to do to obtain pills",
                "userDefined": false
            }
        ],
        "isTemplate": false,
        "count": 0,
        "updated": 1560155628
    },
    {
        "id": "df32766b-f167-ee47-7c92-a561a26888bb",
        "data": [
            {
                "text": "would there be drugstores in Louvain-la-Neuve",
                "userDefined": false
            }
        ],
        "isTemplate": false,
        "count": 0,
        "updated": 1560155628
    },
    {
        "id": "b5151e0c-7bc2-c2d0-f3ad-641f5a7d223a",
        "data": [
            {
                "text": "where to go to receive drugs",
                "userDefined": false
            }
        ],
        "isTemplate": false,
        "count": 0,
        "updated": 1560155628
    },
    {
        "id": "0ca097c6-35fc-58f0-815c-feb49eb04d0e",
        "data": [
            {
                "text": "who would I get in touch with to obtain medicine",
                "userDefined": false
            }
        ],
        "isTemplate": false,
        "count": 0,
        "updated": 1560155628
    },
    {
        "id": "a5060586-58a9-c0d5-7259-74bba3aaf988",
        "data": [
            {
                "text": "I'd love drugstores",
                "userDefined": false
            }
        ],
        "isTemplate": false,
        "count": 0,
        "updated": 1560155628
    },
    {
        "id": "76f90896-3f3c-bd25-9441-9c1ee4c2c404",
        "data": [
            {
                "text": "who could support to obtain pills",
                "userDefined": false
            }
        ],
        "isTemplate": false,
        "count": 0,
        "updated": 1560155628
    },
    {
        "id": "c79a048b-8481-81e3-0006-22371f29be84",
        "data": [
            {
                "text": "who could assist to acquire medicine",
                "userDefined": false
            }
        ],
        "isTemplate": false,
        "count": 0,
        "updated": 1560155628
    },
    {
        "id": "b7dd0e11-5b39-848c-5ca3-b4c3ddd90242",
        "data": [
            {
                "text": "what to do to obtain pills",
                "userDefined": false
            }
        ],
        "isTemplate": false,
        "count": 0,
        "updated": 1560155628
    },
    {
        "id": "0fe6fb6a-e516-2ff6-f355-6f52b4283ffa",
        "data": [
            {
                "text": "where should I need to go to acquire medicine",
                "userDefined": false
            }
        ],
        "isTemplate": false,
        "count": 0,
        "updated": 1560155628
    },
    {
        "id": "0dcb2f52-656a-9950-7a07-985e786ad841",
        "data": [
            {
                "text": "I'd really love pharmacies",
                "userDefined": false
            }
        ],
        "isTemplate": false,
        "count": 0,
        "updated": 1560155628
    },
    {
        "id": "6b3fcd25-0b1f-ac89-9478-d97de309e6f0",
        "data": [
            {
                "text": "would there be drugstores at lln",
                "userDefined": false
            }
        ],
        "isTemplate": false,
        "count": 0,
        "updated": 1560155628
    },
    {
        "id": "a4fc2e4c-b8b5-cb48-cedc-cc8e9292f816",
        "data": [
            {
                "text": "where to go to acquire pills",
                "userDefined": false
            }
        ],
        "isTemplate": false,
        "count": 0,
        "updated": 1560155628
    },
    {
        "id": "5b64823e-39b8-910a-9d1d-10e1d004297f",
        "data": [
            {
                "text": "who do I need to call to get medicine",
                "userDefined": false
            }
        ],
        "isTemplate": false,
        "count": 0,
        "updated": 1560155628
    },
    {
        "id": "eca363a2-206f-a166-d5fb-bf2e6d9c0807",
        "data": [
            {
                "text": "I would really like a drugstore",
                "userDefined": false
            }
        ],
        "isTemplate": false,
        "count": 0,
        "updated": 1560155628
    },
    {
        "id": "dfdeda62-4b54-f4e4-ba87-e1b4bac72f8f",
        "data": [
            {
                "text": "where to go to get medicine",
                "userDefined": false
            }
        ],
        "isTemplate": false,
        "count": 0,
        "updated": 1560155628
    },
    {
        "id": "58977b2d-78ec-e413-1016-73d4c0376d76",
        "data": [
            {
                "text": "where should I go to receive remedies",
                "userDefined": false
            }
        ],
        "isTemplate": false,
        "count": 0,
        "updated": 1560155628
    },
    {
        "id": "2dc320d1-a568-7ae4-2bbb-55cb173b1dbd",
        "data": [
            {
                "text": "where would I go to get remedies",
                "userDefined": false
            }
        ],
        "isTemplate": false,
        "count": 0,
        "updated": 1560155628
    },
    {
        "id": "1d8234e6-02b9-7427-8141-f30737c1cf7d",
        "data": [
            {
                "text": "would there be pharmacies at the college",
                "userDefined": false
            }
        ],
        "isTemplate": false,
        "count": 0,
        "updated": 1560155628
    },
    {
        "id": "2e534753-b6b1-e63e-4f14-8858a262583a",
        "data": [
            {
                "text": "what will I do to acquire remedies",
                "userDefined": false
            }
        ],
        "isTemplate": false,
        "count": 0,
        "updated": 1560155628
    },
    {
        "id": "61f5f637-e228-b78d-d910-d4bb01e08ae1",
        "data": [
            {
                "text": "I would really love a pharmacy",
                "userDefined": false
            }
        ],
        "isTemplate": false,
        "count": 0,
        "updated": 1560155628
    },
    {
        "id": "60bca805-388f-f358-1936-770303701b5c",
        "data": [
            {
                "text": "who would support to receive medicine",
                "userDefined": false
            }
        ],
        "isTemplate": false,
        "count": 0,
        "updated": 1560155628
    },
    {
        "id": "6696f117-b309-5723-130c-9f79c53d272a",
        "data": [
            {
                "text": "would there be pharmacies at UCL",
                "userDefined": false
            }
        ],
        "isTemplate": false,
        "count": 0,
        "updated": 1560155628
    },
    {
        "id": "130cb83a-1343-b022-a838-80e2d38283c8",
        "data": [
            {
                "text": "what would I have to do to acquire remedies",
                "userDefined": false
            }
        ],
        "isTemplate": false,
        "count": 0,
        "updated": 1560155628
    },
    {
        "id": "7b025cb7-4dcf-a5bb-2488-c96fdecdde1c",
        "data": [
            {
                "text": "would there be pharmacies there",
                "userDefined": false
            }
        ],
        "isTemplate": false,
        "count": 0,
        "updated": 1560155628
    },
    {
        "id": "95b778b4-8827-75f7-f90e-493778092d83",
        "data": [
            {
                "text": "would there be pharmacies in louvain la neuve",
                "userDefined": false
            }
        ],
        "isTemplate": false,
        "count": 0,
        "updated": 1560155628
    },
    {
        "id": "7de5e487-4a6c-0832-43bb-21374c51b884",
        "data": [
            {
                "text": "who can aid to obtain pills",
                "userDefined": false
            }
        ],
        "isTemplate": false,
        "count": 0,
        "updated": 1560155628
    },
    {
        "id": "64fa5c81-a8c0-4181-16ae-81a33aea8dc5",
        "data": [
            {
                "text": "who should I get in touch with to acquire pills",
                "userDefined": false
            }
        ],
        "isTemplate": false,
        "count": 0,
        "updated": 1560155628
    },
    {
        "id": "73d863d7-2401-2f0a-281d-035ab599510a",
        "data": [
            {
                "text": "who is it possible for me to get in touch with to receive pills",
                "userDefined": false
            }
        ],
        "isTemplate": false,
        "count": 0,
        "updated": 1560155628
    },
    {
        "id": "6efa8c59-572f-5fda-ed10-fc38205c35ed",
        "data": [
            {
                "text": "who can aid to acquire pills",
                "userDefined": false
            }
        ],
        "isTemplate": false,
        "count": 0,
        "updated": 1560155628
    },
    {
        "id": "db05e38a-0003-2c24-108d-bad569eceeac",
        "data": [
            {
                "text": "where to go to receive pills",
                "userDefined": false
            }
        ],
        "isTemplate": false,
        "count": 0,
        "updated": 1560155628
    }
]