[
    {
        "id": "2ee1488d-f174-1313-b767-ded85e32a775",
        "data": [
            {
                "text": "would there be hotels in Louv",
                "userDefined": false
            }
        ],
        "isTemplate": false,
        "count": 0,
        "updated": 1560155628
    },
    {
        "id": "bfcbe20f-6f82-38d0-2edd-a8ff27b905e4",
        "data": [
            {
                "text": "where are located motels",
                "userDefined": false
            }
        ],
        "isTemplate": false,
        "count": 0,
        "updated": 1560155628
    },
    {
        "id": "8a34b641-946d-9ccd-8eeb-cc235380f5af",
        "data": [
            {
                "text": "where are placed hostels at LLN",
                "userDefined": false
            }
        ],
        "isTemplate": false,
        "count": 0,
        "updated": 1560155628
    },
    {
        "id": "49c70a8e-c53c-d4b8-3540-4b2d13fd34af",
        "data": [
            {
                "text": "would there be hostels in lln",
                "userDefined": false
            }
        ],
        "isTemplate": false,
        "count": 0,
        "updated": 1560155628
    },
    {
        "id": "e4fd6def-2c50-8dd0-f69e-fe904123c8ff",
        "data": [
            {
                "text": "where will be hotels",
                "userDefined": false
            }
        ],
        "isTemplate": false,
        "count": 0,
        "updated": 1560155628
    },
    {
        "id": "bd23c997-fb30-b02c-7460-2049b324a3c8",
        "data": [
            {
                "text": "I would really want hotels in LLN",
                "userDefined": false
            }
        ],
        "isTemplate": false,
        "count": 0,
        "updated": 1560155628
    },
    {
        "id": "9a952c67-4d46-f3bf-8d45-c7e9d2f460d4",
        "data": [
            {
                "text": "would there be hotels at Louvain la Neuve",
                "userDefined": false
            }
        ],
        "isTemplate": false,
        "count": 0,
        "updated": 1560155628
    },
    {
        "id": "d2d3a79f-2f32-d83a-3021-aa6010dd785c",
        "data": [
            {
                "text": "are there hotels in Louvain la Neuve",
                "userDefined": false
            }
        ],
        "isTemplate": false,
        "count": 0,
        "updated": 1560155628
    },
    {
        "id": "9178aa94-6789-367b-e468-1fd4041d4c59",
        "data": [
            {
                "text": "are there hotels at Louv",
                "userDefined": false
            }
        ],
        "isTemplate": false,
        "count": 0,
        "updated": 1560155628
    },
    {
        "id": "79006666-2764-be5a-6e0b-de8cbed09bb1",
        "data": [
            {
                "text": "would there be motels in LLN",
                "userDefined": false
            }
        ],
        "isTemplate": false,
        "count": 0,
        "updated": 1560155628
    },
    {
        "id": "eeebcdeb-eb0b-a753-8b9c-bfccadab8f1d",
        "data": [
            {
                "text": "I'd really like motels at louvain-la-neuve",
                "userDefined": false
            }
        ],
        "isTemplate": false,
        "count": 0,
        "updated": 1560155628
    },
    {
        "id": "16bd691d-eec2-41d6-c838-6c6fb2fed550",
        "data": [
            {
                "text": "would there be inns in louvain la neuve",
                "userDefined": false
            }
        ],
        "isTemplate": false,
        "count": 0,
        "updated": 1560155628
    },
    {
        "id": "7ad97a9a-dff0-4e79-7e68-62138d2c0bd7",
        "data": [
            {
                "text": "would there be hotels",
                "userDefined": false
            }
        ],
        "isTemplate": false,
        "count": 0,
        "updated": 1560155628
    },
    {
        "id": "25fb83c9-596e-3f3c-59a5-fe4509abbdf7",
        "data": [
            {
                "text": "where'd be placed hotels at Louvain",
                "userDefined": false
            }
        ],
        "isTemplate": false,
        "count": 0,
        "updated": 1560155628
    },
    {
        "id": "0e3d7316-7e53-32d4-7b9e-4a7be60f2621",
        "data": [
            {
                "text": "I am looking for motels at Louvain",
                "userDefined": false
            }
        ],
        "isTemplate": false,
        "count": 0,
        "updated": 1560155628
    },
    {
        "id": "a1fa76f4-6e70-83d3-d4bb-fe68aae57c2f",
        "data": [
            {
                "text": "I am looking for hotels at louvain-la-neuve",
                "userDefined": false
            }
        ],
        "isTemplate": false,
        "count": 0,
        "updated": 1560155628
    },
    {
        "id": "fc0de750-1dd3-35bb-6d1e-58fbe4e4ca4e",
        "data": [
            {
                "text": "where'll be hotels at louv",
                "userDefined": false
            }
        ],
        "isTemplate": false,
        "count": 0,
        "updated": 1560155628
    },
    {
        "id": "eae2f061-f1ad-ec10-408a-e05a56d876a3",
        "data": [
            {
                "text": "where're placed inns",
                "userDefined": false
            }
        ],
        "isTemplate": false,
        "count": 0,
        "updated": 1560155628
    },
    {
        "id": "c8d73421-ad49-6cf1-dbbd-a08eeee9839d",
        "data": [
            {
                "text": "are there motels at Louvain la Neuve",
                "userDefined": false
            }
        ],
        "isTemplate": false,
        "count": 0,
        "updated": 1560155628
    },
    {
        "id": "a4ec91f0-d46a-b5d0-7430-c9ed6525ab84",
        "data": [
            {
                "text": "where will be inns at louv",
                "userDefined": false
            }
        ],
        "isTemplate": false,
        "count": 0,
        "updated": 1560155628
    },
    {
        "id": "f6f65416-62d1-352e-843d-56526c6d616d",
        "data": [
            {
                "text": "are there motels in Louvain-la-Neuve",
                "userDefined": false
            }
        ],
        "isTemplate": false,
        "count": 0,
        "updated": 1560155628
    },
    {
        "id": "2150a2d5-75cb-68de-2ff4-296fed7ac40f",
        "data": [
            {
                "text": "where are hotels",
                "userDefined": false
            }
        ],
        "isTemplate": false,
        "count": 0,
        "updated": 1560155628
    },
    {
        "id": "0271f1a6-82fe-66be-d251-946176f9d0c1",
        "data": [
            {
                "text": "where are located motels in Louvain-la-Neuve",
                "userDefined": false
            }
        ],
        "isTemplate": false,
        "count": 0,
        "updated": 1560155628
    },
    {
        "id": "08b19bc2-1c21-d53c-1447-9d19bdd61ae3",
        "data": [
            {
                "text": "I need a hotel at louv",
                "userDefined": false
            }
        ],
        "isTemplate": false,
        "count": 0,
        "updated": 1560155628
    },
    {
        "id": "7d6341db-de9a-aae4-c029-c4b897674d5e",
        "data": [
            {
                "text": "where'd be hotels at Louvain la Neuve",
                "userDefined": false
            }
        ],
        "isTemplate": false,
        "count": 0,
        "updated": 1560155628
    },
    {
        "id": "31b37565-4fd7-a04d-cff8-a3595aac97c0",
        "data": [
            {
                "text": "are there hotels",
                "userDefined": false
            }
        ],
        "isTemplate": false,
        "count": 0,
        "updated": 1560155628
    },
    {
        "id": "07477e85-275a-f172-17ac-5fefc94e52df",
        "data": [
            {
                "text": "where would be situated hotels at louvain la neuve",
                "userDefined": false
            }
        ],
        "isTemplate": false,
        "count": 0,
        "updated": 1560155628
    },
    {
        "id": "0e6b11af-3725-1281-0658-43f4ed33d78b",
        "data": [
            {
                "text": "would there be motels in Louvain la Neuve",
                "userDefined": false
            }
        ],
        "isTemplate": false,
        "count": 0,
        "updated": 1560155628
    },
    {
        "id": "6391c474-afcf-3c9b-a415-ee1ea82424d3",
        "data": [
            {
                "text": "where're motels at lln",
                "userDefined": false
            }
        ],
        "isTemplate": false,
        "count": 0,
        "updated": 1560155628
    },
    {
        "id": "7fd094af-96c6-849c-1c3a-9771db7c0379",
        "data": [
            {
                "text": "I am searching for a inn in louvain-la-neuve",
                "userDefined": false
            }
        ],
        "isTemplate": false,
        "count": 0,
        "updated": 1560155628
    },
    {
        "id": "c9a0bfe7-a657-20e8-9857-a7e1da9b5303",
        "data": [
            {
                "text": "where would be motels in lln",
                "userDefined": false
            }
        ],
        "isTemplate": false,
        "count": 0,
        "updated": 1560155628
    },
    {
        "id": "82519eef-4296-0a0d-8266-019bf292d58a",
        "data": [
            {
                "text": "would there be inns",
                "userDefined": false
            }
        ],
        "isTemplate": false,
        "count": 0,
        "updated": 1560155628
    },
    {
        "id": "3f49aedb-525b-a44e-ca6d-31d3c55545fe",
        "data": [
            {
                "text": "are there hotels at Louvain-la-Neuve",
                "userDefined": false
            }
        ],
        "isTemplate": false,
        "count": 0,
        "updated": 1560155628
    },
    {
        "id": "0acbea56-e09c-0db3-09d9-24e4d7b206a7",
        "data": [
            {
                "text": "where'll be situated hostels at Louvain",
                "userDefined": false
            }
        ],
        "isTemplate": false,
        "count": 0,
        "updated": 1560155628
    },
    {
        "id": "6361102d-d674-437d-b73f-fd021cc0930f",
        "data": [
            {
                "text": "I am searching for hostels in Louvain-la-Neuve",
                "userDefined": false
            }
        ],
        "isTemplate": false,
        "count": 0,
        "updated": 1560155628
    },
    {
        "id": "8a0bad66-8467-a938-b558-a2329e496bc3",
        "data": [
            {
                "text": "are there inns at Louvain",
                "userDefined": false
            }
        ],
        "isTemplate": false,
        "count": 0,
        "updated": 1560155628
    },
    {
        "id": "889e44ac-448b-78a7-4f68-dd70f8149fb2",
        "data": [
            {
                "text": "where're inns at louv",
                "userDefined": false
            }
        ],
        "isTemplate": false,
        "count": 0,
        "updated": 1560155628
    },
    {
        "id": "c3380816-3904-1797-65a4-1b6af91497ef",
        "data": [
            {
                "text": "where are located hostels at LLN",
                "userDefined": false
            }
        ],
        "isTemplate": false,
        "count": 0,
        "updated": 1560155628
    },
    {
        "id": "9aeac02f-3a62-8b07-0b5b-6a31800c3fc3",
        "data": [
            {
                "text": "where would be hostels in louvain",
                "userDefined": false
            }
        ],
        "isTemplate": false,
        "count": 0,
        "updated": 1560155628
    },
    {
        "id": "1d86ee8e-430b-48ee-8749-6a883b1a11ab",
        "data": [
            {
                "text": "where'd be hotels",
                "userDefined": false
            }
        ],
        "isTemplate": false,
        "count": 0,
        "updated": 1560155628
    },
    {
        "id": "acded757-903b-d4be-399d-3766abc70ba8",
        "data": [
            {
                "text": "are there hotels at louvain",
                "userDefined": false
            }
        ],
        "isTemplate": false,
        "count": 0,
        "updated": 1560155628
    },
    {
        "id": "93a16fd9-5f3c-a634-fb6e-201fd9ae8921",
        "data": [
            {
                "text": "would there be hotels at Louvain",
                "userDefined": false
            }
        ],
        "isTemplate": false,
        "count": 0,
        "updated": 1560155628
    },
    {
        "id": "d1861a67-b1a2-4cae-1c7d-fc034d969e50",
        "data": [
            {
                "text": "are there hostels",
                "userDefined": false
            }
        ],
        "isTemplate": false,
        "count": 0,
        "updated": 1560155628
    },
    {
        "id": "174a7091-4c50-ae0f-c084-8fa1fc4adc80",
        "data": [
            {
                "text": "where're hotels at Louvain la Neuve",
                "userDefined": false
            }
        ],
        "isTemplate": false,
        "count": 0,
        "updated": 1560155628
    },
    {
        "id": "05eacd55-45e2-8c8b-c6cf-4655ca23be86",
        "data": [
            {
                "text": "I would really want a inn at louv",
                "userDefined": false
            }
        ],
        "isTemplate": false,
        "count": 0,
        "updated": 1560155628
    },
    {
        "id": "b5e1c2e8-e5f0-3171-806a-9b93da09b31b",
        "data": [
            {
                "text": "where would be inns",
                "userDefined": false
            }
        ],
        "isTemplate": false,
        "count": 0,
        "updated": 1560155628
    },
    {
        "id": "98411531-4aeb-298d-da3e-b6e0ade9b033",
        "data": [
            {
                "text": "I need hotels at lln",
                "userDefined": false
            }
        ],
        "isTemplate": false,
        "count": 0,
        "updated": 1560155628
    },
    {
        "id": "c1b8dfb1-1aac-815c-d05c-88be74aae6b6",
        "data": [
            {
                "text": "where are situated inns in LLN",
                "userDefined": false
            }
        ],
        "isTemplate": false,
        "count": 0,
        "updated": 1560155628
    },
    {
        "id": "d237cd93-1e23-cda2-fa90-0fe62fcf97d2",
        "data": [
            {
                "text": "I'd like a hotel at Louvain-la-Neuve",
                "userDefined": false
            }
        ],
        "isTemplate": false,
        "count": 0,
        "updated": 1560155628
    },
    {
        "id": "80014adc-86ea-e986-2ab7-e4e9d06dd7f2",
        "data": [
            {
                "text": "where are placed hostels",
                "userDefined": false
            }
        ],
        "isTemplate": false,
        "count": 0,
        "updated": 1560155628
    },
    {
        "id": "767f4507-c81f-3d26-468b-9fb9326b50a3",
        "data": [
            {
                "text": "where are located hotels at LLN",
                "userDefined": false
            }
        ],
        "isTemplate": false,
        "count": 0,
        "updated": 1560155628
    },
    {
        "id": "b30c2610-0438-6bbe-dce8-bb80f31b79f2",
        "data": [
            {
                "text": "where're located hotels in louv",
                "userDefined": false
            }
        ],
        "isTemplate": false,
        "count": 0,
        "updated": 1560155628
    },
    {
        "id": "7d244c01-61bd-f68c-9079-4e368b69dd07",
        "data": [
            {
                "text": "would there be inns in Louvain la Neuve",
                "userDefined": false
            }
        ],
        "isTemplate": false,
        "count": 0,
        "updated": 1560155628
    },
    {
        "id": "3a0bc3fd-f43d-74f6-d6c8-3d2884405c81",
        "data": [
            {
                "text": "where will be situated hotels",
                "userDefined": false
            }
        ],
        "isTemplate": false,
        "count": 0,
        "updated": 1560155628
    },
    {
        "id": "bf012825-e0f9-598b-ce4e-b09f4bcb7e22",
        "data": [
            {
                "text": "where are inns in LLN",
                "userDefined": false
            }
        ],
        "isTemplate": false,
        "count": 0,
        "updated": 1560155628
    },
    {
        "id": "ab9f73ff-b49f-4981-f9b5-80f920eed1ca",
        "data": [
            {
                "text": "I am looking for a inn at Louvain",
                "userDefined": false
            }
        ],
        "isTemplate": false,
        "count": 0,
        "updated": 1560155628
    },
    {
        "id": "44810602-c445-96b3-8d84-dd2f722ac25f",
        "data": [
            {
                "text": "I need a motel in LLN",
                "userDefined": false
            }
        ],
        "isTemplate": false,
        "count": 0,
        "updated": 1560155628
    },
    {
        "id": "98a264a7-e427-5f8f-8f2c-71145278c7f4",
        "data": [
            {
                "text": "where're hostels",
                "userDefined": false
            }
        ],
        "isTemplate": false,
        "count": 0,
        "updated": 1560155628
    },
    {
        "id": "f8ce9efb-3e0a-1b0b-4f63-afd8055902f7",
        "data": [
            {
                "text": "where will be placed hotels",
                "userDefined": false
            }
        ],
        "isTemplate": false,
        "count": 0,
        "updated": 1560155628
    },
    {
        "id": "03d4681b-fb03-10ac-c987-5c516fdf393a",
        "data": [
            {
                "text": "are there inns",
                "userDefined": false
            }
        ],
        "isTemplate": false,
        "count": 0,
        "updated": 1560155628
    },
    {
        "id": "ea5f27ae-e3aa-204f-8f39-22070a7c6c40",
        "data": [
            {
                "text": "where would be located hostels",
                "userDefined": false
            }
        ],
        "isTemplate": false,
        "count": 0,
        "updated": 1560155628
    },
    {
        "id": "23a94b1f-3d48-8750-d2ae-2416c4daca7b",
        "data": [
            {
                "text": "would there be motels",
                "userDefined": false
            }
        ],
        "isTemplate": false,
        "count": 0,
        "updated": 1560155628
    },
    {
        "id": "21e45a68-80f7-901b-ba37-37ee1d1d753d",
        "data": [
            {
                "text": "are there hotels at Louvain",
                "userDefined": false
            }
        ],
        "isTemplate": false,
        "count": 0,
        "updated": 1560155628
    },
    {
        "id": "6217f3ac-f68b-5d4c-e6db-bb8d848e7e18",
        "data": [
            {
                "text": "are there hotels at louv",
                "userDefined": false
            }
        ],
        "isTemplate": false,
        "count": 0,
        "updated": 1560155628
    },
    {
        "id": "ec41b004-d991-4139-1a2a-f97d71f5783d",
        "data": [
            {
                "text": "where're hotels at Louv",
                "userDefined": false
            }
        ],
        "isTemplate": false,
        "count": 0,
        "updated": 1560155628
    },
    {
        "id": "247493f6-f40e-ebfe-0f17-70302c01f236",
        "data": [
            {
                "text": "I'd really love a hotel in louvain-la-neuve",
                "userDefined": false
            }
        ],
        "isTemplate": false,
        "count": 0,
        "updated": 1560155628
    },
    {
        "id": "f89a9303-ff0b-4924-3c8d-4f012a38dc67",
        "data": [
            {
                "text": "where'd be placed hotels",
                "userDefined": false
            }
        ],
        "isTemplate": false,
        "count": 0,
        "updated": 1560155628
    },
    {
        "id": "d561dda1-28ee-bba7-f632-3b1e1f716d6d",
        "data": [
            {
                "text": "are there motels",
                "userDefined": false
            }
        ],
        "isTemplate": false,
        "count": 0,
        "updated": 1560155628
    },
    {
        "id": "071dd550-c87f-3a62-eb86-09e20169466e",
        "data": [
            {
                "text": "where are hotels at louvain",
                "userDefined": false
            }
        ],
        "isTemplate": false,
        "count": 0,
        "updated": 1560155628
    },
    {
        "id": "ae93b902-5e8c-5632-908e-2466b551e5c0",
        "data": [
            {
                "text": "I need a hotel at louvain",
                "userDefined": false
            }
        ],
        "isTemplate": false,
        "count": 0,
        "updated": 1560155628
    },
    {
        "id": "6e5d0a8b-9689-878f-7c25-f38f9ae92e2e",
        "data": [
            {
                "text": "are there hotels at louvain-la-neuve",
                "userDefined": false
            }
        ],
        "isTemplate": false,
        "count": 0,
        "updated": 1560155628
    },
    {
        "id": "e82955a3-8c6d-282a-06de-2f6497d75fc5",
        "data": [
            {
                "text": "where'd be situated hostels in louvain-la-neuve",
                "userDefined": false
            }
        ],
        "isTemplate": false,
        "count": 0,
        "updated": 1560155628
    },
    {
        "id": "8deb4bc4-ce3f-4e8f-f141-c2ddd42e2b93",
        "data": [
            {
                "text": "where are located hostels",
                "userDefined": false
            }
        ],
        "isTemplate": false,
        "count": 0,
        "updated": 1560155628
    },
    {
        "id": "60fc7e35-7acb-008a-b644-90d2bb884d83",
        "data": [
            {
                "text": "where would be placed hotels",
                "userDefined": false
            }
        ],
        "isTemplate": false,
        "count": 0,
        "updated": 1560155628
    },
    {
        "id": "309ef888-c00e-6258-5666-a80f756486a4",
        "data": [
            {
                "text": "would there be hotels in louvain",
                "userDefined": false
            }
        ],
        "isTemplate": false,
        "count": 0,
        "updated": 1560155628
    },
    {
        "id": "9ca1ba6d-2c60-36e3-bb0e-ba75d6e8ce96",
        "data": [
            {
                "text": "where are situated inns in louvain",
                "userDefined": false
            }
        ],
        "isTemplate": false,
        "count": 0,
        "updated": 1560155628
    },
    {
        "id": "c73b7041-b538-57f4-2600-c047c569811a",
        "data": [
            {
                "text": "I need motels in louvain la neuve",
                "userDefined": false
            }
        ],
        "isTemplate": false,
        "count": 0,
        "updated": 1560155628
    },
    {
        "id": "9307f98f-2ede-9968-31b5-ec49f942d574",
        "data": [
            {
                "text": "would there be hotels in louvain la neuve",
                "userDefined": false
            }
        ],
        "isTemplate": false,
        "count": 0,
        "updated": 1560155628
    },
    {
        "id": "9927ae94-0457-e42e-4d8c-6f01e188ed6b",
        "data": [
            {
                "text": "I am looking for hotels in Louv",
                "userDefined": false
            }
        ],
        "isTemplate": false,
        "count": 0,
        "updated": 1560155628
    },
    {
        "id": "c950f881-f905-8d8c-70f4-b8ba7307a731",
        "data": [
            {
                "text": "I am looking for a motel at louvain-la-neuve",
                "userDefined": false
            }
        ],
        "isTemplate": false,
        "count": 0,
        "updated": 1560155628
    },
    {
        "id": "e2c912b8-414f-db7a-4bf6-09b9bf7bc2be",
        "data": [
            {
                "text": "where would be hotels at Louvain la Neuve",
                "userDefined": false
            }
        ],
        "isTemplate": false,
        "count": 0,
        "updated": 1560155628
    },
    {
        "id": "46b8c760-f7f2-e316-3537-153369e97bbe",
        "data": [
            {
                "text": "are there hotels at lln",
                "userDefined": false
            }
        ],
        "isTemplate": false,
        "count": 0,
        "updated": 1560155628
    },
    {
        "id": "c3a947e6-cea9-9588-6c55-aae2f6dc876e",
        "data": [
            {
                "text": "I am looking for a motel in Louvain-la-Neuve",
                "userDefined": false
            }
        ],
        "isTemplate": false,
        "count": 0,
        "updated": 1560155628
    },
    {
        "id": "e91ef7d9-a1fe-e463-0561-d93d8cb82ff6",
        "data": [
            {
                "text": "where'd be hotels at LLN",
                "userDefined": false
            }
        ],
        "isTemplate": false,
        "count": 0,
        "updated": 1560155628
    },
    {
        "id": "93874d60-213b-6f16-d1e7-ae4169c289bc",
        "data": [
            {
                "text": "I'd love a hostel at louvain la neuve",
                "userDefined": false
            }
        ],
        "isTemplate": false,
        "count": 0,
        "updated": 1560155628
    },
    {
        "id": "73eec1e2-e771-3cb2-38fa-17a98680b1d5",
        "data": [
            {
                "text": "where're situated hotels",
                "userDefined": false
            }
        ],
        "isTemplate": false,
        "count": 0,
        "updated": 1560155628
    },
    {
        "id": "e44bf608-4f57-b71b-467e-01e226963204",
        "data": [
            {
                "text": "where're placed inns in louv",
                "userDefined": false
            }
        ],
        "isTemplate": false,
        "count": 0,
        "updated": 1560155628
    },
    {
        "id": "ec724b6b-51c9-47fa-bcfc-bb41bda4afe7",
        "data": [
            {
                "text": "I'd like a hotel at louv",
                "userDefined": false
            }
        ],
        "isTemplate": false,
        "count": 0,
        "updated": 1560155628
    },
    {
        "id": "4e94b196-4d8e-d0c8-f316-73dcd5d49861",
        "data": [
            {
                "text": "where're hostels at louvain-la-neuve",
                "userDefined": false
            }
        ],
        "isTemplate": false,
        "count": 0,
        "updated": 1560155628
    },
    {
        "id": "6cf485da-4de9-1564-11d8-69f05f5db186",
        "data": [
            {
                "text": "I am looking for motels in Louvain-la-Neuve",
                "userDefined": false
            }
        ],
        "isTemplate": false,
        "count": 0,
        "updated": 1560155628
    },
    {
        "id": "782a2f29-91ff-4a8f-faa0-0de45417e3b0",
        "data": [
            {
                "text": "where would be placed hotels in Louvain-la-Neuve",
                "userDefined": false
            }
        ],
        "isTemplate": false,
        "count": 0,
        "updated": 1560155628
    },
    {
        "id": "b06fadf4-80ed-f51d-22df-6f92e6f31cfb",
        "data": [
            {
                "text": "where are hostels in louvain",
                "userDefined": false
            }
        ],
        "isTemplate": false,
        "count": 0,
        "updated": 1560155628
    },
    {
        "id": "fca26ef2-3729-5fdd-6bcd-60858f69310e",
        "data": [
            {
                "text": "I am searching for a hostel at louvain",
                "userDefined": false
            }
        ],
        "isTemplate": false,
        "count": 0,
        "updated": 1560155628
    },
    {
        "id": "330a3c5a-0296-7a24-b97d-6429bd088675",
        "data": [
            {
                "text": "where are motels",
                "userDefined": false
            }
        ],
        "isTemplate": false,
        "count": 0,
        "updated": 1560155628
    },
    {
        "id": "869e1dd1-fa0e-d4c6-183c-f6e362d2df1c",
        "data": [
            {
                "text": "I am looking for hotels at louvain",
                "userDefined": false
            }
        ],
        "isTemplate": false,
        "count": 0,
        "updated": 1560155628
    },
    {
        "id": "6759a284-d271-197f-d380-d4c92e06194c",
        "data": [
            {
                "text": "where are located hostels at louv",
                "userDefined": false
            }
        ],
        "isTemplate": false,
        "count": 0,
        "updated": 1560155628
    },
    {
        "id": "72015001-abb5-bad3-b74e-fa168267b3fd",
        "data": [
            {
                "text": "where're situated inns",
                "userDefined": false
            }
        ],
        "isTemplate": false,
        "count": 0,
        "updated": 1560155628
    },
    {
        "id": "977de191-efbf-213d-2a10-031f590f1f9e",
        "data": [
            {
                "text": "where will be placed hostels at LLN",
                "userDefined": false
            }
        ],
        "isTemplate": false,
        "count": 0,
        "updated": 1560155628
    },
    {
        "id": "ff473e48-8b84-8b4a-3443-dc43329b5ba9",
        "data": [
            {
                "text": "would there be hotels in Louvain",
                "userDefined": false
            }
        ],
        "isTemplate": false,
        "count": 0,
        "updated": 1560155628
    },
    {
        "id": "fa8a0f93-4d28-15c7-8a86-a27749c27c63",
        "data": [
            {
                "text": "are there motels at LLN",
                "userDefined": false
            }
        ],
        "isTemplate": false,
        "count": 0,
        "updated": 1560155628
    },
    {
        "id": "28c491e9-a023-f63a-e770-4c57a33cd4fa",
        "data": [
            {
                "text": "are there hotels in LLN",
                "userDefined": false
            }
        ],
        "isTemplate": false,
        "count": 0,
        "updated": 1560155628
    },
    {
        "id": "1a77cfae-a584-e7b6-34ca-fbb72978cc34",
        "data": [
            {
                "text": "where are hostels",
                "userDefined": false
            }
        ],
        "isTemplate": false,
        "count": 0,
        "updated": 1560155628
    },
    {
        "id": "949e4b2f-7466-39ff-c9e4-faf6e46dbab4",
        "data": [
            {
                "text": "I need a hotel in Louvain",
                "userDefined": false
            }
        ],
        "isTemplate": false,
        "count": 0,
        "updated": 1560155628
    },
    {
        "id": "d3ae864e-a1bd-0f7e-f253-06354de6b5c6",
        "data": [
            {
                "text": "where would be placed hostels",
                "userDefined": false
            }
        ],
        "isTemplate": false,
        "count": 0,
        "updated": 1560155628
    },
    {
        "id": "2eb2316e-3ae3-9b20-f9f8-07393809b14e",
        "data": [
            {
                "text": "I'd really love hostels in louvain la neuve",
                "userDefined": false
            }
        ],
        "isTemplate": false,
        "count": 0,
        "updated": 1560155628
    },
    {
        "id": "5a8ae0b6-d931-9543-3ff0-73a86a83c793",
        "data": [
            {
                "text": "would there be inns at louvain la neuve",
                "userDefined": false
            }
        ],
        "isTemplate": false,
        "count": 0,
        "updated": 1560155628
    },
    {
        "id": "744b7a03-9456-f57b-e3a3-0648f9a753a2",
        "data": [
            {
                "text": "where would be placed hotels in louv",
                "userDefined": false
            }
        ],
        "isTemplate": false,
        "count": 0,
        "updated": 1560155628
    },
    {
        "id": "fff1dc24-06fb-74cd-f834-8b2640cc3237",
        "data": [
            {
                "text": "where're placed hotels",
                "userDefined": false
            }
        ],
        "isTemplate": false,
        "count": 0,
        "updated": 1560155628
    },
    {
        "id": "edace7c3-8f9b-5d49-0973-b22e7e5a4cd2",
        "data": [
            {
                "text": "are there motels in louv",
                "userDefined": false
            }
        ],
        "isTemplate": false,
        "count": 0,
        "updated": 1560155628
    },
    {
        "id": "f1a66d03-8c1f-fcdc-1669-33855e800722",
        "data": [
            {
                "text": "are there motels in lln",
                "userDefined": false
            }
        ],
        "isTemplate": false,
        "count": 0,
        "updated": 1560155628
    },
    {
        "id": "bef8799b-9958-0c54-eff1-4536183ab222",
        "data": [
            {
                "text": "I need hotels in Louvain",
                "userDefined": false
            }
        ],
        "isTemplate": false,
        "count": 0,
        "updated": 1560155628
    },
    {
        "id": "c89048ce-92e7-8a58-d720-e40961ff7d77",
        "data": [
            {
                "text": "would there be hostels at louvain-la-neuve",
                "userDefined": false
            }
        ],
        "isTemplate": false,
        "count": 0,
        "updated": 1560155628
    },
    {
        "id": "54375ae5-1c50-3366-6c3e-4c947ec1104a",
        "data": [
            {
                "text": "where're situated hostels in louvain la neuve",
                "userDefined": false
            }
        ],
        "isTemplate": false,
        "count": 0,
        "updated": 1560155628
    },
    {
        "id": "0f5bee64-48dc-9488-ae01-36be63fffe83",
        "data": [
            {
                "text": "are there inns in Louvain la Neuve",
                "userDefined": false
            }
        ],
        "isTemplate": false,
        "count": 0,
        "updated": 1560155628
    },
    {
        "id": "bd7424d2-cd4c-23b6-d2d1-642b2ed1ed8c",
        "data": [
            {
                "text": "where will be placed hotels at louvain",
                "userDefined": false
            }
        ],
        "isTemplate": false,
        "count": 0,
        "updated": 1560155628
    },
    {
        "id": "2e4a50e2-4ad3-7d75-fb37-d8c4e334a0d2",
        "data": [
            {
                "text": "where're located inns at lln",
                "userDefined": false
            }
        ],
        "isTemplate": false,
        "count": 0,
        "updated": 1560155628
    },
    {
        "id": "528fea0f-c5ce-3442-d05a-cc10f7b63ab4",
        "data": [
            {
                "text": "I am searching for a hotel at lln",
                "userDefined": false
            }
        ],
        "isTemplate": false,
        "count": 0,
        "updated": 1560155628
    },
    {
        "id": "e4b6fbb5-797a-cdf4-e297-93aef0a72a97",
        "data": [
            {
                "text": "I need a hotel in Louvain la Neuve",
                "userDefined": false
            }
        ],
        "isTemplate": false,
        "count": 0,
        "updated": 1560155628
    },
    {
        "id": "3687789d-6a5e-fb5e-2146-9acfcb6e1b66",
        "data": [
            {
                "text": "where'll be situated hostels",
                "userDefined": false
            }
        ],
        "isTemplate": false,
        "count": 0,
        "updated": 1560155628
    },
    {
        "id": "1682a51a-7918-6a3a-282b-f346fdd6dfa1",
        "data": [
            {
                "text": "I am looking for hostels in louvain-la-neuve",
                "userDefined": false
            }
        ],
        "isTemplate": false,
        "count": 0,
        "updated": 1560155628
    }
]