[
    {
        "id": "b9143cf4-99da-1025-d393-4cb0ae2e1cc9",
        "data": [
            {
                "text": "for who are childcare facilities in belgium",
                "userDefined": false
            }
        ],
        "isTemplate": false,
        "count": 0,
        "updated": 1560155628
    },
    {
        "id": "03abe26a-60b0-74b8-4605-24c76c5bc928",
        "data": [
            {
                "text": "are there infant care services organised in belgium",
                "userDefined": false
            }
        ],
        "isTemplate": false,
        "count": 0,
        "updated": 1560155628
    },
    {
        "id": "49fc6e5f-4f11-47bf-aebe-8fd9d3d3dc3e",
        "data": [
            {
                "text": "are there child care services organised in belgium",
                "userDefined": false
            }
        ],
        "isTemplate": false,
        "count": 0,
        "updated": 1560155628
    },
    {
        "id": "75c0c862-8220-7a00-5d0a-f61f3760f328",
        "data": [
            {
                "text": "are there day care services organised in belgium",
                "userDefined": false
            }
        ],
        "isTemplate": false,
        "count": 0,
        "updated": 1560155628
    },
    {
        "id": "fe12e778-2e56-da88-3937-5a1cb121db22",
        "data": [
            {
                "text": "would there be babysitting facilities organised in belgium",
                "userDefined": false
            }
        ],
        "isTemplate": false,
        "count": 0,
        "updated": 1560155628
    },
    {
        "id": "c82bfeb8-0df0-a84c-2a5a-8ee75aa6154f",
        "data": [
            {
                "text": "for who are belgian day care services",
                "userDefined": false
            }
        ],
        "isTemplate": false,
        "count": 0,
        "updated": 1560155628
    },
    {
        "id": "b83c2218-715b-444c-4155-2afac3732899",
        "data": [
            {
                "text": "would there be childcare services organised in belgium",
                "userDefined": false
            }
        ],
        "isTemplate": false,
        "count": 0,
        "updated": 1560155628
    },
    {
        "id": "ecff9a26-0ea5-9c21-0da6-b4a264f55133",
        "data": [
            {
                "text": "are there day care facilities set up in belgium",
                "userDefined": false
            }
        ],
        "isTemplate": false,
        "count": 0,
        "updated": 1560155628
    },
    {
        "id": "a2828a5b-051d-4a23-ec9c-bb74d609412f",
        "data": [
            {
                "text": "for whom are day care facilities in belgium",
                "userDefined": false
            }
        ],
        "isTemplate": false,
        "count": 0,
        "updated": 1560155628
    },
    {
        "id": "52ed7da1-1191-d36d-4ee4-a256f077a069",
        "data": [
            {
                "text": "would there be babysitting facilities organized in belgium",
                "userDefined": false
            }
        ],
        "isTemplate": false,
        "count": 0,
        "updated": 1560155628
    },
    {
        "id": "2957611a-b0a0-5ae0-ae35-0aaacb6c17b0",
        "data": [
            {
                "text": "who are belgian day care facilities for",
                "userDefined": false
            }
        ],
        "isTemplate": false,
        "count": 0,
        "updated": 1560155628
    },
    {
        "id": "005db1fa-ec21-503f-4ef5-32af32cb81e5",
        "data": [
            {
                "text": "would there be day care facilities set up in belgium",
                "userDefined": false
            }
        ],
        "isTemplate": false,
        "count": 0,
        "updated": 1560155628
    },
    {
        "id": "40bdca63-1802-82ae-2807-691a751bfd0c",
        "data": [
            {
                "text": "are there day care services organized in belgium",
                "userDefined": false
            }
        ],
        "isTemplate": false,
        "count": 0,
        "updated": 1560155628
    },
    {
        "id": "794ddab5-c600-d3b8-744d-b3bab41bb2a2",
        "data": [
            {
                "text": "for whom are belgian infant care services",
                "userDefined": false
            }
        ],
        "isTemplate": false,
        "count": 0,
        "updated": 1560155628
    },
    {
        "id": "cc1c6576-d3c7-3428-372a-969ae0784a53",
        "data": [
            {
                "text": "would there be child care facilities organized in belgium",
                "userDefined": false
            }
        ],
        "isTemplate": false,
        "count": 0,
        "updated": 1560155628
    },
    {
        "id": "3a549481-a566-883e-fa7b-518f8df9e017",
        "data": [
            {
                "text": "would there be childcare facilities set up in belgium",
                "userDefined": false
            }
        ],
        "isTemplate": false,
        "count": 0,
        "updated": 1560155628
    },
    {
        "id": "298ce720-d385-cf15-b138-b4677b9f5367",
        "data": [
            {
                "text": "would there be babysitting facilities set up in belgium",
                "userDefined": false
            }
        ],
        "isTemplate": false,
        "count": 0,
        "updated": 1560155628
    },
    {
        "id": "52169e22-0de5-62bc-6d26-d5208e7365fe",
        "data": [
            {
                "text": "would there be infant care services arranged in belgium",
                "userDefined": false
            }
        ],
        "isTemplate": false,
        "count": 0,
        "updated": 1560155628
    },
    {
        "id": "24cf49bd-0e21-c0f7-282c-48e4788784eb",
        "data": [
            {
                "text": "for who are babysitting services in belgium",
                "userDefined": false
            }
        ],
        "isTemplate": false,
        "count": 0,
        "updated": 1560155628
    },
    {
        "id": "0ee32fe4-cdb2-bb8c-3332-cdcfb35b09e6",
        "data": [
            {
                "text": "for whom are childcare facilities in belgium",
                "userDefined": false
            }
        ],
        "isTemplate": false,
        "count": 0,
        "updated": 1560155628
    },
    {
        "id": "7b3d4da4-a124-7be1-d940-4ccc07713b6c",
        "data": [
            {
                "text": "who are day care facilities in belgium for",
                "userDefined": false
            }
        ],
        "isTemplate": false,
        "count": 0,
        "updated": 1560155628
    },
    {
        "id": "8bf36828-f968-b670-0698-bd5d59d2fea2",
        "data": [
            {
                "text": "are there babysitting facilities organised in belgium",
                "userDefined": false
            }
        ],
        "isTemplate": false,
        "count": 0,
        "updated": 1560155628
    },
    {
        "id": "90d2693b-31e6-5bce-11ea-00d716d083d0",
        "data": [
            {
                "text": "are there infant care services set up in belgium",
                "userDefined": false
            }
        ],
        "isTemplate": false,
        "count": 0,
        "updated": 1560155628
    },
    {
        "id": "36bd6a84-b5c5-af4d-33a7-d375b0e2029f",
        "data": [
            {
                "text": "who are belgian childcare services for",
                "userDefined": false
            }
        ],
        "isTemplate": false,
        "count": 0,
        "updated": 1560155628
    },
    {
        "id": "6526791b-3736-7cf0-54dc-53568c4c576b",
        "data": [
            {
                "text": "who are babysitting facilities in belgium for",
                "userDefined": false
            }
        ],
        "isTemplate": false,
        "count": 0,
        "updated": 1560155628
    },
    {
        "id": "0986771e-6499-3605-6a7b-bb3de7fac634",
        "data": [
            {
                "text": "who are belgian childcare facilities for",
                "userDefined": false
            }
        ],
        "isTemplate": false,
        "count": 0,
        "updated": 1560155628
    },
    {
        "id": "14433a61-e678-51c8-4781-0544c7cb9747",
        "data": [
            {
                "text": "would there be day care services arranged in belgium",
                "userDefined": false
            }
        ],
        "isTemplate": false,
        "count": 0,
        "updated": 1560155628
    },
    {
        "id": "a1ef47d0-aa2f-ba15-f494-09657ddac716",
        "data": [
            {
                "text": "are there child care facilities organised in belgium",
                "userDefined": false
            }
        ],
        "isTemplate": false,
        "count": 0,
        "updated": 1560155628
    },
    {
        "id": "32d55b2a-490e-c12c-3647-c28f98e04187",
        "data": [
            {
                "text": "for whom are child care facilities in belgium",
                "userDefined": false
            }
        ],
        "isTemplate": false,
        "count": 0,
        "updated": 1560155628
    },
    {
        "id": "f937094d-c390-fb24-90ce-818bf5870d5b",
        "data": [
            {
                "text": "who are childcare services in belgium for",
                "userDefined": false
            }
        ],
        "isTemplate": false,
        "count": 0,
        "updated": 1560155628
    },
    {
        "id": "e141dee0-3fca-d848-000b-53fe36d80a52",
        "data": [
            {
                "text": "who are belgian child care facilities for",
                "userDefined": false
            }
        ],
        "isTemplate": false,
        "count": 0,
        "updated": 1560155628
    },
    {
        "id": "e385149f-b78b-b283-c7b4-dca67df1c66c",
        "data": [
            {
                "text": "are there infant care facilities set up in belgium",
                "userDefined": false
            }
        ],
        "isTemplate": false,
        "count": 0,
        "updated": 1560155628
    },
    {
        "id": "0cb18706-b517-0e09-8621-149d77f49067",
        "data": [
            {
                "text": "would there be day care facilities organised in belgium",
                "userDefined": false
            }
        ],
        "isTemplate": false,
        "count": 0,
        "updated": 1560155628
    },
    {
        "id": "a2855a20-7b31-6ac7-0f64-a06d6f13167d",
        "data": [
            {
                "text": "for whom are babysitting services in belgium",
                "userDefined": false
            }
        ],
        "isTemplate": false,
        "count": 0,
        "updated": 1560155628
    },
    {
        "id": "2978dd04-5467-ed5c-5819-34efd98d12cb",
        "data": [
            {
                "text": "are there child care facilities in belgium",
                "userDefined": false
            }
        ],
        "isTemplate": false,
        "count": 0,
        "updated": 1560155628
    },
    {
        "id": "0a2394eb-2bd5-49b1-1b44-f5b59b5d6505",
        "data": [
            {
                "text": "are there day care facilities organized in belgium",
                "userDefined": false
            }
        ],
        "isTemplate": false,
        "count": 0,
        "updated": 1560155628
    },
    {
        "id": "166eb6c2-2a4e-3d05-0b1a-5e635cbd6fa8",
        "data": [
            {
                "text": "who are childcare facilities in belgium for",
                "userDefined": false
            }
        ],
        "isTemplate": false,
        "count": 0,
        "updated": 1560155628
    },
    {
        "id": "fb6a76a8-920d-3e3b-eeda-4158e4d8880a",
        "data": [
            {
                "text": "who are infant care services in belgium for",
                "userDefined": false
            }
        ],
        "isTemplate": false,
        "count": 0,
        "updated": 1560155628
    },
    {
        "id": "f3b63492-8da2-d489-8010-39b7e4a82631",
        "data": [
            {
                "text": "who are infant care facilities in belgium for",
                "userDefined": false
            }
        ],
        "isTemplate": false,
        "count": 0,
        "updated": 1560155628
    },
    {
        "id": "3bb9110d-cf11-6eb9-2621-af5e54aad308",
        "data": [
            {
                "text": "for who are child care services in belgium",
                "userDefined": false
            }
        ],
        "isTemplate": false,
        "count": 0,
        "updated": 1560155628
    },
    {
        "id": "2b299cf3-f753-d093-c119-45fb2e0204d7",
        "data": [
            {
                "text": "are there child care facilities set up in belgium",
                "userDefined": false
            }
        ],
        "isTemplate": false,
        "count": 0,
        "updated": 1560155628
    },
    {
        "id": "5c7c0d3b-3de8-e88b-cb9a-22cd8943a374",
        "data": [
            {
                "text": "for who are belgian babysitting services",
                "userDefined": false
            }
        ],
        "isTemplate": false,
        "count": 0,
        "updated": 1560155628
    },
    {
        "id": "77ab2437-d8fc-fa95-6c86-bd927ac2cfba",
        "data": [
            {
                "text": "who are babysitting services in belgium for",
                "userDefined": false
            }
        ],
        "isTemplate": false,
        "count": 0,
        "updated": 1560155628
    },
    {
        "id": "5891bf3d-7ca7-8842-556a-60674ddde934",
        "data": [
            {
                "text": "for who are belgian childcare services",
                "userDefined": false
            }
        ],
        "isTemplate": false,
        "count": 0,
        "updated": 1560155628
    },
    {
        "id": "5837ccbc-3ea8-7f8e-3a21-cea1ec3a296f",
        "data": [
            {
                "text": "for who are belgian babysitting facilities",
                "userDefined": false
            }
        ],
        "isTemplate": false,
        "count": 0,
        "updated": 1560155628
    },
    {
        "id": "79dc0ce7-7d50-4583-5f3f-00afbb3a8c45",
        "data": [
            {
                "text": "would there be infant care facilities organized in belgium",
                "userDefined": false
            }
        ],
        "isTemplate": false,
        "count": 0,
        "updated": 1560155628
    },
    {
        "id": "b30c10a9-cbdb-c409-2e38-fbe0ed0fb11b",
        "data": [
            {
                "text": "who are belgian babysitting facilities for",
                "userDefined": false
            }
        ],
        "isTemplate": false,
        "count": 0,
        "updated": 1560155628
    },
    {
        "id": "1f2ce213-46e0-394a-a637-d01d8111e445",
        "data": [
            {
                "text": "would there be childcare facilities organized in belgium",
                "userDefined": false
            }
        ],
        "isTemplate": false,
        "count": 0,
        "updated": 1560155628
    },
    {
        "id": "a4c9ab4c-ce41-7e1e-c26a-754d625f6322",
        "data": [
            {
                "text": "are there infant care services organized in belgium",
                "userDefined": false
            }
        ],
        "isTemplate": false,
        "count": 0,
        "updated": 1560155628
    },
    {
        "id": "7a0a5456-2d87-0521-7fcd-153769c52218",
        "data": [
            {
                "text": "for whom are babysitting facilities in belgium",
                "userDefined": false
            }
        ],
        "isTemplate": false,
        "count": 0,
        "updated": 1560155628
    },
    {
        "id": "cd6cad3d-7cf4-440e-7c88-4ba07c8fdb1b",
        "data": [
            {
                "text": "would there be infant care services set up in belgium",
                "userDefined": false
            }
        ],
        "isTemplate": false,
        "count": 0,
        "updated": 1560155628
    },
    {
        "id": "22be363e-4392-cbd3-5071-58facb432fb4",
        "data": [
            {
                "text": "would there be day care services organised in belgium",
                "userDefined": false
            }
        ],
        "isTemplate": false,
        "count": 0,
        "updated": 1560155628
    },
    {
        "id": "8fd3f87f-21e1-8d79-f028-765c827df800",
        "data": [
            {
                "text": "are there childcare services arranged in belgium",
                "userDefined": false
            }
        ],
        "isTemplate": false,
        "count": 0,
        "updated": 1560155628
    },
    {
        "id": "b43774e6-25c9-2f65-e150-d4202631df67",
        "data": [
            {
                "text": "for whom are day care services in belgium",
                "userDefined": false
            }
        ],
        "isTemplate": false,
        "count": 0,
        "updated": 1560155628
    },
    {
        "id": "d286e06c-c092-48c5-4bef-290c1b4500ec",
        "data": [
            {
                "text": "for whom are childcare services in belgium",
                "userDefined": false
            }
        ],
        "isTemplate": false,
        "count": 0,
        "updated": 1560155628
    },
    {
        "id": "c8494f3b-b4fe-8b9c-6f16-20084433859d",
        "data": [
            {
                "text": "would there be day care services set up in belgium",
                "userDefined": false
            }
        ],
        "isTemplate": false,
        "count": 0,
        "updated": 1560155628
    },
    {
        "id": "90c03416-9b34-87a2-07a7-7d4d4a4331f2",
        "data": [
            {
                "text": "who are child care services in belgium for",
                "userDefined": false
            }
        ],
        "isTemplate": false,
        "count": 0,
        "updated": 1560155628
    },
    {
        "id": "28c485dc-f707-5ddb-7d6b-f7a2a15048e7",
        "data": [
            {
                "text": "would there be childcare facilities organised in belgium",
                "userDefined": false
            }
        ],
        "isTemplate": false,
        "count": 0,
        "updated": 1560155628
    },
    {
        "id": "26323ab8-fae8-b55a-8fbb-5b5c96192d75",
        "data": [
            {
                "text": "are there childcare facilities organised in belgium",
                "userDefined": false
            }
        ],
        "isTemplate": false,
        "count": 0,
        "updated": 1560155628
    },
    {
        "id": "85b4e0bc-d38e-552c-9a02-1c830e8c4a3c",
        "data": [
            {
                "text": "who are child care facilities in belgium for",
                "userDefined": false
            }
        ],
        "isTemplate": false,
        "count": 0,
        "updated": 1560155628
    },
    {
        "id": "6266b613-d5da-bc35-fa37-af199dbb5f0a",
        "data": [
            {
                "text": "who are belgian babysitting services for",
                "userDefined": false
            }
        ],
        "isTemplate": false,
        "count": 0,
        "updated": 1560155628
    },
    {
        "id": "a53b81df-e523-bd45-1981-95b6bf795aad",
        "data": [
            {
                "text": "would there be infant care facilities arranged in belgium",
                "userDefined": false
            }
        ],
        "isTemplate": false,
        "count": 0,
        "updated": 1560155628
    },
    {
        "id": "c3850eaa-46aa-a03a-be91-4406f52b8eab",
        "data": [
            {
                "text": "are there childcare services set up in belgium",
                "userDefined": false
            }
        ],
        "isTemplate": false,
        "count": 0,
        "updated": 1560155628
    },
    {
        "id": "69f030fc-cb0e-28e1-0cf7-ea50f9c68e83",
        "data": [
            {
                "text": "for whom are infant care services in belgium",
                "userDefined": false
            }
        ],
        "isTemplate": false,
        "count": 0,
        "updated": 1560155628
    },
    {
        "id": "182d1b50-bc98-c25a-7707-079c5b3149bc",
        "data": [
            {
                "text": "for who are infant care facilities in belgium",
                "userDefined": false
            }
        ],
        "isTemplate": false,
        "count": 0,
        "updated": 1560155628
    },
    {
        "id": "552f1158-d6ff-b777-7333-f0df9fae1060",
        "data": [
            {
                "text": "would there be child care facilities set up in belgium",
                "userDefined": false
            }
        ],
        "isTemplate": false,
        "count": 0,
        "updated": 1560155628
    },
    {
        "id": "a60088e3-4784-88bb-b127-8954f619d013",
        "data": [
            {
                "text": "are there babysitting services organized in belgium",
                "userDefined": false
            }
        ],
        "isTemplate": false,
        "count": 0,
        "updated": 1560155628
    },
    {
        "id": "8f8b73ec-89ec-0cf6-414e-0fe836c642ca",
        "data": [
            {
                "text": "are there childcare services organized in belgium",
                "userDefined": false
            }
        ],
        "isTemplate": false,
        "count": 0,
        "updated": 1560155628
    },
    {
        "id": "9d8e0273-ea63-d56d-4c81-ba07c40027ca",
        "data": [
            {
                "text": "who are belgian day care services for",
                "userDefined": false
            }
        ],
        "isTemplate": false,
        "count": 0,
        "updated": 1560155628
    },
    {
        "id": "0a21da54-120c-6597-4450-80b9fbc75c97",
        "data": [
            {
                "text": "for who are belgian child care facilities",
                "userDefined": false
            }
        ],
        "isTemplate": false,
        "count": 0,
        "updated": 1560155628
    },
    {
        "id": "0c2a1320-c1d6-2df2-b1a4-79eadaafb3a6",
        "data": [
            {
                "text": "would there be babysitting services organized in belgium",
                "userDefined": false
            }
        ],
        "isTemplate": false,
        "count": 0,
        "updated": 1560155628
    },
    {
        "id": "c4e7fda4-8a08-48b3-e0e5-6316f556c5ac",
        "data": [
            {
                "text": "who are belgian child care services for",
                "userDefined": false
            }
        ],
        "isTemplate": false,
        "count": 0,
        "updated": 1560155628
    },
    {
        "id": "233470bc-8b03-ca96-2a89-02a2b6c54c20",
        "data": [
            {
                "text": "for who are babysitting facilities in belgium",
                "userDefined": false
            }
        ],
        "isTemplate": false,
        "count": 0,
        "updated": 1560155628
    },
    {
        "id": "34a58734-a19d-076b-e18d-916e8f0878a7",
        "data": [
            {
                "text": "would there be babysitting services arranged in belgium",
                "userDefined": false
            }
        ],
        "isTemplate": false,
        "count": 0,
        "updated": 1560155628
    },
    {
        "id": "8fb42b4d-85ec-8096-1cf5-7ae721192f54",
        "data": [
            {
                "text": "are there day care facilities arranged in belgium",
                "userDefined": false
            }
        ],
        "isTemplate": false,
        "count": 0,
        "updated": 1560155628
    },
    {
        "id": "bd590b0e-ea9b-de2a-74bd-4ddd302ff9ac",
        "data": [
            {
                "text": "would there be infant care services in belgium",
                "userDefined": false
            }
        ],
        "isTemplate": false,
        "count": 0,
        "updated": 1560155628
    },
    {
        "id": "4ab3795d-063f-c29e-93d4-0c4a0b6bad6b",
        "data": [
            {
                "text": "who are belgian infant care services for",
                "userDefined": false
            }
        ],
        "isTemplate": false,
        "count": 0,
        "updated": 1560155628
    },
    {
        "id": "74152923-99dc-512d-0d5b-655e681c0cfb",
        "data": [
            {
                "text": "would there be childcare services organized in belgium",
                "userDefined": false
            }
        ],
        "isTemplate": false,
        "count": 0,
        "updated": 1560155628
    },
    {
        "id": "b40dcf9d-b8bf-cea2-39ac-fd388d60aa51",
        "data": [
            {
                "text": "are there infant care facilities arranged in belgium",
                "userDefined": false
            }
        ],
        "isTemplate": false,
        "count": 0,
        "updated": 1560155628
    },
    {
        "id": "f8975488-8017-6bea-9f31-88c7a1493488",
        "data": [
            {
                "text": "are there child care services organized in belgium",
                "userDefined": false
            }
        ],
        "isTemplate": false,
        "count": 0,
        "updated": 1560155628
    },
    {
        "id": "0f58fc03-5863-c4bf-df6f-feab24ce04a3",
        "data": [
            {
                "text": "would there be child care facilities in belgium",
                "userDefined": false
            }
        ],
        "isTemplate": false,
        "count": 0,
        "updated": 1560155628
    },
    {
        "id": "a344396b-ce70-3712-c386-5713d4b7f0ba",
        "data": [
            {
                "text": "are there babysitting facilities organized in belgium",
                "userDefined": false
            }
        ],
        "isTemplate": false,
        "count": 0,
        "updated": 1560155628
    },
    {
        "id": "e7c14ea7-4a2d-4567-b2d8-0946dacaf8c8",
        "data": [
            {
                "text": "for whom are infant care facilities in belgium",
                "userDefined": false
            }
        ],
        "isTemplate": false,
        "count": 0,
        "updated": 1560155628
    },
    {
        "id": "61931659-eabf-02b3-9f40-2bd46f740546",
        "data": [
            {
                "text": "would there be babysitting services in belgium",
                "userDefined": false
            }
        ],
        "isTemplate": false,
        "count": 0,
        "updated": 1560155628
    },
    {
        "id": "50950036-c01f-4a2c-bab5-7d850a349747",
        "data": [
            {
                "text": "are there childcare facilities organized in belgium",
                "userDefined": false
            }
        ],
        "isTemplate": false,
        "count": 0,
        "updated": 1560155628
    },
    {
        "id": "de9801e0-b0e3-6790-14eb-dfa74ba8eead",
        "data": [
            {
                "text": "for whom are belgian childcare services",
                "userDefined": false
            }
        ],
        "isTemplate": false,
        "count": 0,
        "updated": 1560155628
    },
    {
        "id": "c3ab4b53-03dd-6ced-2a77-caa0b2cef106",
        "data": [
            {
                "text": "would there be infant care facilities organised in belgium",
                "userDefined": false
            }
        ],
        "isTemplate": false,
        "count": 0,
        "updated": 1560155628
    },
    {
        "id": "15856186-c165-3190-3220-2273aa1d10e1",
        "data": [
            {
                "text": "who are day care services in belgium for",
                "userDefined": false
            }
        ],
        "isTemplate": false,
        "count": 0,
        "updated": 1560155628
    },
    {
        "id": "05d4f32c-311c-a1ff-b1e3-0e9e67da41f8",
        "data": [
            {
                "text": "are there childcare services in belgium",
                "userDefined": false
            }
        ],
        "isTemplate": false,
        "count": 0,
        "updated": 1560155628
    },
    {
        "id": "92936e63-a3b2-ed56-36ec-569feda97f60",
        "data": [
            {
                "text": "are there babysitting services in belgium",
                "userDefined": false
            }
        ],
        "isTemplate": false,
        "count": 0,
        "updated": 1560155628
    },
    {
        "id": "9fd5f7e9-0e08-1ea5-9fd4-70941935ba56",
        "data": [
            {
                "text": "would there be day care services in belgium",
                "userDefined": false
            }
        ],
        "isTemplate": false,
        "count": 0,
        "updated": 1560155628
    },
    {
        "id": "5aa2aa68-9ba0-921b-c5a3-c59d3a43ad4e",
        "data": [
            {
                "text": "would there be day care facilities in belgium",
                "userDefined": false
            }
        ],
        "isTemplate": false,
        "count": 0,
        "updated": 1560155628
    },
    {
        "id": "4ff1662c-37d6-98be-a376-cc8576edc36b",
        "data": [
            {
                "text": "would there be babysitting services set up in belgium",
                "userDefined": false
            }
        ],
        "isTemplate": false,
        "count": 0,
        "updated": 1560155628
    },
    {
        "id": "d424b9b5-3b75-bafc-83cd-15638ca0beed",
        "data": [
            {
                "text": "are there child care services in belgium",
                "userDefined": false
            }
        ],
        "isTemplate": false,
        "count": 0,
        "updated": 1560155628
    },
    {
        "id": "a69c5797-2a0d-6d9c-8eed-0e2fd7c10ab3",
        "data": [
            {
                "text": "would there be day care facilities organized in belgium",
                "userDefined": false
            }
        ],
        "isTemplate": false,
        "count": 0,
        "updated": 1560155628
    },
    {
        "id": "6a37aad8-1f6f-9225-e910-6a2df5353e48",
        "data": [
            {
                "text": "would there be infant care facilities set up in belgium",
                "userDefined": false
            }
        ],
        "isTemplate": false,
        "count": 0,
        "updated": 1560155628
    },
    {
        "id": "27210ca0-ffd5-632d-887f-9eb77a8418e4",
        "data": [
            {
                "text": "are there infant care facilities organized in belgium",
                "userDefined": false
            }
        ],
        "isTemplate": false,
        "count": 0,
        "updated": 1560155628
    },
    {
        "id": "25ba02f4-0876-3a40-543a-38478525da05",
        "data": [
            {
                "text": "are there babysitting services organised in belgium",
                "userDefined": false
            }
        ],
        "isTemplate": false,
        "count": 0,
        "updated": 1560155628
    },
    {
        "id": "ad4ff7de-313e-6b22-d18f-a2e64aee9a56",
        "data": [
            {
                "text": "would there be child care facilities organised in belgium",
                "userDefined": false
            }
        ],
        "isTemplate": false,
        "count": 0,
        "updated": 1560155628
    },
    {
        "id": "695f2e27-018d-7395-81ad-307914fad3cd",
        "data": [
            {
                "text": "are there childcare facilities arranged in belgium",
                "userDefined": false
            }
        ],
        "isTemplate": false,
        "count": 0,
        "updated": 1560155628
    },
    {
        "id": "33076d5d-a5b6-d937-967a-3d2d6f3f5d3e",
        "data": [
            {
                "text": "would there be infant care services organized in belgium",
                "userDefined": false
            }
        ],
        "isTemplate": false,
        "count": 0,
        "updated": 1560155628
    },
    {
        "id": "7a228d50-9ef1-edae-4de0-13c766085f1b",
        "data": [
            {
                "text": "would there be childcare facilities in belgium",
                "userDefined": false
            }
        ],
        "isTemplate": false,
        "count": 0,
        "updated": 1560155628
    },
    {
        "id": "ddcf0930-4a47-8e68-674e-a990d521692f",
        "data": [
            {
                "text": "would there be day care facilities arranged in belgium",
                "userDefined": false
            }
        ],
        "isTemplate": false,
        "count": 0,
        "updated": 1560155628
    },
    {
        "id": "f0c55a0c-7746-9082-8a52-3d5d025aa714",
        "data": [
            {
                "text": "are there babysitting services set up in belgium",
                "userDefined": false
            }
        ],
        "isTemplate": false,
        "count": 0,
        "updated": 1560155628
    },
    {
        "id": "72de1578-8d8c-aa55-664e-c1c650397961",
        "data": [
            {
                "text": "are there child care services arranged in belgium",
                "userDefined": false
            }
        ],
        "isTemplate": false,
        "count": 0,
        "updated": 1560155628
    },
    {
        "id": "14e3d1a0-bcef-7b67-cd3e-dbac9ddb7c37",
        "data": [
            {
                "text": "are there infant care facilities organised in belgium",
                "userDefined": false
            }
        ],
        "isTemplate": false,
        "count": 0,
        "updated": 1560155628
    },
    {
        "id": "2e381e90-dcb4-2473-ad3e-9de73dcb89b3",
        "data": [
            {
                "text": "for whom are belgian babysitting facilities",
                "userDefined": false
            }
        ],
        "isTemplate": false,
        "count": 0,
        "updated": 1560155628
    },
    {
        "id": "c0ce7679-408e-67ac-5d3f-23f41aedd231",
        "data": [
            {
                "text": "are there babysitting facilities in belgium",
                "userDefined": false
            }
        ],
        "isTemplate": false,
        "count": 0,
        "updated": 1560155628
    },
    {
        "id": "40139905-a95b-25af-224b-7fa0b9bba76c",
        "data": [
            {
                "text": "are there day care services set up in belgium",
                "userDefined": false
            }
        ],
        "isTemplate": false,
        "count": 0,
        "updated": 1560155628
    },
    {
        "id": "b4c9cafb-dab7-cb78-ac00-e83a07c73ed6",
        "data": [
            {
                "text": "are there childcare services organised in belgium",
                "userDefined": false
            }
        ],
        "isTemplate": false,
        "count": 0,
        "updated": 1560155628
    },
    {
        "id": "9b979fac-9da0-216e-67c3-017cdfd38785",
        "data": [
            {
                "text": "are there day care facilities in belgium",
                "userDefined": false
            }
        ],
        "isTemplate": false,
        "count": 0,
        "updated": 1560155628
    },
    {
        "id": "8a9d9713-897a-b83c-20c5-57cbb5997fed",
        "data": [
            {
                "text": "are there babysitting services arranged in belgium",
                "userDefined": false
            }
        ],
        "isTemplate": false,
        "count": 0,
        "updated": 1560155628
    },
    {
        "id": "8d1263b4-4c5f-8c69-312e-eea4116d2537",
        "data": [
            {
                "text": "would there be child care services organised in belgium",
                "userDefined": false
            }
        ],
        "isTemplate": false,
        "count": 0,
        "updated": 1560155628
    },
    {
        "id": "3b8bc123-7817-25c0-e4b2-98de1b650330",
        "data": [
            {
                "text": "would there be infant care services organised in belgium",
                "userDefined": false
            }
        ],
        "isTemplate": false,
        "count": 0,
        "updated": 1560155628
    },
    {
        "id": "820907c4-8ccb-815c-9f62-6e35df5b53af",
        "data": [
            {
                "text": "for who are belgian childcare facilities",
                "userDefined": false
            }
        ],
        "isTemplate": false,
        "count": 0,
        "updated": 1560155628
    },
    {
        "id": "f43b1733-acc6-681e-4958-a3477d803f23",
        "data": [
            {
                "text": "are there day care services arranged in belgium",
                "userDefined": false
            }
        ],
        "isTemplate": false,
        "count": 0,
        "updated": 1560155628
    },
    {
        "id": "7f876b2a-10d7-8b96-b6ec-15261cc0d01b",
        "data": [
            {
                "text": "would there be infant care facilities in belgium",
                "userDefined": false
            }
        ],
        "isTemplate": false,
        "count": 0,
        "updated": 1560155628
    },
    {
        "id": "c972cd00-1499-27d3-9386-658a96294412",
        "data": [
            {
                "text": "for whom are belgian infant care facilities",
                "userDefined": false
            }
        ],
        "isTemplate": false,
        "count": 0,
        "updated": 1560155628
    },
    {
        "id": "3f74307c-bde5-d205-0253-1921439ebe9a",
        "data": [
            {
                "text": "would there be childcare services in belgium",
                "userDefined": false
            }
        ],
        "isTemplate": false,
        "count": 0,
        "updated": 1560155628
    },
    {
        "id": "f7df2c86-31a1-5c2b-a8e5-cc947cab03aa",
        "data": [
            {
                "text": "are there child care services set up in belgium",
                "userDefined": false
            }
        ],
        "isTemplate": false,
        "count": 0,
        "updated": 1560155628
    }
]