[
    {
        "id": "36b91849-43e2-4b46-16c2-60e8c8ec0979",
        "data": [
            {
                "text": "would there be a inventory of kots-a-projet",
                "userDefined": false
            }
        ],
        "isTemplate": false,
        "count": 0,
        "updated": 1560155628
    },
    {
        "id": "81dc443a-fdec-2f52-ea07-55ee361f6a98",
        "data": [
            {
                "text": "what to do if I would really want to get in a KAP",
                "userDefined": false
            }
        ],
        "isTemplate": false,
        "count": 0,
        "updated": 1560155628
    },
    {
        "id": "9688911b-f539-b106-e0a8-fc390e78c6ea",
        "data": [
            {
                "text": "is there a listing of kots a projet",
                "userDefined": false
            }
        ],
        "isTemplate": false,
        "count": 0,
        "updated": 1560155628
    },
    {
        "id": "a9023e6f-2245-58a3-9e2b-ee0e6df97244",
        "data": [
            {
                "text": "when are events organized by kots a projet",
                "userDefined": false
            }
        ],
        "isTemplate": false,
        "count": 0,
        "updated": 1560155628
    },
    {
        "id": "27ecdaca-8137-1d51-196c-835f1d6f7863",
        "data": [
            {
                "text": "is there a list of kots-a-projet that exist",
                "userDefined": false
            }
        ],
        "isTemplate": false,
        "count": 0,
        "updated": 1560155628
    },
    {
        "id": "6fc3d84b-3422-0bc5-0b4b-3b75d49dd05b",
        "data": [
            {
                "text": "I would really like to get in a KAP, where would I go",
                "userDefined": false
            }
        ],
        "isTemplate": false,
        "count": 0,
        "updated": 1560155628
    },
    {
        "id": "9a24031c-7c15-3599-0270-56efe2d02507",
        "data": [
            {
                "text": "I'd want to get in a KAP, what to do",
                "userDefined": false
            }
        ],
        "isTemplate": false,
        "count": 0,
        "updated": 1560155628
    },
    {
        "id": "c85ba45b-030e-2086-6c94-7520f36eb753",
        "data": [
            {
                "text": "would there be a table of kots àprojet",
                "userDefined": false
            }
        ],
        "isTemplate": false,
        "count": 0,
        "updated": 1560155628
    },
    {
        "id": "4817231d-81de-fea1-ae96-725c24560eff",
        "data": [
            {
                "text": "I'd really love to get in a KAP what should I do",
                "userDefined": false
            }
        ],
        "isTemplate": false,
        "count": 0,
        "updated": 1560155628
    },
    {
        "id": "e4f4a4ef-e8f1-ec60-dbca-472e7f46159a",
        "data": [
            {
                "text": "I would really want to get in a KAP, who can help",
                "userDefined": false
            }
        ],
        "isTemplate": false,
        "count": 0,
        "updated": 1560155628
    },
    {
        "id": "c55978c5-e0ac-9fda-a6d2-a6f7fa152678",
        "data": [
            {
                "text": "when are events arranged by kots àprojet",
                "userDefined": false
            }
        ],
        "isTemplate": false,
        "count": 0,
        "updated": 1560155628
    },
    {
        "id": "b36959f7-cab9-abcd-026f-6e26b4210ee7",
        "data": [
            {
                "text": "show me the contact info of Kots A Projet",
                "userDefined": false
            }
        ],
        "isTemplate": false,
        "count": 0,
        "updated": 1560155628
    },
    {
        "id": "311f24cb-1e0c-0dd0-a252-bdbf66b9b141",
        "data": [
            {
                "text": "show me the particulars of kots-a-projet",
                "userDefined": false
            }
        ],
        "isTemplate": false,
        "count": 0,
        "updated": 1560155628
    },
    {
        "id": "62dc7c01-b753-541f-8c5d-9bb5e1565eb5",
        "data": [
            {
                "text": "I'd like to get in a KAP",
                "userDefined": false
            }
        ],
        "isTemplate": false,
        "count": 0,
        "updated": 1560155628
    },
    {
        "id": "d741309d-1774-a249-f2fc-311333e45388",
        "data": [
            {
                "text": "would there be a listing of kots-a-projet",
                "userDefined": false
            }
        ],
        "isTemplate": false,
        "count": 0,
        "updated": 1560155628
    },
    {
        "id": "0c9c08c8-acd7-6ada-2b48-3fa33d85c9a1",
        "data": [
            {
                "text": "is it possible for me to get the particulars of Kots-A-Projet",
                "userDefined": false
            }
        ],
        "isTemplate": false,
        "count": 0,
        "updated": 1560155628
    },
    {
        "id": "229f1874-d30a-996c-957e-00e00e7a1643",
        "data": [
            {
                "text": "is there a timetable of the celebrations set up by Kots-A-Projet",
                "userDefined": false
            }
        ],
        "isTemplate": false,
        "count": 0,
        "updated": 1560155628
    },
    {
        "id": "fe8b9628-9342-db67-bd64-3c79b87329a1",
        "data": [
            {
                "text": "I want to get in a KAP, what to do",
                "userDefined": false
            }
        ],
        "isTemplate": false,
        "count": 0,
        "updated": 1560155628
    },
    {
        "id": "b8b278f9-4588-6bc6-d1d3-e704c8db2ab4",
        "data": [
            {
                "text": "is there a index of kots àprojet",
                "userDefined": false
            }
        ],
        "isTemplate": false,
        "count": 0,
        "updated": 1560155628
    },
    {
        "id": "792e6672-dfb8-69bb-26c6-970263b06c29",
        "data": [
            {
                "text": "I'd like to be part of a Kot A Projet who is it possible for me to get in touch with",
                "userDefined": false
            }
        ],
        "isTemplate": false,
        "count": 0,
        "updated": 1560155628
    },
    {
        "id": "e1d03ac3-b1ee-dc1c-7461-bcbe5b713b61",
        "data": [
            {
                "text": "show me the particulars of kaps",
                "userDefined": false
            }
        ],
        "isTemplate": false,
        "count": 0,
        "updated": 1560155628
    },
    {
        "id": "07227f91-192f-e706-c296-a643ea21c3cb",
        "data": [
            {
                "text": "what should I need to do when I'd really want to get in a KAP",
                "userDefined": false
            }
        ],
        "isTemplate": false,
        "count": 0,
        "updated": 1560155628
    },
    {
        "id": "411389d0-e90d-a102-e7cf-cf65900b9a58",
        "data": [
            {
                "text": "would there be a timetable of the activities arranged by KAP's",
                "userDefined": false
            }
        ],
        "isTemplate": false,
        "count": 0,
        "updated": 1560155628
    },
    {
        "id": "77c2a652-5874-9f56-107c-c3f66bca5f55",
        "data": [
            {
                "text": "can I get the particulars of kots a projet",
                "userDefined": false
            }
        ],
        "isTemplate": false,
        "count": 0,
        "updated": 1560155628
    },
    {
        "id": "6098e038-aa6b-d1bc-892a-cdc05c60c5c8",
        "data": [
            {
                "text": "is it possible for me to obtain a program of the celebrations arranged by kots-a-projet please",
                "userDefined": false
            }
        ],
        "isTemplate": false,
        "count": 0,
        "updated": 1560155628
    },
    {
        "id": "255776b0-01e3-1dfe-ceca-0528988f2ae2",
        "data": [
            {
                "text": "I'd really love to be part of a Kot A Projet",
                "userDefined": false
            }
        ],
        "isTemplate": false,
        "count": 0,
        "updated": 1560155628
    },
    {
        "id": "f302a0e3-1ea3-6a98-09dc-a7362e731dec",
        "data": [
            {
                "text": "would there be a inventory of KAPs",
                "userDefined": false
            }
        ],
        "isTemplate": false,
        "count": 0,
        "updated": 1560155628
    },
    {
        "id": "9e241a1e-9b5c-97e0-2941-380bb53bc699",
        "data": [
            {
                "text": "I'd really love to be part of a Kot A Projet, who would assist",
                "userDefined": false
            }
        ],
        "isTemplate": false,
        "count": 0,
        "updated": 1560155628
    },
    {
        "id": "fc742584-30fa-945c-e520-cf7c50b535c3",
        "data": [
            {
                "text": "I would really like to be part of a Kot A Projet",
                "userDefined": false
            }
        ],
        "isTemplate": false,
        "count": 0,
        "updated": 1560155628
    },
    {
        "id": "5e601a37-113d-d26a-9a30-3b88ae58c96f",
        "data": [
            {
                "text": "when are celebrations arranged by kots-a-projet",
                "userDefined": false
            }
        ],
        "isTemplate": false,
        "count": 0,
        "updated": 1560155628
    },
    {
        "id": "8f98d1df-b325-8f95-8f3f-47cdeb7ce5ee",
        "data": [
            {
                "text": "would there be a agenda of the celebrations organised by Kots-A-Projet",
                "userDefined": false
            }
        ],
        "isTemplate": false,
        "count": 0,
        "updated": 1560155628
    },
    {
        "id": "933d6cf6-7a7b-f94a-d480-a5ac7456aeaa",
        "data": [
            {
                "text": "tell me the contact infos of kap's",
                "userDefined": false
            }
        ],
        "isTemplate": false,
        "count": 0,
        "updated": 1560155628
    },
    {
        "id": "bfc320d9-e0cf-6b01-a3a3-cc0b129608c5",
        "data": [
            {
                "text": "is there a agenda of the events set up by Kots-A-Projet",
                "userDefined": false
            }
        ],
        "isTemplate": false,
        "count": 0,
        "updated": 1560155628
    },
    {
        "id": "5c97419e-cc33-4701-087d-ec67690fbe4f",
        "data": [
            {
                "text": "where to go if I want to get in a KAP",
                "userDefined": false
            }
        ],
        "isTemplate": false,
        "count": 0,
        "updated": 1560155628
    },
    {
        "id": "dbb704cf-7b89-89d1-3cac-0a8bd539aa82",
        "data": [
            {
                "text": "I want to get in a KAP where to go",
                "userDefined": false
            }
        ],
        "isTemplate": false,
        "count": 0,
        "updated": 1560155628
    },
    {
        "id": "31434e06-fa8d-0784-b045-2f86ef6106c0",
        "data": [
            {
                "text": "I would really want to get in a KAP where to go",
                "userDefined": false
            }
        ],
        "isTemplate": false,
        "count": 0,
        "updated": 1560155628
    },
    {
        "id": "abddd955-394b-bcd2-b34a-01c78805ff04",
        "data": [
            {
                "text": "when are celebrations set up by kaps",
                "userDefined": false
            }
        ],
        "isTemplate": false,
        "count": 0,
        "updated": 1560155628
    },
    {
        "id": "9b900d8a-989c-c667-65db-a50e56e4a83e",
        "data": [
            {
                "text": "I'd really want to get in a KAP, who could support",
                "userDefined": false
            }
        ],
        "isTemplate": false,
        "count": 0,
        "updated": 1560155628
    },
    {
        "id": "60418645-5ae5-200c-69cd-6af926b4a6f6",
        "data": [
            {
                "text": "tell me the contact informations of kots a projet",
                "userDefined": false
            }
        ],
        "isTemplate": false,
        "count": 0,
        "updated": 1560155628
    },
    {
        "id": "d0726941-b179-5614-572d-a94546e3e3a6",
        "data": [
            {
                "text": "would there be a schedule of the events arranged by Kots-A-Projet",
                "userDefined": false
            }
        ],
        "isTemplate": false,
        "count": 0,
        "updated": 1560155628
    },
    {
        "id": "dfe312dc-efff-24ae-2b3e-4eeaca0c9f92",
        "data": [
            {
                "text": "is there a program of the celebrations arranged by kap's",
                "userDefined": false
            }
        ],
        "isTemplate": false,
        "count": 0,
        "updated": 1560155628
    },
    {
        "id": "f3662486-71f0-50ee-a3ed-208d06130f51",
        "data": [
            {
                "text": "show me the particulars of Kots-A-Projet",
                "userDefined": false
            }
        ],
        "isTemplate": false,
        "count": 0,
        "updated": 1560155628
    },
    {
        "id": "fa707ae6-a486-4aa0-785c-fbdaa3fa4304",
        "data": [
            {
                "text": "is it possible to have the contact infos of KAPs",
                "userDefined": false
            }
        ],
        "isTemplate": false,
        "count": 0,
        "updated": 1560155628
    },
    {
        "id": "0155d2a3-caf6-87ab-98b9-fb4a72b9e184",
        "data": [
            {
                "text": "is there a listing of kots a projet that exist",
                "userDefined": false
            }
        ],
        "isTemplate": false,
        "count": 0,
        "updated": 1560155628
    },
    {
        "id": "cf00be1f-f6fa-36a2-0ea0-4f1e23ab9ffc",
        "data": [
            {
                "text": "can I acquire a agenda of the celebrations organized by Kots A Projet please",
                "userDefined": false
            }
        ],
        "isTemplate": false,
        "count": 0,
        "updated": 1560155628
    },
    {
        "id": "2749f5c0-0f3c-123a-7f01-17bc1f5ec09d",
        "data": [
            {
                "text": "would there be a record of Kots A Projet",
                "userDefined": false
            }
        ],
        "isTemplate": false,
        "count": 0,
        "updated": 1560155628
    },
    {
        "id": "bb3c1e7a-16bb-e7dc-6f66-bd98b68c67a3",
        "data": [
            {
                "text": "is it possible for me to have the contact infos of kots-a-projet",
                "userDefined": false
            }
        ],
        "isTemplate": false,
        "count": 0,
        "updated": 1560155628
    },
    {
        "id": "a4bebc56-13f5-5961-bf0f-b84fe18aff8d",
        "data": [
            {
                "text": "I would love to be part of a Kot A Projet",
                "userDefined": false
            }
        ],
        "isTemplate": false,
        "count": 0,
        "updated": 1560155628
    },
    {
        "id": "91476ff2-977a-ae20-2d85-e6b52be6bedc",
        "data": [
            {
                "text": "when are events arranged by kots a projet",
                "userDefined": false
            }
        ],
        "isTemplate": false,
        "count": 0,
        "updated": 1560155628
    },
    {
        "id": "48751682-eed2-a373-a4aa-6875318198d4",
        "data": [
            {
                "text": "is it possible to obtain a listing of the activities arranged by Kots A Projet",
                "userDefined": false
            }
        ],
        "isTemplate": false,
        "count": 0,
        "updated": 1560155628
    },
    {
        "id": "af8b76f8-6c71-4862-cf47-ce728bbb510f",
        "data": [
            {
                "text": "would there be a calendar of the activities organized by KAPs",
                "userDefined": false
            }
        ],
        "isTemplate": false,
        "count": 0,
        "updated": 1560155628
    },
    {
        "id": "a1823a36-72ea-d374-ef1d-3fbf0367d250",
        "data": [
            {
                "text": "what do I need to do when I would like to be part of a Kot A Projet",
                "userDefined": false
            }
        ],
        "isTemplate": false,
        "count": 0,
        "updated": 1560155628
    },
    {
        "id": "4c368a93-f688-0c3e-d1de-1e8f0c50b4e8",
        "data": [
            {
                "text": "could I get a listing of the activities organized by kots a projet please",
                "userDefined": false
            }
        ],
        "isTemplate": false,
        "count": 0,
        "updated": 1560155628
    },
    {
        "id": "6ef4263b-6d77-da48-c53e-4460b40acb5c",
        "data": [
            {
                "text": "what do I need to do when I want to get in a KAP",
                "userDefined": false
            }
        ],
        "isTemplate": false,
        "count": 0,
        "updated": 1560155628
    },
    {
        "id": "c7d2461a-fbaa-7ae8-fe43-245effd76104",
        "data": [
            {
                "text": "is it possible for me to have the particulars of Kots-A-Projet",
                "userDefined": false
            }
        ],
        "isTemplate": false,
        "count": 0,
        "updated": 1560155628
    },
    {
        "id": "bc497ced-f0ec-02ba-f80b-48a1548ea6b2",
        "data": [
            {
                "text": "would there be a listing of Kots-A-Projet that exist",
                "userDefined": false
            }
        ],
        "isTemplate": false,
        "count": 0,
        "updated": 1560155628
    },
    {
        "id": "4405c4dc-35f4-fa07-f4eb-dfe2792540ba",
        "data": [
            {
                "text": "who is it possible for me to call if I'd really love to be part of a Kot A Projet",
                "userDefined": false
            }
        ],
        "isTemplate": false,
        "count": 0,
        "updated": 1560155628
    },
    {
        "id": "6d0bfb50-aaf3-939e-632d-a82374835af9",
        "data": [
            {
                "text": "would there be a list of kots àprojet",
                "userDefined": false
            }
        ],
        "isTemplate": false,
        "count": 0,
        "updated": 1560155628
    },
    {
        "id": "3670466a-bb06-cce3-547d-044285c884bb",
        "data": [
            {
                "text": "can I receive a record of the events set up by kots-a-projet",
                "userDefined": false
            }
        ],
        "isTemplate": false,
        "count": 0,
        "updated": 1560155628
    },
    {
        "id": "ad99abef-d925-5189-d2e3-ebb7cef9133a",
        "data": [
            {
                "text": "I would really like to be part of a Kot A Projet where to go",
                "userDefined": false
            }
        ],
        "isTemplate": false,
        "count": 0,
        "updated": 1560155628
    },
    {
        "id": "98bc9746-35ad-f580-c768-f216e1fc3d16",
        "data": [
            {
                "text": "show me the contact infos of kots àprojet",
                "userDefined": false
            }
        ],
        "isTemplate": false,
        "count": 0,
        "updated": 1560155628
    },
    {
        "id": "97c21e48-85a7-b6c7-a951-6d403ce3396e",
        "data": [
            {
                "text": "I'd love to be part of a Kot A Projet, where would I go",
                "userDefined": false
            }
        ],
        "isTemplate": false,
        "count": 0,
        "updated": 1560155628
    },
    {
        "id": "5166450f-72df-2bae-4fd9-c4c72945a48d",
        "data": [
            {
                "text": "tell me the particulars of kaps",
                "userDefined": false
            }
        ],
        "isTemplate": false,
        "count": 0,
        "updated": 1560155628
    },
    {
        "id": "39506ef1-6fb8-7e4c-0fbf-a1ddc312a82f",
        "data": [
            {
                "text": "who could I get in touch with if I would really want to get in a KAP",
                "userDefined": false
            }
        ],
        "isTemplate": false,
        "count": 0,
        "updated": 1560155628
    },
    {
        "id": "330e6a0f-7332-c3a7-5efd-db5af69d2341",
        "data": [
            {
                "text": "I'd really like to get in a KAP",
                "userDefined": false
            }
        ],
        "isTemplate": false,
        "count": 0,
        "updated": 1560155628
    },
    {
        "id": "8324955b-e487-1559-bfee-84a40e9dcb2e",
        "data": [
            {
                "text": "where to go if I'd want to get in a KAP",
                "userDefined": false
            }
        ],
        "isTemplate": false,
        "count": 0,
        "updated": 1560155628
    },
    {
        "id": "47742879-6c42-19dd-870e-783a18a7e909",
        "data": [
            {
                "text": "I'd really want to be part of a Kot A Projet, who can I ask",
                "userDefined": false
            }
        ],
        "isTemplate": false,
        "count": 0,
        "updated": 1560155628
    },
    {
        "id": "d3d7df04-a1f5-c0d2-b2a8-f0109a92ef35",
        "data": [
            {
                "text": "is it possible to acquire a list of the events arranged by Kots-A-Projet",
                "userDefined": false
            }
        ],
        "isTemplate": false,
        "count": 0,
        "updated": 1560155628
    },
    {
        "id": "3c89dbe4-4c93-e7c8-1aa2-271ba6131c1b",
        "data": [
            {
                "text": "could I obtain a program of the events arranged by Kots A Projet",
                "userDefined": false
            }
        ],
        "isTemplate": false,
        "count": 0,
        "updated": 1560155628
    },
    {
        "id": "c5e2b9dd-a1ca-5a69-a6b0-75bee08722c7",
        "data": [
            {
                "text": "I would really love to get in a KAP",
                "userDefined": false
            }
        ],
        "isTemplate": false,
        "count": 0,
        "updated": 1560155628
    },
    {
        "id": "2d64f5cd-8b44-9f4d-202c-95a1341fb442",
        "data": [
            {
                "text": "tell me the particulars of kots-a-projet",
                "userDefined": false
            }
        ],
        "isTemplate": false,
        "count": 0,
        "updated": 1560155628
    },
    {
        "id": "51de2286-e1b9-a5bc-d353-748527f5381f",
        "data": [
            {
                "text": "what to do if I'd want to get in a KAP",
                "userDefined": false
            }
        ],
        "isTemplate": false,
        "count": 0,
        "updated": 1560155628
    },
    {
        "id": "de9ba1e2-cbce-5210-6274-44301b4240e7",
        "data": [
            {
                "text": "when are events organized by Kots-A-Projet",
                "userDefined": false
            }
        ],
        "isTemplate": false,
        "count": 0,
        "updated": 1560155628
    },
    {
        "id": "3a943e91-d748-55a6-3677-03914b1b0ccd",
        "data": [
            {
                "text": "is there a index of kots-a-projet that exist",
                "userDefined": false
            }
        ],
        "isTemplate": false,
        "count": 0,
        "updated": 1560155628
    },
    {
        "id": "b294b9c3-5138-2860-81e3-2c9eb8ce0d79",
        "data": [
            {
                "text": "would I get the particulars of kots a projet",
                "userDefined": false
            }
        ],
        "isTemplate": false,
        "count": 0,
        "updated": 1560155628
    },
    {
        "id": "49418a89-8f80-b735-7f5f-a5e377705645",
        "data": [
            {
                "text": "when are celebrations organized by kots-a-projet",
                "userDefined": false
            }
        ],
        "isTemplate": false,
        "count": 0,
        "updated": 1560155628
    },
    {
        "id": "57fbc4d2-e3fb-0564-dc53-bc612dc374a3",
        "data": [
            {
                "text": "is there a listing of kots-a-projet",
                "userDefined": false
            }
        ],
        "isTemplate": false,
        "count": 0,
        "updated": 1560155628
    },
    {
        "id": "ed6ddce3-0ace-17dd-125b-0018d8b0c3f5",
        "data": [
            {
                "text": "I would really want to get in a KAP, where should I go",
                "userDefined": false
            }
        ],
        "isTemplate": false,
        "count": 0,
        "updated": 1560155628
    },
    {
        "id": "c9c98db0-a2b0-08e0-4f03-3187de13b582",
        "data": [
            {
                "text": "would there be a listing of kots-a-projet that exist",
                "userDefined": false
            }
        ],
        "isTemplate": false,
        "count": 0,
        "updated": 1560155628
    },
    {
        "id": "2f9b03ff-85e9-03a9-e5d9-e9a62c2c22b2",
        "data": [
            {
                "text": "when are activities arranged by KAPs",
                "userDefined": false
            }
        ],
        "isTemplate": false,
        "count": 0,
        "updated": 1560155628
    },
    {
        "id": "2b73665d-5d22-a9b3-34e0-d07071bc6271",
        "data": [
            {
                "text": "when are celebrations arranged by kaps",
                "userDefined": false
            }
        ],
        "isTemplate": false,
        "count": 0,
        "updated": 1560155628
    },
    {
        "id": "e977ab83-baec-7935-da45-d258a8c80d8b",
        "data": [
            {
                "text": "is there a inventory of KAP's that exist",
                "userDefined": false
            }
        ],
        "isTemplate": false,
        "count": 0,
        "updated": 1560155628
    },
    {
        "id": "50111f35-6ff3-9f61-7589-3c048f3d8b49",
        "data": [
            {
                "text": "is there a program of the events arranged by kots àprojet",
                "userDefined": false
            }
        ],
        "isTemplate": false,
        "count": 0,
        "updated": 1560155628
    },
    {
        "id": "3f076b32-7691-ca9a-503e-d179ee2d82d8",
        "data": [
            {
                "text": "is it possible to receive a list of the events arranged by kots a projet please",
                "userDefined": false
            }
        ],
        "isTemplate": false,
        "count": 0,
        "updated": 1560155628
    },
    {
        "id": "d796ea47-aa54-25bc-36b4-d70f1aafe59b",
        "data": [
            {
                "text": "tell me the particulars of Kots A Projet",
                "userDefined": false
            }
        ],
        "isTemplate": false,
        "count": 0,
        "updated": 1560155628
    },
    {
        "id": "6b89534b-c0ff-5115-1f28-2bedfc25a96b",
        "data": [
            {
                "text": "would there be a agenda of the events organized by kaps",
                "userDefined": false
            }
        ],
        "isTemplate": false,
        "count": 0,
        "updated": 1560155628
    },
    {
        "id": "517f1b48-8e43-186f-370f-b67eeff33e1d",
        "data": [
            {
                "text": "is there a list of KAP's that exist",
                "userDefined": false
            }
        ],
        "isTemplate": false,
        "count": 0,
        "updated": 1560155628
    },
    {
        "id": "e5327de8-f7e5-14be-1ef5-626947f5bf10",
        "data": [
            {
                "text": "when are celebrations organized by kots àprojet",
                "userDefined": false
            }
        ],
        "isTemplate": false,
        "count": 0,
        "updated": 1560155628
    },
    {
        "id": "989fa79b-10e2-ddf3-def1-b0e6e59e561a",
        "data": [
            {
                "text": "is it possible for me to obtain a listing of the activities organized by kots àprojet please",
                "userDefined": false
            }
        ],
        "isTemplate": false,
        "count": 0,
        "updated": 1560155628
    },
    {
        "id": "ebbcb278-951b-c836-0744-085cef72d1ed",
        "data": [
            {
                "text": "I'd love to get in a KAP what to do",
                "userDefined": false
            }
        ],
        "isTemplate": false,
        "count": 0,
        "updated": 1560155628
    },
    {
        "id": "605ad7a1-5954-ba5b-406f-daf7d9731b59",
        "data": [
            {
                "text": "would there be a listing of kaps",
                "userDefined": false
            }
        ],
        "isTemplate": false,
        "count": 0,
        "updated": 1560155628
    },
    {
        "id": "b9e6423c-bb9f-3461-306b-dbf2b510cab0",
        "data": [
            {
                "text": "when are events organized by kots-a-projet",
                "userDefined": false
            }
        ],
        "isTemplate": false,
        "count": 0,
        "updated": 1560155628
    },
    {
        "id": "0b396bf1-cfd4-5af3-f3b0-ce9b7df4af5f",
        "data": [
            {
                "text": "is there a schedule of the events set up by KAPs",
                "userDefined": false
            }
        ],
        "isTemplate": false,
        "count": 0,
        "updated": 1560155628
    },
    {
        "id": "335ec6fd-7453-1663-cb43-95a59302c206",
        "data": [
            {
                "text": "I want to be part of a Kot A Projet where to go",
                "userDefined": false
            }
        ],
        "isTemplate": false,
        "count": 0,
        "updated": 1560155628
    },
    {
        "id": "191f4221-d3b5-e58f-4ced-3576c2491461",
        "data": [
            {
                "text": "would there be a program of the events arranged by kaps",
                "userDefined": false
            }
        ],
        "isTemplate": false,
        "count": 0,
        "updated": 1560155628
    },
    {
        "id": "0c6c3dfe-84d7-91ec-7996-0278674a961f",
        "data": [
            {
                "text": "is it possible for me to get a calendar of the events set up by KAP's",
                "userDefined": false
            }
        ],
        "isTemplate": false,
        "count": 0,
        "updated": 1560155628
    },
    {
        "id": "ec60785b-cc30-9051-a5f2-f19e71d54d68",
        "data": [
            {
                "text": "is it possible for me to receive a agenda of the activities organised by kaps please",
                "userDefined": false
            }
        ],
        "isTemplate": false,
        "count": 0,
        "updated": 1560155628
    },
    {
        "id": "3ac667ee-7521-adb2-b443-8144e95ebbc0",
        "data": [
            {
                "text": "is there a inventory of kots-a-projet",
                "userDefined": false
            }
        ],
        "isTemplate": false,
        "count": 0,
        "updated": 1560155628
    },
    {
        "id": "820973c3-9363-1009-7199-fb60c0d40fcd",
        "data": [
            {
                "text": "is it possible for me to receive a schedule of the activities set up by kots-a-projet please",
                "userDefined": false
            }
        ],
        "isTemplate": false,
        "count": 0,
        "updated": 1560155628
    },
    {
        "id": "3eec3f03-52a1-a858-bcf6-75d835f49063",
        "data": [
            {
                "text": "when are activities organised by kots-a-projet",
                "userDefined": false
            }
        ],
        "isTemplate": false,
        "count": 0,
        "updated": 1560155628
    },
    {
        "id": "f3cc7529-7df5-51cf-1779-59d826b1d94b",
        "data": [
            {
                "text": "would there be a schedule of the activities organized by KAPs",
                "userDefined": false
            }
        ],
        "isTemplate": false,
        "count": 0,
        "updated": 1560155628
    },
    {
        "id": "b92215b5-40c9-ded5-b5e4-c31bc074a1a1",
        "data": [
            {
                "text": "what do I need to do if I want to get in a KAP",
                "userDefined": false
            }
        ],
        "isTemplate": false,
        "count": 0,
        "updated": 1560155628
    },
    {
        "id": "65878b5a-d9d1-388b-1af9-7ff6561e3fe2",
        "data": [
            {
                "text": "where should I need to go when I would like to be part of a Kot A Projet",
                "userDefined": false
            }
        ],
        "isTemplate": false,
        "count": 0,
        "updated": 1560155628
    },
    {
        "id": "58cc7320-fc94-5e30-0823-43fa1fc1c985",
        "data": [
            {
                "text": "when are celebrations organized by kap's",
                "userDefined": false
            }
        ],
        "isTemplate": false,
        "count": 0,
        "updated": 1560155628
    },
    {
        "id": "58a728fa-870d-6995-7485-dc483219e5da",
        "data": [
            {
                "text": "could I get the contact information of kots-a-projet",
                "userDefined": false
            }
        ],
        "isTemplate": false,
        "count": 0,
        "updated": 1560155628
    },
    {
        "id": "d5806ca7-3453-1bf2-8c04-d446bbf7f5ef",
        "data": [
            {
                "text": "I'd love to be part of a Kot A Projet what should I need to do",
                "userDefined": false
            }
        ],
        "isTemplate": false,
        "count": 0,
        "updated": 1560155628
    },
    {
        "id": "b10f7f33-cabb-1d0c-dbf0-922a4759681e",
        "data": [
            {
                "text": "what to do when I'd love to be part of a Kot A Projet",
                "userDefined": false
            }
        ],
        "isTemplate": false,
        "count": 0,
        "updated": 1560155628
    },
    {
        "id": "596f0c93-4d1c-1761-ba03-028f2f68d40b",
        "data": [
            {
                "text": "I want to be part of a Kot A Projet where do I need to go",
                "userDefined": false
            }
        ],
        "isTemplate": false,
        "count": 0,
        "updated": 1560155628
    },
    {
        "id": "cab43fed-6a4c-8ba2-d073-fdca9bb6f209",
        "data": [
            {
                "text": "is there a calendar of the celebrations arranged by Kots A Projet",
                "userDefined": false
            }
        ],
        "isTemplate": false,
        "count": 0,
        "updated": 1560155628
    },
    {
        "id": "49c1093b-fc79-f0f9-38a2-6fce2fc36286",
        "data": [
            {
                "text": "is there a calendar of the celebrations organized by Kots-A-Projet",
                "userDefined": false
            }
        ],
        "isTemplate": false,
        "count": 0,
        "updated": 1560155628
    },
    {
        "id": "64c8439a-e74c-0ffe-aa76-6848ac880b3d",
        "data": [
            {
                "text": "can I have the particulars of kots a projet",
                "userDefined": false
            }
        ],
        "isTemplate": false,
        "count": 0,
        "updated": 1560155628
    },
    {
        "id": "07878553-383e-4233-0980-cccb4de58551",
        "data": [
            {
                "text": "would there be a listing of kots àprojet that exist",
                "userDefined": false
            }
        ],
        "isTemplate": false,
        "count": 0,
        "updated": 1560155628
    },
    {
        "id": "3eae1f3d-b657-44e5-6d72-68c8f899864b",
        "data": [
            {
                "text": "would there be a program of the activities set up by kaps",
                "userDefined": false
            }
        ],
        "isTemplate": false,
        "count": 0,
        "updated": 1560155628
    },
    {
        "id": "f70aa6a8-b70f-15fa-2bf4-e874ed9d2a3a",
        "data": [
            {
                "text": "tell me the contact information of kots-a-projet",
                "userDefined": false
            }
        ],
        "isTemplate": false,
        "count": 0,
        "updated": 1560155628
    },
    {
        "id": "dc31da33-3228-456d-eaa3-c360568a9ff5",
        "data": [
            {
                "text": "is it possible for me to acquire a listing of the celebrations organised by kots a projet please",
                "userDefined": false
            }
        ],
        "isTemplate": false,
        "count": 0,
        "updated": 1560155628
    },
    {
        "id": "5d21a01a-bedf-fe5d-68f8-f9e2861d6522",
        "data": [
            {
                "text": "tell me the contact infos of kots-a-projet",
                "userDefined": false
            }
        ],
        "isTemplate": false,
        "count": 0,
        "updated": 1560155628
    },
    {
        "id": "fd8b5d50-fc3c-efe9-ad13-916f8c40b939",
        "data": [
            {
                "text": "when are activities arranged by kots àprojet",
                "userDefined": false
            }
        ],
        "isTemplate": false,
        "count": 0,
        "updated": 1560155628
    },
    {
        "id": "a4df7c5c-7277-50cd-7567-d26943dad2c1",
        "data": [
            {
                "text": "where do I need to go if I want to be part of a Kot A Projet",
                "userDefined": false
            }
        ],
        "isTemplate": false,
        "count": 0,
        "updated": 1560155628
    },
    {
        "id": "a6d6f504-f5c5-8fce-6e7e-669810bd9bbf",
        "data": [
            {
                "text": "is there a calendar of the events organized by Kots-A-Projet",
                "userDefined": false
            }
        ],
        "isTemplate": false,
        "count": 0,
        "updated": 1560155628
    },
    {
        "id": "5aa49645-e207-3025-801e-a1ec82058527",
        "data": [
            {
                "text": "show me the contact info of kots-a-projet",
                "userDefined": false
            }
        ],
        "isTemplate": false,
        "count": 0,
        "updated": 1560155628
    }
]