[
    {
        "id": "22cb5211-dd65-0be8-c62e-834cbc7f2c28",
        "data": [
            {
                "text": "I'd really like to learn about particulars of student support services office of ucl",
                "userDefined": false
            }
        ],
        "isTemplate": false,
        "count": 0,
        "updated": 1560155628
    },
    {
        "id": "ba7888ba-7a6b-2e2f-f910-a342496970c6",
        "data": [
            {
                "text": "would you show me about particulars of support service of the college",
                "userDefined": false
            }
        ],
        "isTemplate": false,
        "count": 0,
        "updated": 1560155628
    },
    {
        "id": "fefcf147-54dc-c957-4f4e-cb912e001f4b",
        "data": [
            {
                "text": "I need to get in touch with student support services office of UCLouvain",
                "userDefined": false
            }
        ],
        "isTemplate": false,
        "count": 0,
        "updated": 1560155628
    },
    {
        "id": "cd1ca96a-9380-d2d6-7c7a-65e7b67e0a0a",
        "data": [
            {
                "text": "I need to reach the UCL's Student Support services office",
                "userDefined": false
            }
        ],
        "isTemplate": false,
        "count": 0,
        "updated": 1560155628
    },
    {
        "id": "6bb53f81-a2da-ffc7-1b2b-27c19389e836",
        "data": [
            {
                "text": "how to contact UCLouvain's Student Support services office",
                "userDefined": false
            }
        ],
        "isTemplate": false,
        "count": 0,
        "updated": 1560155628
    },
    {
        "id": "58c58054-b9c9-16f5-932a-848d193637b3",
        "data": [
            {
                "text": "what about the contact information of ucl Support service please",
                "userDefined": false
            }
        ],
        "isTemplate": false,
        "count": 0,
        "updated": 1560155628
    },
    {
        "id": "a306abe4-9ad9-71fb-5c28-b54565d38c21",
        "data": [
            {
                "text": "could I have contact info of the uni's Student Support services office",
                "userDefined": false
            }
        ],
        "isTemplate": false,
        "count": 0,
        "updated": 1560155628
    },
    {
        "id": "ff7c94fb-5399-210b-a8f8-fdb910bd3304",
        "data": [
            {
                "text": "info on contact info of support service of uclouvain",
                "userDefined": false
            }
        ],
        "isTemplate": false,
        "count": 0,
        "updated": 1560155628
    },
    {
        "id": "ffaf527a-43f7-e1f5-5b62-68892e6f84a1",
        "data": [
            {
                "text": "show me the particulars of student support services office of UCL please",
                "userDefined": false
            }
        ],
        "isTemplate": false,
        "count": 0,
        "updated": 1560155628
    },
    {
        "id": "f68183a7-c85d-bd5f-5fc0-319578dfb02e",
        "data": [
            {
                "text": "I need to contact uni Support service",
                "userDefined": false
            }
        ],
        "isTemplate": false,
        "count": 0,
        "updated": 1560155628
    },
    {
        "id": "e0715b2f-fc0f-4e21-49d3-301f0850a467",
        "data": [
            {
                "text": "could I have the particulars of student support services office of UCL please",
                "userDefined": false
            }
        ],
        "isTemplate": false,
        "count": 0,
        "updated": 1560155628
    },
    {
        "id": "0d743135-e7ce-2520-ff87-bf89acee8aae",
        "data": [
            {
                "text": "would you be so kind and tell me about contact informations of uclouvain Support service",
                "userDefined": false
            }
        ],
        "isTemplate": false,
        "count": 0,
        "updated": 1560155628
    },
    {
        "id": "3c012990-76d8-d8f5-8f5b-13826519e753",
        "data": [
            {
                "text": "would you be so kind and tell me about the particulars of uclouvain Support service please",
                "userDefined": false
            }
        ],
        "isTemplate": false,
        "count": 0,
        "updated": 1560155628
    },
    {
        "id": "df0e402b-0c2b-711e-8ffc-686bac6b7dfe",
        "data": [
            {
                "text": "would you be so kind and give me the contact informations of support service of college please",
                "userDefined": false
            }
        ],
        "isTemplate": false,
        "count": 0,
        "updated": 1560155628
    },
    {
        "id": "2a4e5ded-951a-8320-5f92-5846945413d4",
        "data": [
            {
                "text": "can you please show me about the contact information of support service of the university please",
                "userDefined": false
            }
        ],
        "isTemplate": false,
        "count": 0,
        "updated": 1560155628
    },
    {
        "id": "a5672d33-c542-12ea-f601-1007110a55ec",
        "data": [
            {
                "text": "how to get in touch with student support services office of ucl",
                "userDefined": false
            }
        ],
        "isTemplate": false,
        "count": 0,
        "updated": 1560155628
    },
    {
        "id": "b7c9ec92-eb63-7a7d-6396-2b4d2d6794c1",
        "data": [
            {
                "text": "how to call student support services office of the university",
                "userDefined": false
            }
        ],
        "isTemplate": false,
        "count": 0,
        "updated": 1560155628
    },
    {
        "id": "f9ef01c4-eb56-9db6-75fb-f0a0628d379e",
        "data": [
            {
                "text": "tell me about particulars of college support service",
                "userDefined": false
            }
        ],
        "isTemplate": false,
        "count": 0,
        "updated": 1560155628
    },
    {
        "id": "5979250c-991f-f2f1-a08d-72e58fb61d69",
        "data": [
            {
                "text": "show me about the contact infos of UCLouvain Support service please",
                "userDefined": false
            }
        ],
        "isTemplate": false,
        "count": 0,
        "updated": 1560155628
    },
    {
        "id": "a750342e-e6c0-3f8b-e35f-d70487d4990a",
        "data": [
            {
                "text": "would you be so kind and tell me about particulars of uclouvain's Student Support services office",
                "userDefined": false
            }
        ],
        "isTemplate": false,
        "count": 0,
        "updated": 1560155628
    },
    {
        "id": "d409f513-3c9d-cd51-943a-6f4bd4016870",
        "data": [
            {
                "text": "who could I call to get in touch with the UCL support service",
                "userDefined": false
            }
        ],
        "isTemplate": false,
        "count": 0,
        "updated": 1560155628
    },
    {
        "id": "26fe69bf-ed68-bd59-02af-04cfa5b1623f",
        "data": [
            {
                "text": "give me particulars of the college support service",
                "userDefined": false
            }
        ],
        "isTemplate": false,
        "count": 0,
        "updated": 1560155628
    },
    {
        "id": "48d0edad-63eb-ee3a-a489-e1170974882e",
        "data": [
            {
                "text": "I'd really love to be informed about the contact infos of uclouvain's Student Support services office please",
                "userDefined": false
            }
        ],
        "isTemplate": false,
        "count": 0,
        "updated": 1560155628
    },
    {
        "id": "5c870997-320e-ed67-92ea-b2fb1c74ec20",
        "data": [
            {
                "text": "I need to get in touch with support service of uclouvain",
                "userDefined": false
            }
        ],
        "isTemplate": false,
        "count": 0,
        "updated": 1560155628
    },
    {
        "id": "cebae7a1-dac6-a7b4-0c48-8d860822f229",
        "data": [
            {
                "text": "information on the contact informations of uni's student support services office please",
                "userDefined": false
            }
        ],
        "isTemplate": false,
        "count": 0,
        "updated": 1560155628
    },
    {
        "id": "e2b8e425-5a7d-e5e3-cc7c-cd1feb3e4752",
        "data": [
            {
                "text": "can I have the particulars of UCL Support service please",
                "userDefined": false
            }
        ],
        "isTemplate": false,
        "count": 0,
        "updated": 1560155628
    },
    {
        "id": "9f91891d-e1cb-afc2-1e57-adaf12af187d",
        "data": [
            {
                "text": "how to reach the UCLouvain's Student Support services office",
                "userDefined": false
            }
        ],
        "isTemplate": false,
        "count": 0,
        "updated": 1560155628
    },
    {
        "id": "b6dcd87f-37d6-7622-bac9-4b9e4274e6a0",
        "data": [
            {
                "text": "tell me contact informations of ucl Support service",
                "userDefined": false
            }
        ],
        "isTemplate": false,
        "count": 0,
        "updated": 1560155628
    },
    {
        "id": "ece0d79f-5358-aa89-0b3b-9743da77b392",
        "data": [
            {
                "text": "I would like to know about contact information of student support services office of UCL",
                "userDefined": false
            }
        ],
        "isTemplate": false,
        "count": 0,
        "updated": 1560155628
    },
    {
        "id": "032a161d-1de1-08d8-2160-e9741951e806",
        "data": [
            {
                "text": "how do I get in touch with the uni Support service",
                "userDefined": false
            }
        ],
        "isTemplate": false,
        "count": 0,
        "updated": 1560155628
    },
    {
        "id": "afbec7fa-29ca-ed58-c9b6-5f1996d6aace",
        "data": [
            {
                "text": "where is it possible for me to contact the uni support service",
                "userDefined": false
            }
        ],
        "isTemplate": false,
        "count": 0,
        "updated": 1560155628
    },
    {
        "id": "43044377-2395-86f6-1610-2aa7113b6a63",
        "data": [
            {
                "text": "I'd like to get in touch with the university Support service",
                "userDefined": false
            }
        ],
        "isTemplate": false,
        "count": 0,
        "updated": 1560155628
    },
    {
        "id": "01eb5036-205d-8e03-ea1b-575c53433a4d",
        "data": [
            {
                "text": "info about particulars of uclouvain's student support services office",
                "userDefined": false
            }
        ],
        "isTemplate": false,
        "count": 0,
        "updated": 1560155628
    },
    {
        "id": "6cdf989d-5b31-7ef8-9165-059fc73f75c0",
        "data": [
            {
                "text": "would you be so kind and show me about the contact information of support service of university please",
                "userDefined": false
            }
        ],
        "isTemplate": false,
        "count": 0,
        "updated": 1560155628
    },
    {
        "id": "fe454cf7-f010-5cf4-0635-e724c9d1ad6d",
        "data": [
            {
                "text": "tell me the particulars of uni's Student Support services office please",
                "userDefined": false
            }
        ],
        "isTemplate": false,
        "count": 0,
        "updated": 1560155628
    },
    {
        "id": "9740d77c-1268-f692-baf4-7028aa29746e",
        "data": [
            {
                "text": "is it possible for me to get the particulars of student support services office of ucl please",
                "userDefined": false
            }
        ],
        "isTemplate": false,
        "count": 0,
        "updated": 1560155628
    },
    {
        "id": "677fc890-9113-50e6-863b-22696f89175e",
        "data": [
            {
                "text": "show me particulars of university's Student Support services office",
                "userDefined": false
            }
        ],
        "isTemplate": false,
        "count": 0,
        "updated": 1560155628
    },
    {
        "id": "54218576-0a68-1311-78f0-50e04a7b7feb",
        "data": [
            {
                "text": "would you be so kind and tell me about contact info of student support services office of UCLouvain",
                "userDefined": false
            }
        ],
        "isTemplate": false,
        "count": 0,
        "updated": 1560155628
    },
    {
        "id": "0566d05c-92df-0bd8-e0be-a50d1cb29eb5",
        "data": [
            {
                "text": "tell me the contact info of support service of UCL please",
                "userDefined": false
            }
        ],
        "isTemplate": false,
        "count": 0,
        "updated": 1560155628
    },
    {
        "id": "80b61561-0e72-33f5-8189-856524068e77",
        "data": [
            {
                "text": "would you please tell me about the contact information of student support services office of uclouvain please",
                "userDefined": false
            }
        ],
        "isTemplate": false,
        "count": 0,
        "updated": 1560155628
    },
    {
        "id": "c6ac9be3-999c-d92c-5ae3-ebb03ba59b0f",
        "data": [
            {
                "text": "how do I reach the ucl support service",
                "userDefined": false
            }
        ],
        "isTemplate": false,
        "count": 0,
        "updated": 1560155628
    },
    {
        "id": "c77157e9-71af-1937-7a71-631149b5bade",
        "data": [
            {
                "text": "show me contact info of student support services office of uclouvain",
                "userDefined": false
            }
        ],
        "isTemplate": false,
        "count": 0,
        "updated": 1560155628
    },
    {
        "id": "62c8937c-7808-8fcd-dbfe-884647a1307a",
        "data": [
            {
                "text": "what about contact infos of UCL support service",
                "userDefined": false
            }
        ],
        "isTemplate": false,
        "count": 0,
        "updated": 1560155628
    },
    {
        "id": "444c5a03-192a-c73d-178b-056c8b5cb9cc",
        "data": [
            {
                "text": "I need to reach the UCLouvain support service",
                "userDefined": false
            }
        ],
        "isTemplate": false,
        "count": 0,
        "updated": 1560155628
    },
    {
        "id": "0dcc0ed7-0a34-7406-c56c-d1e6c6a4323b",
        "data": [
            {
                "text": "tell me the contact infos of university Support service please",
                "userDefined": false
            }
        ],
        "isTemplate": false,
        "count": 0,
        "updated": 1560155628
    },
    {
        "id": "566d2e62-ca4a-5848-c297-4dad2549c1eb",
        "data": [
            {
                "text": "where is it possible to call uclouvain Support service",
                "userDefined": false
            }
        ],
        "isTemplate": false,
        "count": 0,
        "updated": 1560155628
    },
    {
        "id": "a03f793e-166d-1205-59a3-0bacab5b3f4f",
        "data": [
            {
                "text": "who is it possible to get in touch with to reach the college Support service",
                "userDefined": false
            }
        ],
        "isTemplate": false,
        "count": 0,
        "updated": 1560155628
    },
    {
        "id": "b25a9a01-5853-7a50-0e59-70feeb754f5c",
        "data": [
            {
                "text": "tell me contact information of UCLouvain's student support services office",
                "userDefined": false
            }
        ],
        "isTemplate": false,
        "count": 0,
        "updated": 1560155628
    },
    {
        "id": "42f5f92f-35e1-a003-ad58-2cbfc0f14356",
        "data": [
            {
                "text": "tell me about the contact information of college's student support services office please",
                "userDefined": false
            }
        ],
        "isTemplate": false,
        "count": 0,
        "updated": 1560155628
    },
    {
        "id": "18479a9a-45f7-e1d3-5536-efe07ac20dcc",
        "data": [
            {
                "text": "where can I get in touch with the the college's Student Support services office",
                "userDefined": false
            }
        ],
        "isTemplate": false,
        "count": 0,
        "updated": 1560155628
    },
    {
        "id": "8fc946bd-5740-c5ec-0277-124a728585f4",
        "data": [
            {
                "text": "I would really want to learn about particulars of support service of UCL",
                "userDefined": false
            }
        ],
        "isTemplate": false,
        "count": 0,
        "updated": 1560155628
    },
    {
        "id": "3bad9766-a05b-0270-ec3d-4286be3624f6",
        "data": [
            {
                "text": "info on the contact info of UCLouvain's Student Support services office please",
                "userDefined": false
            }
        ],
        "isTemplate": false,
        "count": 0,
        "updated": 1560155628
    },
    {
        "id": "399657f3-fa04-0361-94a4-3c53d0427539",
        "data": [
            {
                "text": "tell me particulars of university's Student Support services office",
                "userDefined": false
            }
        ],
        "isTemplate": false,
        "count": 0,
        "updated": 1560155628
    },
    {
        "id": "c9ee9f17-ea78-3ad9-8c8a-1731e404c990",
        "data": [
            {
                "text": "info about the particulars of the uni's Student Support services office please",
                "userDefined": false
            }
        ],
        "isTemplate": false,
        "count": 0,
        "updated": 1560155628
    },
    {
        "id": "94ac17f5-2347-d09f-8b9d-f846bea42a19",
        "data": [
            {
                "text": "how is it possible for me to reach uclouvain's Student Support services office",
                "userDefined": false
            }
        ],
        "isTemplate": false,
        "count": 0,
        "updated": 1560155628
    },
    {
        "id": "f19fd61e-9979-078c-d307-1d9414700f95",
        "data": [
            {
                "text": "could I have particulars of support service of ucl",
                "userDefined": false
            }
        ],
        "isTemplate": false,
        "count": 0,
        "updated": 1560155628
    },
    {
        "id": "a9f3847c-fefe-e525-3c50-fd888a451e6b",
        "data": [
            {
                "text": "I'd really love to learn about the contact infos of the university support service please",
                "userDefined": false
            }
        ],
        "isTemplate": false,
        "count": 0,
        "updated": 1560155628
    },
    {
        "id": "c13b959f-ba4e-4dd0-894b-71365eca18b4",
        "data": [
            {
                "text": "would you be so kind and give me the contact informations of ucl Support service please",
                "userDefined": false
            }
        ],
        "isTemplate": false,
        "count": 0,
        "updated": 1560155628
    },
    {
        "id": "23679166-d3b1-c908-964b-0610ed874c05",
        "data": [
            {
                "text": "instructions about particulars of UCLouvain's Student Support services office",
                "userDefined": false
            }
        ],
        "isTemplate": false,
        "count": 0,
        "updated": 1560155628
    },
    {
        "id": "79c33135-0850-be68-0746-95a4a8f3beca",
        "data": [
            {
                "text": "what about particulars of uni's student support services office",
                "userDefined": false
            }
        ],
        "isTemplate": false,
        "count": 0,
        "updated": 1560155628
    },
    {
        "id": "069e7a3b-b09d-9ba4-5321-9e29d83c189c",
        "data": [
            {
                "text": "how to call uclouvain's Student Support services office",
                "userDefined": false
            }
        ],
        "isTemplate": false,
        "count": 0,
        "updated": 1560155628
    },
    {
        "id": "1c83b8bd-35a0-21e3-d9dd-c3ff87a7f296",
        "data": [
            {
                "text": "I want to learn about the particulars of student support services office of uclouvain please",
                "userDefined": false
            }
        ],
        "isTemplate": false,
        "count": 0,
        "updated": 1560155628
    },
    {
        "id": "dea10545-0ffd-e265-1e3d-86a2045a5cf0",
        "data": [
            {
                "text": "would you be so kind and give me contact infos of ucl's student support services office",
                "userDefined": false
            }
        ],
        "isTemplate": false,
        "count": 0,
        "updated": 1560155628
    },
    {
        "id": "83314f16-0dde-7c9a-0392-635f06c8d0a2",
        "data": [
            {
                "text": "how to reach UCLouvain's Student Support services office",
                "userDefined": false
            }
        ],
        "isTemplate": false,
        "count": 0,
        "updated": 1560155628
    },
    {
        "id": "423fdaea-5589-4735-9ee3-087f364ec6fc",
        "data": [
            {
                "text": "give me the particulars of uclouvain's Student Support services office please",
                "userDefined": false
            }
        ],
        "isTemplate": false,
        "count": 0,
        "updated": 1560155628
    },
    {
        "id": "a452442c-b9d4-662d-753d-9bc6c8b19d8d",
        "data": [
            {
                "text": "can I get the particulars of ucl's Student Support services office please",
                "userDefined": false
            }
        ],
        "isTemplate": false,
        "count": 0,
        "updated": 1560155628
    },
    {
        "id": "faf82f55-484c-dad1-b800-ba89f280305f",
        "data": [
            {
                "text": "I would really like to get in touch with the support service of uclouvain",
                "userDefined": false
            }
        ],
        "isTemplate": false,
        "count": 0,
        "updated": 1560155628
    },
    {
        "id": "08308ea4-cd2b-f9ab-fedf-47ffb1e91ced",
        "data": [
            {
                "text": "how do I get in touch with student support services office of UCLouvain",
                "userDefined": false
            }
        ],
        "isTemplate": false,
        "count": 0,
        "updated": 1560155628
    },
    {
        "id": "c9e312fc-a45d-fe34-a35d-cd1fe453a1d5",
        "data": [
            {
                "text": "who would help to reach student support services office of UCL",
                "userDefined": false
            }
        ],
        "isTemplate": false,
        "count": 0,
        "updated": 1560155628
    },
    {
        "id": "fb80e572-0ce1-b9b2-8438-c940dfb1d631",
        "data": [
            {
                "text": "I'd love to be informed about the contact info of the college Support service please",
                "userDefined": false
            }
        ],
        "isTemplate": false,
        "count": 0,
        "updated": 1560155628
    },
    {
        "id": "8486a099-073c-ad8c-a9e8-6bfaf4cbd1b8",
        "data": [
            {
                "text": "give me the contact information of the uni's student support services office please",
                "userDefined": false
            }
        ],
        "isTemplate": false,
        "count": 0,
        "updated": 1560155628
    },
    {
        "id": "03e0187c-68f3-6917-16aa-0aa896d8586d",
        "data": [
            {
                "text": "who can support to call support service of ucl",
                "userDefined": false
            }
        ],
        "isTemplate": false,
        "count": 0,
        "updated": 1560155628
    },
    {
        "id": "95ca067f-463c-4745-046f-60c4d1403a94",
        "data": [
            {
                "text": "info about particulars of the college Support service",
                "userDefined": false
            }
        ],
        "isTemplate": false,
        "count": 0,
        "updated": 1560155628
    },
    {
        "id": "bc5a31cb-57ef-7e66-4ca1-e4e76ac1a805",
        "data": [
            {
                "text": "I want to learn about the particulars of support service of ucl please",
                "userDefined": false
            }
        ],
        "isTemplate": false,
        "count": 0,
        "updated": 1560155628
    },
    {
        "id": "ebfa176b-ca41-a00a-a230-0b083d03d622",
        "data": [
            {
                "text": "show me about the particulars of support service of UCLouvain please",
                "userDefined": false
            }
        ],
        "isTemplate": false,
        "count": 0,
        "updated": 1560155628
    },
    {
        "id": "f463177c-1f48-7435-7139-273c93cf612b",
        "data": [
            {
                "text": "I'd really like to be informed about contact information of uclouvain's Student Support services office",
                "userDefined": false
            }
        ],
        "isTemplate": false,
        "count": 0,
        "updated": 1560155628
    },
    {
        "id": "ea7d9c75-966f-7fee-c0f8-66d581d46a37",
        "data": [
            {
                "text": "how to contact university's Student Support services office",
                "userDefined": false
            }
        ],
        "isTemplate": false,
        "count": 0,
        "updated": 1560155628
    },
    {
        "id": "3c8f0e0f-5581-dc7d-7c6c-e4abcb6a232a",
        "data": [
            {
                "text": "tell me the particulars of ucl's student support services office please",
                "userDefined": false
            }
        ],
        "isTemplate": false,
        "count": 0,
        "updated": 1560155628
    },
    {
        "id": "12b3269a-ea9d-124c-519e-cd1cb772f360",
        "data": [
            {
                "text": "what about contact infos of uclouvain's student support services office",
                "userDefined": false
            }
        ],
        "isTemplate": false,
        "count": 0,
        "updated": 1560155628
    },
    {
        "id": "994a1de7-0bfb-c557-cbd6-1abbd4d7cb84",
        "data": [
            {
                "text": "what about the particulars of UCL Support service please",
                "userDefined": false
            }
        ],
        "isTemplate": false,
        "count": 0,
        "updated": 1560155628
    },
    {
        "id": "998f42be-bff6-179a-6eb3-58aaa2ad4e14",
        "data": [
            {
                "text": "show me the contact informations of UCLouvain's student support services office please",
                "userDefined": false
            }
        ],
        "isTemplate": false,
        "count": 0,
        "updated": 1560155628
    },
    {
        "id": "5089727b-cf8a-9f25-ae0d-10520b72e208",
        "data": [
            {
                "text": "show me particulars of student support services office of ucl",
                "userDefined": false
            }
        ],
        "isTemplate": false,
        "count": 0,
        "updated": 1560155628
    },
    {
        "id": "19ddedd9-2192-a9ac-57c5-c02d172f2263",
        "data": [
            {
                "text": "info on the contact informations of college Support service please",
                "userDefined": false
            }
        ],
        "isTemplate": false,
        "count": 0,
        "updated": 1560155628
    },
    {
        "id": "5329695b-5264-d354-5532-e81a2d6c483f",
        "data": [
            {
                "text": "I need to get in touch with student support services office of UCL",
                "userDefined": false
            }
        ],
        "isTemplate": false,
        "count": 0,
        "updated": 1560155628
    },
    {
        "id": "64943d6f-0d63-8e79-28b2-82170819aefc",
        "data": [
            {
                "text": "what about contact info of student support services office of ucl",
                "userDefined": false
            }
        ],
        "isTemplate": false,
        "count": 0,
        "updated": 1560155628
    },
    {
        "id": "d7eb12f6-11e4-293a-92c1-7ca6ae5b8171",
        "data": [
            {
                "text": "give me particulars of support service of ucl",
                "userDefined": false
            }
        ],
        "isTemplate": false,
        "count": 0,
        "updated": 1560155628
    },
    {
        "id": "5ed596d0-f92b-6242-7ec4-4d8e93c56c93",
        "data": [
            {
                "text": "I want to know about particulars of student support services office of UCLouvain",
                "userDefined": false
            }
        ],
        "isTemplate": false,
        "count": 0,
        "updated": 1560155628
    },
    {
        "id": "bfed0dc0-a85c-26c7-4049-1ed757fb9419",
        "data": [
            {
                "text": "tell me contact informations of UCL's Student Support services office",
                "userDefined": false
            }
        ],
        "isTemplate": false,
        "count": 0,
        "updated": 1560155628
    },
    {
        "id": "cb752eba-ea7f-87e9-650a-8cbc861ad485",
        "data": [
            {
                "text": "how is it possible to get in touch with the support service of the university",
                "userDefined": false
            }
        ],
        "isTemplate": false,
        "count": 0,
        "updated": 1560155628
    },
    {
        "id": "6482aa9d-7514-92c4-8c13-209dc9c98730",
        "data": [
            {
                "text": "I'd really love to get in touch with the university's student support services office",
                "userDefined": false
            }
        ],
        "isTemplate": false,
        "count": 0,
        "updated": 1560155628
    },
    {
        "id": "213d0bf9-6dbe-40f6-4f94-68d5d9bbbaef",
        "data": [
            {
                "text": "tell me particulars of student support services office of the university",
                "userDefined": false
            }
        ],
        "isTemplate": false,
        "count": 0,
        "updated": 1560155628
    },
    {
        "id": "e5112345-c7ea-5eb4-f6e1-f2556bae434a",
        "data": [
            {
                "text": "information about contact informations of college support service",
                "userDefined": false
            }
        ],
        "isTemplate": false,
        "count": 0,
        "updated": 1560155628
    },
    {
        "id": "bd69f88c-efea-069b-3c5d-0a5bcb6ddecd",
        "data": [
            {
                "text": "information about contact informations of ucl support service",
                "userDefined": false
            }
        ],
        "isTemplate": false,
        "count": 0,
        "updated": 1560155628
    },
    {
        "id": "03a19a84-da2c-9acf-2363-2e8534118858",
        "data": [
            {
                "text": "I would really love to know about particulars of UCLouvain's student support services office",
                "userDefined": false
            }
        ],
        "isTemplate": false,
        "count": 0,
        "updated": 1560155628
    },
    {
        "id": "f597dbdf-652a-6294-d0b6-40e0012cc21f",
        "data": [
            {
                "text": "what about the particulars of student support services office of UCLouvain please",
                "userDefined": false
            }
        ],
        "isTemplate": false,
        "count": 0,
        "updated": 1560155628
    },
    {
        "id": "629df4ca-464f-7879-106b-19ee0ac31b50",
        "data": [
            {
                "text": "could I get the particulars of uclouvain's Student Support services office please",
                "userDefined": false
            }
        ],
        "isTemplate": false,
        "count": 0,
        "updated": 1560155628
    },
    {
        "id": "f9d6ae3b-bbfa-2137-e7e1-d50845e4b911",
        "data": [
            {
                "text": "how do I contact the ucl's Student Support services office",
                "userDefined": false
            }
        ],
        "isTemplate": false,
        "count": 0,
        "updated": 1560155628
    },
    {
        "id": "a35e0c1b-8b6b-31ef-4012-36db538ce1ff",
        "data": [
            {
                "text": "how is it possible for me to call the student support services office of UCL",
                "userDefined": false
            }
        ],
        "isTemplate": false,
        "count": 0,
        "updated": 1560155628
    },
    {
        "id": "33534191-02ca-de9a-6f31-3f096feac69d",
        "data": [
            {
                "text": "where is it possible for me to contact support service of uni",
                "userDefined": false
            }
        ],
        "isTemplate": false,
        "count": 0,
        "updated": 1560155628
    },
    {
        "id": "37d624e5-1427-4501-e197-0cceaa245957",
        "data": [
            {
                "text": "info about the particulars of student support services office of university please",
                "userDefined": false
            }
        ],
        "isTemplate": false,
        "count": 0,
        "updated": 1560155628
    },
    {
        "id": "42964867-fd9e-3255-516e-59579730ff60",
        "data": [
            {
                "text": "what would I do to get in touch with the uclouvain's Student Support services office",
                "userDefined": false
            }
        ],
        "isTemplate": false,
        "count": 0,
        "updated": 1560155628
    },
    {
        "id": "a2f307fd-5943-820c-9264-ea1a4021c0cc",
        "data": [
            {
                "text": "I want to know about the contact informations of UCLouvain support service please",
                "userDefined": false
            }
        ],
        "isTemplate": false,
        "count": 0,
        "updated": 1560155628
    },
    {
        "id": "cef1d271-560e-b361-fb2d-4627f2b31658",
        "data": [
            {
                "text": "I'd really love to be informed about contact infos of support service of the uni",
                "userDefined": false
            }
        ],
        "isTemplate": false,
        "count": 0,
        "updated": 1560155628
    },
    {
        "id": "ae1dbec0-5bb2-a860-60b2-ee55e63a1279",
        "data": [
            {
                "text": "would you be so kind and give me particulars of UCL's Student Support services office",
                "userDefined": false
            }
        ],
        "isTemplate": false,
        "count": 0,
        "updated": 1560155628
    },
    {
        "id": "c93dd06d-9b96-feb1-e9db-c6a6ae32c228",
        "data": [
            {
                "text": "would you tell me about particulars of support service of college",
                "userDefined": false
            }
        ],
        "isTemplate": false,
        "count": 0,
        "updated": 1560155628
    },
    {
        "id": "d9100a80-c1a1-6700-d7c7-a513c8dcb122",
        "data": [
            {
                "text": "I want to know about particulars of ucl's Student Support services office",
                "userDefined": false
            }
        ],
        "isTemplate": false,
        "count": 0,
        "updated": 1560155628
    },
    {
        "id": "d98b13ac-45c0-c64f-73ac-56763f1dab60",
        "data": [
            {
                "text": "tell me contact information of support service of university",
                "userDefined": false
            }
        ],
        "isTemplate": false,
        "count": 0,
        "updated": 1560155628
    },
    {
        "id": "3c204a71-5c82-a905-0ec8-e731752664fd",
        "data": [
            {
                "text": "I would really want to contact UCL's Student Support services office",
                "userDefined": false
            }
        ],
        "isTemplate": false,
        "count": 0,
        "updated": 1560155628
    },
    {
        "id": "3426086c-f1f0-d5ab-9ace-afeade63490a",
        "data": [
            {
                "text": "can you show me about the particulars of uclouvain's Student Support services office please",
                "userDefined": false
            }
        ],
        "isTemplate": false,
        "count": 0,
        "updated": 1560155628
    },
    {
        "id": "e4556b13-c257-9515-653c-5fcebab52156",
        "data": [
            {
                "text": "I would really want to contact the uclouvain support service",
                "userDefined": false
            }
        ],
        "isTemplate": false,
        "count": 0,
        "updated": 1560155628
    },
    {
        "id": "4aa22eaf-361d-969a-3616-29c722974628",
        "data": [
            {
                "text": "direction on contact info of ucl's Student Support services office",
                "userDefined": false
            }
        ],
        "isTemplate": false,
        "count": 0,
        "updated": 1560155628
    },
    {
        "id": "052b78ac-a046-6643-7f83-cdd99fc0e90b",
        "data": [
            {
                "text": "information on the contact info of support service of UCL please",
                "userDefined": false
            }
        ],
        "isTemplate": false,
        "count": 0,
        "updated": 1560155628
    },
    {
        "id": "0e6dd2f0-5c9f-2c14-f5ed-f4f9c3993aa0",
        "data": [
            {
                "text": "show me about particulars of uclouvain's Student Support services office",
                "userDefined": false
            }
        ],
        "isTemplate": false,
        "count": 0,
        "updated": 1560155628
    },
    {
        "id": "901b5ae6-4513-ddb4-a707-ac87147d339a",
        "data": [
            {
                "text": "where could I get in touch with the uni's student support services office",
                "userDefined": false
            }
        ],
        "isTemplate": false,
        "count": 0,
        "updated": 1560155628
    },
    {
        "id": "b5e17c0e-9f07-f857-b404-ff2b8f6dd668",
        "data": [
            {
                "text": "could you please give me particulars of student support services office of UCLouvain",
                "userDefined": false
            }
        ],
        "isTemplate": false,
        "count": 0,
        "updated": 1560155628
    },
    {
        "id": "c8ab6546-96c6-05fa-c22e-bb953024ed49",
        "data": [
            {
                "text": "I'd like to get in touch with the student support services office of UCLouvain",
                "userDefined": false
            }
        ],
        "isTemplate": false,
        "count": 0,
        "updated": 1560155628
    },
    {
        "id": "fb1ed03a-5c60-b190-4164-bf64bc1b2854",
        "data": [
            {
                "text": "what about contact informations of UCL support service",
                "userDefined": false
            }
        ],
        "isTemplate": false,
        "count": 0,
        "updated": 1560155628
    },
    {
        "id": "30f67185-c75f-460a-0d7a-742b097eaeba",
        "data": [
            {
                "text": "I would really want to learn about particulars of student support services office of uni",
                "userDefined": false
            }
        ],
        "isTemplate": false,
        "count": 0,
        "updated": 1560155628
    },
    {
        "id": "02e5dc5e-bbbd-5698-97e1-6e6ac16bc1b0",
        "data": [
            {
                "text": "I would like to learn about contact infos of support service of UCL",
                "userDefined": false
            }
        ],
        "isTemplate": false,
        "count": 0,
        "updated": 1560155628
    },
    {
        "id": "9829190b-eaaf-128b-d0bd-798580581c32",
        "data": [
            {
                "text": "I would really want to learn about the particulars of UCLouvain's Student Support services office please",
                "userDefined": false
            }
        ],
        "isTemplate": false,
        "count": 0,
        "updated": 1560155628
    }
]