[
    {
        "id": "b848365e-d780-9902-839f-562c235b884e",
        "data": [
            {
                "text": "what do I have to do to get to CGEI's offices",
                "userDefined": false
            }
        ],
        "isTemplate": false,
        "count": 0,
        "updated": 1560155628
    },
    {
        "id": "6d9e4d23-a739-669f-5e6d-53060f01d955",
        "data": [
            {
                "text": "where would be placed CGEI's bureaus",
                "userDefined": false
            }
        ],
        "isTemplate": false,
        "count": 0,
        "updated": 1560155628
    },
    {
        "id": "6ddb0aeb-50c2-5a2b-c711-ee117de344cb",
        "data": [
            {
                "text": "where'd be the buildings of coordination générale des étudiants internationaux",
                "userDefined": false
            }
        ],
        "isTemplate": false,
        "count": 0,
        "updated": 1560155628
    },
    {
        "id": "d6290053-8e4b-d2f4-f381-4197457f6482",
        "data": [
            {
                "text": "show me contact information of cgei",
                "userDefined": false
            }
        ],
        "isTemplate": false,
        "count": 0,
        "updated": 1560155628
    },
    {
        "id": "c7177792-2890-67e8-de62-9da2fc160fab",
        "data": [
            {
                "text": "I would like to know about where coordination generale des etudiants internationaux bureaus are situated",
                "userDefined": false
            }
        ],
        "isTemplate": false,
        "count": 0,
        "updated": 1560155628
    },
    {
        "id": "2c758d79-7f8a-e7f9-0f78-0d00a878c3ff",
        "data": [
            {
                "text": "where is coordination generale des etudiants internationaux",
                "userDefined": false
            }
        ],
        "isTemplate": false,
        "count": 0,
        "updated": 1560155628
    },
    {
        "id": "6aa7495e-6b27-7496-880e-c9b4ed57bcfa",
        "data": [
            {
                "text": "show me about Coordination Generale des Etudiants Internationaux location",
                "userDefined": false
            }
        ],
        "isTemplate": false,
        "count": 0,
        "updated": 1560155628
    },
    {
        "id": "d436c182-cbea-8487-83c9-0b7955dda236",
        "data": [
            {
                "text": "would you be so kind and show me about CGEI place",
                "userDefined": false
            }
        ],
        "isTemplate": false,
        "count": 0,
        "updated": 1560155628
    },
    {
        "id": "ca170089-6d76-32fb-be4e-d65b2a9d9e90",
        "data": [
            {
                "text": "information on the contact informations of CGEI please",
                "userDefined": false
            }
        ],
        "isTemplate": false,
        "count": 0,
        "updated": 1560155628
    },
    {
        "id": "0dc92c42-4365-1f65-9990-fea655b63cf5",
        "data": [
            {
                "text": "where is CGEI",
                "userDefined": false
            }
        ],
        "isTemplate": false,
        "count": 0,
        "updated": 1560155628
    },
    {
        "id": "7d41ad99-bbb8-e71a-d915-483948583f88",
        "data": [
            {
                "text": "what about where Coordination Générale des Étudiants Internationaux bureaus are located",
                "userDefined": false
            }
        ],
        "isTemplate": false,
        "count": 0,
        "updated": 1560155628
    },
    {
        "id": "7a499e23-5e21-0ef0-e583-ac9b65ee93a4",
        "data": [
            {
                "text": "I'd like to be informed about coordination generale des etudiants internationaux spot",
                "userDefined": false
            }
        ],
        "isTemplate": false,
        "count": 0,
        "updated": 1560155628
    },
    {
        "id": "f2f8194c-7b07-db18-1bb8-ba02730e04f4",
        "data": [
            {
                "text": "where would be Coordination Generale des Etudiants Internationaux",
                "userDefined": false
            }
        ],
        "isTemplate": false,
        "count": 0,
        "updated": 1560155628
    },
    {
        "id": "8daba9ef-e831-aec7-15e9-616c728ef89f",
        "data": [
            {
                "text": "what about cgei situation",
                "userDefined": false
            }
        ],
        "isTemplate": false,
        "count": 0,
        "updated": 1560155628
    },
    {
        "id": "4173e560-de67-0134-74d9-d404fe83820b",
        "data": [
            {
                "text": "tell me about cgei location",
                "userDefined": false
            }
        ],
        "isTemplate": false,
        "count": 0,
        "updated": 1560155628
    },
    {
        "id": "884bbe61-45c1-a0ba-d3b6-b4dd80891e18",
        "data": [
            {
                "text": "where'd be located coordination générale des étudiants internationaux buildings",
                "userDefined": false
            }
        ],
        "isTemplate": false,
        "count": 0,
        "updated": 1560155628
    },
    {
        "id": "b2167924-b140-8091-0190-e42ac2e14c87",
        "data": [
            {
                "text": "info on the contact infos of coordination generale des etudiants internationaux please",
                "userDefined": false
            }
        ],
        "isTemplate": false,
        "count": 0,
        "updated": 1560155628
    },
    {
        "id": "67250535-f939-559a-884c-7aaa464c53e4",
        "data": [
            {
                "text": "info on coordination générale des étudiants internationaux location",
                "userDefined": false
            }
        ],
        "isTemplate": false,
        "count": 0,
        "updated": 1560155628
    },
    {
        "id": "0be50f90-1793-14d8-87cc-ba078199b0c7",
        "data": [
            {
                "text": "what about where cgei offices are situated",
                "userDefined": false
            }
        ],
        "isTemplate": false,
        "count": 0,
        "updated": 1560155628
    },
    {
        "id": "b32f976a-a7cc-3560-7f54-43a1049aa76f",
        "data": [
            {
                "text": "where is situated CGEI",
                "userDefined": false
            }
        ],
        "isTemplate": false,
        "count": 0,
        "updated": 1560155628
    },
    {
        "id": "33e791e9-ae19-1f53-9617-1d978916bafd",
        "data": [
            {
                "text": "I need to get to coordination générale des étudiants internationaux's bureaus",
                "userDefined": false
            }
        ],
        "isTemplate": false,
        "count": 0,
        "updated": 1560155628
    },
    {
        "id": "b3b29838-9322-b0c7-797c-cda24fbef5eb",
        "data": [
            {
                "text": "I would love to learn about particulars of cgei",
                "userDefined": false
            }
        ],
        "isTemplate": false,
        "count": 0,
        "updated": 1560155628
    },
    {
        "id": "62009ff4-765e-1f1f-460f-b30896e12232",
        "data": [
            {
                "text": "who would help to get to coordination générale des étudiants internationaux's buildings",
                "userDefined": false
            }
        ],
        "isTemplate": false,
        "count": 0,
        "updated": 1560155628
    },
    {
        "id": "53f54adf-2089-33be-022a-e47cb627ce3d",
        "data": [
            {
                "text": "give me the contact infos of coordination generale des etudiants internationaux please",
                "userDefined": false
            }
        ],
        "isTemplate": false,
        "count": 0,
        "updated": 1560155628
    },
    {
        "id": "67bac3a2-0b79-5a4d-f5b5-dc57d5d89802",
        "data": [
            {
                "text": "info about cgei location",
                "userDefined": false
            }
        ],
        "isTemplate": false,
        "count": 0,
        "updated": 1560155628
    },
    {
        "id": "7acf1306-ff96-182f-0957-b137009e76f6",
        "data": [
            {
                "text": "where'd be located coordination generale des etudiants internationaux",
                "userDefined": false
            }
        ],
        "isTemplate": false,
        "count": 0,
        "updated": 1560155628
    },
    {
        "id": "18c42674-16c2-4323-551e-6367a9c07f58",
        "data": [
            {
                "text": "show me particulars of coordination générale des étudiants internationaux",
                "userDefined": false
            }
        ],
        "isTemplate": false,
        "count": 0,
        "updated": 1560155628
    },
    {
        "id": "7eb9e39c-f586-15ec-1a43-aa8208091559",
        "data": [
            {
                "text": "show me particulars of coordination generale des etudiants internationaux",
                "userDefined": false
            }
        ],
        "isTemplate": false,
        "count": 0,
        "updated": 1560155628
    },
    {
        "id": "db38f95f-b071-ced4-937e-5bb4549a6373",
        "data": [
            {
                "text": "how do we get in touch with CGEI",
                "userDefined": false
            }
        ],
        "isTemplate": false,
        "count": 0,
        "updated": 1560155628
    },
    {
        "id": "89bb2e3f-cbf7-bea3-77a1-4c752f590ff6",
        "data": [
            {
                "text": "I would really like to be informed about where coordination générale des étudiants internationaux buildings are",
                "userDefined": false
            }
        ],
        "isTemplate": false,
        "count": 0,
        "updated": 1560155628
    },
    {
        "id": "23174571-ad37-3392-a2ce-7ddbe01dd88e",
        "data": [
            {
                "text": "would you be so kind and tell me about where coordination générale des étudiants internationaux offices are located",
                "userDefined": false
            }
        ],
        "isTemplate": false,
        "count": 0,
        "updated": 1560155628
    },
    {
        "id": "ecf41b8b-a84d-28d9-bbad-702f7d3a1b82",
        "data": [
            {
                "text": "where'd be the offices of coordination generale des etudiants internationaux situated",
                "userDefined": false
            }
        ],
        "isTemplate": false,
        "count": 0,
        "updated": 1560155628
    },
    {
        "id": "5ecbf6d2-983b-e23d-751d-1ff3ec32f98e",
        "data": [
            {
                "text": "how do I get to Coordination Générale des Étudiants Internationaux's buildings",
                "userDefined": false
            }
        ],
        "isTemplate": false,
        "count": 0,
        "updated": 1560155628
    },
    {
        "id": "dbe5d563-2dda-0334-d2ad-76a61ae100cd",
        "data": [
            {
                "text": "where to go to contact cgei",
                "userDefined": false
            }
        ],
        "isTemplate": false,
        "count": 0,
        "updated": 1560155628
    },
    {
        "id": "1cb6d965-7e9e-ae76-4a35-f5a92e982544",
        "data": [
            {
                "text": "where'll be Coordination Generale des Etudiants Internationaux",
                "userDefined": false
            }
        ],
        "isTemplate": false,
        "count": 0,
        "updated": 1560155628
    },
    {
        "id": "c98a86d7-1b5e-2dcf-770c-e1c7f98df836",
        "data": [
            {
                "text": "I'd love to know about where coordination generale des etudiants internationaux offices are situated",
                "userDefined": false
            }
        ],
        "isTemplate": false,
        "count": 0,
        "updated": 1560155628
    },
    {
        "id": "a72cb801-225c-64fb-6d9f-3f4ba31cfdcc",
        "data": [
            {
                "text": "give me the contact informations of Coordination Generale des Etudiants Internationaux please",
                "userDefined": false
            }
        ],
        "isTemplate": false,
        "count": 0,
        "updated": 1560155628
    },
    {
        "id": "70aabdcf-91cc-4221-9dc8-d05948a1d8c6",
        "data": [
            {
                "text": "I'd really like to call Coordination Générale des Étudiants Internationaux",
                "userDefined": false
            }
        ],
        "isTemplate": false,
        "count": 0,
        "updated": 1560155628
    },
    {
        "id": "e2c4944e-1e2a-af59-aa90-f7cb13d89c02",
        "data": [
            {
                "text": "info on particulars of cgei",
                "userDefined": false
            }
        ],
        "isTemplate": false,
        "count": 0,
        "updated": 1560155628
    },
    {
        "id": "da01ce65-0443-7642-95fd-ac028e34f22d",
        "data": [
            {
                "text": "I want to learn about coordination generale des etudiants internationaux spot",
                "userDefined": false
            }
        ],
        "isTemplate": false,
        "count": 0,
        "updated": 1560155628
    },
    {
        "id": "2c92432d-2790-2072-c4b0-340abde63f6e",
        "data": [
            {
                "text": "I'd want to know about CGEI place",
                "userDefined": false
            }
        ],
        "isTemplate": false,
        "count": 0,
        "updated": 1560155628
    },
    {
        "id": "854704bb-f8fd-db4d-2e28-b3d7a00b3694",
        "data": [
            {
                "text": "where'd be situated Coordination Générale des Étudiants Internationaux's offices",
                "userDefined": false
            }
        ],
        "isTemplate": false,
        "count": 0,
        "updated": 1560155628
    },
    {
        "id": "e519de12-33e3-d45a-ffe6-f8bc3fc780c6",
        "data": [
            {
                "text": "where'll be situated the bureaus of coordination générale des étudiants internationaux",
                "userDefined": false
            }
        ],
        "isTemplate": false,
        "count": 0,
        "updated": 1560155628
    },
    {
        "id": "2bacad8d-40de-ad05-471f-951d2f30700e",
        "data": [
            {
                "text": "where'd be placed cgei offices",
                "userDefined": false
            }
        ],
        "isTemplate": false,
        "count": 0,
        "updated": 1560155628
    },
    {
        "id": "652d7383-7ee5-db61-675c-1198cdbd937a",
        "data": [
            {
                "text": "how could I get to cgei's offices",
                "userDefined": false
            }
        ],
        "isTemplate": false,
        "count": 0,
        "updated": 1560155628
    },
    {
        "id": "1885d341-e11a-ab46-ce21-4d63574c2bf0",
        "data": [
            {
                "text": "I'd really want to know about coordination générale des étudiants internationaux location",
                "userDefined": false
            }
        ],
        "isTemplate": false,
        "count": 0,
        "updated": 1560155628
    },
    {
        "id": "61b9f475-1462-260e-d7aa-b5814e862275",
        "data": [
            {
                "text": "where's coordination générale des étudiants internationaux",
                "userDefined": false
            }
        ],
        "isTemplate": false,
        "count": 0,
        "updated": 1560155628
    },
    {
        "id": "d240998f-2845-d210-921d-fde1da05e032",
        "data": [
            {
                "text": "what about coordination generale des etudiants internationaux place",
                "userDefined": false
            }
        ],
        "isTemplate": false,
        "count": 0,
        "updated": 1560155628
    },
    {
        "id": "a75ece01-429f-5faa-9622-9f7c63250f3f",
        "data": [
            {
                "text": "I'd really want to reach coordination generale des etudiants internationaux",
                "userDefined": false
            }
        ],
        "isTemplate": false,
        "count": 0,
        "updated": 1560155628
    },
    {
        "id": "5bd02b44-95de-3ba1-775e-e865b7f150fd",
        "data": [
            {
                "text": "information on where coordination générale des étudiants internationaux offices are",
                "userDefined": false
            }
        ],
        "isTemplate": false,
        "count": 0,
        "updated": 1560155628
    },
    {
        "id": "59d0612a-7371-24e5-e7ca-4ac49068b829",
        "data": [
            {
                "text": "how do we reach the coordination générale des étudiants internationaux",
                "userDefined": false
            }
        ],
        "isTemplate": false,
        "count": 0,
        "updated": 1560155628
    },
    {
        "id": "4c0964cd-0ae5-f5f8-02fe-7f78c7f57db3",
        "data": [
            {
                "text": "where's Coordination Générale des Étudiants Internationaux",
                "userDefined": false
            }
        ],
        "isTemplate": false,
        "count": 0,
        "updated": 1560155628
    },
    {
        "id": "3ae50ec2-819a-8fda-7039-880413b277f0",
        "data": [
            {
                "text": "what about the particulars of coordination générale des étudiants internationaux please",
                "userDefined": false
            }
        ],
        "isTemplate": false,
        "count": 0,
        "updated": 1560155628
    },
    {
        "id": "015c3bd7-d9ca-286a-8d0b-ad855f704600",
        "data": [
            {
                "text": "I need to reach Coordination Generale des Etudiants Internationaux's offices",
                "userDefined": false
            }
        ],
        "isTemplate": false,
        "count": 0,
        "updated": 1560155628
    },
    {
        "id": "b5eebbd5-c1f3-49b5-b794-98b656e881e6",
        "data": [
            {
                "text": "give me the contact information of CGEI please",
                "userDefined": false
            }
        ],
        "isTemplate": false,
        "count": 0,
        "updated": 1560155628
    },
    {
        "id": "e15ccb56-4f40-1755-c9ae-99e60413b361",
        "data": [
            {
                "text": "how do we go to Coordination Generale des Etudiants Internationaux's offices",
                "userDefined": false
            }
        ],
        "isTemplate": false,
        "count": 0,
        "updated": 1560155628
    },
    {
        "id": "f12572d9-097a-20eb-8729-70cec50d112b",
        "data": [
            {
                "text": "could I have the particulars of Coordination Générale des Étudiants Internationaux please",
                "userDefined": false
            }
        ],
        "isTemplate": false,
        "count": 0,
        "updated": 1560155628
    },
    {
        "id": "a688e022-f638-76cd-f3b2-79b43644c153",
        "data": [
            {
                "text": "what to do to get to coordination générale des étudiants internationaux's offices",
                "userDefined": false
            }
        ],
        "isTemplate": false,
        "count": 0,
        "updated": 1560155628
    },
    {
        "id": "fe4200c9-e2b8-d4ba-66d9-dec9528ee078",
        "data": [
            {
                "text": "how to get in touch with CGEI",
                "userDefined": false
            }
        ],
        "isTemplate": false,
        "count": 0,
        "updated": 1560155628
    },
    {
        "id": "4dd17cbd-17f5-e514-83dd-4ee3b428f6b1",
        "data": [
            {
                "text": "where're coordination générale des étudiants internationaux's offices",
                "userDefined": false
            }
        ],
        "isTemplate": false,
        "count": 0,
        "updated": 1560155628
    },
    {
        "id": "be1d2ad6-2eb5-e427-e786-1ed0a8cc824d",
        "data": [
            {
                "text": "where are coordination générale des étudiants internationaux buildings",
                "userDefined": false
            }
        ],
        "isTemplate": false,
        "count": 0,
        "updated": 1560155628
    },
    {
        "id": "75c93e82-cc0c-ef30-e7b1-6c5844fd294b",
        "data": [
            {
                "text": "where are located the offices of Coordination Generale des Etudiants Internationaux",
                "userDefined": false
            }
        ],
        "isTemplate": false,
        "count": 0,
        "updated": 1560155628
    },
    {
        "id": "1a1fafdf-67e3-5ed2-d600-176922dd24f4",
        "data": [
            {
                "text": "where will be Coordination Générale des Étudiants Internationaux",
                "userDefined": false
            }
        ],
        "isTemplate": false,
        "count": 0,
        "updated": 1560155628
    },
    {
        "id": "e5917c76-02c5-c006-5d44-da4d92bf7795",
        "data": [
            {
                "text": "where're the bureaus of coordination generale des etudiants internationaux",
                "userDefined": false
            }
        ],
        "isTemplate": false,
        "count": 0,
        "updated": 1560155628
    },
    {
        "id": "a0edd917-de6c-c848-4364-6e42c97cb6c7",
        "data": [
            {
                "text": "what to do to contact Coordination Générale des Étudiants Internationaux",
                "userDefined": false
            }
        ],
        "isTemplate": false,
        "count": 0,
        "updated": 1560155628
    },
    {
        "id": "4e1007f7-ecdc-a866-462c-3d9e0fb5e3a6",
        "data": [
            {
                "text": "where is located coordination generale des etudiants internationaux",
                "userDefined": false
            }
        ],
        "isTemplate": false,
        "count": 0,
        "updated": 1560155628
    },
    {
        "id": "7125ca1c-d5b3-b8b6-07c0-09ca1298a415",
        "data": [
            {
                "text": "where'd be located coordination générale des étudiants internationaux",
                "userDefined": false
            }
        ],
        "isTemplate": false,
        "count": 0,
        "updated": 1560155628
    },
    {
        "id": "7937ebe3-f274-aa57-c088-b06377bbc737",
        "data": [
            {
                "text": "I would really want to learn about Coordination Générale des Étudiants Internationaux place",
                "userDefined": false
            }
        ],
        "isTemplate": false,
        "count": 0,
        "updated": 1560155628
    },
    {
        "id": "fee7f8a8-70da-0263-d9a0-94a8e2906733",
        "data": [
            {
                "text": "I'd really like to know about coordination generale des etudiants internationaux place",
                "userDefined": false
            }
        ],
        "isTemplate": false,
        "count": 0,
        "updated": 1560155628
    },
    {
        "id": "f48c459c-dee1-2bf0-bb06-7bb989fe642f",
        "data": [
            {
                "text": "where'll be the bureaus of cgei situated",
                "userDefined": false
            }
        ],
        "isTemplate": false,
        "count": 0,
        "updated": 1560155628
    },
    {
        "id": "90ad49dd-add1-ad4f-8e46-56502dd909d2",
        "data": [
            {
                "text": "where will be cgei",
                "userDefined": false
            }
        ],
        "isTemplate": false,
        "count": 0,
        "updated": 1560155628
    },
    {
        "id": "1b056a80-36fe-1d0f-f79b-a4fc375e1a40",
        "data": [
            {
                "text": "where would be located the offices of coordination générale des étudiants internationaux",
                "userDefined": false
            }
        ],
        "isTemplate": false,
        "count": 0,
        "updated": 1560155628
    },
    {
        "id": "3b45a8a6-036b-166d-f864-e51d5247734d",
        "data": [
            {
                "text": "tell me the contact infos of Coordination Générale des Étudiants Internationaux please",
                "userDefined": false
            }
        ],
        "isTemplate": false,
        "count": 0,
        "updated": 1560155628
    },
    {
        "id": "5236291f-8eca-9a3f-b3c7-daa726a54fb3",
        "data": [
            {
                "text": "who is it possible for me to contact to reach cgei's buildings",
                "userDefined": false
            }
        ],
        "isTemplate": false,
        "count": 0,
        "updated": 1560155628
    },
    {
        "id": "078f16b4-a22c-a589-460b-48d4d3300237",
        "data": [
            {
                "text": "what about contact information of coordination générale des étudiants internationaux",
                "userDefined": false
            }
        ],
        "isTemplate": false,
        "count": 0,
        "updated": 1560155628
    },
    {
        "id": "f72254bd-25dd-5c17-6b92-c7a5bea23798",
        "data": [
            {
                "text": "I need to get to Coordination Generale des Etudiants Internationaux's offices",
                "userDefined": false
            }
        ],
        "isTemplate": false,
        "count": 0,
        "updated": 1560155628
    },
    {
        "id": "4a177a29-e34a-7b8e-1c40-ce02b9119134",
        "data": [
            {
                "text": "where should I go to get to CGEI's bureaus",
                "userDefined": false
            }
        ],
        "isTemplate": false,
        "count": 0,
        "updated": 1560155628
    },
    {
        "id": "3a5f177d-dea7-1dfc-8ea2-90b82a6498d4",
        "data": [
            {
                "text": "where're placed Coordination Generale des Etudiants Internationaux buildings",
                "userDefined": false
            }
        ],
        "isTemplate": false,
        "count": 0,
        "updated": 1560155628
    },
    {
        "id": "653a9017-16e9-bfbe-3666-9b155fc72827",
        "data": [
            {
                "text": "what about the particulars of Coordination Générale des Étudiants Internationaux please",
                "userDefined": false
            }
        ],
        "isTemplate": false,
        "count": 0,
        "updated": 1560155628
    },
    {
        "id": "8800dc9e-19db-51e6-3c3a-f7881369c8d2",
        "data": [
            {
                "text": "where're situated Coordination Generale des Etudiants Internationaux bureaus",
                "userDefined": false
            }
        ],
        "isTemplate": false,
        "count": 0,
        "updated": 1560155628
    },
    {
        "id": "5ad1fc9c-8e80-8b9f-7e16-8d813ab37119",
        "data": [
            {
                "text": "where will be the buildings of cgei located",
                "userDefined": false
            }
        ],
        "isTemplate": false,
        "count": 0,
        "updated": 1560155628
    },
    {
        "id": "7b9a994e-9737-47ec-69e0-98b3c0ef9c12",
        "data": [
            {
                "text": "where are Coordination Generale des Etudiants Internationaux's offices",
                "userDefined": false
            }
        ],
        "isTemplate": false,
        "count": 0,
        "updated": 1560155628
    },
    {
        "id": "8909e0b4-b033-5411-6d84-cc56d9adb1a2",
        "data": [
            {
                "text": "how to go to cgei's offices",
                "userDefined": false
            }
        ],
        "isTemplate": false,
        "count": 0,
        "updated": 1560155628
    },
    {
        "id": "57e46458-22ac-7548-ab42-505e9e642cb3",
        "data": [
            {
                "text": "where're located the offices of CGEI placed",
                "userDefined": false
            }
        ],
        "isTemplate": false,
        "count": 0,
        "updated": 1560155628
    },
    {
        "id": "b4608200-9953-1e54-fb6f-cd4e77b69a08",
        "data": [
            {
                "text": "where'll be situated the bureaus of cgei",
                "userDefined": false
            }
        ],
        "isTemplate": false,
        "count": 0,
        "updated": 1560155628
    },
    {
        "id": "ef03f88c-1b10-6592-2aed-f13da2c9f467",
        "data": [
            {
                "text": "where'll be CGEI",
                "userDefined": false
            }
        ],
        "isTemplate": false,
        "count": 0,
        "updated": 1560155628
    },
    {
        "id": "98f1e939-9131-03b7-2529-36e509c8a7f8",
        "data": [
            {
                "text": "where's located CGEI",
                "userDefined": false
            }
        ],
        "isTemplate": false,
        "count": 0,
        "updated": 1560155628
    },
    {
        "id": "ec0afe7a-b7d3-f18d-60dd-df702b67f7df",
        "data": [
            {
                "text": "I need to call coordination generale des etudiants internationaux",
                "userDefined": false
            }
        ],
        "isTemplate": false,
        "count": 0,
        "updated": 1560155628
    },
    {
        "id": "9cd2b076-0774-134b-c31f-bf5da0a9e60c",
        "data": [
            {
                "text": "tip on CGEI situation",
                "userDefined": false
            }
        ],
        "isTemplate": false,
        "count": 0,
        "updated": 1560155628
    },
    {
        "id": "66431554-5fe1-64f9-9c51-2fe777523875",
        "data": [
            {
                "text": "where would be coordination generale des etudiants internationaux",
                "userDefined": false
            }
        ],
        "isTemplate": false,
        "count": 0,
        "updated": 1560155628
    },
    {
        "id": "93c9a7e4-1221-8324-9514-6700db885977",
        "data": [
            {
                "text": "tell me contact informations of Coordination Générale des Étudiants Internationaux",
                "userDefined": false
            }
        ],
        "isTemplate": false,
        "count": 0,
        "updated": 1560155628
    },
    {
        "id": "7859bbc6-0e06-5eb1-cad2-fb66375977be",
        "data": [
            {
                "text": "how to go to CGEI's offices",
                "userDefined": false
            }
        ],
        "isTemplate": false,
        "count": 0,
        "updated": 1560155628
    },
    {
        "id": "408d8a44-bdcc-d423-5118-5c1579121a63",
        "data": [
            {
                "text": "where's coordination generale des etudiants internationaux",
                "userDefined": false
            }
        ],
        "isTemplate": false,
        "count": 0,
        "updated": 1560155628
    },
    {
        "id": "20ca21e2-9c62-0285-0e2e-3df069718c8e",
        "data": [
            {
                "text": "I would really like to get in touch with the CGEI",
                "userDefined": false
            }
        ],
        "isTemplate": false,
        "count": 0,
        "updated": 1560155628
    },
    {
        "id": "d26caaa1-dd80-bda7-8b6e-d2066d67995f",
        "data": [
            {
                "text": "show me the particulars of cgei please",
                "userDefined": false
            }
        ],
        "isTemplate": false,
        "count": 0,
        "updated": 1560155628
    },
    {
        "id": "fabeaa22-213a-f947-0501-a4e83f45434c",
        "data": [
            {
                "text": "how is it possible for me to call the CGEI",
                "userDefined": false
            }
        ],
        "isTemplate": false,
        "count": 0,
        "updated": 1560155628
    },
    {
        "id": "8658503c-68ed-f0bb-3855-450d64935151",
        "data": [
            {
                "text": "where are the offices of Coordination Générale des Étudiants Internationaux",
                "userDefined": false
            }
        ],
        "isTemplate": false,
        "count": 0,
        "updated": 1560155628
    },
    {
        "id": "09bb5dcf-cede-ebc1-1787-40ccaaa819f7",
        "data": [
            {
                "text": "where to go to get to CGEI's offices",
                "userDefined": false
            }
        ],
        "isTemplate": false,
        "count": 0,
        "updated": 1560155628
    },
    {
        "id": "3d29f665-9839-2f48-71a3-79ae9cedd2d6",
        "data": [
            {
                "text": "what about where Coordination Générale des Étudiants Internationaux offices are",
                "userDefined": false
            }
        ],
        "isTemplate": false,
        "count": 0,
        "updated": 1560155628
    },
    {
        "id": "6fd4198e-8747-70e3-5972-afd8fc7848db",
        "data": [
            {
                "text": "where are Coordination Generale des Etudiants Internationaux buildings",
                "userDefined": false
            }
        ],
        "isTemplate": false,
        "count": 0,
        "updated": 1560155628
    },
    {
        "id": "088b0525-3c4e-61ff-39fc-bc38bf890e25",
        "data": [
            {
                "text": "I need to get to coordination generale des etudiants internationaux's bureaus",
                "userDefined": false
            }
        ],
        "isTemplate": false,
        "count": 0,
        "updated": 1560155628
    },
    {
        "id": "e9c55caf-1eac-c858-62fe-647071893383",
        "data": [
            {
                "text": "where would be situated the buildings of coordination generale des etudiants internationaux",
                "userDefined": false
            }
        ],
        "isTemplate": false,
        "count": 0,
        "updated": 1560155628
    },
    {
        "id": "346ef624-d5fb-5b58-9f07-9a9ac9662c28",
        "data": [
            {
                "text": "where'd be placed coordination générale des étudiants internationaux bureaus",
                "userDefined": false
            }
        ],
        "isTemplate": false,
        "count": 0,
        "updated": 1560155628
    },
    {
        "id": "e24332d6-e7ae-a1d6-06a7-18c0d23a8beb",
        "data": [
            {
                "text": "how to go to coordination générale des étudiants internationaux's offices",
                "userDefined": false
            }
        ],
        "isTemplate": false,
        "count": 0,
        "updated": 1560155628
    },
    {
        "id": "6177c03b-d935-4529-6a8c-e378acde26d3",
        "data": [
            {
                "text": "I'd love to contact the CGEI",
                "userDefined": false
            }
        ],
        "isTemplate": false,
        "count": 0,
        "updated": 1560155628
    },
    {
        "id": "3493093b-c035-fa15-fcb1-b9da934d2f23",
        "data": [
            {
                "text": "what about where Coordination Generale des Etudiants Internationaux offices are placed",
                "userDefined": false
            }
        ],
        "isTemplate": false,
        "count": 0,
        "updated": 1560155628
    },
    {
        "id": "a4f8adcb-756f-d274-2b50-bf4a70565c7f",
        "data": [
            {
                "text": "where'll be located the offices of CGEI",
                "userDefined": false
            }
        ],
        "isTemplate": false,
        "count": 0,
        "updated": 1560155628
    },
    {
        "id": "c4de98a5-f9b9-ebdf-0c49-016f1d899d96",
        "data": [
            {
                "text": "where'd be the buildings of cgei",
                "userDefined": false
            }
        ],
        "isTemplate": false,
        "count": 0,
        "updated": 1560155628
    },
    {
        "id": "0da7dbe2-93e1-e8af-4813-bc3691d5e227",
        "data": [
            {
                "text": "where are placed the buildings of CGEI",
                "userDefined": false
            }
        ],
        "isTemplate": false,
        "count": 0,
        "updated": 1560155628
    },
    {
        "id": "af157cda-4860-ed18-1153-d2d9edbbf6bc",
        "data": [
            {
                "text": "where are placed cgei's buildings",
                "userDefined": false
            }
        ],
        "isTemplate": false,
        "count": 0,
        "updated": 1560155628
    },
    {
        "id": "2a804d7e-08c4-49f8-d2a9-c7dc2da2bcfd",
        "data": [
            {
                "text": "is it possible to get particulars of Coordination Générale des Étudiants Internationaux",
                "userDefined": false
            }
        ],
        "isTemplate": false,
        "count": 0,
        "updated": 1560155628
    },
    {
        "id": "0b1316d1-022f-f141-95c6-d54a45581b08",
        "data": [
            {
                "text": "where're CGEI's offices",
                "userDefined": false
            }
        ],
        "isTemplate": false,
        "count": 0,
        "updated": 1560155628
    },
    {
        "id": "a2991595-5b88-b963-3c1b-584d7cccddbf",
        "data": [
            {
                "text": "is it possible to have the contact informations of Coordination Generale des Etudiants Internationaux please",
                "userDefined": false
            }
        ],
        "isTemplate": false,
        "count": 0,
        "updated": 1560155628
    },
    {
        "id": "febe0d87-2c03-5e0d-b055-37edc7314bd2",
        "data": [
            {
                "text": "how to get in touch with coordination générale des étudiants internationaux",
                "userDefined": false
            }
        ],
        "isTemplate": false,
        "count": 0,
        "updated": 1560155628
    },
    {
        "id": "089d926c-1667-5194-f0bd-11e78141854a",
        "data": [
            {
                "text": "where're placed coordination generale des etudiants internationaux bureaus",
                "userDefined": false
            }
        ],
        "isTemplate": false,
        "count": 0,
        "updated": 1560155628
    },
    {
        "id": "a4ac5d26-59c3-72c2-8e0e-ffce3b09de41",
        "data": [
            {
                "text": "info about particulars of cgei",
                "userDefined": false
            }
        ],
        "isTemplate": false,
        "count": 0,
        "updated": 1560155628
    },
    {
        "id": "9062504b-8b4a-efa3-e62f-deefb855c4da",
        "data": [
            {
                "text": "I would really want to know about coordination generale des etudiants internationaux spot",
                "userDefined": false
            }
        ],
        "isTemplate": false,
        "count": 0,
        "updated": 1560155628
    },
    {
        "id": "c299dec8-78df-1254-82f9-c1e52bb7d305",
        "data": [
            {
                "text": "where would be the buildings of CGEI situated",
                "userDefined": false
            }
        ],
        "isTemplate": false,
        "count": 0,
        "updated": 1560155628
    },
    {
        "id": "b17ad3be-f813-1cae-b117-a5dae825101e",
        "data": [
            {
                "text": "what about contact infos of Coordination Générale des Étudiants Internationaux",
                "userDefined": false
            }
        ],
        "isTemplate": false,
        "count": 0,
        "updated": 1560155628
    },
    {
        "id": "da19ec4b-35bc-a84b-21b7-4704f03efc41",
        "data": [
            {
                "text": "how to get to coordination générale des étudiants internationaux's offices",
                "userDefined": false
            }
        ],
        "isTemplate": false,
        "count": 0,
        "updated": 1560155628
    }
]