[
    {
        "id": "7a342b23-ef5f-e18c-6469-fb5d60fdf4f5",
        "data": [
            {
                "text": "will I need a visa in order to go in belgium.my nation'd be ",
                "userDefined": false
            },
            {
                "alias": "nationality",
                "meta": "@nationality",
                "text": "Belgian",
                "userDefined": true
            },
            {
                "text": " in fact",
                "userDefined": false
            }
        ],
        "isTemplate": false,
        "count": 0,
        "updated": 1560155629
    },
    {
        "id": "f11e55f4-4d68-2dae-da35-33e2903c8b66",
        "data": [
            {
                "text": "it's ",
                "userDefined": false
            },
            {
                "alias": "nationality",
                "meta": "@nationality",
                "text": "Belgian",
                "userDefined": true
            },
            {
                "text": " actually would I obtain a visa",
                "userDefined": false
            }
        ],
        "isTemplate": false,
        "count": 0,
        "updated": 1560155629
    },
    {
        "id": "cd2dcf8c-9bdf-01ce-a5ec-68f8a5fcf676",
        "data": [
            {
                "text": "is it required to have a visa I am ",
                "userDefined": false
            },
            {
                "alias": "nationality",
                "meta": "@nationality",
                "text": "Belgian",
                "userDefined": true
            }
        ],
        "isTemplate": false,
        "count": 0,
        "updated": 1560155629
    },
    {
        "id": "83c7fb22-54b1-95e5-e2a8-4b45e7d5d44a",
        "data": [
            {
                "text": "I come from ",
                "userDefined": false
            },
            {
                "alias": "nationality",
                "meta": "@nationality",
                "text": "Belgian",
                "userDefined": true
            },
            {
                "text": " would I obtain a visa",
                "userDefined": false
            }
        ],
        "isTemplate": false,
        "count": 0,
        "updated": 1560155629
    },
    {
        "id": "0640e598-4380-e79d-7849-029569d00cbf",
        "data": [
            {
                "text": "should I ask for a visa. it's ",
                "userDefined": false
            },
            {
                "alias": "nationality",
                "meta": "@nationality",
                "text": "Belgium",
                "userDefined": true
            }
        ],
        "isTemplate": false,
        "count": 0,
        "updated": 1560155629
    },
    {
        "id": "d75d7dce-0094-e33d-055e-cd07da7ab259",
        "data": [
            {
                "alias": "nationality",
                "meta": "@nationality",
                "text": "Belgian",
                "userDefined": true
            },
            {
                "text": " in fact will I ask for a visa",
                "userDefined": false
            }
        ],
        "isTemplate": false,
        "count": 0,
        "updated": 1560155629
    },
    {
        "id": "3868f8ba-487c-5fe6-484b-a29bb3fb24a8",
        "data": [
            {
                "text": "do I have to ask for a visa. it is ",
                "userDefined": false
            },
            {
                "alias": "nationality",
                "meta": "@nationality",
                "text": "Belgian",
                "userDefined": true
            },
            {
                "text": " actually",
                "userDefined": false
            }
        ],
        "isTemplate": false,
        "count": 0,
        "updated": 1560155629
    },
    {
        "id": "36f72ebd-e911-a4d5-a43b-5242c4b2f4a0",
        "data": [
            {
                "text": "my nationality'd be ",
                "userDefined": false
            },
            {
                "alias": "nationality",
                "meta": "@nationality",
                "text": "Belgian",
                "userDefined": true
            },
            {
                "text": " actually. should I get a visa",
                "userDefined": false
            }
        ],
        "isTemplate": false,
        "count": 0,
        "updated": 1560155629
    },
    {
        "id": "18547216-78dc-a383-6b75-775c50317183",
        "data": [
            {
                "text": "do I need a visa at Louv. my nationality'd be ",
                "userDefined": false
            },
            {
                "alias": "nationality",
                "meta": "@nationality",
                "text": "Belgian",
                "userDefined": true
            },
            {
                "text": " actually",
                "userDefined": false
            }
        ],
        "isTemplate": false,
        "count": 0,
        "updated": 1560155629
    },
    {
        "id": "7b50f3f8-094c-6a6d-eec4-6910908ecd09",
        "data": [
            {
                "alias": "nationality",
                "meta": "@nationality",
                "text": "Belgium",
                "userDefined": true
            },
            {
                "text": ". would I need a visa to come in belgium",
                "userDefined": false
            }
        ],
        "isTemplate": false,
        "count": 0,
        "updated": 1560155629
    },
    {
        "id": "21ed7c92-b341-f36f-1184-8cececa9d331",
        "data": [
            {
                "text": "do I need a visa in order to study in belgium.my nationality would be ",
                "userDefined": false
            },
            {
                "alias": "nationality",
                "meta": "@nationality",
                "text": "Belgium",
                "userDefined": true
            },
            {
                "text": " actually",
                "userDefined": false
            }
        ],
        "isTemplate": false,
        "count": 0,
        "updated": 1560155629
    },
    {
        "id": "ea8b22b8-7e3c-343a-a0a4-4c647968f857",
        "data": [
            {
                "text": "my nationality would be ",
                "userDefined": false
            },
            {
                "alias": "nationality",
                "meta": "@nationality",
                "text": "Belgium",
                "userDefined": true
            },
            {
                "text": " actually. do I need a visa in belgium",
                "userDefined": false
            }
        ],
        "isTemplate": false,
        "count": 0,
        "updated": 1560155629
    },
    {
        "id": "c4f4ea5d-2516-b457-4a98-eba2b4c4861e",
        "data": [
            {
                "text": "would I need a visa at uni. my nationality'd be ",
                "userDefined": false
            },
            {
                "alias": "nationality",
                "meta": "@nationality",
                "text": "Belgium",
                "userDefined": true
            },
            {
                "text": " in fact",
                "userDefined": false
            }
        ],
        "isTemplate": false,
        "count": 0,
        "updated": 1560155629
    },
    {
        "id": "2eb8f78c-2e1e-6076-3e61-387372d3a778",
        "data": [
            {
                "text": "it is ",
                "userDefined": false
            },
            {
                "alias": "nationality",
                "meta": "@nationality",
                "text": "Belgium",
                "userDefined": true
            },
            {
                "text": " actually would I need a visa at college",
                "userDefined": false
            }
        ],
        "isTemplate": false,
        "count": 0,
        "updated": 1560155629
    },
    {
        "id": "c0f5a9ec-38f7-a0ce-c8ba-019f7a718aed",
        "data": [
            {
                "text": "would I need a visa in louvain-la-neuve. my nationalityis ",
                "userDefined": false
            },
            {
                "alias": "nationality",
                "meta": "@nationality",
                "text": "Belgian",
                "userDefined": true
            },
            {
                "text": " in fact",
                "userDefined": false
            }
        ],
        "isTemplate": false,
        "count": 0,
        "updated": 1560155629
    },
    {
        "id": "a990f411-fa83-a3dd-1f85-9efceea339dd",
        "data": [
            {
                "text": "my nationis ",
                "userDefined": false
            },
            {
                "alias": "nationality",
                "meta": "@nationality",
                "text": "Belgian",
                "userDefined": true
            },
            {
                "text": " will I have to ask for a visa",
                "userDefined": false
            }
        ],
        "isTemplate": false,
        "count": 0,
        "updated": 1560155629
    },
    {
        "id": "0302812d-03af-44e7-bb1c-a2b56e295712",
        "data": [
            {
                "text": "should I have to ask for a visa.it's ",
                "userDefined": false
            },
            {
                "alias": "nationality",
                "meta": "@nationality",
                "text": "Belgian",
                "userDefined": true
            }
        ],
        "isTemplate": false,
        "count": 0,
        "updated": 1560155629
    },
    {
        "id": "787927e3-6626-b622-b3ff-302f7231e15b",
        "data": [
            {
                "alias": "nationality",
                "meta": "@nationality",
                "text": "Belgian",
                "userDefined": true
            },
            {
                "text": " should I have to receive a visa",
                "userDefined": false
            }
        ],
        "isTemplate": false,
        "count": 0,
        "updated": 1560155629
    },
    {
        "id": "a2a4540f-e022-7a2b-dfbc-f837079e2408",
        "data": [
            {
                "text": "will I need a visa in order to go in belgium.I come from ",
                "userDefined": false
            },
            {
                "alias": "nationality",
                "meta": "@nationality",
                "text": "Belgium",
                "userDefined": true
            }
        ],
        "isTemplate": false,
        "count": 0,
        "updated": 1560155629
    },
    {
        "id": "cfbdb38a-6974-8dc5-de79-42fea62a2eb3",
        "data": [
            {
                "alias": "nationality",
                "meta": "@nationality",
                "text": "Belgian",
                "userDefined": true
            },
            {
                "text": " exactly.would I need to ask for a visa",
                "userDefined": false
            }
        ],
        "isTemplate": false,
        "count": 0,
        "updated": 1560155629
    },
    {
        "id": "6b80e722-9778-9d60-ec3f-46bc6b1e9553",
        "data": [
            {
                "text": "will I need a visa at ucl. ",
                "userDefined": false
            },
            {
                "alias": "nationality",
                "meta": "@nationality",
                "text": "Belgium",
                "userDefined": true
            },
            {
                "text": " in fact",
                "userDefined": false
            }
        ],
        "isTemplate": false,
        "count": 0,
        "updated": 1560155629
    },
    {
        "id": "452d6faa-e385-cd91-8128-aaa5d93dae30",
        "data": [
            {
                "text": "it is ",
                "userDefined": false
            },
            {
                "alias": "nationality",
                "meta": "@nationality",
                "text": "Belgium",
                "userDefined": true
            },
            {
                "text": " in fact. would I have to receive a visa",
                "userDefined": false
            }
        ],
        "isTemplate": false,
        "count": 0,
        "updated": 1560155629
    },
    {
        "id": "3f7bcf08-89cd-a584-25f6-ed8d26b4e22b",
        "data": [
            {
                "text": "is it required to possess a visa.my nationalityis ",
                "userDefined": false
            },
            {
                "alias": "nationality",
                "meta": "@nationality",
                "text": "Belgium",
                "userDefined": true
            }
        ],
        "isTemplate": false,
        "count": 0,
        "updated": 1560155629
    },
    {
        "id": "b9676b36-6848-9feb-d9b9-b4b8bc555439",
        "data": [
            {
                "text": "it is ",
                "userDefined": false
            },
            {
                "alias": "nationality",
                "meta": "@nationality",
                "text": "Belgium",
                "userDefined": true
            },
            {
                "text": " in fact. will I obtain a visa",
                "userDefined": false
            }
        ],
        "isTemplate": false,
        "count": 0,
        "updated": 1560155629
    },
    {
        "id": "f560ab01-56f3-f757-ee9e-c454e84d061d",
        "data": [
            {
                "text": "would I need a visa to study in belgium.my nation would be ",
                "userDefined": false
            },
            {
                "alias": "nationality",
                "meta": "@nationality",
                "text": "Belgium",
                "userDefined": true
            },
            {
                "text": " exactly",
                "userDefined": false
            }
        ],
        "isTemplate": false,
        "count": 0,
        "updated": 1560155629
    },
    {
        "id": "0a59c969-3d0d-a4ca-dcca-f05ef77ff2f2",
        "data": [
            {
                "text": "my nationis ",
                "userDefined": false
            },
            {
                "alias": "nationality",
                "meta": "@nationality",
                "text": "Belgium",
                "userDefined": true
            },
            {
                "text": " actually will I need a visa to go in belgium",
                "userDefined": false
            }
        ],
        "isTemplate": false,
        "count": 0,
        "updated": 1560155629
    },
    {
        "id": "1e0b4dee-8464-5832-8469-d2cf9675753a",
        "data": [
            {
                "text": "would I need a visa to study in belgium. it's ",
                "userDefined": false
            },
            {
                "alias": "nationality",
                "meta": "@nationality",
                "text": "Belgium",
                "userDefined": true
            },
            {
                "text": " exactly",
                "userDefined": false
            }
        ],
        "isTemplate": false,
        "count": 0,
        "updated": 1560155629
    },
    {
        "id": "17bd0242-a66b-5673-c3b1-cdd35f9abb11",
        "data": [
            {
                "text": "my nation would be ",
                "userDefined": false
            },
            {
                "alias": "nationality",
                "meta": "@nationality",
                "text": "Belgian",
                "userDefined": true
            },
            {
                "text": " exactly do I need a visa at UCL",
                "userDefined": false
            }
        ],
        "isTemplate": false,
        "count": 0,
        "updated": 1560155629
    },
    {
        "id": "1cbb31b6-cc4d-6029-4896-e7ed66e9e2fe",
        "data": [
            {
                "text": "will I need a visa at UCLouvain.it's ",
                "userDefined": false
            },
            {
                "alias": "nationality",
                "meta": "@nationality",
                "text": "Belgium",
                "userDefined": true
            },
            {
                "text": " exactly",
                "userDefined": false
            }
        ],
        "isTemplate": false,
        "count": 0,
        "updated": 1560155629
    },
    {
        "id": "847c24c9-dca9-ce82-6f20-574363f36cb4",
        "data": [
            {
                "text": "my nationis ",
                "userDefined": false
            },
            {
                "alias": "nationality",
                "meta": "@nationality",
                "text": "Belgian",
                "userDefined": true
            },
            {
                "text": " actually.would I need a visa to come in belgium",
                "userDefined": false
            }
        ],
        "isTemplate": false,
        "count": 0,
        "updated": 1560155629
    },
    {
        "id": "7bf8f699-3940-0a2d-fdcc-990b8d926df2",
        "data": [
            {
                "text": "do I need to ask for a visa. my nationality would be ",
                "userDefined": false
            },
            {
                "alias": "nationality",
                "meta": "@nationality",
                "text": "Belgian",
                "userDefined": true
            }
        ],
        "isTemplate": false,
        "count": 0,
        "updated": 1560155629
    },
    {
        "id": "4af8d1be-131a-7129-6d94-6b4f270387c2",
        "data": [
            {
                "text": "my nationality'd be ",
                "userDefined": false
            },
            {
                "alias": "nationality",
                "meta": "@nationality",
                "text": "Belgium",
                "userDefined": true
            },
            {
                "text": " exactly.would I need a visa in louvain",
                "userDefined": false
            }
        ],
        "isTemplate": false,
        "count": 0,
        "updated": 1560155629
    },
    {
        "id": "1cbd6c24-5160-30da-2a6c-cf83b3af4e8a",
        "data": [
            {
                "text": "would I need a visa in Louv. ",
                "userDefined": false
            },
            {
                "alias": "nationality",
                "meta": "@nationality",
                "text": "Belgium",
                "userDefined": true
            },
            {
                "text": " in fact",
                "userDefined": false
            }
        ],
        "isTemplate": false,
        "count": 0,
        "updated": 1560155629
    },
    {
        "id": "c353966a-f984-13d6-cc70-36d355e184cb",
        "data": [
            {
                "text": "it's ",
                "userDefined": false
            },
            {
                "alias": "nationality",
                "meta": "@nationality",
                "text": "Belgium",
                "userDefined": true
            },
            {
                "text": " in fact will I obtain a visa",
                "userDefined": false
            }
        ],
        "isTemplate": false,
        "count": 0,
        "updated": 1560155629
    },
    {
        "id": "626a890f-20d1-903c-2dbd-81c25e9733d5",
        "data": [
            {
                "text": "will I need a visa in belgium. my nationality would be ",
                "userDefined": false
            },
            {
                "alias": "nationality",
                "meta": "@nationality",
                "text": "Belgium",
                "userDefined": true
            },
            {
                "text": " exactly",
                "userDefined": false
            }
        ],
        "isTemplate": false,
        "count": 0,
        "updated": 1560155629
    },
    {
        "id": "34695be3-e295-cc7c-de2e-78a528c7b424",
        "data": [
            {
                "alias": "nationality",
                "meta": "@nationality",
                "text": "Belgian",
                "userDefined": true
            },
            {
                "text": " exactly do I need a visa to study in belgium",
                "userDefined": false
            }
        ],
        "isTemplate": false,
        "count": 0,
        "updated": 1560155629
    },
    {
        "id": "3d9723c3-55f4-e6ed-42d4-eee04496dc49",
        "data": [
            {
                "text": "do I need a visa at college. it is ",
                "userDefined": false
            },
            {
                "alias": "nationality",
                "meta": "@nationality",
                "text": "Belgium",
                "userDefined": true
            },
            {
                "text": " in fact",
                "userDefined": false
            }
        ],
        "isTemplate": false,
        "count": 0,
        "updated": 1560155629
    },
    {
        "id": "a8a00b89-030f-836c-74ff-2a436d2c4be0",
        "data": [
            {
                "text": "my nation'd be ",
                "userDefined": false
            },
            {
                "alias": "nationality",
                "meta": "@nationality",
                "text": "Belgian",
                "userDefined": true
            },
            {
                "text": " would I need to ask for a visa",
                "userDefined": false
            }
        ],
        "isTemplate": false,
        "count": 0,
        "updated": 1560155629
    },
    {
        "id": "27c10869-e93b-213a-4d59-b9b5f4ce0667",
        "data": [
            {
                "text": "would I need to acquire a visa my nation'd be ",
                "userDefined": false
            },
            {
                "alias": "nationality",
                "meta": "@nationality",
                "text": "Belgian",
                "userDefined": true
            }
        ],
        "isTemplate": false,
        "count": 0,
        "updated": 1560155629
    },
    {
        "id": "f11f6e1f-887e-eaf8-3cc7-ebca241cd0be",
        "data": [
            {
                "text": "my nationis ",
                "userDefined": false
            },
            {
                "alias": "nationality",
                "meta": "@nationality",
                "text": "Belgium",
                "userDefined": true
            },
            {
                "text": ".do I need a visa at college",
                "userDefined": false
            }
        ],
        "isTemplate": false,
        "count": 0,
        "updated": 1560155629
    },
    {
        "id": "7d295d32-7d98-23d1-7e1c-374e9766d00e",
        "data": [
            {
                "text": "will I need a visa there.my nationalityis ",
                "userDefined": false
            },
            {
                "alias": "nationality",
                "meta": "@nationality",
                "text": "Belgium",
                "userDefined": true
            },
            {
                "text": " in fact",
                "userDefined": false
            }
        ],
        "isTemplate": false,
        "count": 0,
        "updated": 1560155629
    },
    {
        "id": "d521ad66-f3e0-4ebf-87d3-e20fdab02a72",
        "data": [
            {
                "text": "my nationalityis ",
                "userDefined": false
            },
            {
                "alias": "nationality",
                "meta": "@nationality",
                "text": "Belgian",
                "userDefined": true
            },
            {
                "text": " in fact would I need a visa at Louvain",
                "userDefined": false
            }
        ],
        "isTemplate": false,
        "count": 0,
        "updated": 1560155629
    },
    {
        "id": "7f13758d-8692-5696-8352-2c7c89d8fe5e",
        "data": [
            {
                "text": "will I need a visa in belgium I'd be ",
                "userDefined": false
            },
            {
                "alias": "nationality",
                "meta": "@nationality",
                "text": "Belgium",
                "userDefined": true
            }
        ],
        "isTemplate": false,
        "count": 0,
        "updated": 1560155629
    },
    {
        "id": "5d0fe2d1-8820-0334-d294-972668c10734",
        "data": [
            {
                "text": "my nationis ",
                "userDefined": false
            },
            {
                "alias": "nationality",
                "meta": "@nationality",
                "text": "Belgian",
                "userDefined": true
            },
            {
                "text": " exactly would I need a visa at college",
                "userDefined": false
            }
        ],
        "isTemplate": false,
        "count": 0,
        "updated": 1560155629
    },
    {
        "id": "080b9349-dc88-8225-e33c-e786b66b1b58",
        "data": [
            {
                "text": "would I have to receive a visa it is ",
                "userDefined": false
            },
            {
                "alias": "nationality",
                "meta": "@nationality",
                "text": "Belgian",
                "userDefined": true
            },
            {
                "text": " exactly",
                "userDefined": false
            }
        ],
        "isTemplate": false,
        "count": 0,
        "updated": 1560155629
    },
    {
        "id": "6fe28cb1-dcfb-309d-ad2d-8e7857f2fdff",
        "data": [
            {
                "text": "it's ",
                "userDefined": false
            },
            {
                "alias": "nationality",
                "meta": "@nationality",
                "text": "Belgium",
                "userDefined": true
            },
            {
                "text": " exactly do I have to obtain a visa",
                "userDefined": false
            }
        ],
        "isTemplate": false,
        "count": 0,
        "updated": 1560155629
    },
    {
        "id": "3105cf69-61e6-410a-10e9-ebddfdbfa902",
        "data": [
            {
                "text": "do I need a visa in Louvain la Neuve.my nationis ",
                "userDefined": false
            },
            {
                "alias": "nationality",
                "meta": "@nationality",
                "text": "Belgian",
                "userDefined": true
            },
            {
                "text": " in fact",
                "userDefined": false
            }
        ],
        "isTemplate": false,
        "count": 0,
        "updated": 1560155629
    },
    {
        "id": "2cb53169-e78e-ec25-f4e3-357c64d9d097",
        "data": [
            {
                "text": "it's ",
                "userDefined": false
            },
            {
                "alias": "nationality",
                "meta": "@nationality",
                "text": "Belgian",
                "userDefined": true
            },
            {
                "text": " in fact do I need to obtain a visa",
                "userDefined": false
            }
        ],
        "isTemplate": false,
        "count": 0,
        "updated": 1560155629
    },
    {
        "id": "ae02263b-9fef-47ec-c24d-a9eb0e67ff19",
        "data": [
            {
                "text": "do I need to receive a visa.it is ",
                "userDefined": false
            },
            {
                "alias": "nationality",
                "meta": "@nationality",
                "text": "Belgium",
                "userDefined": true
            },
            {
                "text": " in fact",
                "userDefined": false
            }
        ],
        "isTemplate": false,
        "count": 0,
        "updated": 1560155629
    },
    {
        "id": "3dfd672c-8745-f654-b078-fbd488bbfb7b",
        "data": [
            {
                "text": "my nation would be ",
                "userDefined": false
            },
            {
                "alias": "nationality",
                "meta": "@nationality",
                "text": "Belgian",
                "userDefined": true
            },
            {
                "text": " actually.would I need a visa at Louv",
                "userDefined": false
            }
        ],
        "isTemplate": false,
        "count": 0,
        "updated": 1560155629
    },
    {
        "id": "174e3a3a-7ef0-be2c-4226-5c4356486d3f",
        "data": [
            {
                "text": "would I need a visa at uclouvain it is ",
                "userDefined": false
            },
            {
                "alias": "nationality",
                "meta": "@nationality",
                "text": "Belgium",
                "userDefined": true
            },
            {
                "text": " exactly",
                "userDefined": false
            }
        ],
        "isTemplate": false,
        "count": 0,
        "updated": 1560155629
    },
    {
        "id": "139c1ee7-daa9-092e-781a-927e949c06d6",
        "data": [
            {
                "text": "my nationis ",
                "userDefined": false
            },
            {
                "alias": "nationality",
                "meta": "@nationality",
                "text": "Belgian",
                "userDefined": true
            },
            {
                "text": ". should I need to acquire a visa",
                "userDefined": false
            }
        ],
        "isTemplate": false,
        "count": 0,
        "updated": 1560155629
    },
    {
        "id": "2c3ba42d-8efd-a563-8c5f-3ab28cdcb41c",
        "data": [
            {
                "text": "would I need to acquire a visa it is ",
                "userDefined": false
            },
            {
                "alias": "nationality",
                "meta": "@nationality",
                "text": "Belgian",
                "userDefined": true
            },
            {
                "text": " actually",
                "userDefined": false
            }
        ],
        "isTemplate": false,
        "count": 0,
        "updated": 1560155629
    },
    {
        "id": "925ab5c6-b132-8e48-7122-2e3ba66fb9d3",
        "data": [
            {
                "text": "I would be ",
                "userDefined": false
            },
            {
                "alias": "nationality",
                "meta": "@nationality",
                "text": "Belgian",
                "userDefined": true
            },
            {
                "text": ". would I need a visa at Louv",
                "userDefined": false
            }
        ],
        "isTemplate": false,
        "count": 0,
        "updated": 1560155629
    },
    {
        "id": "a9e4528d-5c60-1efe-36b9-7fa820a02bb2",
        "data": [
            {
                "text": "do I need to ask for a visa.I would be ",
                "userDefined": false
            },
            {
                "alias": "nationality",
                "meta": "@nationality",
                "text": "Belgium",
                "userDefined": true
            }
        ],
        "isTemplate": false,
        "count": 0,
        "updated": 1560155629
    },
    {
        "id": "ca7d6e47-e9c0-06e9-e322-521294488c1f",
        "data": [
            {
                "text": "my nation'd be ",
                "userDefined": false
            },
            {
                "alias": "nationality",
                "meta": "@nationality",
                "text": "Belgium",
                "userDefined": true
            },
            {
                "text": " in fact do I need a visa at UCL",
                "userDefined": false
            }
        ],
        "isTemplate": false,
        "count": 0,
        "updated": 1560155629
    },
    {
        "id": "0a3eb900-ee55-6bb0-2153-020e9579ca65",
        "data": [
            {
                "text": "will I need a visa to go in belgium.my nationalityis ",
                "userDefined": false
            },
            {
                "alias": "nationality",
                "meta": "@nationality",
                "text": "Belgium",
                "userDefined": true
            },
            {
                "text": " actually",
                "userDefined": false
            }
        ],
        "isTemplate": false,
        "count": 0,
        "updated": 1560155629
    },
    {
        "id": "332a7722-c418-0014-7241-d14739545969",
        "data": [
            {
                "text": "my nation'd be ",
                "userDefined": false
            },
            {
                "alias": "nationality",
                "meta": "@nationality",
                "text": "Belgian",
                "userDefined": true
            },
            {
                "text": " in fact.will I have to obtain a visa",
                "userDefined": false
            }
        ],
        "isTemplate": false,
        "count": 0,
        "updated": 1560155629
    },
    {
        "id": "b37a0aa6-1911-9119-e1ff-b2cbddb1b38a",
        "data": [
            {
                "text": "do I need to get a visa. ",
                "userDefined": false
            },
            {
                "alias": "nationality",
                "meta": "@nationality",
                "text": "Belgium",
                "userDefined": true
            },
            {
                "text": " actually",
                "userDefined": false
            }
        ],
        "isTemplate": false,
        "count": 0,
        "updated": 1560155629
    },
    {
        "id": "454c300a-8db8-c499-6c28-f4e1e152cf9d",
        "data": [
            {
                "alias": "nationality",
                "meta": "@nationality",
                "text": "Belgium",
                "userDefined": true
            },
            {
                "text": " actually. should I need to ask for a visa",
                "userDefined": false
            }
        ],
        "isTemplate": false,
        "count": 0,
        "updated": 1560155629
    },
    {
        "id": "757011c0-6f47-6db2-cf86-53f49483bde2",
        "data": [
            {
                "text": "do I have to get a visa. I come from ",
                "userDefined": false
            },
            {
                "alias": "nationality",
                "meta": "@nationality",
                "text": "Belgium",
                "userDefined": true
            }
        ],
        "isTemplate": false,
        "count": 0,
        "updated": 1560155629
    },
    {
        "id": "9b9c27e0-9bcc-59b4-4688-72c8261ec080",
        "data": [
            {
                "text": "my nationis ",
                "userDefined": false
            },
            {
                "alias": "nationality",
                "meta": "@nationality",
                "text": "Belgian",
                "userDefined": true
            },
            {
                "text": ".do I need a visa at Louv",
                "userDefined": false
            }
        ],
        "isTemplate": false,
        "count": 0,
        "updated": 1560155629
    },
    {
        "id": "f7b3d10c-8684-25a0-6881-181c6db1e3ab",
        "data": [
            {
                "text": "should I obtain a visa. my nationalityis ",
                "userDefined": false
            },
            {
                "alias": "nationality",
                "meta": "@nationality",
                "text": "Belgium",
                "userDefined": true
            },
            {
                "text": " exactly",
                "userDefined": false
            }
        ],
        "isTemplate": false,
        "count": 0,
        "updated": 1560155629
    },
    {
        "id": "7e6af36b-c572-3288-f6b7-cd5883d33c41",
        "data": [
            {
                "text": "my nation would be ",
                "userDefined": false
            },
            {
                "alias": "nationality",
                "meta": "@nationality",
                "text": "Belgium",
                "userDefined": true
            },
            {
                "text": " actually.should I ask for a visa",
                "userDefined": false
            }
        ],
        "isTemplate": false,
        "count": 0,
        "updated": 1560155629
    },
    {
        "id": "f14dda62-d331-4bcd-4045-37ff70e4910e",
        "data": [
            {
                "text": "is it required to possess a visa my nation would be ",
                "userDefined": false
            },
            {
                "alias": "nationality",
                "meta": "@nationality",
                "text": "Belgium",
                "userDefined": true
            },
            {
                "text": " exactly",
                "userDefined": false
            }
        ],
        "isTemplate": false,
        "count": 0,
        "updated": 1560155629
    },
    {
        "id": "b4cd666d-934b-7115-e0e4-af0e21193f0b",
        "data": [
            {
                "alias": "nationality",
                "meta": "@nationality",
                "text": "Belgium",
                "userDefined": true
            },
            {
                "text": " exactly would I need a visa in louvain",
                "userDefined": false
            }
        ],
        "isTemplate": false,
        "count": 0,
        "updated": 1560155629
    },
    {
        "id": "3dab806a-8c1b-bf77-6663-ce221ed97daf",
        "data": [
            {
                "text": "do I need to acquire a visa. my nation would be ",
                "userDefined": false
            },
            {
                "alias": "nationality",
                "meta": "@nationality",
                "text": "Belgium",
                "userDefined": true
            },
            {
                "text": " in fact",
                "userDefined": false
            }
        ],
        "isTemplate": false,
        "count": 0,
        "updated": 1560155629
    },
    {
        "id": "bc130cbb-f1dc-df4b-e761-bae70af90e0f",
        "data": [
            {
                "text": "my nationality would be ",
                "userDefined": false
            },
            {
                "alias": "nationality",
                "meta": "@nationality",
                "text": "Belgium",
                "userDefined": true
            },
            {
                "text": " exactly.is it required to possess a visa",
                "userDefined": false
            }
        ],
        "isTemplate": false,
        "count": 0,
        "updated": 1560155629
    },
    {
        "id": "a18b701f-802b-2191-2cfc-a8a455fb6246",
        "data": [
            {
                "text": "do I need a visa in order to go in belgium. ",
                "userDefined": false
            },
            {
                "alias": "nationality",
                "meta": "@nationality",
                "text": "Belgium",
                "userDefined": true
            },
            {
                "text": " in fact",
                "userDefined": false
            }
        ],
        "isTemplate": false,
        "count": 0,
        "updated": 1560155629
    },
    {
        "id": "bc6222f8-f762-9076-b9e3-16db6de83338",
        "data": [
            {
                "text": "it is ",
                "userDefined": false
            },
            {
                "alias": "nationality",
                "meta": "@nationality",
                "text": "Belgian",
                "userDefined": true
            },
            {
                "text": " will I need a visa to come in belgium",
                "userDefined": false
            }
        ],
        "isTemplate": false,
        "count": 0,
        "updated": 1560155629
    },
    {
        "id": "49223ec5-8519-a503-e73e-975a488b4276",
        "data": [
            {
                "text": "should I need to acquire a visa my nationality would be ",
                "userDefined": false
            },
            {
                "alias": "nationality",
                "meta": "@nationality",
                "text": "Belgian",
                "userDefined": true
            },
            {
                "text": " actually",
                "userDefined": false
            }
        ],
        "isTemplate": false,
        "count": 0,
        "updated": 1560155629
    },
    {
        "id": "6f1b5d7b-0584-02f7-46e5-fa62f3102098",
        "data": [
            {
                "text": "my nationalityis ",
                "userDefined": false
            },
            {
                "alias": "nationality",
                "meta": "@nationality",
                "text": "Belgian",
                "userDefined": true
            },
            {
                "text": " exactly do I need a visa in lln",
                "userDefined": false
            }
        ],
        "isTemplate": false,
        "count": 0,
        "updated": 1560155629
    },
    {
        "id": "d76c248b-c912-b067-43dd-afd3552edcbc",
        "data": [
            {
                "text": "would I need a visa at UCLouvain my nationality would be ",
                "userDefined": false
            },
            {
                "alias": "nationality",
                "meta": "@nationality",
                "text": "Belgian",
                "userDefined": true
            },
            {
                "text": " actually",
                "userDefined": false
            }
        ],
        "isTemplate": false,
        "count": 0,
        "updated": 1560155629
    },
    {
        "id": "e8cc6732-76c5-8d74-e784-7af2bcc8880e",
        "data": [
            {
                "text": "my nation'd be ",
                "userDefined": false
            },
            {
                "alias": "nationality",
                "meta": "@nationality",
                "text": "Belgian",
                "userDefined": true
            },
            {
                "text": ".should I ask for a visa",
                "userDefined": false
            }
        ],
        "isTemplate": false,
        "count": 0,
        "updated": 1560155629
    },
    {
        "id": "feaf276b-1bed-cb33-817b-13bfc300c2c9",
        "data": [
            {
                "text": "would I need a visa in Louvain.my nationality would be ",
                "userDefined": false
            },
            {
                "alias": "nationality",
                "meta": "@nationality",
                "text": "Belgium",
                "userDefined": true
            }
        ],
        "isTemplate": false,
        "count": 0,
        "updated": 1560155629
    },
    {
        "id": "9a926c08-15de-345a-6a48-fa6b85953d08",
        "data": [
            {
                "text": "I am ",
                "userDefined": false
            },
            {
                "alias": "nationality",
                "meta": "@nationality",
                "text": "Belgium",
                "userDefined": true
            },
            {
                "text": " will I need a visa to go in belgium",
                "userDefined": false
            }
        ],
        "isTemplate": false,
        "count": 0,
        "updated": 1560155629
    },
    {
        "id": "58644574-1a48-d300-f1ea-3bb7fd61523c",
        "data": [
            {
                "text": "would I need a visa to come in belgium.my nationality'd be ",
                "userDefined": false
            },
            {
                "alias": "nationality",
                "meta": "@nationality",
                "text": "Belgian",
                "userDefined": true
            },
            {
                "text": " actually",
                "userDefined": false
            }
        ],
        "isTemplate": false,
        "count": 0,
        "updated": 1560155629
    },
    {
        "id": "7581ff8f-b8c0-e7b9-8bff-b3c1bd710387",
        "data": [
            {
                "text": "it's ",
                "userDefined": false
            },
            {
                "alias": "nationality",
                "meta": "@nationality",
                "text": "Belgian",
                "userDefined": true
            },
            {
                "text": " exactly will I need a visa in order to study in belgium",
                "userDefined": false
            }
        ],
        "isTemplate": false,
        "count": 0,
        "updated": 1560155629
    },
    {
        "id": "61af2bfb-e554-a362-de9e-9af19ea11713",
        "data": [
            {
                "text": "would I need a visa at UCLouvain.it's ",
                "userDefined": false
            },
            {
                "alias": "nationality",
                "meta": "@nationality",
                "text": "Belgian",
                "userDefined": true
            },
            {
                "text": " actually",
                "userDefined": false
            }
        ],
        "isTemplate": false,
        "count": 0,
        "updated": 1560155629
    },
    {
        "id": "8db98f6c-8515-f5d9-eccf-943afbfb1f03",
        "data": [
            {
                "alias": "nationality",
                "meta": "@nationality",
                "text": "Belgian",
                "userDefined": true
            },
            {
                "text": " in fact.do I need a visa there",
                "userDefined": false
            }
        ],
        "isTemplate": false,
        "count": 0,
        "updated": 1560155629
    },
    {
        "id": "95ae4d07-ca0c-59b5-b047-967bf5e570f2",
        "data": [
            {
                "text": "would I need a visa to come in belgium my nationality would be ",
                "userDefined": false
            },
            {
                "alias": "nationality",
                "meta": "@nationality",
                "text": "Belgian",
                "userDefined": true
            },
            {
                "text": " exactly",
                "userDefined": false
            }
        ],
        "isTemplate": false,
        "count": 0,
        "updated": 1560155629
    },
    {
        "id": "b7302153-6f08-9fcd-d177-7b35ecc78356",
        "data": [
            {
                "text": "it's ",
                "userDefined": false
            },
            {
                "alias": "nationality",
                "meta": "@nationality",
                "text": "Belgian",
                "userDefined": true
            },
            {
                "text": " will I acquire a visa",
                "userDefined": false
            }
        ],
        "isTemplate": false,
        "count": 0,
        "updated": 1560155629
    },
    {
        "id": "73a2e09a-4196-9a8b-a2f2-027c32911430",
        "data": [
            {
                "text": "will I need to obtain a visa. my nationis ",
                "userDefined": false
            },
            {
                "alias": "nationality",
                "meta": "@nationality",
                "text": "Belgium",
                "userDefined": true
            },
            {
                "text": " exactly",
                "userDefined": false
            }
        ],
        "isTemplate": false,
        "count": 0,
        "updated": 1560155629
    },
    {
        "id": "790bcd53-474d-e7ca-d675-9938f823e368",
        "data": [
            {
                "text": "my nationalityis ",
                "userDefined": false
            },
            {
                "alias": "nationality",
                "meta": "@nationality",
                "text": "Belgian",
                "userDefined": true
            },
            {
                "text": " do I have to get a visa",
                "userDefined": false
            }
        ],
        "isTemplate": false,
        "count": 0,
        "updated": 1560155629
    },
    {
        "id": "815cb35a-e632-b27f-2f7f-55d323a71576",
        "data": [
            {
                "text": "would I obtain a visa. I am ",
                "userDefined": false
            },
            {
                "alias": "nationality",
                "meta": "@nationality",
                "text": "Belgian",
                "userDefined": true
            }
        ],
        "isTemplate": false,
        "count": 0,
        "updated": 1560155629
    },
    {
        "id": "47687816-f884-6979-8728-269464d1197d",
        "data": [
            {
                "text": "my nation'd be ",
                "userDefined": false
            },
            {
                "alias": "nationality",
                "meta": "@nationality",
                "text": "Belgium",
                "userDefined": true
            },
            {
                "text": " do I need a visa at UCL",
                "userDefined": false
            }
        ],
        "isTemplate": false,
        "count": 0,
        "updated": 1560155629
    },
    {
        "id": "f3f068fa-aad6-9351-87bf-c286ad8985d1",
        "data": [
            {
                "text": "should I have to receive a visa my nationality would be ",
                "userDefined": false
            },
            {
                "alias": "nationality",
                "meta": "@nationality",
                "text": "Belgian",
                "userDefined": true
            },
            {
                "text": " actually",
                "userDefined": false
            }
        ],
        "isTemplate": false,
        "count": 0,
        "updated": 1560155629
    },
    {
        "id": "edb47ba4-d93b-fd11-6722-ff4677beabf6",
        "data": [
            {
                "text": "my nationis ",
                "userDefined": false
            },
            {
                "alias": "nationality",
                "meta": "@nationality",
                "text": "Belgium",
                "userDefined": true
            },
            {
                "text": " actually will I have to obtain a visa",
                "userDefined": false
            }
        ],
        "isTemplate": false,
        "count": 0,
        "updated": 1560155629
    },
    {
        "id": "73a52a8b-832b-f7c7-7921-69e3784d2e3f",
        "data": [
            {
                "text": "will I need a visa in lln.my nationality would be ",
                "userDefined": false
            },
            {
                "alias": "nationality",
                "meta": "@nationality",
                "text": "Belgium",
                "userDefined": true
            },
            {
                "text": " in fact",
                "userDefined": false
            }
        ],
        "isTemplate": false,
        "count": 0,
        "updated": 1560155629
    },
    {
        "id": "a0eafe4d-1476-b67d-f673-785a16f6c0b9",
        "data": [
            {
                "text": "I would be ",
                "userDefined": false
            },
            {
                "alias": "nationality",
                "meta": "@nationality",
                "text": "Belgian",
                "userDefined": true
            },
            {
                "text": ".will I need a visa to go in belgium",
                "userDefined": false
            }
        ],
        "isTemplate": false,
        "count": 0,
        "updated": 1560155629
    },
    {
        "id": "8802f81e-b462-1966-8f08-cbbbacbcf69f",
        "data": [
            {
                "text": "will I need a visa at the university ",
                "userDefined": false
            },
            {
                "alias": "nationality",
                "meta": "@nationality",
                "text": "Belgium",
                "userDefined": true
            },
            {
                "text": " exactly",
                "userDefined": false
            }
        ],
        "isTemplate": false,
        "count": 0,
        "updated": 1560155629
    },
    {
        "id": "a6733d79-7f32-02f5-70b9-2804d48bc31b",
        "data": [
            {
                "text": "it is ",
                "userDefined": false
            },
            {
                "alias": "nationality",
                "meta": "@nationality",
                "text": "Belgium",
                "userDefined": true
            },
            {
                "text": " in fact would I need a visa to study in belgium",
                "userDefined": false
            }
        ],
        "isTemplate": false,
        "count": 0,
        "updated": 1560155629
    },
    {
        "id": "8e063835-f71d-9268-81f4-55e442bf1260",
        "data": [
            {
                "text": "would I need a visa to go in belgium. my nationality would be ",
                "userDefined": false
            },
            {
                "alias": "nationality",
                "meta": "@nationality",
                "text": "Belgian",
                "userDefined": true
            },
            {
                "text": " exactly",
                "userDefined": false
            }
        ],
        "isTemplate": false,
        "count": 0,
        "updated": 1560155629
    },
    {
        "id": "c209769c-6e9e-cd46-bea3-7004166a6487",
        "data": [
            {
                "text": "my nation would be ",
                "userDefined": false
            },
            {
                "alias": "nationality",
                "meta": "@nationality",
                "text": "Belgium",
                "userDefined": true
            },
            {
                "text": ".do I need a visa at UCL",
                "userDefined": false
            }
        ],
        "isTemplate": false,
        "count": 0,
        "updated": 1560155629
    },
    {
        "id": "a63a03df-237b-9a15-6a6b-96c811313667",
        "data": [
            {
                "text": "would I need a visa at the university. ",
                "userDefined": false
            },
            {
                "alias": "nationality",
                "meta": "@nationality",
                "text": "Belgian",
                "userDefined": true
            },
            {
                "text": " exactly",
                "userDefined": false
            }
        ],
        "isTemplate": false,
        "count": 0,
        "updated": 1560155629
    },
    {
        "id": "fc360221-a92f-6fab-262d-409642a8fcd3",
        "data": [
            {
                "alias": "nationality",
                "meta": "@nationality",
                "text": "Belgian",
                "userDefined": true
            },
            {
                "text": " actually.do I have to obtain a visa",
                "userDefined": false
            }
        ],
        "isTemplate": false,
        "count": 0,
        "updated": 1560155629
    },
    {
        "id": "520f3e12-125f-1943-ef6b-4b66b247c252",
        "data": [
            {
                "text": "will I need a visa at louvain-la-neuve my nationalityis ",
                "userDefined": false
            },
            {
                "alias": "nationality",
                "meta": "@nationality",
                "text": "Belgian",
                "userDefined": true
            },
            {
                "text": " in fact",
                "userDefined": false
            }
        ],
        "isTemplate": false,
        "count": 0,
        "updated": 1560155629
    },
    {
        "id": "31102d5a-a4f7-1613-67b3-881ce3d00042",
        "data": [
            {
                "text": "I'd be ",
                "userDefined": false
            },
            {
                "alias": "nationality",
                "meta": "@nationality",
                "text": "Belgian",
                "userDefined": true
            },
            {
                "text": ". do I need a visa at college",
                "userDefined": false
            }
        ],
        "isTemplate": false,
        "count": 0,
        "updated": 1560155629
    },
    {
        "id": "36bdb9f6-759f-4e9b-baca-575a4570c5bd",
        "data": [
            {
                "text": "do I have to acquire a visa my nationis ",
                "userDefined": false
            },
            {
                "alias": "nationality",
                "meta": "@nationality",
                "text": "Belgian",
                "userDefined": true
            },
            {
                "text": " actually",
                "userDefined": false
            }
        ],
        "isTemplate": false,
        "count": 0,
        "updated": 1560155629
    },
    {
        "id": "fae20dcc-f3da-2452-f7b9-3e9425d4de2c",
        "data": [
            {
                "text": "it's ",
                "userDefined": false
            },
            {
                "alias": "nationality",
                "meta": "@nationality",
                "text": "Belgian",
                "userDefined": true
            },
            {
                "text": " exactly. do I need a visa in order to go in belgium",
                "userDefined": false
            }
        ],
        "isTemplate": false,
        "count": 0,
        "updated": 1560155629
    },
    {
        "id": "2a4ca9ce-9a67-e620-b05b-d9ca49e41a3f",
        "data": [
            {
                "text": "would I obtain a visa. ",
                "userDefined": false
            },
            {
                "alias": "nationality",
                "meta": "@nationality",
                "text": "Belgium",
                "userDefined": true
            }
        ],
        "isTemplate": false,
        "count": 0,
        "updated": 1560155629
    },
    {
        "id": "67ade2c1-8404-3094-60ec-b033efbfac8c",
        "data": [
            {
                "text": "my nationis ",
                "userDefined": false
            },
            {
                "alias": "nationality",
                "meta": "@nationality",
                "text": "Belgium",
                "userDefined": true
            },
            {
                "text": " in fact.would I need a visa in belgium",
                "userDefined": false
            }
        ],
        "isTemplate": false,
        "count": 0,
        "updated": 1560155629
    },
    {
        "id": "33da4292-7094-2dbf-4e8c-923b3c42a7a0",
        "data": [
            {
                "text": "will I need a visa in order to study in belgium ",
                "userDefined": false
            },
            {
                "alias": "nationality",
                "meta": "@nationality",
                "text": "Belgium",
                "userDefined": true
            },
            {
                "text": " in fact",
                "userDefined": false
            }
        ],
        "isTemplate": false,
        "count": 0,
        "updated": 1560155629
    },
    {
        "id": "404ff3e7-62c1-e681-7a13-adfea1e72f06",
        "data": [
            {
                "text": "my nation'd be ",
                "userDefined": false
            },
            {
                "alias": "nationality",
                "meta": "@nationality",
                "text": "Belgium",
                "userDefined": true
            },
            {
                "text": " exactly. will I have to obtain a visa",
                "userDefined": false
            }
        ],
        "isTemplate": false,
        "count": 0,
        "updated": 1560155629
    },
    {
        "id": "c00537b0-6733-1ad0-b1fe-b7ba052c3670",
        "data": [
            {
                "text": "do I need to receive a visa. my nationality would be ",
                "userDefined": false
            },
            {
                "alias": "nationality",
                "meta": "@nationality",
                "text": "Belgium",
                "userDefined": true
            },
            {
                "text": " in fact",
                "userDefined": false
            }
        ],
        "isTemplate": false,
        "count": 0,
        "updated": 1560155629
    },
    {
        "id": "23858b00-e9e2-7b0e-c9d5-9624818bc777",
        "data": [
            {
                "text": "my nationis ",
                "userDefined": false
            },
            {
                "alias": "nationality",
                "meta": "@nationality",
                "text": "Belgium",
                "userDefined": true
            },
            {
                "text": " should I have to obtain a visa",
                "userDefined": false
            }
        ],
        "isTemplate": false,
        "count": 0,
        "updated": 1560155629
    },
    {
        "id": "13b796cb-f01e-ff52-1d4c-4e82bd864538",
        "data": [
            {
                "text": "will I acquire a visa.my nationalityis ",
                "userDefined": false
            },
            {
                "alias": "nationality",
                "meta": "@nationality",
                "text": "Belgium",
                "userDefined": true
            },
            {
                "text": " in fact",
                "userDefined": false
            }
        ],
        "isTemplate": false,
        "count": 0,
        "updated": 1560155629
    },
    {
        "id": "c32ee715-e423-6271-fe54-acb422938b04",
        "data": [
            {
                "text": "it's ",
                "userDefined": false
            },
            {
                "alias": "nationality",
                "meta": "@nationality",
                "text": "Belgium",
                "userDefined": true
            },
            {
                "text": " in fact would I need a visa at UCLouvain",
                "userDefined": false
            }
        ],
        "isTemplate": false,
        "count": 0,
        "updated": 1560155629
    },
    {
        "id": "94bfa809-446d-5a15-f9bc-ac756f049278",
        "data": [
            {
                "text": "do I need a visa in order to go in belgium my nationalityis ",
                "userDefined": false
            },
            {
                "alias": "nationality",
                "meta": "@nationality",
                "text": "Belgium",
                "userDefined": true
            }
        ],
        "isTemplate": false,
        "count": 0,
        "updated": 1560155629
    },
    {
        "id": "a6237aa1-17e6-adae-1909-46fc5e8c8570",
        "data": [
            {
                "text": "my nationality would be ",
                "userDefined": false
            },
            {
                "alias": "nationality",
                "meta": "@nationality",
                "text": "Belgium",
                "userDefined": true
            },
            {
                "text": " actually.will I have to obtain a visa",
                "userDefined": false
            }
        ],
        "isTemplate": false,
        "count": 0,
        "updated": 1560155629
    },
    {
        "id": "43a0e5d2-93d3-7cf9-67f3-59aeaefc893c",
        "data": [
            {
                "text": "would I need a visa to study in belgium.my nation'd be ",
                "userDefined": false
            },
            {
                "alias": "nationality",
                "meta": "@nationality",
                "text": "Belgian",
                "userDefined": true
            },
            {
                "text": " actually",
                "userDefined": false
            }
        ],
        "isTemplate": false,
        "count": 0,
        "updated": 1560155629
    },
    {
        "id": "5bb156aa-2eb1-549e-3c2f-9eb7efd50d1b",
        "data": [
            {
                "text": "my nation would be ",
                "userDefined": false
            },
            {
                "alias": "nationality",
                "meta": "@nationality",
                "text": "Belgium",
                "userDefined": true
            },
            {
                "text": " exactly.do I need to ask for a visa",
                "userDefined": false
            }
        ],
        "isTemplate": false,
        "count": 0,
        "updated": 1560155629
    },
    {
        "id": "eccb5446-f996-0651-6949-937ae662745a",
        "data": [
            {
                "text": "would I need a visa at Louvain-la-Neuve. it is ",
                "userDefined": false
            },
            {
                "alias": "nationality",
                "meta": "@nationality",
                "text": "Belgium",
                "userDefined": true
            }
        ],
        "isTemplate": false,
        "count": 0,
        "updated": 1560155629
    },
    {
        "id": "7d7f44f7-da34-0b86-3b7e-3de375e20f33",
        "data": [
            {
                "alias": "nationality",
                "meta": "@nationality",
                "text": "Belgium",
                "userDefined": true
            },
            {
                "text": " exactly. would I need a visa to go in belgium",
                "userDefined": false
            }
        ],
        "isTemplate": false,
        "count": 0,
        "updated": 1560155629
    },
    {
        "id": "c62506b5-a916-0765-5c0e-fceef5a920a9",
        "data": [
            {
                "text": "do I need a visa to study in belgium my nationality would be ",
                "userDefined": false
            },
            {
                "alias": "nationality",
                "meta": "@nationality",
                "text": "Belgian",
                "userDefined": true
            },
            {
                "text": " actually",
                "userDefined": false
            }
        ],
        "isTemplate": false,
        "count": 0,
        "updated": 1560155629
    },
    {
        "id": "29ceda20-179e-c955-bd67-3c37af3cc8dd",
        "data": [
            {
                "text": "my nation would be ",
                "userDefined": false
            },
            {
                "alias": "nationality",
                "meta": "@nationality",
                "text": "Belgian",
                "userDefined": true
            },
            {
                "text": " actually.should I acquire a visa",
                "userDefined": false
            }
        ],
        "isTemplate": false,
        "count": 0,
        "updated": 1560155629
    },
    {
        "id": "3b260608-27d7-25e6-dca5-ffcbc523e76b",
        "data": [
            {
                "text": "would I have to get a visa. I'd be ",
                "userDefined": false
            },
            {
                "alias": "nationality",
                "meta": "@nationality",
                "text": "Belgium",
                "userDefined": true
            }
        ],
        "isTemplate": false,
        "count": 0,
        "updated": 1560155629
    },
    {
        "id": "beb2762a-37dd-de67-3372-9c24cf49ec6e",
        "data": [
            {
                "text": "my nationalityis ",
                "userDefined": false
            },
            {
                "alias": "nationality",
                "meta": "@nationality",
                "text": "Belgian",
                "userDefined": true
            },
            {
                "text": ". would I have to receive a visa",
                "userDefined": false
            }
        ],
        "isTemplate": false,
        "count": 0,
        "updated": 1560155629
    },
    {
        "id": "c573a30c-7b8c-626b-8eff-afa8517f3962",
        "data": [
            {
                "text": "do I need a visa in order to study in belgium my nation'd be ",
                "userDefined": false
            },
            {
                "alias": "nationality",
                "meta": "@nationality",
                "text": "Belgium",
                "userDefined": true
            }
        ],
        "isTemplate": false,
        "count": 0,
        "updated": 1560155629
    },
    {
        "id": "120c5526-65bf-576e-777a-2ce233d7eb93",
        "data": [
            {
                "text": "I'd be ",
                "userDefined": false
            },
            {
                "alias": "nationality",
                "meta": "@nationality",
                "text": "Belgium",
                "userDefined": true
            },
            {
                "text": ".would I need a visa in louvain",
                "userDefined": false
            }
        ],
        "isTemplate": false,
        "count": 0,
        "updated": 1560155629
    },
    {
        "id": "1200b747-0bf6-c8ee-7369-66baeb1af128",
        "data": [
            {
                "text": "do I have to obtain a visa. my nationality'd be ",
                "userDefined": false
            },
            {
                "alias": "nationality",
                "meta": "@nationality",
                "text": "Belgium",
                "userDefined": true
            }
        ],
        "isTemplate": false,
        "count": 0,
        "updated": 1560155629
    },
    {
        "id": "82f1e065-5286-8835-d4c9-fc80039d1637",
        "data": [
            {
                "text": "I am ",
                "userDefined": false
            },
            {
                "alias": "nationality",
                "meta": "@nationality",
                "text": "Belgium",
                "userDefined": true
            },
            {
                "text": " will I need to acquire a visa",
                "userDefined": false
            }
        ],
        "isTemplate": false,
        "count": 0,
        "updated": 1560155629
    },
    {
        "id": "2b6a20e1-93e2-7644-43b6-434bdd904636",
        "data": [
            {
                "text": "do I have to get a visa.it is ",
                "userDefined": false
            },
            {
                "alias": "nationality",
                "meta": "@nationality",
                "text": "Belgium",
                "userDefined": true
            },
            {
                "text": " exactly",
                "userDefined": false
            }
        ],
        "isTemplate": false,
        "count": 0,
        "updated": 1560155629
    },
    {
        "id": "07cfd91c-8ae5-7c62-fe0e-87617c5c4cbf",
        "data": [
            {
                "text": "it is ",
                "userDefined": false
            },
            {
                "alias": "nationality",
                "meta": "@nationality",
                "text": "Belgium",
                "userDefined": true
            },
            {
                "text": " in fact. do I need a visa at the uni",
                "userDefined": false
            }
        ],
        "isTemplate": false,
        "count": 0,
        "updated": 1560155629
    },
    {
        "id": "e51fd087-cce5-7ed0-dc0a-4aaed4c01732",
        "data": [
            {
                "text": "will I need a visa at ucl. it is ",
                "userDefined": false
            },
            {
                "alias": "nationality",
                "meta": "@nationality",
                "text": "Belgian",
                "userDefined": true
            },
            {
                "text": " actually",
                "userDefined": false
            }
        ],
        "isTemplate": false,
        "count": 0,
        "updated": 1560155629
    },
    {
        "id": "b80e5a5e-6d48-4b59-a1ca-adb1b74624c3",
        "data": [
            {
                "text": "it is ",
                "userDefined": false
            },
            {
                "alias": "nationality",
                "meta": "@nationality",
                "text": "Belgian",
                "userDefined": true
            },
            {
                "text": " exactly. would I need a visa at university",
                "userDefined": false
            }
        ],
        "isTemplate": false,
        "count": 0,
        "updated": 1560155629
    },
    {
        "id": "7b75a62d-82fb-72b5-a452-2ec7b3ae66a0",
        "data": [
            {
                "text": "do I need a visa in order to come in belgium.my nation would be ",
                "userDefined": false
            },
            {
                "alias": "nationality",
                "meta": "@nationality",
                "text": "Belgium",
                "userDefined": true
            },
            {
                "text": " in fact",
                "userDefined": false
            }
        ],
        "isTemplate": false,
        "count": 0,
        "updated": 1560155629
    },
    {
        "id": "31e4cafe-6d3c-239d-2d2f-c686d016ba3f",
        "data": [
            {
                "text": "it is ",
                "userDefined": false
            },
            {
                "alias": "nationality",
                "meta": "@nationality",
                "text": "Belgium",
                "userDefined": true
            },
            {
                "text": " in fact.do I need a visa at uclouvain",
                "userDefined": false
            }
        ],
        "isTemplate": false,
        "count": 0,
        "updated": 1560155629
    },
    {
        "id": "554958c8-5857-f48b-3903-693280434725",
        "data": [
            {
                "text": "will I need a visa at louvain-la-neuve.I am ",
                "userDefined": false
            },
            {
                "alias": "nationality",
                "meta": "@nationality",
                "text": "Belgian",
                "userDefined": true
            }
        ],
        "isTemplate": false,
        "count": 0,
        "updated": 1560155629
    },
    {
        "id": "ae3f3cbf-20a3-3edd-bc9e-d2fa6310aa10",
        "data": [
            {
                "text": "my nationality'd be ",
                "userDefined": false
            },
            {
                "alias": "nationality",
                "meta": "@nationality",
                "text": "Belgian",
                "userDefined": true
            },
            {
                "text": " would I need to ask for a visa",
                "userDefined": false
            }
        ],
        "isTemplate": false,
        "count": 0,
        "updated": 1560155629
    },
    {
        "id": "1ea2f4e6-df83-5550-7750-c6cb5b6e0705",
        "data": [
            {
                "text": "would I need a visa in order to go in belgium. my nation'd be ",
                "userDefined": false
            },
            {
                "alias": "nationality",
                "meta": "@nationality",
                "text": "Belgium",
                "userDefined": true
            }
        ],
        "isTemplate": false,
        "count": 0,
        "updated": 1560155629
    },
    {
        "id": "df535293-289d-0975-844a-a052f1cc4a58",
        "data": [
            {
                "text": "my nationality would be ",
                "userDefined": false
            },
            {
                "alias": "nationality",
                "meta": "@nationality",
                "text": "Belgium",
                "userDefined": true
            },
            {
                "text": " actually. would I need a visa at uni",
                "userDefined": false
            }
        ],
        "isTemplate": false,
        "count": 0,
        "updated": 1560155629
    },
    {
        "id": "42faa92b-f2a3-016c-ff64-8fec221a7fd6",
        "data": [
            {
                "text": "do I need to receive a visa. my nationality'd be ",
                "userDefined": false
            },
            {
                "alias": "nationality",
                "meta": "@nationality",
                "text": "Belgium",
                "userDefined": true
            },
            {
                "text": " actually",
                "userDefined": false
            }
        ],
        "isTemplate": false,
        "count": 0,
        "updated": 1560155629
    },
    {
        "id": "4518cc3e-d8b0-f5b6-04c9-892eb7469b85",
        "data": [
            {
                "text": "it is ",
                "userDefined": false
            },
            {
                "alias": "nationality",
                "meta": "@nationality",
                "text": "Belgium",
                "userDefined": true
            },
            {
                "text": " actually.will I have to acquire a visa",
                "userDefined": false
            }
        ],
        "isTemplate": false,
        "count": 0,
        "updated": 1560155629
    },
    {
        "id": "998be0c1-1c8e-4b73-8446-45612750fddf",
        "data": [
            {
                "text": "do I need to ask for a visa.",
                "userDefined": false
            },
            {
                "alias": "nationality",
                "meta": "@nationality",
                "text": "Belgium",
                "userDefined": true
            }
        ],
        "isTemplate": false,
        "count": 0,
        "updated": 1560155629
    },
    {
        "id": "1c60fe30-8693-95b8-fb95-1b4ba8e533c8",
        "data": [
            {
                "text": "my nationality would be ",
                "userDefined": false
            },
            {
                "alias": "nationality",
                "meta": "@nationality",
                "text": "Belgian",
                "userDefined": true
            },
            {
                "text": " in fact will I need a visa in lln",
                "userDefined": false
            }
        ],
        "isTemplate": false,
        "count": 0,
        "updated": 1560155629
    },
    {
        "id": "d193ebdf-ef55-3d89-4c56-d1d7e5730663",
        "data": [
            {
                "text": "should I need to acquire a visa my nationality would be ",
                "userDefined": false
            },
            {
                "alias": "nationality",
                "meta": "@nationality",
                "text": "Belgium",
                "userDefined": true
            },
            {
                "text": " exactly",
                "userDefined": false
            }
        ],
        "isTemplate": false,
        "count": 0,
        "updated": 1560155629
    },
    {
        "id": "b8063652-83c2-2d01-81f7-0fd131a81999",
        "data": [
            {
                "text": "I am from ",
                "userDefined": false
            },
            {
                "alias": "nationality",
                "meta": "@nationality",
                "text": "Belgian",
                "userDefined": true
            },
            {
                "text": ". would I ask for a visa",
                "userDefined": false
            }
        ],
        "isTemplate": false,
        "count": 0,
        "updated": 1560155629
    },
    {
        "id": "251af424-b442-4039-8a9d-988f7c574be7",
        "data": [
            {
                "text": "would I need to acquire a visa. I am ",
                "userDefined": false
            },
            {
                "alias": "nationality",
                "meta": "@nationality",
                "text": "Belgium",
                "userDefined": true
            }
        ],
        "isTemplate": false,
        "count": 0,
        "updated": 1560155629
    },
    {
        "id": "f0a49a50-cb48-d790-1725-e2399b48335a",
        "data": [
            {
                "alias": "nationality",
                "meta": "@nationality",
                "text": "Belgium",
                "userDefined": true
            },
            {
                "text": " actually.should I have to get a visa",
                "userDefined": false
            }
        ],
        "isTemplate": false,
        "count": 0,
        "updated": 1560155629
    },
    {
        "id": "1ef00b42-d311-c142-9f47-84fca2002bb4",
        "data": [
            {
                "text": "will I need a visa at uclouvain. it is ",
                "userDefined": false
            },
            {
                "alias": "nationality",
                "meta": "@nationality",
                "text": "Belgium",
                "userDefined": true
            },
            {
                "text": " exactly",
                "userDefined": false
            }
        ],
        "isTemplate": false,
        "count": 0,
        "updated": 1560155629
    },
    {
        "id": "eaae4c7b-2425-9e94-6f4a-32ac8bd0399a",
        "data": [
            {
                "alias": "nationality",
                "meta": "@nationality",
                "text": "Belgian",
                "userDefined": true
            },
            {
                "text": " exactly.do I need a visa to study in belgium",
                "userDefined": false
            }
        ],
        "isTemplate": false,
        "count": 0,
        "updated": 1560155629
    },
    {
        "id": "b3a4108c-beeb-e095-16ba-f2882208cd81",
        "data": [
            {
                "text": "do I need a visa at college. it is ",
                "userDefined": false
            },
            {
                "alias": "nationality",
                "meta": "@nationality",
                "text": "Belgian",
                "userDefined": true
            },
            {
                "text": " actually",
                "userDefined": false
            }
        ],
        "isTemplate": false,
        "count": 0,
        "updated": 1560155629
    },
    {
        "id": "1c0c8538-46be-02d4-c77b-fc502e49b2d9",
        "data": [
            {
                "text": "I would be ",
                "userDefined": false
            },
            {
                "alias": "nationality",
                "meta": "@nationality",
                "text": "Belgium",
                "userDefined": true
            },
            {
                "text": " do I need to receive a visa",
                "userDefined": false
            }
        ],
        "isTemplate": false,
        "count": 0,
        "updated": 1560155629
    },
    {
        "id": "828645c7-5bad-6dfe-6891-9175e35be55e",
        "data": [
            {
                "text": "do I need a visa at uclouvain.my nation would be ",
                "userDefined": false
            },
            {
                "alias": "nationality",
                "meta": "@nationality",
                "text": "Belgium",
                "userDefined": true
            },
            {
                "text": " in fact",
                "userDefined": false
            }
        ],
        "isTemplate": false,
        "count": 0,
        "updated": 1560155629
    },
    {
        "id": "b26f1770-e03e-4e51-179b-419e31bae0e6",
        "data": [
            {
                "text": "my nationalityis ",
                "userDefined": false
            },
            {
                "alias": "nationality",
                "meta": "@nationality",
                "text": "Belgian",
                "userDefined": true
            },
            {
                "text": " actually do I need a visa at the college",
                "userDefined": false
            }
        ],
        "isTemplate": false,
        "count": 0,
        "updated": 1560155629
    },
    {
        "id": "0dcf8b1c-a7cb-b393-1de5-6318afd9ba18",
        "data": [
            {
                "text": "is it required to have a visa it is ",
                "userDefined": false
            },
            {
                "alias": "nationality",
                "meta": "@nationality",
                "text": "Belgian",
                "userDefined": true
            },
            {
                "text": " actually",
                "userDefined": false
            }
        ],
        "isTemplate": false,
        "count": 0,
        "updated": 1560155629
    },
    {
        "id": "db1e7852-4c01-35ec-4577-fd62250ee878",
        "data": [
            {
                "text": "I would be ",
                "userDefined": false
            },
            {
                "alias": "nationality",
                "meta": "@nationality",
                "text": "Belgian",
                "userDefined": true
            },
            {
                "text": " will I need a visa at LLN",
                "userDefined": false
            }
        ],
        "isTemplate": false,
        "count": 0,
        "updated": 1560155629
    },
    {
        "id": "4f4b3d5c-1460-b8aa-2a25-b4cd20fd885b",
        "data": [
            {
                "text": "will I ask for a visa. my nationality'd be ",
                "userDefined": false
            },
            {
                "alias": "nationality",
                "meta": "@nationality",
                "text": "Belgian",
                "userDefined": true
            }
        ],
        "isTemplate": false,
        "count": 0,
        "updated": 1560155629
    },
    {
        "id": "78a6ea24-7c7d-ae58-0508-68daac3b0d11",
        "data": [
            {
                "text": "I would be ",
                "userDefined": false
            },
            {
                "alias": "nationality",
                "meta": "@nationality",
                "text": "Belgian",
                "userDefined": true
            },
            {
                "text": " do I need a visa at the college",
                "userDefined": false
            }
        ],
        "isTemplate": false,
        "count": 0,
        "updated": 1560155629
    },
    {
        "id": "2d358628-6042-0a02-976f-cca5ac45105c",
        "data": [
            {
                "text": "will I need a visa to study in belgium. ",
                "userDefined": false
            },
            {
                "alias": "nationality",
                "meta": "@nationality",
                "text": "Belgian",
                "userDefined": true
            },
            {
                "text": " actually",
                "userDefined": false
            }
        ],
        "isTemplate": false,
        "count": 0,
        "updated": 1560155629
    },
    {
        "id": "98ef622a-276a-55f3-7d98-6a5e437304cb",
        "data": [
            {
                "text": "I'd be ",
                "userDefined": false
            },
            {
                "alias": "nationality",
                "meta": "@nationality",
                "text": "Belgian",
                "userDefined": true
            },
            {
                "text": ".will I need to ask for a visa",
                "userDefined": false
            }
        ],
        "isTemplate": false,
        "count": 0,
        "updated": 1560155629
    },
    {
        "id": "1d84b4a7-fbb7-77c8-ae2a-a3f968006ab1",
        "data": [
            {
                "text": "do I need a visa at uclouvain.my nationis ",
                "userDefined": false
            },
            {
                "alias": "nationality",
                "meta": "@nationality",
                "text": "Belgium",
                "userDefined": true
            },
            {
                "text": " in fact",
                "userDefined": false
            }
        ],
        "isTemplate": false,
        "count": 0,
        "updated": 1560155629
    },
    {
        "id": "7d508fc6-fc84-cf84-6b19-7c3f97358546",
        "data": [
            {
                "text": "my nation would be ",
                "userDefined": false
            },
            {
                "alias": "nationality",
                "meta": "@nationality",
                "text": "Belgian",
                "userDefined": true
            },
            {
                "text": " in fact is it required to have a visa",
                "userDefined": false
            }
        ],
        "isTemplate": false,
        "count": 0,
        "updated": 1560155629
    },
    {
        "id": "6703ba09-db66-df5e-ce63-51f7529663f0",
        "data": [
            {
                "text": "will I acquire a visa my nationalityis ",
                "userDefined": false
            },
            {
                "alias": "nationality",
                "meta": "@nationality",
                "text": "Belgium",
                "userDefined": true
            }
        ],
        "isTemplate": false,
        "count": 0,
        "updated": 1560155629
    },
    {
        "id": "0c5dbb28-f4bc-134f-7036-4a7e6cf39d25",
        "data": [
            {
                "text": "my nation would be ",
                "userDefined": false
            },
            {
                "alias": "nationality",
                "meta": "@nationality",
                "text": "Belgium",
                "userDefined": true
            },
            {
                "text": " in fact.will I need a visa in order to come in belgium",
                "userDefined": false
            }
        ],
        "isTemplate": false,
        "count": 0,
        "updated": 1560155629
    },
    {
        "id": "fe548cc3-98b7-9545-9a93-6fc0f30285ec",
        "data": [
            {
                "text": "do I need a visa at UCL ",
                "userDefined": false
            },
            {
                "alias": "nationality",
                "meta": "@nationality",
                "text": "Belgium",
                "userDefined": true
            },
            {
                "text": " exactly",
                "userDefined": false
            }
        ],
        "isTemplate": false,
        "count": 0,
        "updated": 1560155629
    },
    {
        "id": "67fa368a-e3d9-33a6-98b6-32eea0ee3a22",
        "data": [
            {
                "text": "my nation'd be ",
                "userDefined": false
            },
            {
                "alias": "nationality",
                "meta": "@nationality",
                "text": "Belgium",
                "userDefined": true
            },
            {
                "text": " exactly. will I need a visa at louvain-la-neuve",
                "userDefined": false
            }
        ],
        "isTemplate": false,
        "count": 0,
        "updated": 1560155629
    },
    {
        "id": "c9f53fce-552c-0f66-9cb1-063d9e143a8f",
        "data": [
            {
                "text": "will I need a visa there ",
                "userDefined": false
            },
            {
                "alias": "nationality",
                "meta": "@nationality",
                "text": "Belgium",
                "userDefined": true
            },
            {
                "text": " actually",
                "userDefined": false
            }
        ],
        "isTemplate": false,
        "count": 0,
        "updated": 1560155629
    },
    {
        "id": "398ca4d6-2ed3-280e-6d8a-f41a437023a8",
        "data": [
            {
                "text": "my nationality'd be ",
                "userDefined": false
            },
            {
                "alias": "nationality",
                "meta": "@nationality",
                "text": "Belgian",
                "userDefined": true
            },
            {
                "text": " exactly. is it needed to possess a visa",
                "userDefined": false
            }
        ],
        "isTemplate": false,
        "count": 0,
        "updated": 1560155629
    },
    {
        "id": "57e118bd-dd49-e239-b6b5-681905da962a",
        "data": [
            {
                "text": "would I need a visa in order to study in belgium my nationis ",
                "userDefined": false
            },
            {
                "alias": "nationality",
                "meta": "@nationality",
                "text": "Belgian",
                "userDefined": true
            }
        ],
        "isTemplate": false,
        "count": 0,
        "updated": 1560155629
    },
    {
        "id": "ec8162a7-5534-3a61-a014-c634509fb499",
        "data": [
            {
                "text": "I come from ",
                "userDefined": false
            },
            {
                "alias": "nationality",
                "meta": "@nationality",
                "text": "Belgium",
                "userDefined": true
            },
            {
                "text": " should I need to receive a visa",
                "userDefined": false
            }
        ],
        "isTemplate": false,
        "count": 0,
        "updated": 1560155629
    },
    {
        "id": "b9b5a660-c4bb-9d85-8c56-0b4a3a74057c",
        "data": [
            {
                "text": "should I ask for a visa.my nationality would be ",
                "userDefined": false
            },
            {
                "alias": "nationality",
                "meta": "@nationality",
                "text": "Belgian",
                "userDefined": true
            },
            {
                "text": " actually",
                "userDefined": false
            }
        ],
        "isTemplate": false,
        "count": 0,
        "updated": 1560155629
    },
    {
        "id": "d8988ee3-8d34-cc1a-df69-6c1a3beb0253",
        "data": [
            {
                "text": "I am ",
                "userDefined": false
            },
            {
                "alias": "nationality",
                "meta": "@nationality",
                "text": "Belgian",
                "userDefined": true
            },
            {
                "text": " will I need a visa in order to study in belgium",
                "userDefined": false
            }
        ],
        "isTemplate": false,
        "count": 0,
        "updated": 1560155629
    },
    {
        "id": "ecd3e897-0cf1-d15a-e948-f39eed044839",
        "data": [
            {
                "text": "would I get a visa.my nationality would be ",
                "userDefined": false
            },
            {
                "alias": "nationality",
                "meta": "@nationality",
                "text": "Belgian",
                "userDefined": true
            },
            {
                "text": " exactly",
                "userDefined": false
            }
        ],
        "isTemplate": false,
        "count": 0,
        "updated": 1560155629
    },
    {
        "id": "a54e3e86-b232-4470-0a6a-a88d36f160bd",
        "data": [
            {
                "text": "I am from ",
                "userDefined": false
            },
            {
                "alias": "nationality",
                "meta": "@nationality",
                "text": "Belgian",
                "userDefined": true
            },
            {
                "text": ".would I need a visa at college",
                "userDefined": false
            }
        ],
        "isTemplate": false,
        "count": 0,
        "updated": 1560155629
    },
    {
        "id": "1c95cde6-d127-ba71-28d9-2d818cb87317",
        "data": [
            {
                "text": "is it necessary to have a visa.",
                "userDefined": false
            },
            {
                "alias": "nationality",
                "meta": "@nationality",
                "text": "Belgian",
                "userDefined": true
            },
            {
                "text": " in fact",
                "userDefined": false
            }
        ],
        "isTemplate": false,
        "count": 0,
        "updated": 1560155629
    },
    {
        "id": "0cbc1679-b847-9fcd-0292-ab6169965325",
        "data": [
            {
                "alias": "nationality",
                "meta": "@nationality",
                "text": "Belgian",
                "userDefined": true
            },
            {
                "text": ".do I need a visa to go in belgium",
                "userDefined": false
            }
        ],
        "isTemplate": false,
        "count": 0,
        "updated": 1560155629
    }
]