[
    {
        "id": "685851b0-9155-7ab9-b5b0-fcb632bb4ba3",
        "data": [
            {
                "text": "what about getting a electricity connection",
                "userDefined": false
            }
        ],
        "isTemplate": false,
        "count": 0,
        "updated": 1560155628
    },
    {
        "id": "c37fd863-52ce-0918-2d0a-4457a20559ef",
        "data": [
            {
                "text": "I'd really want to be provided with electricity",
                "userDefined": false
            }
        ],
        "isTemplate": false,
        "count": 0,
        "updated": 1560155628
    },
    {
        "id": "30917f20-bf9f-3e5f-cb9f-46747233e5b2",
        "data": [
            {
                "text": "what do I have to do to get power",
                "userDefined": false
            }
        ],
        "isTemplate": false,
        "count": 0,
        "updated": 1560155628
    },
    {
        "id": "7655505e-8c24-9468-5a8c-0897bed8aae4",
        "data": [
            {
                "text": "what do I need to do to be provided with power",
                "userDefined": false
            }
        ],
        "isTemplate": false,
        "count": 0,
        "updated": 1560155628
    },
    {
        "id": "3417fa07-40a5-883e-81f3-864b2853ed5b",
        "data": [
            {
                "text": "what about obtaining a electricity connection",
                "userDefined": false
            }
        ],
        "isTemplate": false,
        "count": 0,
        "updated": 1560155628
    },
    {
        "id": "f5288096-9620-7260-a143-f23d973cbbe9",
        "data": [
            {
                "text": "who could aid to be provided with electricity",
                "userDefined": false
            }
        ],
        "isTemplate": false,
        "count": 0,
        "updated": 1560155628
    },
    {
        "id": "178f774b-a202-2f69-18a3-bd206cd1d76d",
        "data": [
            {
                "text": "I want to be provided with electricity",
                "userDefined": false
            }
        ],
        "isTemplate": false,
        "count": 0,
        "updated": 1560155628
    },
    {
        "id": "48a9dca6-369d-4829-b077-2f99c7327fa6",
        "data": [
            {
                "text": "what would I do to be provided with power",
                "userDefined": false
            }
        ],
        "isTemplate": false,
        "count": 0,
        "updated": 1560155628
    },
    {
        "id": "06a65f82-6f67-1355-e864-c5c3e000f4fd",
        "data": [
            {
                "text": "where can I get electricity",
                "userDefined": false
            }
        ],
        "isTemplate": false,
        "count": 0,
        "updated": 1560155628
    },
    {
        "id": "46f6b190-7d2c-d173-5d26-3c4e492a34c0",
        "data": [
            {
                "text": "information on acquiring a electricity connection",
                "userDefined": false
            }
        ],
        "isTemplate": false,
        "count": 0,
        "updated": 1560155628
    },
    {
        "id": "79d251e9-be20-cdfc-d0c2-4ba2928af7aa",
        "data": [
            {
                "text": "I need to get power",
                "userDefined": false
            }
        ],
        "isTemplate": false,
        "count": 0,
        "updated": 1560155628
    },
    {
        "id": "23fd5383-733e-07d1-db2c-704a1c7ff76e",
        "data": [
            {
                "text": "I need to get electricity",
                "userDefined": false
            }
        ],
        "isTemplate": false,
        "count": 0,
        "updated": 1560155628
    },
    {
        "id": "fbdc6eff-fe95-d5d2-e8e2-d5c2c98bd7f4",
        "data": [
            {
                "text": "who can install a electricity connection please",
                "userDefined": false
            }
        ],
        "isTemplate": false,
        "count": 0,
        "updated": 1560155628
    },
    {
        "id": "dee9270b-0c10-22df-75bf-80792a964b76",
        "data": [
            {
                "text": "what agency can install a electricity connection",
                "userDefined": false
            }
        ],
        "isTemplate": false,
        "count": 0,
        "updated": 1560155628
    },
    {
        "id": "8f3995df-3b3e-3801-b2c4-05fcaea85607",
        "data": [
            {
                "text": "what about acquiring a electricity connection",
                "userDefined": false
            }
        ],
        "isTemplate": false,
        "count": 0,
        "updated": 1560155628
    },
    {
        "id": "fe132c01-0e59-978f-9b40-8be8279f97c9",
        "data": [
            {
                "text": "who can install a electricity connection",
                "userDefined": false
            }
        ],
        "isTemplate": false,
        "count": 0,
        "updated": 1560155628
    },
    {
        "id": "111fec8f-2d77-95ad-fb27-8e0236e168e1",
        "data": [
            {
                "text": "how could I get electricity",
                "userDefined": false
            }
        ],
        "isTemplate": false,
        "count": 0,
        "updated": 1560155628
    },
    {
        "id": "632f0a8f-1731-1590-6a47-99cbbce34cef",
        "data": [
            {
                "text": "I need to be provided with power",
                "userDefined": false
            }
        ],
        "isTemplate": false,
        "count": 0,
        "updated": 1560155628
    },
    {
        "id": "c0b1a8eb-4b06-731b-a701-9777ce492d67",
        "data": [
            {
                "text": "would you show me about receiving a electricity connection",
                "userDefined": false
            }
        ],
        "isTemplate": false,
        "count": 0,
        "updated": 1560155628
    },
    {
        "id": "9ead0a14-d1c2-97dc-91d4-3b43f469d95e",
        "data": [
            {
                "text": "I would love to be provided with electricity",
                "userDefined": false
            }
        ],
        "isTemplate": false,
        "count": 0,
        "updated": 1560155628
    },
    {
        "id": "b941e960-0001-6f12-9f18-786c8dbc9976",
        "data": [
            {
                "text": "what agency can install a power connection please",
                "userDefined": false
            }
        ],
        "isTemplate": false,
        "count": 0,
        "updated": 1560155628
    },
    {
        "id": "ef7b46a7-6e8b-2e48-d591-8c6489e7563c",
        "data": [
            {
                "text": "information about receiving a electricity connection",
                "userDefined": false
            }
        ],
        "isTemplate": false,
        "count": 0,
        "updated": 1560155628
    },
    {
        "id": "c5447898-cc77-a34f-0d2c-262dca2043ce",
        "data": [
            {
                "text": "how do I be provided with power",
                "userDefined": false
            }
        ],
        "isTemplate": false,
        "count": 0,
        "updated": 1560155628
    },
    {
        "id": "0a52bf76-0fd7-ce0e-95ef-031e90dfc844",
        "data": [
            {
                "text": "I want to be informed about getting a power connection",
                "userDefined": false
            }
        ],
        "isTemplate": false,
        "count": 0,
        "updated": 1560155628
    },
    {
        "id": "a208a561-90ec-5ffc-78f5-7a92f176d4b1",
        "data": [
            {
                "text": "would you please tell me about receiving a electricity connection",
                "userDefined": false
            }
        ],
        "isTemplate": false,
        "count": 0,
        "updated": 1560155628
    },
    {
        "id": "1ed49aab-2803-b4f2-2665-c42673ba3b5c",
        "data": [
            {
                "text": "who can install a power connection",
                "userDefined": false
            }
        ],
        "isTemplate": false,
        "count": 0,
        "updated": 1560155628
    },
    {
        "id": "7d6b6144-3b67-bcf2-5817-e690b4771b8b",
        "data": [
            {
                "text": "how to get electricity",
                "userDefined": false
            }
        ],
        "isTemplate": false,
        "count": 0,
        "updated": 1560155628
    },
    {
        "id": "d9fa7770-e115-9d91-1da0-c0ed2c62c921",
        "data": [
            {
                "text": "how do we be provided with electricity",
                "userDefined": false
            }
        ],
        "isTemplate": false,
        "count": 0,
        "updated": 1560155628
    },
    {
        "id": "806c8715-9527-cd87-dcba-1bbe1d76ab3c",
        "data": [
            {
                "text": "how would I be provided with electricity",
                "userDefined": false
            }
        ],
        "isTemplate": false,
        "count": 0,
        "updated": 1560155628
    },
    {
        "id": "814a4710-cd3c-aa5a-d3dc-b0df2b812804",
        "data": [
            {
                "text": "show me about getting a power connection",
                "userDefined": false
            }
        ],
        "isTemplate": false,
        "count": 0,
        "updated": 1560155628
    },
    {
        "id": "422a11a6-faad-c2b8-7154-ccf5418433c4",
        "data": [
            {
                "text": "can you tell me about acquiring a power connection",
                "userDefined": false
            }
        ],
        "isTemplate": false,
        "count": 0,
        "updated": 1560155628
    },
    {
        "id": "62d361af-fea5-ec4e-1ca8-accec78996a9",
        "data": [
            {
                "text": "who would aid to get power",
                "userDefined": false
            }
        ],
        "isTemplate": false,
        "count": 0,
        "updated": 1560155628
    },
    {
        "id": "8657ec04-a0e9-f68e-d4e3-f7692338966c",
        "data": [
            {
                "text": "direction on acquiring a electricity connection",
                "userDefined": false
            }
        ],
        "isTemplate": false,
        "count": 0,
        "updated": 1560155628
    },
    {
        "id": "af1793c2-08e3-64c5-f3d6-587994839a68",
        "data": [
            {
                "text": "I would really love to be provided with power",
                "userDefined": false
            }
        ],
        "isTemplate": false,
        "count": 0,
        "updated": 1560155628
    },
    {
        "id": "193b1959-03e3-0118-a0ce-0caacc08df78",
        "data": [
            {
                "text": "I'd really love to be provided with electricity",
                "userDefined": false
            }
        ],
        "isTemplate": false,
        "count": 0,
        "updated": 1560155628
    },
    {
        "id": "27e21f8c-87dd-6709-241a-19b8ed99ddd6",
        "data": [
            {
                "text": "how to get power",
                "userDefined": false
            }
        ],
        "isTemplate": false,
        "count": 0,
        "updated": 1560155628
    },
    {
        "id": "e31607f3-bd97-f487-d98c-01175050688b",
        "data": [
            {
                "text": "I would really like to be informed about obtaining a electricity connection",
                "userDefined": false
            }
        ],
        "isTemplate": false,
        "count": 0,
        "updated": 1560155628
    },
    {
        "id": "c62f3e77-9432-57d5-c4d2-5510e9e5236b",
        "data": [
            {
                "text": "I would really love to know about getting a power connection",
                "userDefined": false
            }
        ],
        "isTemplate": false,
        "count": 0,
        "updated": 1560155628
    },
    {
        "id": "36c9adb0-98c0-2741-f8eb-b5b01930ba75",
        "data": [
            {
                "text": "where is it possible to get power",
                "userDefined": false
            }
        ],
        "isTemplate": false,
        "count": 0,
        "updated": 1560155628
    },
    {
        "id": "499e32fe-68e0-fb3a-2f1f-4722ae9840fe",
        "data": [
            {
                "text": "info about obtaining a power connection",
                "userDefined": false
            }
        ],
        "isTemplate": false,
        "count": 0,
        "updated": 1560155628
    },
    {
        "id": "5028200c-3b11-7031-8481-5ddd8bb1a0c7",
        "data": [
            {
                "text": "how can I be provided with power",
                "userDefined": false
            }
        ],
        "isTemplate": false,
        "count": 0,
        "updated": 1560155628
    },
    {
        "id": "8f40a408-7a4c-fd45-1bc0-709984c6ecb7",
        "data": [
            {
                "text": "I'd really like to get power",
                "userDefined": false
            }
        ],
        "isTemplate": false,
        "count": 0,
        "updated": 1560155628
    },
    {
        "id": "b6989d41-7046-e322-4868-6cea2451e6bf",
        "data": [
            {
                "text": "what to do to be provided with power",
                "userDefined": false
            }
        ],
        "isTemplate": false,
        "count": 0,
        "updated": 1560155628
    },
    {
        "id": "bf26633c-0ff9-4343-60a4-dbb5d43b7ef9",
        "data": [
            {
                "text": "show me about receiving a electricity connection",
                "userDefined": false
            }
        ],
        "isTemplate": false,
        "count": 0,
        "updated": 1560155628
    },
    {
        "id": "abf2122d-91bf-3fc6-ae7d-098678267c49",
        "data": [
            {
                "text": "information on obtaining a power connection",
                "userDefined": false
            }
        ],
        "isTemplate": false,
        "count": 0,
        "updated": 1560155628
    },
    {
        "id": "56d02e68-e1b6-4c52-59aa-6f8d9ab85ecb",
        "data": [
            {
                "text": "I would really love to learn about receiving a power connection",
                "userDefined": false
            }
        ],
        "isTemplate": false,
        "count": 0,
        "updated": 1560155628
    },
    {
        "id": "cfd71ffd-01c2-3ee1-63bf-693d46ca9795",
        "data": [
            {
                "text": "what agency can install a electricity connection please",
                "userDefined": false
            }
        ],
        "isTemplate": false,
        "count": 0,
        "updated": 1560155628
    },
    {
        "id": "1196e8d7-b2ca-c59e-a452-ddd87a179ede",
        "data": [
            {
                "text": "how do I get electricity",
                "userDefined": false
            }
        ],
        "isTemplate": false,
        "count": 0,
        "updated": 1560155628
    },
    {
        "id": "cad1cf47-252c-7dfd-f2c4-6d694d125a40",
        "data": [
            {
                "text": "who would I reach to be provided with power",
                "userDefined": false
            }
        ],
        "isTemplate": false,
        "count": 0,
        "updated": 1560155628
    },
    {
        "id": "04fc92e9-e61a-2867-cc01-bebf5688a013",
        "data": [
            {
                "text": "how do I get power",
                "userDefined": false
            }
        ],
        "isTemplate": false,
        "count": 0,
        "updated": 1560155628
    },
    {
        "id": "78dbfbed-ea1d-14bd-b6b2-0ae561d7134c",
        "data": [
            {
                "text": "where is it possible to get electricity",
                "userDefined": false
            }
        ],
        "isTemplate": false,
        "count": 0,
        "updated": 1560155628
    },
    {
        "id": "4dab55b5-d5fa-0d19-53fc-8353cba49641",
        "data": [
            {
                "text": "how is it possible for me to get power",
                "userDefined": false
            }
        ],
        "isTemplate": false,
        "count": 0,
        "updated": 1560155628
    },
    {
        "id": "eac91a45-473c-fc7e-bad7-a97459497964",
        "data": [
            {
                "text": "I'd really love to be informed about acquiring a electricity connection",
                "userDefined": false
            }
        ],
        "isTemplate": false,
        "count": 0,
        "updated": 1560155628
    },
    {
        "id": "90f8c343-f03b-aa38-8530-12f251b3847e",
        "data": [
            {
                "text": "who do I need to ask to get power",
                "userDefined": false
            }
        ],
        "isTemplate": false,
        "count": 0,
        "updated": 1560155628
    },
    {
        "id": "05204910-d841-a9d5-9cbb-e225ba339007",
        "data": [
            {
                "text": "where to go to be provided with power",
                "userDefined": false
            }
        ],
        "isTemplate": false,
        "count": 0,
        "updated": 1560155628
    },
    {
        "id": "16fc9c15-e94e-5686-8669-e670940b932b",
        "data": [
            {
                "text": "what agency can install a power connection",
                "userDefined": false
            }
        ],
        "isTemplate": false,
        "count": 0,
        "updated": 1560155628
    },
    {
        "id": "87120a9d-e137-2172-a92c-be0f6e6f2b8d",
        "data": [
            {
                "text": "how do we be provided with power",
                "userDefined": false
            }
        ],
        "isTemplate": false,
        "count": 0,
        "updated": 1560155628
    },
    {
        "id": "aca7355b-f085-9d0c-9834-421e367e8777",
        "data": [
            {
                "text": "where is it possible to be provided with electricity",
                "userDefined": false
            }
        ],
        "isTemplate": false,
        "count": 0,
        "updated": 1560155628
    },
    {
        "id": "2cb90a3a-680b-1f4b-0dcb-072f825a6f6d",
        "data": [
            {
                "text": "I'd like to be informed about acquiring a electricity connection",
                "userDefined": false
            }
        ],
        "isTemplate": false,
        "count": 0,
        "updated": 1560155628
    },
    {
        "id": "74368441-a549-006f-d13f-4b378c255cab",
        "data": [
            {
                "text": "would you be so kind and tell me about acquiring a electricity connection",
                "userDefined": false
            }
        ],
        "isTemplate": false,
        "count": 0,
        "updated": 1560155628
    },
    {
        "id": "afae0b7d-fc54-bdfc-1a85-e737054da121",
        "data": [
            {
                "text": "what will I do to be provided with power",
                "userDefined": false
            }
        ],
        "isTemplate": false,
        "count": 0,
        "updated": 1560155628
    },
    {
        "id": "b2d06b0a-1646-0179-018a-7f44cba915c4",
        "data": [
            {
                "text": "who can install a power connection please",
                "userDefined": false
            }
        ],
        "isTemplate": false,
        "count": 0,
        "updated": 1560155628
    },
    {
        "id": "c3ce9560-1a60-5114-8c88-a841015234fe",
        "data": [
            {
                "text": "what should I do to get electricity",
                "userDefined": false
            }
        ],
        "isTemplate": false,
        "count": 0,
        "updated": 1560155628
    },
    {
        "id": "0fda7704-5878-0ab0-e59d-1b9f80831e91",
        "data": [
            {
                "text": "how do I be provided with electricity",
                "userDefined": false
            }
        ],
        "isTemplate": false,
        "count": 0,
        "updated": 1560155628
    },
    {
        "id": "4e601536-7632-b0ad-64c0-9b44ad960608",
        "data": [
            {
                "text": "recommendations about acquiring a power connection",
                "userDefined": false
            }
        ],
        "isTemplate": false,
        "count": 0,
        "updated": 1560155628
    },
    {
        "id": "5c0834a6-99f2-fb37-cd4e-2da98192f25b",
        "data": [
            {
                "text": "how to be provided with electricity",
                "userDefined": false
            }
        ],
        "isTemplate": false,
        "count": 0,
        "updated": 1560155628
    },
    {
        "id": "eefa2687-3cf7-45e2-8ec9-7766d937f052",
        "data": [
            {
                "text": "where is it possible for me to be provided with power",
                "userDefined": false
            }
        ],
        "isTemplate": false,
        "count": 0,
        "updated": 1560155628
    },
    {
        "id": "f894c94f-e88d-1dc5-4667-a7c770df3ee9",
        "data": [
            {
                "text": "how would I be provided with power",
                "userDefined": false
            }
        ],
        "isTemplate": false,
        "count": 0,
        "updated": 1560155628
    },
    {
        "id": "626127e7-c5e4-f9a3-e946-020bac7ebd1d",
        "data": [
            {
                "text": "I would love to learn about receiving a electricity connection",
                "userDefined": false
            }
        ],
        "isTemplate": false,
        "count": 0,
        "updated": 1560155628
    },
    {
        "id": "2715e594-5efa-06ad-b5ab-2d8fdc188306",
        "data": [
            {
                "text": "information about acquiring a electricity connection",
                "userDefined": false
            }
        ],
        "isTemplate": false,
        "count": 0,
        "updated": 1560155628
    },
    {
        "id": "30e76241-0136-21b9-4811-266ab2d594cb",
        "data": [
            {
                "text": "I would really want to learn about acquiring a electricity connection",
                "userDefined": false
            }
        ],
        "isTemplate": false,
        "count": 0,
        "updated": 1560155628
    },
    {
        "id": "53ab30b1-790a-06ff-f3c7-faf3c3e94a7a",
        "data": [
            {
                "text": "tell me about obtaining a electricity connection",
                "userDefined": false
            }
        ],
        "isTemplate": false,
        "count": 0,
        "updated": 1560155628
    },
    {
        "id": "b1bb5d58-6a31-eac4-ede2-bd8055620015",
        "data": [
            {
                "text": "tell me about getting a power connection",
                "userDefined": false
            }
        ],
        "isTemplate": false,
        "count": 0,
        "updated": 1560155628
    },
    {
        "id": "f83dc63a-0011-c4a6-6420-22e6c8f225d4",
        "data": [
            {
                "text": "show me about obtaining a power connection",
                "userDefined": false
            }
        ],
        "isTemplate": false,
        "count": 0,
        "updated": 1560155628
    },
    {
        "id": "b3da4217-4ebe-24c5-ad98-096b8f97e88e",
        "data": [
            {
                "text": "where to go to get electricity",
                "userDefined": false
            }
        ],
        "isTemplate": false,
        "count": 0,
        "updated": 1560155628
    },
    {
        "id": "b4055f2b-7436-e2db-4d83-e21bdb200ba2",
        "data": [
            {
                "text": "info on getting a electricity connection",
                "userDefined": false
            }
        ],
        "isTemplate": false,
        "count": 0,
        "updated": 1560155628
    },
    {
        "id": "402c2cf6-fa28-d419-473a-833ce5d6ba3f",
        "data": [
            {
                "text": "I would really like to be informed about getting a electricity connection",
                "userDefined": false
            }
        ],
        "isTemplate": false,
        "count": 0,
        "updated": 1560155628
    },
    {
        "id": "d1dbae7f-59bd-a342-8734-530284e1c919",
        "data": [
            {
                "text": "I'd want to learn about obtaining a electricity connection",
                "userDefined": false
            }
        ],
        "isTemplate": false,
        "count": 0,
        "updated": 1560155628
    },
    {
        "id": "bee7ce7f-4ff2-4baa-eaf8-13082a09b0e6",
        "data": [
            {
                "text": "recommendation on getting a electricity connection",
                "userDefined": false
            }
        ],
        "isTemplate": false,
        "count": 0,
        "updated": 1560155628
    },
    {
        "id": "94bd827a-eb3b-f496-2e2c-2a19c3bd308c",
        "data": [
            {
                "text": "what about receiving a electricity connection",
                "userDefined": false
            }
        ],
        "isTemplate": false,
        "count": 0,
        "updated": 1560155628
    },
    {
        "id": "a3ff3f2f-58f6-66bb-9771-ec821534c93f",
        "data": [
            {
                "text": "I would like to be provided with electricity",
                "userDefined": false
            }
        ],
        "isTemplate": false,
        "count": 0,
        "updated": 1560155628
    },
    {
        "id": "54129225-d366-7c30-f2e8-4f66762e3f52",
        "data": [
            {
                "text": "I need to be provided with electricity",
                "userDefined": false
            }
        ],
        "isTemplate": false,
        "count": 0,
        "updated": 1560155628
    },
    {
        "id": "7f7eb9aa-b81e-cbe8-5cbb-c013f9085748",
        "data": [
            {
                "text": "how to be provided with power",
                "userDefined": false
            }
        ],
        "isTemplate": false,
        "count": 0,
        "updated": 1560155628
    },
    {
        "id": "fc319162-793b-7794-725a-356b0af90b6b",
        "data": [
            {
                "text": "would you be so kind and show me about receiving a power connection",
                "userDefined": false
            }
        ],
        "isTemplate": false,
        "count": 0,
        "updated": 1560155628
    },
    {
        "id": "212294c9-955b-957d-024b-2da763353acb",
        "data": [
            {
                "text": "tell me about getting a electricity connection",
                "userDefined": false
            }
        ],
        "isTemplate": false,
        "count": 0,
        "updated": 1560155628
    },
    {
        "id": "6c37e884-b293-4242-dadc-04c4cdd75fc4",
        "data": [
            {
                "text": "what about obtaining a power connection",
                "userDefined": false
            }
        ],
        "isTemplate": false,
        "count": 0,
        "updated": 1560155628
    },
    {
        "id": "fd1e6066-1f32-e9a8-7ddb-3a76696758b7",
        "data": [
            {
                "text": "who would help to be provided with electricity",
                "userDefined": false
            }
        ],
        "isTemplate": false,
        "count": 0,
        "updated": 1560155628
    },
    {
        "id": "e7dccdf3-803f-62ae-7b35-e11afabae79f",
        "data": [
            {
                "text": "info about receiving a electricity connection",
                "userDefined": false
            }
        ],
        "isTemplate": false,
        "count": 0,
        "updated": 1560155628
    },
    {
        "id": "78354ee2-ff44-cc4a-b607-e9590678047b",
        "data": [
            {
                "text": "who is it possible to get in touch with to be provided with power",
                "userDefined": false
            }
        ],
        "isTemplate": false,
        "count": 0,
        "updated": 1560155628
    },
    {
        "id": "e2c286e1-af6d-e1e9-5a7f-f1d651b74a07",
        "data": [
            {
                "text": "how is it possible to be provided with electricity",
                "userDefined": false
            }
        ],
        "isTemplate": false,
        "count": 0,
        "updated": 1560155628
    },
    {
        "id": "1e326bc8-09f6-6d57-6b68-092eb741fa3a",
        "data": [
            {
                "text": "I would love to learn about receiving a power connection",
                "userDefined": false
            }
        ],
        "isTemplate": false,
        "count": 0,
        "updated": 1560155628
    },
    {
        "id": "5510fbfa-a0d5-52ae-6bde-1c89f3ce37fa",
        "data": [
            {
                "text": "I'd really want to be provided with power",
                "userDefined": false
            }
        ],
        "isTemplate": false,
        "count": 0,
        "updated": 1560155628
    },
    {
        "id": "1d7a3d46-5fcc-e24b-abde-0c74aeb103e1",
        "data": [
            {
                "text": "advice about getting a electricity connection",
                "userDefined": false
            }
        ],
        "isTemplate": false,
        "count": 0,
        "updated": 1560155628
    },
    {
        "id": "0c2b76a3-a0b7-9de4-ebd1-25071a39948d",
        "data": [
            {
                "text": "I would love to be provided with power",
                "userDefined": false
            }
        ],
        "isTemplate": false,
        "count": 0,
        "updated": 1560155628
    },
    {
        "id": "f9ddc0ab-1099-d33a-75b0-94d846ff0519",
        "data": [
            {
                "text": "would you be so kind and tell me about acquiring a power connection",
                "userDefined": false
            }
        ],
        "isTemplate": false,
        "count": 0,
        "updated": 1560155628
    },
    {
        "id": "808f6a45-724c-014e-eaee-3297f0284e93",
        "data": [
            {
                "text": "would you please tell me about acquiring a electricity connection",
                "userDefined": false
            }
        ],
        "isTemplate": false,
        "count": 0,
        "updated": 1560155628
    },
    {
        "id": "b0d090a1-7ef8-4af1-49b1-1568731bb198",
        "data": [
            {
                "text": "counsel on getting a electricity connection",
                "userDefined": false
            }
        ],
        "isTemplate": false,
        "count": 0,
        "updated": 1560155628
    },
    {
        "id": "2f02c94c-0f1a-408f-2e82-a77a032135aa",
        "data": [
            {
                "text": "I would really love to learn about acquiring a electricity connection",
                "userDefined": false
            }
        ],
        "isTemplate": false,
        "count": 0,
        "updated": 1560155628
    },
    {
        "id": "733ca599-4c67-6966-392e-31e3f55677ff",
        "data": [
            {
                "text": "I'd really like to learn about getting a power connection",
                "userDefined": false
            }
        ],
        "isTemplate": false,
        "count": 0,
        "updated": 1560155628
    },
    {
        "id": "a61b7c4a-c0d5-15ff-1872-8a0f9e326bd7",
        "data": [
            {
                "text": "aid about getting a electricity connection",
                "userDefined": false
            }
        ],
        "isTemplate": false,
        "count": 0,
        "updated": 1560155628
    },
    {
        "id": "92949251-f815-218e-81f0-6e1c553aa317",
        "data": [
            {
                "text": "what about acquiring a power connection",
                "userDefined": false
            }
        ],
        "isTemplate": false,
        "count": 0,
        "updated": 1560155628
    },
    {
        "id": "cf682bfa-4486-b9f5-60cf-afdf79b0857e",
        "data": [
            {
                "text": "I'd love to get electricity",
                "userDefined": false
            }
        ],
        "isTemplate": false,
        "count": 0,
        "updated": 1560155628
    },
    {
        "id": "f7339cbf-9e44-a576-a41b-ad4d0a77a2b2",
        "data": [
            {
                "text": "would you be so kind and tell me about obtaining a electricity connection",
                "userDefined": false
            }
        ],
        "isTemplate": false,
        "count": 0,
        "updated": 1560155628
    },
    {
        "id": "f4817be9-4962-7523-0ccc-c504b87ba988",
        "data": [
            {
                "text": "I would really like to be informed about receiving a power connection",
                "userDefined": false
            }
        ],
        "isTemplate": false,
        "count": 0,
        "updated": 1560155628
    },
    {
        "id": "e587f32a-f8ba-ebf8-1c69-6818673f8ec0",
        "data": [
            {
                "text": "who do I have to contact to get electricity",
                "userDefined": false
            }
        ],
        "isTemplate": false,
        "count": 0,
        "updated": 1560155628
    },
    {
        "id": "4c10b308-555e-5078-5df2-851f6a5610b4",
        "data": [
            {
                "text": "what about getting a power connection",
                "userDefined": false
            }
        ],
        "isTemplate": false,
        "count": 0,
        "updated": 1560155628
    },
    {
        "id": "cfda1c96-cafd-7c1c-f41b-b34009dad47f",
        "data": [
            {
                "text": "I would really want to learn about receiving a electricity connection",
                "userDefined": false
            }
        ],
        "isTemplate": false,
        "count": 0,
        "updated": 1560155628
    },
    {
        "id": "b6e6c66b-cf67-db15-0721-2681eabc6b3f",
        "data": [
            {
                "text": "where do I need to go to be provided with electricity",
                "userDefined": false
            }
        ],
        "isTemplate": false,
        "count": 0,
        "updated": 1560155628
    },
    {
        "id": "49909d8c-689f-792a-8599-0016ef6dc7a2",
        "data": [
            {
                "text": "I would like to get electricity",
                "userDefined": false
            }
        ],
        "isTemplate": false,
        "count": 0,
        "updated": 1560155628
    },
    {
        "id": "2673273c-a9a2-2269-b97b-d272098918d6",
        "data": [
            {
                "text": "I would really want to be informed about receiving a electricity connection",
                "userDefined": false
            }
        ],
        "isTemplate": false,
        "count": 0,
        "updated": 1560155628
    },
    {
        "id": "7062ef3b-80c9-da3b-648b-9ac3a0042d96",
        "data": [
            {
                "text": "guidance about acquiring a electricity connection",
                "userDefined": false
            }
        ],
        "isTemplate": false,
        "count": 0,
        "updated": 1560155628
    },
    {
        "id": "fb7ea014-42dc-db6a-b6d2-c67070127794",
        "data": [
            {
                "text": "tell me about receiving a electricity connection",
                "userDefined": false
            }
        ],
        "isTemplate": false,
        "count": 0,
        "updated": 1560155628
    },
    {
        "id": "75ffb3c4-e5ab-d9c4-09da-db008f083a22",
        "data": [
            {
                "text": "info about obtaining a electricity connection",
                "userDefined": false
            }
        ],
        "isTemplate": false,
        "count": 0,
        "updated": 1560155628
    },
    {
        "id": "944176fe-332c-838c-7002-5def316cc75c",
        "data": [
            {
                "text": "what about receiving a power connection",
                "userDefined": false
            }
        ],
        "isTemplate": false,
        "count": 0,
        "updated": 1560155628
    },
    {
        "id": "33ae8bb1-ae01-0e51-2ec9-2893aceaf34b",
        "data": [
            {
                "text": "what to do to get electricity",
                "userDefined": false
            }
        ],
        "isTemplate": false,
        "count": 0,
        "updated": 1560155628
    },
    {
        "id": "454c3cc0-cc58-f1a9-dc72-6a12daa6672b",
        "data": [
            {
                "text": "where is it possible for me to get electricity",
                "userDefined": false
            }
        ],
        "isTemplate": false,
        "count": 0,
        "updated": 1560155628
    },
    {
        "id": "9de48802-e3c5-270f-bfc1-8195eac8de1d",
        "data": [
            {
                "text": "I'd want to get electricity",
                "userDefined": false
            }
        ],
        "isTemplate": false,
        "count": 0,
        "updated": 1560155628
    },
    {
        "id": "f92a8f67-4feb-92e0-89c4-135ef7fd3dcb",
        "data": [
            {
                "text": "I would really want to be informed about obtaining a power connection",
                "userDefined": false
            }
        ],
        "isTemplate": false,
        "count": 0,
        "updated": 1560155628
    },
    {
        "id": "cf1f6100-b884-12b8-fbec-200c9e9175d8",
        "data": [
            {
                "text": "I would really want to learn about obtaining a electricity connection",
                "userDefined": false
            }
        ],
        "isTemplate": false,
        "count": 0,
        "updated": 1560155628
    },
    {
        "id": "7845d9d1-8b05-9948-d682-31ddc231add4",
        "data": [
            {
                "text": "I'd really love to get power",
                "userDefined": false
            }
        ],
        "isTemplate": false,
        "count": 0,
        "updated": 1560155628
    }
]