[
    {
        "id": "0b5b6889-cfcf-874e-bc67-9acc7215cf43",
        "data": [
            {
                "text": "I need the keys of my accommodation",
                "userDefined": false
            }
        ],
        "isTemplate": false,
        "count": 0,
        "updated": 1560155628
    },
    {
        "id": "a5da60c5-2749-a28d-9893-54e1aaa00a22",
        "data": [
            {
                "text": "info on room key",
                "userDefined": false
            }
        ],
        "isTemplate": false,
        "count": 0,
        "updated": 1560155628
    },
    {
        "id": "78ece6ef-5e32-1d39-e8ff-ff9d49926072",
        "data": [
            {
                "text": "tell me about kot keys",
                "userDefined": false
            }
        ],
        "isTemplate": false,
        "count": 0,
        "updated": 1560155628
    },
    {
        "id": "a67df55e-0d8d-c256-36b9-84b035dc5d54",
        "data": [
            {
                "text": "how do I obtain the key of my housing",
                "userDefined": false
            }
        ],
        "isTemplate": false,
        "count": 0,
        "updated": 1560155628
    },
    {
        "id": "f83f0a13-5419-7281-e06f-0e7542a53d33",
        "data": [
            {
                "text": "what to do to obtain the key of my housing",
                "userDefined": false
            }
        ],
        "isTemplate": false,
        "count": 0,
        "updated": 1560155628
    },
    {
        "id": "75f9b385-cb83-dcd8-8be7-19fe93581e2e",
        "data": [
            {
                "text": "would you show me about housing key",
                "userDefined": false
            }
        ],
        "isTemplate": false,
        "count": 0,
        "updated": 1560155628
    },
    {
        "id": "ac881125-bfdd-9f16-434c-27c3026f8275",
        "data": [
            {
                "text": "would you be so kind and tell me about place key",
                "userDefined": false
            }
        ],
        "isTemplate": false,
        "count": 0,
        "updated": 1560155628
    },
    {
        "id": "9cfc7582-90ce-a67c-1d15-955907adc08f",
        "data": [
            {
                "text": "I would really like the key of the place",
                "userDefined": false
            }
        ],
        "isTemplate": false,
        "count": 0,
        "updated": 1560155628
    },
    {
        "id": "172cea63-2e7b-a764-16b2-8d97cfa8e156",
        "data": [
            {
                "text": "I would love to know about kot key",
                "userDefined": false
            }
        ],
        "isTemplate": false,
        "count": 0,
        "updated": 1560155628
    },
    {
        "id": "487f4f71-bc0d-890e-b3fe-a7ca85060931",
        "data": [
            {
                "text": "would you be so kind and tell me about place keys",
                "userDefined": false
            }
        ],
        "isTemplate": false,
        "count": 0,
        "updated": 1560155628
    },
    {
        "id": "0bfb2f52-ec0c-a9df-2ca6-abd04c954249",
        "data": [
            {
                "text": "I want to know about kot keys",
                "userDefined": false
            }
        ],
        "isTemplate": false,
        "count": 0,
        "updated": 1560155628
    },
    {
        "id": "8a969a4b-3c9f-b130-52f5-aec46558be78",
        "data": [
            {
                "text": "information on kot key",
                "userDefined": false
            }
        ],
        "isTemplate": false,
        "count": 0,
        "updated": 1560155628
    },
    {
        "id": "63ec7519-b054-bf32-8c28-4e6036b33f0d",
        "data": [
            {
                "text": "I want to learn about room keys",
                "userDefined": false
            }
        ],
        "isTemplate": false,
        "count": 0,
        "updated": 1560155628
    },
    {
        "id": "dd68e6fe-1536-23ea-72e7-759bcfebe707",
        "data": [
            {
                "text": "direction about housing keys",
                "userDefined": false
            }
        ],
        "isTemplate": false,
        "count": 0,
        "updated": 1560155628
    },
    {
        "id": "f78a0533-7366-3f73-1584-fb75dd2eb829",
        "data": [
            {
                "text": "I would really love the keys of my place",
                "userDefined": false
            }
        ],
        "isTemplate": false,
        "count": 0,
        "updated": 1560155628
    },
    {
        "id": "4481496f-15fa-7516-5502-c98868138749",
        "data": [
            {
                "text": "instructions on accommodation keys",
                "userDefined": false
            }
        ],
        "isTemplate": false,
        "count": 0,
        "updated": 1560155628
    },
    {
        "id": "57f6ee37-893a-0001-7a5b-d7ad00a15a7d",
        "data": [
            {
                "text": "how to get the key of my place",
                "userDefined": false
            }
        ],
        "isTemplate": false,
        "count": 0,
        "updated": 1560155628
    },
    {
        "id": "90d687d5-0b0a-c4c4-949f-a4b4c7d12c1c",
        "data": [
            {
                "text": "would you be so kind and tell me about room keys",
                "userDefined": false
            }
        ],
        "isTemplate": false,
        "count": 0,
        "updated": 1560155628
    },
    {
        "id": "153f8d52-97b6-dc44-12e7-65391867449d",
        "data": [
            {
                "text": "info on place keys",
                "userDefined": false
            }
        ],
        "isTemplate": false,
        "count": 0,
        "updated": 1560155628
    },
    {
        "id": "c33a379f-7caa-1ebc-9c36-ef9050e3434c",
        "data": [
            {
                "text": "how do I receive the key of my housing",
                "userDefined": false
            }
        ],
        "isTemplate": false,
        "count": 0,
        "updated": 1560155628
    },
    {
        "id": "98e01c05-1c0c-3584-457d-6bfb4d55632e",
        "data": [
            {
                "text": "how to receive the key of the room",
                "userDefined": false
            }
        ],
        "isTemplate": false,
        "count": 0,
        "updated": 1560155628
    },
    {
        "id": "65d9e2ec-32d2-4a7b-b27a-7a4120bafe19",
        "data": [
            {
                "text": "I would like the key of my accommodation",
                "userDefined": false
            }
        ],
        "isTemplate": false,
        "count": 0,
        "updated": 1560155628
    },
    {
        "id": "b8da5fc7-f234-50d4-42fa-3b90db3f332e",
        "data": [
            {
                "text": "where is it possible to acquire the key of my kot",
                "userDefined": false
            }
        ],
        "isTemplate": false,
        "count": 0,
        "updated": 1560155628
    },
    {
        "id": "bfff47ca-015e-ec9b-dfde-6ba7051ff553",
        "data": [
            {
                "text": "how is it possible to receive the keys of my kot",
                "userDefined": false
            }
        ],
        "isTemplate": false,
        "count": 0,
        "updated": 1560155628
    },
    {
        "id": "7b8d44d6-9b13-a613-eb23-ed3a3cb7c3f1",
        "data": [
            {
                "text": "I need the key of my accommodation",
                "userDefined": false
            }
        ],
        "isTemplate": false,
        "count": 0,
        "updated": 1560155628
    },
    {
        "id": "dc320b9f-7af8-3b65-d782-e4d56ad1731e",
        "data": [
            {
                "text": "I'd want to get the keys of the kot",
                "userDefined": false
            }
        ],
        "isTemplate": false,
        "count": 0,
        "updated": 1560155628
    },
    {
        "id": "2e847d86-b51a-a642-e5a4-b617151e660f",
        "data": [
            {
                "text": "I would really like the keys of my room",
                "userDefined": false
            }
        ],
        "isTemplate": false,
        "count": 0,
        "updated": 1560155628
    },
    {
        "id": "15ea300f-b378-7d82-0478-f08b924002b1",
        "data": [
            {
                "text": "I'd really love the key of my place",
                "userDefined": false
            }
        ],
        "isTemplate": false,
        "count": 0,
        "updated": 1560155628
    },
    {
        "id": "d8208f80-7eb9-f7a6-3185-b0897fd753f5",
        "data": [
            {
                "text": "I would love the key of the housing",
                "userDefined": false
            }
        ],
        "isTemplate": false,
        "count": 0,
        "updated": 1560155628
    },
    {
        "id": "7134487a-e19b-b5bc-18e8-3b1174a30697",
        "data": [
            {
                "text": "what about place key",
                "userDefined": false
            }
        ],
        "isTemplate": false,
        "count": 0,
        "updated": 1560155628
    },
    {
        "id": "72e1310c-5462-7eeb-7e47-32c788293305",
        "data": [
            {
                "text": "information on kot keys",
                "userDefined": false
            }
        ],
        "isTemplate": false,
        "count": 0,
        "updated": 1560155628
    },
    {
        "id": "c7afe6ef-d169-398f-046a-fb19403ca10a",
        "data": [
            {
                "text": "I'd want the keys of the housing",
                "userDefined": false
            }
        ],
        "isTemplate": false,
        "count": 0,
        "updated": 1560155628
    },
    {
        "id": "52b10e09-76cb-996f-5de6-2c9fd513aa89",
        "data": [
            {
                "text": "information on housing keys",
                "userDefined": false
            }
        ],
        "isTemplate": false,
        "count": 0,
        "updated": 1560155628
    },
    {
        "id": "791344c9-b936-d3ce-dd02-241a74420e2a",
        "data": [
            {
                "text": "I would really want the keys of the kot",
                "userDefined": false
            }
        ],
        "isTemplate": false,
        "count": 0,
        "updated": 1560155628
    },
    {
        "id": "0a1923f1-918a-57b2-420e-bc13cedbb00c",
        "data": [
            {
                "text": "I would really like to learn about accommodation keys",
                "userDefined": false
            }
        ],
        "isTemplate": false,
        "count": 0,
        "updated": 1560155628
    },
    {
        "id": "1cdb421d-fbc2-fa87-fab9-7edd01c485b8",
        "data": [
            {
                "text": "I'd like the key of my accommodation",
                "userDefined": false
            }
        ],
        "isTemplate": false,
        "count": 0,
        "updated": 1560155628
    },
    {
        "id": "c7d8e08b-0e1a-474f-d784-40c22b5efb97",
        "data": [
            {
                "text": "I would really want to learn about accommodation key",
                "userDefined": false
            }
        ],
        "isTemplate": false,
        "count": 0,
        "updated": 1560155628
    },
    {
        "id": "f8c0ffeb-c614-6196-d397-71e61023d4fe",
        "data": [
            {
                "text": "tips on kot key",
                "userDefined": false
            }
        ],
        "isTemplate": false,
        "count": 0,
        "updated": 1560155628
    },
    {
        "id": "34c20de7-0e22-79d4-ca6e-50c59a87e9d9",
        "data": [
            {
                "text": "how do I obtain the keys of my housing",
                "userDefined": false
            }
        ],
        "isTemplate": false,
        "count": 0,
        "updated": 1560155628
    },
    {
        "id": "306567a7-e726-b8e9-271d-de4cafc51abb",
        "data": [
            {
                "text": "I'd want the key of the place",
                "userDefined": false
            }
        ],
        "isTemplate": false,
        "count": 0,
        "updated": 1560155628
    },
    {
        "id": "7f17adc2-8e07-a180-fee0-f0c6f4b02ae3",
        "data": [
            {
                "text": "where could I receive the keys of the accommodation",
                "userDefined": false
            }
        ],
        "isTemplate": false,
        "count": 0,
        "updated": 1560155628
    },
    {
        "id": "de1db226-73f5-1935-a2cf-f24a6c3cc7b7",
        "data": [
            {
                "text": "I need the key of the room",
                "userDefined": false
            }
        ],
        "isTemplate": false,
        "count": 0,
        "updated": 1560155628
    },
    {
        "id": "e747f820-a7b9-922e-ffb5-809b5e70c59d",
        "data": [
            {
                "text": "I'd really want the keys of my housing",
                "userDefined": false
            }
        ],
        "isTemplate": false,
        "count": 0,
        "updated": 1560155628
    },
    {
        "id": "d4aa0b6f-0c9d-f046-a91e-791f483990f0",
        "data": [
            {
                "text": "I need the key of my kot",
                "userDefined": false
            }
        ],
        "isTemplate": false,
        "count": 0,
        "updated": 1560155628
    },
    {
        "id": "0111c218-0bda-ed61-d4be-b5d2567bb809",
        "data": [
            {
                "text": "I'd really want the key of the kot",
                "userDefined": false
            }
        ],
        "isTemplate": false,
        "count": 0,
        "updated": 1560155628
    },
    {
        "id": "ba1456ca-132d-56bc-1c72-431c7c9ce621",
        "data": [
            {
                "text": "I need to receive the key of my room",
                "userDefined": false
            }
        ],
        "isTemplate": false,
        "count": 0,
        "updated": 1560155628
    },
    {
        "id": "97dbc9d5-8705-e810-36c5-6090a7437d78",
        "data": [
            {
                "text": "info on accommodation key",
                "userDefined": false
            }
        ],
        "isTemplate": false,
        "count": 0,
        "updated": 1560155628
    },
    {
        "id": "9b162b36-cc2f-f1a8-d6e4-3a4fe38a1395",
        "data": [
            {
                "text": "where is it possible for me to receive the keys of the kot",
                "userDefined": false
            }
        ],
        "isTemplate": false,
        "count": 0,
        "updated": 1560155628
    },
    {
        "id": "d10500a9-dead-bcca-3285-e40262ec0ce3",
        "data": [
            {
                "text": "what to do to receive the key of my kot",
                "userDefined": false
            }
        ],
        "isTemplate": false,
        "count": 0,
        "updated": 1560155628
    },
    {
        "id": "ca25ecbf-e513-dda6-6fba-c7c72d90bbbc",
        "data": [
            {
                "text": "I'd love to know about housing keys",
                "userDefined": false
            }
        ],
        "isTemplate": false,
        "count": 0,
        "updated": 1560155628
    },
    {
        "id": "c61d1956-1e22-ba7d-98f4-6d4081af37b0",
        "data": [
            {
                "text": "I would like to learn about housing keys",
                "userDefined": false
            }
        ],
        "isTemplate": false,
        "count": 0,
        "updated": 1560155628
    },
    {
        "id": "d2ec68b8-1a95-7715-a344-78c0da407611",
        "data": [
            {
                "text": "I'd want to be informed about accommodation key",
                "userDefined": false
            }
        ],
        "isTemplate": false,
        "count": 0,
        "updated": 1560155628
    },
    {
        "id": "882ad730-abb1-6461-d292-1c61616879ba",
        "data": [
            {
                "text": "what would I do to acquire the key of the housing",
                "userDefined": false
            }
        ],
        "isTemplate": false,
        "count": 0,
        "updated": 1560155628
    },
    {
        "id": "ced09db2-8b24-5328-2abb-8e5f7a97d2d4",
        "data": [
            {
                "text": "I'd like to learn about kot key",
                "userDefined": false
            }
        ],
        "isTemplate": false,
        "count": 0,
        "updated": 1560155628
    },
    {
        "id": "83476ecc-e62d-bcbe-526b-21d4872c08b5",
        "data": [
            {
                "text": "what about room key",
                "userDefined": false
            }
        ],
        "isTemplate": false,
        "count": 0,
        "updated": 1560155628
    },
    {
        "id": "2dbe7056-be7a-012c-f0a4-d77c182449c3",
        "data": [
            {
                "text": "I'd really love the keys of the room",
                "userDefined": false
            }
        ],
        "isTemplate": false,
        "count": 0,
        "updated": 1560155628
    },
    {
        "id": "75003a1c-630c-d9ce-badf-10e94337bbe4",
        "data": [
            {
                "text": "how to acquire the keys of the housing",
                "userDefined": false
            }
        ],
        "isTemplate": false,
        "count": 0,
        "updated": 1560155628
    },
    {
        "id": "ec82ef32-0e08-88a5-3b44-39afc1c2dc8b",
        "data": [
            {
                "text": "I'd love to be informed about housing keys",
                "userDefined": false
            }
        ],
        "isTemplate": false,
        "count": 0,
        "updated": 1560155628
    },
    {
        "id": "ea992fb5-59aa-ef6b-e023-a33691e12bbf",
        "data": [
            {
                "text": "I need the keys of my room",
                "userDefined": false
            }
        ],
        "isTemplate": false,
        "count": 0,
        "updated": 1560155628
    },
    {
        "id": "a3dac582-4d3c-4a1b-8dcf-44731ab22661",
        "data": [
            {
                "text": "I need to receive the keys of my housing",
                "userDefined": false
            }
        ],
        "isTemplate": false,
        "count": 0,
        "updated": 1560155628
    },
    {
        "id": "176a6fa3-4f30-1908-e1fa-5bc35adfe8b3",
        "data": [
            {
                "text": "I need the key of the kot",
                "userDefined": false
            }
        ],
        "isTemplate": false,
        "count": 0,
        "updated": 1560155628
    },
    {
        "id": "9ce198d0-2648-6b1a-4b0e-3a25c3ff5605",
        "data": [
            {
                "text": "I'd really want the key of the room",
                "userDefined": false
            }
        ],
        "isTemplate": false,
        "count": 0,
        "updated": 1560155628
    },
    {
        "id": "2e568c22-0cb0-6f80-e856-fb7fb0d27780",
        "data": [
            {
                "text": "who can aid to get the key of the accommodation",
                "userDefined": false
            }
        ],
        "isTemplate": false,
        "count": 0,
        "updated": 1560155628
    },
    {
        "id": "a6a1fc82-6d1f-da41-ae78-b889d3b126d8",
        "data": [
            {
                "text": "info about accommodation keys",
                "userDefined": false
            }
        ],
        "isTemplate": false,
        "count": 0,
        "updated": 1560155628
    },
    {
        "id": "2cfd9d4a-ea22-27a3-ab89-4f87042c24dd",
        "data": [
            {
                "text": "I would really want to obtain the key of my room",
                "userDefined": false
            }
        ],
        "isTemplate": false,
        "count": 0,
        "updated": 1560155628
    },
    {
        "id": "75fbfa00-581e-e756-ea5d-069800579ede",
        "data": [
            {
                "text": "I need the keys of the kot",
                "userDefined": false
            }
        ],
        "isTemplate": false,
        "count": 0,
        "updated": 1560155628
    },
    {
        "id": "df347057-73d2-f092-4dbc-27c4434d6bb4",
        "data": [
            {
                "text": "I'd want to learn about housing key",
                "userDefined": false
            }
        ],
        "isTemplate": false,
        "count": 0,
        "updated": 1560155628
    },
    {
        "id": "5820ce53-2e44-0c1d-dbcc-1ff21df7d8d8",
        "data": [
            {
                "text": "I would really like to know about accommodation keys",
                "userDefined": false
            }
        ],
        "isTemplate": false,
        "count": 0,
        "updated": 1560155628
    },
    {
        "id": "10be8f65-b285-cdc1-a4bb-27eabc177452",
        "data": [
            {
                "text": "how to get the keys of the accommodation",
                "userDefined": false
            }
        ],
        "isTemplate": false,
        "count": 0,
        "updated": 1560155628
    },
    {
        "id": "2f67f984-8f3f-98cc-5ed6-9a85846d997a",
        "data": [
            {
                "text": "what about kot key",
                "userDefined": false
            }
        ],
        "isTemplate": false,
        "count": 0,
        "updated": 1560155628
    },
    {
        "id": "1e296e14-cbd3-1a92-42b6-c3e0c5c0f4c9",
        "data": [
            {
                "text": "I'd really like to know about place keys",
                "userDefined": false
            }
        ],
        "isTemplate": false,
        "count": 0,
        "updated": 1560155628
    },
    {
        "id": "94658fa9-1ba6-70b6-3eae-9acaca2d3228",
        "data": [
            {
                "text": "how do I get the key of the housing",
                "userDefined": false
            }
        ],
        "isTemplate": false,
        "count": 0,
        "updated": 1560155628
    },
    {
        "id": "cd54cf63-01c4-3a65-69ef-06f4bccfc1c0",
        "data": [
            {
                "text": "I need to get the key of my place",
                "userDefined": false
            }
        ],
        "isTemplate": false,
        "count": 0,
        "updated": 1560155628
    },
    {
        "id": "98e02af8-a3ff-df10-7be6-94218fdcdea6",
        "data": [
            {
                "text": "show me about place key",
                "userDefined": false
            }
        ],
        "isTemplate": false,
        "count": 0,
        "updated": 1560155628
    },
    {
        "id": "d2988dfe-0506-ed42-2334-d195a47a4313",
        "data": [
            {
                "text": "I need the keys of my place",
                "userDefined": false
            }
        ],
        "isTemplate": false,
        "count": 0,
        "updated": 1560155628
    },
    {
        "id": "953d6299-a0dd-0297-2ea8-7cb325f4c811",
        "data": [
            {
                "text": "how is it possible to obtain the keys of my accommodation",
                "userDefined": false
            }
        ],
        "isTemplate": false,
        "count": 0,
        "updated": 1560155628
    },
    {
        "id": "57acc4c1-32a4-6fb1-2294-7198dbaddca2",
        "data": [
            {
                "text": "I'd really love the key of my room",
                "userDefined": false
            }
        ],
        "isTemplate": false,
        "count": 0,
        "updated": 1560155628
    },
    {
        "id": "8933e35c-6c7e-a004-6338-17c7c74371a4",
        "data": [
            {
                "text": "how do I obtain the key of the housing",
                "userDefined": false
            }
        ],
        "isTemplate": false,
        "count": 0,
        "updated": 1560155628
    },
    {
        "id": "b1fa28e2-23ae-8c48-4762-263c94173228",
        "data": [
            {
                "text": "I would really want to acquire the key of my place",
                "userDefined": false
            }
        ],
        "isTemplate": false,
        "count": 0,
        "updated": 1560155628
    },
    {
        "id": "756ab765-b6fb-e0cb-e042-b1e964b59d5a",
        "data": [
            {
                "text": "how to receive the key of my kot",
                "userDefined": false
            }
        ],
        "isTemplate": false,
        "count": 0,
        "updated": 1560155628
    },
    {
        "id": "fe655713-548f-a6a1-a664-24162756e2fe",
        "data": [
            {
                "text": "what about accommodation key",
                "userDefined": false
            }
        ],
        "isTemplate": false,
        "count": 0,
        "updated": 1560155628
    },
    {
        "id": "5504c599-01e9-79c2-fcf8-2ae8987cc43d",
        "data": [
            {
                "text": "who would aid to receive the key of the accommodation",
                "userDefined": false
            }
        ],
        "isTemplate": false,
        "count": 0,
        "updated": 1560155628
    },
    {
        "id": "d4f4fc98-5d73-e4a1-df62-dcef9d1aa4b7",
        "data": [
            {
                "text": "how could I acquire the key of the housing",
                "userDefined": false
            }
        ],
        "isTemplate": false,
        "count": 0,
        "updated": 1560155628
    },
    {
        "id": "1a6d847f-044a-bcdc-ef1e-bdd404819bf1",
        "data": [
            {
                "text": "I'd want the key of my kot",
                "userDefined": false
            }
        ],
        "isTemplate": false,
        "count": 0,
        "updated": 1560155628
    },
    {
        "id": "ea9d5321-9c20-0f32-ddd2-2e209993ce42",
        "data": [
            {
                "text": "I would like to learn about room keys",
                "userDefined": false
            }
        ],
        "isTemplate": false,
        "count": 0,
        "updated": 1560155628
    },
    {
        "id": "83471ecf-dce2-ca3f-c682-f8605b574d55",
        "data": [
            {
                "text": "I would like the key of the room",
                "userDefined": false
            }
        ],
        "isTemplate": false,
        "count": 0,
        "updated": 1560155628
    },
    {
        "id": "e6ec1fd8-6bfd-3251-7de3-cfe1b3b4e18e",
        "data": [
            {
                "text": "how would I receive the key of the housing",
                "userDefined": false
            }
        ],
        "isTemplate": false,
        "count": 0,
        "updated": 1560155628
    },
    {
        "id": "3c281e97-e5d0-4bb3-b03a-f4fd84c7ad59",
        "data": [
            {
                "text": "I'd want to know about housing key",
                "userDefined": false
            }
        ],
        "isTemplate": false,
        "count": 0,
        "updated": 1560155628
    },
    {
        "id": "eed286e2-effd-add6-c103-2e5bf5ed2d08",
        "data": [
            {
                "text": "where can I obtain the key of my accommodation",
                "userDefined": false
            }
        ],
        "isTemplate": false,
        "count": 0,
        "updated": 1560155628
    },
    {
        "id": "ea91031d-634f-6b64-8904-54e77f042c09",
        "data": [
            {
                "text": "how can I obtain the keys of the room",
                "userDefined": false
            }
        ],
        "isTemplate": false,
        "count": 0,
        "updated": 1560155628
    },
    {
        "id": "1ba31c18-d0a2-fd91-b50d-9904c4d43eb3",
        "data": [
            {
                "text": "I would really like to acquire the key of my accommodation",
                "userDefined": false
            }
        ],
        "isTemplate": false,
        "count": 0,
        "updated": 1560155628
    },
    {
        "id": "06057146-a5a7-9c72-a14f-92159ea90966",
        "data": [
            {
                "text": "tell me about place keys",
                "userDefined": false
            }
        ],
        "isTemplate": false,
        "count": 0,
        "updated": 1560155628
    },
    {
        "id": "d9f8819c-1fbb-32bb-f9b4-91cea6580d26",
        "data": [
            {
                "text": "I'd really like the key of the kot",
                "userDefined": false
            }
        ],
        "isTemplate": false,
        "count": 0,
        "updated": 1560155628
    },
    {
        "id": "def1bde5-2b53-b35a-e7b2-f64ae0176704",
        "data": [
            {
                "text": "where do I have to go to get the keys of my housing",
                "userDefined": false
            }
        ],
        "isTemplate": false,
        "count": 0,
        "updated": 1560155628
    },
    {
        "id": "108605f8-ec0b-a51a-ea2c-40c445dc2e19",
        "data": [
            {
                "text": "I would love to receive the keys of my room",
                "userDefined": false
            }
        ],
        "isTemplate": false,
        "count": 0,
        "updated": 1560155628
    },
    {
        "id": "c7046b3d-bdae-3efc-5137-303365744a36",
        "data": [
            {
                "text": "I want to know about kot key",
                "userDefined": false
            }
        ],
        "isTemplate": false,
        "count": 0,
        "updated": 1560155628
    },
    {
        "id": "504ec78b-9323-9a90-273c-304ea352b712",
        "data": [
            {
                "text": "I'd really love the key of the place",
                "userDefined": false
            }
        ],
        "isTemplate": false,
        "count": 0,
        "updated": 1560155628
    },
    {
        "id": "8b2327e1-742a-4d07-85bc-32bbef209587",
        "data": [
            {
                "text": "what about place keys",
                "userDefined": false
            }
        ],
        "isTemplate": false,
        "count": 0,
        "updated": 1560155628
    },
    {
        "id": "d875e718-84fb-5562-04b7-2bc6ab0da7f1",
        "data": [
            {
                "text": "how to acquire the keys of the room",
                "userDefined": false
            }
        ],
        "isTemplate": false,
        "count": 0,
        "updated": 1560155628
    },
    {
        "id": "5defbc6a-0092-acf4-1bba-b532b477c07a",
        "data": [
            {
                "text": "where will I go to get the keys of the housing",
                "userDefined": false
            }
        ],
        "isTemplate": false,
        "count": 0,
        "updated": 1560155628
    },
    {
        "id": "a809701d-179e-a269-d193-d1b2e93cb3f5",
        "data": [
            {
                "text": "how do I acquire the key of the kot",
                "userDefined": false
            }
        ],
        "isTemplate": false,
        "count": 0,
        "updated": 1560155628
    },
    {
        "id": "110c20dc-f0e9-9856-ddd5-b56a65ab1943",
        "data": [
            {
                "text": "information about housing key",
                "userDefined": false
            }
        ],
        "isTemplate": false,
        "count": 0,
        "updated": 1560155628
    },
    {
        "id": "65fd4d31-9317-9f09-dca6-8f096b952362",
        "data": [
            {
                "text": "can you please tell me about housing key",
                "userDefined": false
            }
        ],
        "isTemplate": false,
        "count": 0,
        "updated": 1560155628
    },
    {
        "id": "729069a3-9928-2a98-12f4-de2ee7586c38",
        "data": [
            {
                "text": "I want to be informed about housing key",
                "userDefined": false
            }
        ],
        "isTemplate": false,
        "count": 0,
        "updated": 1560155628
    },
    {
        "id": "9aac821e-806d-324f-cb2b-9dd5e2445a12",
        "data": [
            {
                "text": "I'd love the key of the kot",
                "userDefined": false
            }
        ],
        "isTemplate": false,
        "count": 0,
        "updated": 1560155628
    },
    {
        "id": "949014d3-bc1d-a9d1-39c4-6cac40728c49",
        "data": [
            {
                "text": "info on housing keys",
                "userDefined": false
            }
        ],
        "isTemplate": false,
        "count": 0,
        "updated": 1560155628
    },
    {
        "id": "55fe444f-e513-b268-20fa-fb2d72fb40b9",
        "data": [
            {
                "text": "guidance on accommodation keys",
                "userDefined": false
            }
        ],
        "isTemplate": false,
        "count": 0,
        "updated": 1560155628
    },
    {
        "id": "51f76469-fecc-1bd8-d65c-29ef3df73144",
        "data": [
            {
                "text": "who would assist to get the key of the accommodation",
                "userDefined": false
            }
        ],
        "isTemplate": false,
        "count": 0,
        "updated": 1560155628
    },
    {
        "id": "ff812ef7-7c8b-b4bb-4a1e-bccc0de81748",
        "data": [
            {
                "text": "I would really like to be informed about place key",
                "userDefined": false
            }
        ],
        "isTemplate": false,
        "count": 0,
        "updated": 1560155628
    },
    {
        "id": "e4cdfab5-74b0-6f4b-83b0-7fc6ddcaee48",
        "data": [
            {
                "text": "I would like to receive the key of my kot",
                "userDefined": false
            }
        ],
        "isTemplate": false,
        "count": 0,
        "updated": 1560155628
    },
    {
        "id": "9e41380c-285f-d967-d820-f444adb8306d",
        "data": [
            {
                "text": "I need the keys of the room",
                "userDefined": false
            }
        ],
        "isTemplate": false,
        "count": 0,
        "updated": 1560155628
    },
    {
        "id": "7bb9c77e-6931-9249-3405-d9de50067b87",
        "data": [
            {
                "text": "I would really love the key of the accommodation",
                "userDefined": false
            }
        ],
        "isTemplate": false,
        "count": 0,
        "updated": 1560155628
    },
    {
        "id": "d0c160ff-f844-65fc-ba2b-d147d9eedc9f",
        "data": [
            {
                "text": "I would love to know about housing keys",
                "userDefined": false
            }
        ],
        "isTemplate": false,
        "count": 0,
        "updated": 1560155628
    },
    {
        "id": "0ea36a87-efdc-034c-2797-1879a38b449f",
        "data": [
            {
                "text": "I'd like to know about room keys",
                "userDefined": false
            }
        ],
        "isTemplate": false,
        "count": 0,
        "updated": 1560155628
    },
    {
        "id": "53a5eec5-969a-5b4d-9616-e1b8ae2996ff",
        "data": [
            {
                "text": "how can I get the keys of my accommodation",
                "userDefined": false
            }
        ],
        "isTemplate": false,
        "count": 0,
        "updated": 1560155628
    },
    {
        "id": "0970f593-557a-470e-10cf-0b219adaa060",
        "data": [
            {
                "text": "how to acquire the keys of the kot",
                "userDefined": false
            }
        ],
        "isTemplate": false,
        "count": 0,
        "updated": 1560155628
    },
    {
        "id": "7950ac90-f80a-c20f-dc5c-eba960c0bdb1",
        "data": [
            {
                "text": "I would really love to obtain the key of the kot",
                "userDefined": false
            }
        ],
        "isTemplate": false,
        "count": 0,
        "updated": 1560155628
    },
    {
        "id": "35dd8a6d-3bbd-7f44-9810-ab3f8a7606e8",
        "data": [
            {
                "text": "I'd really love to get the keys of the place",
                "userDefined": false
            }
        ],
        "isTemplate": false,
        "count": 0,
        "updated": 1560155628
    },
    {
        "id": "6ffb9236-7ff8-4f77-7c60-bf4c4c0b592d",
        "data": [
            {
                "text": "I need to receive the key of the place",
                "userDefined": false
            }
        ],
        "isTemplate": false,
        "count": 0,
        "updated": 1560155628
    },
    {
        "id": "5dec3932-38b6-ff0d-3972-f7565b924d62",
        "data": [
            {
                "text": "I would like to obtain the key of the kot",
                "userDefined": false
            }
        ],
        "isTemplate": false,
        "count": 0,
        "updated": 1560155628
    }
]