[
    {
        "id": "e13f40d0-1d36-b9a8-4df8-2df89de40c00",
        "data": [
            {
                "text": "am I provided a moodle account",
                "userDefined": false
            }
        ],
        "isTemplate": false,
        "count": 0,
        "updated": 1560155629
    },
    {
        "id": "e7a85e19-71f2-4879-3822-ff3fe0cf9bc7",
        "data": [
            {
                "text": "am I given a moodle account when I would come",
                "userDefined": false
            }
        ],
        "isTemplate": false,
        "count": 0,
        "updated": 1560155629
    },
    {
        "id": "63e2cc33-2a6a-4c2d-e494-bdd1298b3634",
        "data": [
            {
                "text": "how to receive a moodle account",
                "userDefined": false
            }
        ],
        "isTemplate": false,
        "count": 0,
        "updated": 1560155629
    },
    {
        "id": "22d061b2-c0e0-da09-566f-0c494c940099",
        "data": [
            {
                "text": "am I provided a moodle account upon my arrival",
                "userDefined": false
            }
        ],
        "isTemplate": false,
        "count": 0,
        "updated": 1560155629
    },
    {
        "id": "49d722fd-e186-a5c2-ff3b-b097d0561312",
        "data": [
            {
                "text": "am I given a moodle account on arrival",
                "userDefined": false
            }
        ],
        "isTemplate": false,
        "count": 0,
        "updated": 1560155629
    },
    {
        "id": "96f8a8bc-2e14-c917-c660-8e43054aeb62",
        "data": [
            {
                "text": "how do I acquire a moodle account",
                "userDefined": false
            }
        ],
        "isTemplate": false,
        "count": 0,
        "updated": 1560155629
    },
    {
        "id": "5e6639e4-e823-7ce0-5b38-962acc6668c9",
        "data": [
            {
                "text": "what about who is it possible for me to call to get a moodle account please",
                "userDefined": false
            }
        ],
        "isTemplate": false,
        "count": 0,
        "updated": 1560155629
    },
    {
        "id": "f8b4bbbb-b8a0-c76d-352b-6790327af977",
        "data": [
            {
                "text": "how do I acquire a moodle account please",
                "userDefined": false
            }
        ],
        "isTemplate": false,
        "count": 0,
        "updated": 1560155629
    },
    {
        "id": "4be33db4-78d0-3732-6415-1e2afdc63d90",
        "data": [
            {
                "text": "do I have a moodle account",
                "userDefined": false
            }
        ],
        "isTemplate": false,
        "count": 0,
        "updated": 1560155629
    },
    {
        "id": "4bbab107-4a04-3251-9028-2f1eeaf31fea",
        "data": [
            {
                "text": "show me about getting a moodle account",
                "userDefined": false
            }
        ],
        "isTemplate": false,
        "count": 0,
        "updated": 1560155629
    },
    {
        "id": "652a4c18-c012-e010-2e32-2baff234315e",
        "data": [
            {
                "text": "tell me about acquiring a moodle account",
                "userDefined": false
            }
        ],
        "isTemplate": false,
        "count": 0,
        "updated": 1560155629
    },
    {
        "id": "09437e0d-5730-fd4a-580d-2af702895761",
        "data": [
            {
                "text": "am I provided a moodle account on arrival",
                "userDefined": false
            }
        ],
        "isTemplate": false,
        "count": 0,
        "updated": 1560155629
    },
    {
        "id": "8d7a9961-308d-c181-20ce-12fcdd3a7beb",
        "data": [
            {
                "text": "I'd like to know about getting a moodle account",
                "userDefined": false
            }
        ],
        "isTemplate": false,
        "count": 0,
        "updated": 1560155629
    },
    {
        "id": "70930c4c-6cab-e809-652c-37b446c5b747",
        "data": [
            {
                "text": "I would like to learn about acquiring a moodle account",
                "userDefined": false
            }
        ],
        "isTemplate": false,
        "count": 0,
        "updated": 1560155629
    },
    {
        "id": "7154f496-f54a-3bba-01f8-c3aaa39243da",
        "data": [
            {
                "text": "would you be so kind and show me about where could I receive a moodle account",
                "userDefined": false
            }
        ],
        "isTemplate": false,
        "count": 0,
        "updated": 1560155629
    },
    {
        "id": "cf1e71ba-afe1-9320-28bd-f925f7e4bbcd",
        "data": [
            {
                "text": "am I given a moodle account",
                "userDefined": false
            }
        ],
        "isTemplate": false,
        "count": 0,
        "updated": 1560155629
    },
    {
        "id": "af10d4ea-701d-efdc-9365-6efbddbcde15",
        "data": [
            {
                "text": "tell me about obtaining a moodle account",
                "userDefined": false
            }
        ],
        "isTemplate": false,
        "count": 0,
        "updated": 1560155629
    },
    {
        "id": "1ee66efc-03db-adbc-fae5-c97b18e1a4b1",
        "data": [
            {
                "text": "am I given a moodle account when I show up",
                "userDefined": false
            }
        ],
        "isTemplate": false,
        "count": 0,
        "updated": 1560155629
    },
    {
        "id": "d8b98cd6-1807-d873-533d-ecd8ec02b874",
        "data": [
            {
                "text": "information on getting a moodle account",
                "userDefined": false
            }
        ],
        "isTemplate": false,
        "count": 0,
        "updated": 1560155629
    },
    {
        "id": "3e0b93a8-14b7-5dbe-c499-9546c91e7bfd",
        "data": [
            {
                "text": "I would like to learn about obtaining a moodle account",
                "userDefined": false
            }
        ],
        "isTemplate": false,
        "count": 0,
        "updated": 1560155629
    },
    {
        "id": "71088fed-b813-3696-986b-84adc22e1ba1",
        "data": [
            {
                "text": "I want to be informed about acquiring a moodle account",
                "userDefined": false
            }
        ],
        "isTemplate": false,
        "count": 0,
        "updated": 1560155629
    },
    {
        "id": "4828a2d5-0c43-12c5-0a60-a1ef20a41d13",
        "data": [
            {
                "text": "I'd really want to get a moodle account please",
                "userDefined": false
            }
        ],
        "isTemplate": false,
        "count": 0,
        "updated": 1560155629
    },
    {
        "id": "f3c5f819-dbcf-7e6d-db4e-bdce63f38a87",
        "data": [
            {
                "text": "tell me about receiving a moodle account",
                "userDefined": false
            }
        ],
        "isTemplate": false,
        "count": 0,
        "updated": 1560155629
    },
    {
        "id": "d9049f6a-f8c4-7fe8-480a-43037e8c5ad6",
        "data": [
            {
                "text": "I'd really love to acquire a moodle account please",
                "userDefined": false
            }
        ],
        "isTemplate": false,
        "count": 0,
        "updated": 1560155629
    },
    {
        "id": "73292449-0118-0e14-3fcd-3082305781ef",
        "data": [
            {
                "text": "what about getting a moodle account",
                "userDefined": false
            }
        ],
        "isTemplate": false,
        "count": 0,
        "updated": 1560155629
    },
    {
        "id": "9967fed6-e786-94b7-480a-e9c2ba887f25",
        "data": [
            {
                "text": "am I given a moodle account when I would show up",
                "userDefined": false
            }
        ],
        "isTemplate": false,
        "count": 0,
        "updated": 1560155629
    },
    {
        "id": "68c62db1-4787-0ad2-1f37-0cfdb90e19d2",
        "data": [
            {
                "text": "what about obtaining a moodle account",
                "userDefined": false
            }
        ],
        "isTemplate": false,
        "count": 0,
        "updated": 1560155629
    },
    {
        "id": "e6975fbe-8509-d552-84a0-6130007df5df",
        "data": [
            {
                "text": "where is it possible for me to get a moodle account please",
                "userDefined": false
            }
        ],
        "isTemplate": false,
        "count": 0,
        "updated": 1560155629
    },
    {
        "id": "39f32ec2-3c2b-c834-aae6-0eb5294c074a",
        "data": [
            {
                "text": "show me about acquiring a moodle account",
                "userDefined": false
            }
        ],
        "isTemplate": false,
        "count": 0,
        "updated": 1560155629
    },
    {
        "id": "66b23bd5-2629-a96e-950d-3e957fb7fcda",
        "data": [
            {
                "text": "would you be so kind and show me about getting a moodle account",
                "userDefined": false
            }
        ],
        "isTemplate": false,
        "count": 0,
        "updated": 1560155629
    },
    {
        "id": "b5b6d848-99a1-2ca2-4d9c-7b96277d7c80",
        "data": [
            {
                "text": "am I given a moodle account when I will come",
                "userDefined": false
            }
        ],
        "isTemplate": false,
        "count": 0,
        "updated": 1560155629
    },
    {
        "id": "0bee6c72-c757-0831-4088-14eecfc444fc",
        "data": [
            {
                "text": "I'd love to know about who would aid to get a moodle account",
                "userDefined": false
            }
        ],
        "isTemplate": false,
        "count": 0,
        "updated": 1560155629
    },
    {
        "id": "4a944924-fd73-e915-08d8-338414feb23e",
        "data": [
            {
                "text": "can you tell me about receiving a moodle account",
                "userDefined": false
            }
        ],
        "isTemplate": false,
        "count": 0,
        "updated": 1560155629
    },
    {
        "id": "cca9e81f-4734-2cee-1473-516c68b3cd98",
        "data": [
            {
                "text": "would you be so kind and tell me about getting a moodle account",
                "userDefined": false
            }
        ],
        "isTemplate": false,
        "count": 0,
        "updated": 1560155629
    },
    {
        "id": "68dc0508-4774-68b9-c72f-aebdd9447b8c",
        "data": [
            {
                "text": "I'd love to learn about I'd want to obtain a moodle account",
                "userDefined": false
            }
        ],
        "isTemplate": false,
        "count": 0,
        "updated": 1560155629
    },
    {
        "id": "c1db9560-d45c-864e-7bc5-624f6d60304e",
        "data": [
            {
                "text": "I would love to be informed about how to get a moodle account please",
                "userDefined": false
            }
        ],
        "isTemplate": false,
        "count": 0,
        "updated": 1560155629
    },
    {
        "id": "c30d3875-5ad2-3abc-dd65-dc262ab2b548",
        "data": [
            {
                "text": "tell me about I'd really love to obtain a moodle account please",
                "userDefined": false
            }
        ],
        "isTemplate": false,
        "count": 0,
        "updated": 1560155629
    },
    {
        "id": "e31a6224-22ba-e8b4-c5f5-0e2cd2e35705",
        "data": [
            {
                "text": "I'd want to know about how to acquire a moodle account",
                "userDefined": false
            }
        ],
        "isTemplate": false,
        "count": 0,
        "updated": 1560155629
    },
    {
        "id": "f4066d52-38ba-41ce-de2f-a37fa88af23a",
        "data": [
            {
                "text": "am I given a moodle account upon my arrival",
                "userDefined": false
            }
        ],
        "isTemplate": false,
        "count": 0,
        "updated": 1560155629
    },
    {
        "id": "c290867f-411c-8d60-cc15-af44b0dc3763",
        "data": [
            {
                "text": "I would like to learn about getting a moodle account",
                "userDefined": false
            }
        ],
        "isTemplate": false,
        "count": 0,
        "updated": 1560155629
    },
    {
        "id": "8036e469-2ca8-4937-c4bb-c1597ce5b15b",
        "data": [
            {
                "text": "would you tell me about obtaining a moodle account",
                "userDefined": false
            }
        ],
        "isTemplate": false,
        "count": 0,
        "updated": 1560155629
    },
    {
        "id": "119de5cf-b421-7007-5e4d-ac2655961614",
        "data": [
            {
                "text": "I'd love to be informed about how do I receive a moodle account please",
                "userDefined": false
            }
        ],
        "isTemplate": false,
        "count": 0,
        "updated": 1560155629
    },
    {
        "id": "1aa422c9-403d-c00a-ae84-9c0bd6bb5db2",
        "data": [
            {
                "text": "I'd really like to be informed about obtaining a moodle account",
                "userDefined": false
            }
        ],
        "isTemplate": false,
        "count": 0,
        "updated": 1560155629
    },
    {
        "id": "14f0a4f5-ed38-a292-f107-688f8b8b1a22",
        "data": [
            {
                "text": "am I given a moodle account when I arrive",
                "userDefined": false
            }
        ],
        "isTemplate": false,
        "count": 0,
        "updated": 1560155629
    },
    {
        "id": "e2a1089f-c685-038b-2e02-7f0824cdac34",
        "data": [
            {
                "text": "tips on I'd really like to acquire a moodle account",
                "userDefined": false
            }
        ],
        "isTemplate": false,
        "count": 0,
        "updated": 1560155629
    },
    {
        "id": "c3dd347b-ae2d-d048-71b8-4fd48aebe75c",
        "data": [
            {
                "text": "I would really want to know about how to acquire a moodle account please",
                "userDefined": false
            }
        ],
        "isTemplate": false,
        "count": 0,
        "updated": 1560155629
    },
    {
        "id": "5dfc3d0a-a6e4-cfbf-998c-d106e108f452",
        "data": [
            {
                "text": "what about acquiring a moodle account",
                "userDefined": false
            }
        ],
        "isTemplate": false,
        "count": 0,
        "updated": 1560155629
    },
    {
        "id": "e3c16545-f34d-12ca-15f4-752b719448b0",
        "data": [
            {
                "text": "I want to learn about receiving a moodle account",
                "userDefined": false
            }
        ],
        "isTemplate": false,
        "count": 0,
        "updated": 1560155629
    },
    {
        "id": "00d4f8ec-7432-3388-e627-5ecabd92816b",
        "data": [
            {
                "text": "where would I receive a moodle account",
                "userDefined": false
            }
        ],
        "isTemplate": false,
        "count": 0,
        "updated": 1560155629
    },
    {
        "id": "5d7278b5-94bc-b533-b23f-3178d896c30d",
        "data": [
            {
                "text": "show me about I would love to obtain a moodle account please",
                "userDefined": false
            }
        ],
        "isTemplate": false,
        "count": 0,
        "updated": 1560155629
    },
    {
        "id": "aed84dda-98fa-cb2f-e572-a87822ce92cb",
        "data": [
            {
                "text": "I'd like to receive a moodle account",
                "userDefined": false
            }
        ],
        "isTemplate": false,
        "count": 0,
        "updated": 1560155629
    },
    {
        "id": "f49856c8-6c04-8c2e-2762-82a3378eb44e",
        "data": [
            {
                "text": "where is it possible for me to obtain a moodle account",
                "userDefined": false
            }
        ],
        "isTemplate": false,
        "count": 0,
        "updated": 1560155629
    },
    {
        "id": "5cba580d-0e92-c35d-80a7-6581b1f98cee",
        "data": [
            {
                "text": "information on acquiring a moodle account",
                "userDefined": false
            }
        ],
        "isTemplate": false,
        "count": 0,
        "updated": 1560155629
    },
    {
        "id": "5ae14d93-6512-e9bf-601d-d9961f7dab23",
        "data": [
            {
                "text": "information about I need to obtain a moodle account",
                "userDefined": false
            }
        ],
        "isTemplate": false,
        "count": 0,
        "updated": 1560155629
    },
    {
        "id": "d8d54f55-1fd4-d132-a70b-40421b7296c9",
        "data": [
            {
                "text": "how to obtain a moodle account",
                "userDefined": false
            }
        ],
        "isTemplate": false,
        "count": 0,
        "updated": 1560155629
    },
    {
        "id": "08fe458b-4e6f-057f-0092-07a293976d8f",
        "data": [
            {
                "text": "I would like to know about obtaining a moodle account",
                "userDefined": false
            }
        ],
        "isTemplate": false,
        "count": 0,
        "updated": 1560155629
    },
    {
        "id": "ce241f66-c5e5-f6b3-41e2-45bb5ab10254",
        "data": [
            {
                "text": "would you please show me about obtaining a moodle account",
                "userDefined": false
            }
        ],
        "isTemplate": false,
        "count": 0,
        "updated": 1560155629
    },
    {
        "id": "c9d655c9-bbf1-7253-99ee-819354c7a218",
        "data": [
            {
                "text": "I need to receive a moodle account please",
                "userDefined": false
            }
        ],
        "isTemplate": false,
        "count": 0,
        "updated": 1560155629
    },
    {
        "id": "ea96a8be-aa32-b6d3-2daa-e4298d72d635",
        "data": [
            {
                "text": "show me about who will I have to get in touch with to obtain a moodle account please",
                "userDefined": false
            }
        ],
        "isTemplate": false,
        "count": 0,
        "updated": 1560155629
    },
    {
        "id": "68dca3d8-865f-e88f-6bfa-edfd02c7f73a",
        "data": [
            {
                "text": "help about how do I acquire a moodle account please",
                "userDefined": false
            }
        ],
        "isTemplate": false,
        "count": 0,
        "updated": 1560155629
    },
    {
        "id": "112e8f35-65d4-a73f-8279-4ab5e60f843f",
        "data": [
            {
                "text": "where should I go to acquire a moodle account",
                "userDefined": false
            }
        ],
        "isTemplate": false,
        "count": 0,
        "updated": 1560155629
    },
    {
        "id": "99bfa01b-11c3-af4c-69a5-e1e1641aaf40",
        "data": [
            {
                "text": "I would really love to learn about I need to obtain a moodle account please",
                "userDefined": false
            }
        ],
        "isTemplate": false,
        "count": 0,
        "updated": 1560155629
    },
    {
        "id": "5a66107a-a749-7853-b05e-b01182b5638a",
        "data": [
            {
                "text": "how to acquire a moodle account",
                "userDefined": false
            }
        ],
        "isTemplate": false,
        "count": 0,
        "updated": 1560155629
    },
    {
        "id": "b67c31b1-8e5f-a00e-ef56-e94babb895ca",
        "data": [
            {
                "text": "am I provided a moodle account when I show up",
                "userDefined": false
            }
        ],
        "isTemplate": false,
        "count": 0,
        "updated": 1560155629
    },
    {
        "id": "2b97fb1a-ee8c-d056-f4d4-ae0561ab4c0b",
        "data": [
            {
                "text": "I'd love to be informed about receiving a moodle account",
                "userDefined": false
            }
        ],
        "isTemplate": false,
        "count": 0,
        "updated": 1560155629
    },
    {
        "id": "aab5975e-0b56-9c26-5568-45b86d8146f5",
        "data": [
            {
                "text": "show me about how is it possible to acquire a moodle account",
                "userDefined": false
            }
        ],
        "isTemplate": false,
        "count": 0,
        "updated": 1560155629
    },
    {
        "id": "7dee660e-b8b6-cc47-7e60-9b2e7bd47cae",
        "data": [
            {
                "text": "aid about acquiring a moodle account",
                "userDefined": false
            }
        ],
        "isTemplate": false,
        "count": 0,
        "updated": 1560155629
    },
    {
        "id": "8c161df5-a256-fe47-21d9-a2c9ada42ae9",
        "data": [
            {
                "text": "would you be so kind and tell me about acquiring a moodle account",
                "userDefined": false
            }
        ],
        "isTemplate": false,
        "count": 0,
        "updated": 1560155629
    },
    {
        "id": "6e4af86e-fcec-5d6e-9a44-9e91485d9596",
        "data": [
            {
                "text": "I would love to know about how do we receive a moodle account",
                "userDefined": false
            }
        ],
        "isTemplate": false,
        "count": 0,
        "updated": 1560155629
    },
    {
        "id": "e9eb07d4-267e-d3a2-9ad2-c61259bb1088",
        "data": [
            {
                "text": "info on getting a moodle account",
                "userDefined": false
            }
        ],
        "isTemplate": false,
        "count": 0,
        "updated": 1560155629
    },
    {
        "id": "a4ea3fc9-686a-185d-318a-6700638fc6c6",
        "data": [
            {
                "text": "instruction on receiving a moodle account",
                "userDefined": false
            }
        ],
        "isTemplate": false,
        "count": 0,
        "updated": 1560155629
    },
    {
        "id": "abdfa5ce-4824-eafc-388b-c11d0f8aafdc",
        "data": [
            {
                "text": "what about what to do to acquire a moodle account",
                "userDefined": false
            }
        ],
        "isTemplate": false,
        "count": 0,
        "updated": 1560155629
    },
    {
        "id": "2b451f2b-7e75-102b-19c0-c32fc637a9ec",
        "data": [
            {
                "text": "would you please tell me about getting a moodle account",
                "userDefined": false
            }
        ],
        "isTemplate": false,
        "count": 0,
        "updated": 1560155629
    },
    {
        "id": "337cc44c-1992-faa4-cfd4-db00038e2251",
        "data": [
            {
                "text": "what about I'd like to obtain a moodle account please",
                "userDefined": false
            }
        ],
        "isTemplate": false,
        "count": 0,
        "updated": 1560155629
    },
    {
        "id": "139f47e6-067b-d1de-22ce-3291b50c87b8",
        "data": [
            {
                "text": "would you be so kind and tell me about who could assist to receive a moodle account",
                "userDefined": false
            }
        ],
        "isTemplate": false,
        "count": 0,
        "updated": 1560155629
    },
    {
        "id": "a096db3d-c56c-292a-633c-d691d4d77ecc",
        "data": [
            {
                "text": "I'd really love to know about I would love to receive a moodle account",
                "userDefined": false
            }
        ],
        "isTemplate": false,
        "count": 0,
        "updated": 1560155629
    },
    {
        "id": "49f05e1b-270b-14e2-bc0b-35e94b57f146",
        "data": [
            {
                "text": "can you show me about receiving a moodle account",
                "userDefined": false
            }
        ],
        "isTemplate": false,
        "count": 0,
        "updated": 1560155629
    },
    {
        "id": "c0445f68-605e-153d-61b7-d6c542cbae36",
        "data": [
            {
                "text": "I'd really love to be informed about how to obtain a moodle account please",
                "userDefined": false
            }
        ],
        "isTemplate": false,
        "count": 0,
        "updated": 1560155629
    },
    {
        "id": "81d0362f-82e1-e3b6-6a75-99c76a6d728e",
        "data": [
            {
                "text": "I want to learn about acquiring a moodle account",
                "userDefined": false
            }
        ],
        "isTemplate": false,
        "count": 0,
        "updated": 1560155629
    },
    {
        "id": "3a30c3b8-6b52-4691-c5ef-49bc4812d036",
        "data": [
            {
                "text": "I'd really want to learn about obtaining a moodle account",
                "userDefined": false
            }
        ],
        "isTemplate": false,
        "count": 0,
        "updated": 1560155629
    },
    {
        "id": "988e6736-3b46-5e1e-6a42-6225c3a90f4b",
        "data": [
            {
                "text": "what about receiving a moodle account",
                "userDefined": false
            }
        ],
        "isTemplate": false,
        "count": 0,
        "updated": 1560155629
    },
    {
        "id": "d8080a16-bb5a-b675-c80c-2bf68f9eb047",
        "data": [
            {
                "text": "am I provided a moodle account when I will come",
                "userDefined": false
            }
        ],
        "isTemplate": false,
        "count": 0,
        "updated": 1560155629
    },
    {
        "id": "5d1e2f29-4e80-209d-8b13-cf7a6a25e535",
        "data": [
            {
                "text": "am I given a moodle account when I would arrive",
                "userDefined": false
            }
        ],
        "isTemplate": false,
        "count": 0,
        "updated": 1560155629
    },
    {
        "id": "4bb04e63-984b-bf9e-9c79-d07ecd251847",
        "data": [
            {
                "text": "how to acquire a moodle account please",
                "userDefined": false
            }
        ],
        "isTemplate": false,
        "count": 0,
        "updated": 1560155629
    },
    {
        "id": "810f713b-bf6c-d7ef-8071-46a601cb0981",
        "data": [
            {
                "text": "I would really like to know about I need to receive a moodle account please",
                "userDefined": false
            }
        ],
        "isTemplate": false,
        "count": 0,
        "updated": 1560155629
    },
    {
        "id": "364d3f60-c26c-15b8-a8ee-0c843f605fac",
        "data": [
            {
                "text": "I'd want to get a moodle account",
                "userDefined": false
            }
        ],
        "isTemplate": false,
        "count": 0,
        "updated": 1560155629
    },
    {
        "id": "0d5bee8e-7769-c9f9-3fff-cfebf2a38a1a",
        "data": [
            {
                "text": "recommendation about receiving a moodle account",
                "userDefined": false
            }
        ],
        "isTemplate": false,
        "count": 0,
        "updated": 1560155629
    },
    {
        "id": "519503af-0203-03e2-fd0e-9ec3e096fdb4",
        "data": [
            {
                "text": "tips about receiving a moodle account",
                "userDefined": false
            }
        ],
        "isTemplate": false,
        "count": 0,
        "updated": 1560155629
    },
    {
        "id": "36f52b30-6a3a-16ef-f196-6a1c6d3da07b",
        "data": [
            {
                "text": "what will I do to acquire a moodle account please",
                "userDefined": false
            }
        ],
        "isTemplate": false,
        "count": 0,
        "updated": 1560155629
    },
    {
        "id": "63fdd05f-bd59-aa19-2f0e-7e0dfd8bc6b8",
        "data": [
            {
                "text": "I'd really love to be informed about obtaining a moodle account",
                "userDefined": false
            }
        ],
        "isTemplate": false,
        "count": 0,
        "updated": 1560155629
    },
    {
        "id": "bb3fcc60-dfba-e6aa-3c86-94dffb2c537b",
        "data": [
            {
                "text": "I want to know about getting a moodle account",
                "userDefined": false
            }
        ],
        "isTemplate": false,
        "count": 0,
        "updated": 1560155629
    },
    {
        "id": "5b6417bb-aec2-3bda-b5c5-b5878858e6dc",
        "data": [
            {
                "text": "information about acquiring a moodle account",
                "userDefined": false
            }
        ],
        "isTemplate": false,
        "count": 0,
        "updated": 1560155629
    },
    {
        "id": "6c574e30-027e-226f-b95a-7b45d28e08dd",
        "data": [
            {
                "text": "what would I have to do to get a moodle account please",
                "userDefined": false
            }
        ],
        "isTemplate": false,
        "count": 0,
        "updated": 1560155629
    },
    {
        "id": "a2d6dbb7-ce1e-94a4-23a4-0d4ea67f6d1c",
        "data": [
            {
                "text": "information on obtaining a moodle account",
                "userDefined": false
            }
        ],
        "isTemplate": false,
        "count": 0,
        "updated": 1560155629
    },
    {
        "id": "b6ab45a0-5713-7459-4cde-865be4951a11",
        "data": [
            {
                "text": "I would like to obtain a moodle account",
                "userDefined": false
            }
        ],
        "isTemplate": false,
        "count": 0,
        "updated": 1560155629
    },
    {
        "id": "6480635c-7581-2d15-0234-235157fcde82",
        "data": [
            {
                "text": "what about I would like to receive a moodle account",
                "userDefined": false
            }
        ],
        "isTemplate": false,
        "count": 0,
        "updated": 1560155629
    },
    {
        "id": "ac2c3562-78b8-176e-f330-9c5f45714b2b",
        "data": [
            {
                "text": "where would I go to obtain a moodle account",
                "userDefined": false
            }
        ],
        "isTemplate": false,
        "count": 0,
        "updated": 1560155629
    },
    {
        "id": "728b3ca6-be18-497c-b67b-413df7d6245d",
        "data": [
            {
                "text": "would you be so kind and tell me about receiving a moodle account",
                "userDefined": false
            }
        ],
        "isTemplate": false,
        "count": 0,
        "updated": 1560155629
    },
    {
        "id": "0afce10b-1c88-05fd-54fd-60fa983ba5fd",
        "data": [
            {
                "text": "information on how do I obtain a moodle account",
                "userDefined": false
            }
        ],
        "isTemplate": false,
        "count": 0,
        "updated": 1560155629
    },
    {
        "id": "29a95a81-0181-9d95-f984-b14ddea24148",
        "data": [
            {
                "text": "I'd love to be informed about acquiring a moodle account",
                "userDefined": false
            }
        ],
        "isTemplate": false,
        "count": 0,
        "updated": 1560155629
    },
    {
        "id": "7e06bbbc-934e-be1e-cabc-029277814bdb",
        "data": [
            {
                "text": "would you be so kind and show me about acquiring a moodle account",
                "userDefined": false
            }
        ],
        "isTemplate": false,
        "count": 0,
        "updated": 1560155629
    },
    {
        "id": "9a99530b-edcb-76d0-ec0d-3add5734b910",
        "data": [
            {
                "text": "recommendations on obtaining a moodle account",
                "userDefined": false
            }
        ],
        "isTemplate": false,
        "count": 0,
        "updated": 1560155629
    },
    {
        "id": "e80b42cb-c195-e764-61a2-087cadc3913d",
        "data": [
            {
                "text": "could you please show me about receiving a moodle account",
                "userDefined": false
            }
        ],
        "isTemplate": false,
        "count": 0,
        "updated": 1560155629
    },
    {
        "id": "393ef181-3e9a-80e5-8247-25a8f3dc79cf",
        "data": [
            {
                "text": "what about I would love to receive a moodle account",
                "userDefined": false
            }
        ],
        "isTemplate": false,
        "count": 0,
        "updated": 1560155629
    },
    {
        "id": "7f425552-2a33-a83f-9953-8d025ef043a5",
        "data": [
            {
                "text": "I would really want to learn about where to go to receive a moodle account please",
                "userDefined": false
            }
        ],
        "isTemplate": false,
        "count": 0,
        "updated": 1560155629
    },
    {
        "id": "83560e4c-7689-af05-3bca-e238050a47e4",
        "data": [
            {
                "text": "info on what to do to acquire a moodle account please",
                "userDefined": false
            }
        ],
        "isTemplate": false,
        "count": 0,
        "updated": 1560155629
    },
    {
        "id": "d81841ab-8e32-cb64-296f-00bc83abe8b3",
        "data": [
            {
                "text": "how to get a moodle account please",
                "userDefined": false
            }
        ],
        "isTemplate": false,
        "count": 0,
        "updated": 1560155629
    },
    {
        "id": "77687f65-0fbf-6d55-8ba4-46b2a2561999",
        "data": [
            {
                "text": "I'd really like to receive a moodle account please",
                "userDefined": false
            }
        ],
        "isTemplate": false,
        "count": 0,
        "updated": 1560155629
    },
    {
        "id": "be770ea1-fc38-5487-1034-c1c97eedfa6c",
        "data": [
            {
                "text": "show me about how would I get a moodle account",
                "userDefined": false
            }
        ],
        "isTemplate": false,
        "count": 0,
        "updated": 1560155629
    },
    {
        "id": "bf178041-d7c4-75eb-b996-70957918c6e5",
        "data": [
            {
                "text": "I would really like to know about getting a moodle account",
                "userDefined": false
            }
        ],
        "isTemplate": false,
        "count": 0,
        "updated": 1560155629
    },
    {
        "id": "db6b2d89-40d5-c4f8-9702-4480c68d0273",
        "data": [
            {
                "text": "I need to get a moodle account",
                "userDefined": false
            }
        ],
        "isTemplate": false,
        "count": 0,
        "updated": 1560155629
    },
    {
        "id": "68c8dd1f-89c8-9801-5920-802967162ebc",
        "data": [
            {
                "text": "I would really want to be informed about receiving a moodle account",
                "userDefined": false
            }
        ],
        "isTemplate": false,
        "count": 0,
        "updated": 1560155629
    },
    {
        "id": "ecc2fd52-9cb7-4c64-100e-2874fda5eee6",
        "data": [
            {
                "text": "where do I need to go to receive a moodle account please",
                "userDefined": false
            }
        ],
        "isTemplate": false,
        "count": 0,
        "updated": 1560155629
    },
    {
        "id": "747a6049-6895-77e6-6aec-5d8d76ffa9e6",
        "data": [
            {
                "text": "what about how to acquire a moodle account",
                "userDefined": false
            }
        ],
        "isTemplate": false,
        "count": 0,
        "updated": 1560155629
    },
    {
        "id": "582c35c2-211f-3fc1-d4f3-9552c28a3e48",
        "data": [
            {
                "text": "I would love to be informed about receiving a moodle account",
                "userDefined": false
            }
        ],
        "isTemplate": false,
        "count": 0,
        "updated": 1560155629
    },
    {
        "id": "ba72cdf2-e02d-98a9-6df0-86889b74fe75",
        "data": [
            {
                "text": "would you be so kind and tell me about how do we receive a moodle account please",
                "userDefined": false
            }
        ],
        "isTemplate": false,
        "count": 0,
        "updated": 1560155629
    },
    {
        "id": "43b8a2fc-9973-11a4-0999-6b1351a912a0",
        "data": [
            {
                "text": "am I provided a moodle account when I come",
                "userDefined": false
            }
        ],
        "isTemplate": false,
        "count": 0,
        "updated": 1560155629
    },
    {
        "id": "e825c250-3d22-5b72-4e70-bd479799bb77",
        "data": [
            {
                "text": "I'd really like to learn about getting a moodle account",
                "userDefined": false
            }
        ],
        "isTemplate": false,
        "count": 0,
        "updated": 1560155629
    },
    {
        "id": "f7899de7-2fef-97ba-cfc8-5d83ce0e4d8f",
        "data": [
            {
                "text": "am I provided a moodle account when I arrive",
                "userDefined": false
            }
        ],
        "isTemplate": false,
        "count": 0,
        "updated": 1560155629
    },
    {
        "id": "c0a217e3-7ecd-a1b4-cc55-2e62c47e5752",
        "data": [
            {
                "text": "I want to learn about where could I obtain a moodle account",
                "userDefined": false
            }
        ],
        "isTemplate": false,
        "count": 0,
        "updated": 1560155629
    }
]