[
    {
        "id": "174eea82-a3bd-b9d6-eb70-f15a4ad395e4",
        "data": [
            {
                "text": "I'd really love to register into a course on moodle",
                "userDefined": false
            }
        ],
        "isTemplate": false,
        "count": 0,
        "updated": 1560155629
    },
    {
        "id": "d6d66b08-89d5-e9ed-c77f-4894654ebf18",
        "data": [
            {
                "text": "what would I do if I'd want to register into a course on moodle",
                "userDefined": false
            }
        ],
        "isTemplate": false,
        "count": 0,
        "updated": 1560155629
    },
    {
        "id": "6ea509de-b0b4-9c1d-c00d-2baa075097c2",
        "data": [
            {
                "text": "how to register to courses on moodle",
                "userDefined": false
            }
        ],
        "isTemplate": false,
        "count": 0,
        "updated": 1560155629
    },
    {
        "id": "e247e592-5435-4247-9bfa-972265d1a401",
        "data": [
            {
                "text": "recommendation about enroling into courses on moodle",
                "userDefined": false
            }
        ],
        "isTemplate": false,
        "count": 0,
        "updated": 1560155629
    },
    {
        "id": "2b07df2e-c256-60af-cc0e-5c91e3e7bda7",
        "data": [
            {
                "text": "I'd love to register into a course on moodle",
                "userDefined": false
            }
        ],
        "isTemplate": false,
        "count": 0,
        "updated": 1560155629
    },
    {
        "id": "24427015-7fa1-6613-d89c-cce83e815a3a",
        "data": [
            {
                "text": "show me about joiningto courses on moodle",
                "userDefined": false
            }
        ],
        "isTemplate": false,
        "count": 0,
        "updated": 1560155629
    },
    {
        "id": "8c5177dc-5fcb-86ae-b136-8cfeb2472fc6",
        "data": [
            {
                "text": "can you show me about signing up into courses on moodle",
                "userDefined": false
            }
        ],
        "isTemplate": false,
        "count": 0,
        "updated": 1560155629
    },
    {
        "id": "bcd8b600-f28f-9c4e-bb05-b28105793e65",
        "data": [
            {
                "text": "I need to join to a course on moodle",
                "userDefined": false
            }
        ],
        "isTemplate": false,
        "count": 0,
        "updated": 1560155629
    },
    {
        "id": "b3b4ed34-053c-87de-32fb-aad28ae5409c",
        "data": [
            {
                "text": "how do we join to courses on the moodle service",
                "userDefined": false
            }
        ],
        "isTemplate": false,
        "count": 0,
        "updated": 1560155629
    },
    {
        "id": "9ff222d3-b2c6-1454-8a4a-dcaecaf6d6fb",
        "data": [
            {
                "text": "I would really want to learn about signing up into a course on moodle",
                "userDefined": false
            }
        ],
        "isTemplate": false,
        "count": 0,
        "updated": 1560155629
    },
    {
        "id": "d5dee3e8-f135-0693-3ed1-bff185fdb80d",
        "data": [
            {
                "text": "I'd really love to be informed about signing up into courses on the moodle service",
                "userDefined": false
            }
        ],
        "isTemplate": false,
        "count": 0,
        "updated": 1560155629
    },
    {
        "id": "db830ae2-dae7-57f4-d95c-c0406fd06ac4",
        "data": [
            {
                "text": "I would love to register into a course on moodle",
                "userDefined": false
            }
        ],
        "isTemplate": false,
        "count": 0,
        "updated": 1560155629
    },
    {
        "id": "36a7575c-3a4f-a2de-ab1e-a5e855de5750",
        "data": [
            {
                "text": "how do I register into a course on the moodle web page",
                "userDefined": false
            }
        ],
        "isTemplate": false,
        "count": 0,
        "updated": 1560155629
    },
    {
        "id": "bf333f82-2675-4111-2068-bcbf2fbba951",
        "data": [
            {
                "text": "show me about enrollingto courses on moodle",
                "userDefined": false
            }
        ],
        "isTemplate": false,
        "count": 0,
        "updated": 1560155629
    },
    {
        "id": "1874907f-77c5-f1b3-757f-87bd7779147f",
        "data": [
            {
                "text": "what about joining into courses on moodle",
                "userDefined": false
            }
        ],
        "isTemplate": false,
        "count": 0,
        "updated": 1560155629
    },
    {
        "id": "2df5c030-d8c6-5bb3-8d3b-8ba78e8eed76",
        "data": [
            {
                "text": "would you tell me about enrolingto courses on moodle",
                "userDefined": false
            }
        ],
        "isTemplate": false,
        "count": 0,
        "updated": 1560155629
    },
    {
        "id": "ff9225b8-0eab-bcb8-defe-4bf04dc0045c",
        "data": [
            {
                "text": "I would really like to register into a course on moodle where to go",
                "userDefined": false
            }
        ],
        "isTemplate": false,
        "count": 0,
        "updated": 1560155629
    },
    {
        "id": "715e569e-c413-20ef-8f83-7b85905eb1e4",
        "data": [
            {
                "text": "I'd want to register into a course on moodle what would I do",
                "userDefined": false
            }
        ],
        "isTemplate": false,
        "count": 0,
        "updated": 1560155629
    },
    {
        "id": "80bd0229-e386-45c4-62cf-459d305a8293",
        "data": [
            {
                "text": "information about registeringto a course on moodle",
                "userDefined": false
            }
        ],
        "isTemplate": false,
        "count": 0,
        "updated": 1560155629
    },
    {
        "id": "a923dce3-8f83-6289-140e-7cbd59e99379",
        "data": [
            {
                "text": "I'd really love to know about joining into a course on moodle",
                "userDefined": false
            }
        ],
        "isTemplate": false,
        "count": 0,
        "updated": 1560155629
    },
    {
        "id": "451f619a-bc1d-0839-691d-1aac679c7c8e",
        "data": [
            {
                "text": "I need to sign up to courses on moodle",
                "userDefined": false
            }
        ],
        "isTemplate": false,
        "count": 0,
        "updated": 1560155629
    },
    {
        "id": "94eceeb4-56e3-ae3a-8f76-e09b8fadbb4c",
        "data": [
            {
                "text": "I need to register to courses on moodle",
                "userDefined": false
            }
        ],
        "isTemplate": false,
        "count": 0,
        "updated": 1560155629
    },
    {
        "id": "4208f397-e7f1-36a6-a4a0-7fa2046da250",
        "data": [
            {
                "text": "I'd want to register into a course on moodle",
                "userDefined": false
            }
        ],
        "isTemplate": false,
        "count": 0,
        "updated": 1560155629
    },
    {
        "id": "cf02d960-d22d-52ec-282c-f7008fa8ec89",
        "data": [
            {
                "text": "tell me about signing upto courses on the moodle web page",
                "userDefined": false
            }
        ],
        "isTemplate": false,
        "count": 0,
        "updated": 1560155629
    },
    {
        "id": "4186b21e-e0d4-222f-a079-b9a963bebce3",
        "data": [
            {
                "text": "I need to register into courses on moodle",
                "userDefined": false
            }
        ],
        "isTemplate": false,
        "count": 0,
        "updated": 1560155629
    },
    {
        "id": "ddc63fa9-a9b8-6678-5934-7795d586a81c",
        "data": [
            {
                "text": "I'd really like to register into a course on moodle",
                "userDefined": false
            }
        ],
        "isTemplate": false,
        "count": 0,
        "updated": 1560155629
    },
    {
        "id": "7d06c11f-17b2-590a-d9b0-bb5d6675ab2a",
        "data": [
            {
                "text": "how to enroll to a course on the moodle service",
                "userDefined": false
            }
        ],
        "isTemplate": false,
        "count": 0,
        "updated": 1560155629
    },
    {
        "id": "dc8a2636-7037-a1a1-5529-bb06ac448081",
        "data": [
            {
                "text": "how to sign up to courses on moodle",
                "userDefined": false
            }
        ],
        "isTemplate": false,
        "count": 0,
        "updated": 1560155629
    },
    {
        "id": "424a96f3-cd57-a9f8-1e2b-4e1939792933",
        "data": [
            {
                "text": "how is it possible to register to a course on moodle",
                "userDefined": false
            }
        ],
        "isTemplate": false,
        "count": 0,
        "updated": 1560155629
    },
    {
        "id": "1d7ec795-66ad-cb16-4080-a55d40916666",
        "data": [
            {
                "text": "would you be so kind and tell me about joining into a course on the moodle service",
                "userDefined": false
            }
        ],
        "isTemplate": false,
        "count": 0,
        "updated": 1560155629
    },
    {
        "id": "164f1446-f3dd-d8f1-0564-1c2ac72523f3",
        "data": [
            {
                "text": "where would I need to go when I'd like to register into a course on moodle",
                "userDefined": false
            }
        ],
        "isTemplate": false,
        "count": 0,
        "updated": 1560155629
    },
    {
        "id": "0145e503-3a5b-6023-8a52-b247b3df3657",
        "data": [
            {
                "text": "I'd want to register into a course on moodle, who can aid",
                "userDefined": false
            }
        ],
        "isTemplate": false,
        "count": 0,
        "updated": 1560155629
    },
    {
        "id": "14556f88-3e25-01fa-db51-e10f18ab3709",
        "data": [
            {
                "text": "I'd really want to register into a course on moodle",
                "userDefined": false
            }
        ],
        "isTemplate": false,
        "count": 0,
        "updated": 1560155629
    },
    {
        "id": "41137177-a22a-4732-69e3-4542631622f7",
        "data": [
            {
                "text": "who should I get in touch with if I'd really love to register into a course on moodle",
                "userDefined": false
            }
        ],
        "isTemplate": false,
        "count": 0,
        "updated": 1560155629
    },
    {
        "id": "a5ba640c-3254-7ac2-6f13-9f103f69a15a",
        "data": [
            {
                "text": "I'd really want to learn about registeringto a course on the moodle webpage",
                "userDefined": false
            }
        ],
        "isTemplate": false,
        "count": 0,
        "updated": 1560155629
    },
    {
        "id": "05c274ee-03ea-6d28-d79d-658fd5853670",
        "data": [
            {
                "text": "I'd really want to know about joiningto courses on moodle",
                "userDefined": false
            }
        ],
        "isTemplate": false,
        "count": 0,
        "updated": 1560155629
    },
    {
        "id": "19d86258-b91a-ea75-b5a3-bf2b8e9f09ff",
        "data": [
            {
                "text": "I need to enroll into a course on moodle",
                "userDefined": false
            }
        ],
        "isTemplate": false,
        "count": 0,
        "updated": 1560155629
    },
    {
        "id": "8ad5aa9a-9c1f-95b3-ed3e-a9a626fe75ff",
        "data": [
            {
                "text": "would you be so kind and tell me about signing upto a course on moodle",
                "userDefined": false
            }
        ],
        "isTemplate": false,
        "count": 0,
        "updated": 1560155629
    },
    {
        "id": "b1d36058-de4b-cc2b-1ce6-60f0aaeb898c",
        "data": [
            {
                "text": "I'd love to learn about registeringto a course on the moodle site",
                "userDefined": false
            }
        ],
        "isTemplate": false,
        "count": 0,
        "updated": 1560155629
    },
    {
        "id": "1a5c4b8b-e541-aefb-aabd-44793e1fc5d3",
        "data": [
            {
                "text": "how is it possible for me to sign up into courses on the moodle service",
                "userDefined": false
            }
        ],
        "isTemplate": false,
        "count": 0,
        "updated": 1560155629
    },
    {
        "id": "913d2dfd-ecd8-d6ac-1714-e5077847afde",
        "data": [
            {
                "text": "who could aid when I'd really love to register into a course on moodle",
                "userDefined": false
            }
        ],
        "isTemplate": false,
        "count": 0,
        "updated": 1560155629
    },
    {
        "id": "b89cf309-1465-33c8-f656-73bc8ac53c47",
        "data": [
            {
                "text": "I'd want to enroll to a course on the moodle platform",
                "userDefined": false
            }
        ],
        "isTemplate": false,
        "count": 0,
        "updated": 1560155629
    },
    {
        "id": "61a4630f-186e-ffc0-6786-6628f6e85fbe",
        "data": [
            {
                "text": "information on enrolling into courses on moodle",
                "userDefined": false
            }
        ],
        "isTemplate": false,
        "count": 0,
        "updated": 1560155629
    },
    {
        "id": "47770180-1f46-ba13-88ec-dec36213e60d",
        "data": [
            {
                "text": "I'd really love to register into a course on moodle where would I have to go",
                "userDefined": false
            }
        ],
        "isTemplate": false,
        "count": 0,
        "updated": 1560155629
    },
    {
        "id": "4bb5dbe2-0b33-8246-6ea4-3502558118fd",
        "data": [
            {
                "text": "how is it possible to sign up into courses on moodle",
                "userDefined": false
            }
        ],
        "isTemplate": false,
        "count": 0,
        "updated": 1560155629
    },
    {
        "id": "376bae46-ad92-26fd-ea92-7cac337e6c29",
        "data": [
            {
                "text": "I would really want to join to courses on moodle",
                "userDefined": false
            }
        ],
        "isTemplate": false,
        "count": 0,
        "updated": 1560155629
    },
    {
        "id": "c91218c1-4e44-b3b8-2dc6-1f4b99a39c81",
        "data": [
            {
                "text": "info about signing upto courses on the moodle service",
                "userDefined": false
            }
        ],
        "isTemplate": false,
        "count": 0,
        "updated": 1560155629
    },
    {
        "id": "e0931c2c-ac5f-f906-cbf9-7b40b142a430",
        "data": [
            {
                "text": "how to join into courses on moodle",
                "userDefined": false
            }
        ],
        "isTemplate": false,
        "count": 0,
        "updated": 1560155629
    },
    {
        "id": "c878d42e-d3bb-a980-2156-2de2c8a32308",
        "data": [
            {
                "text": "how do I sign up to a course on moodle",
                "userDefined": false
            }
        ],
        "isTemplate": false,
        "count": 0,
        "updated": 1560155629
    },
    {
        "id": "e94914ea-281f-1cf0-dbed-e09017cf2daa",
        "data": [
            {
                "text": "I want to register into a course on moodle where would I go",
                "userDefined": false
            }
        ],
        "isTemplate": false,
        "count": 0,
        "updated": 1560155629
    },
    {
        "id": "614572d7-bc95-8ef8-108a-a6c99985ff58",
        "data": [
            {
                "text": "what about registering into courses on moodle",
                "userDefined": false
            }
        ],
        "isTemplate": false,
        "count": 0,
        "updated": 1560155629
    },
    {
        "id": "49f0b1b1-e3a2-beb9-1066-01f936d88623",
        "data": [
            {
                "text": "where should I go when I'd like to register into a course on moodle",
                "userDefined": false
            }
        ],
        "isTemplate": false,
        "count": 0,
        "updated": 1560155629
    },
    {
        "id": "bebca94e-f854-df9e-85bd-1abe697efbec",
        "data": [
            {
                "text": "I want to register into a course on moodle",
                "userDefined": false
            }
        ],
        "isTemplate": false,
        "count": 0,
        "updated": 1560155629
    },
    {
        "id": "e98df733-7387-d4c2-d266-a1240cd26f08",
        "data": [
            {
                "text": "I would like to register into a course on moodle",
                "userDefined": false
            }
        ],
        "isTemplate": false,
        "count": 0,
        "updated": 1560155629
    },
    {
        "id": "5a4b9197-b8b7-2fce-bc22-31fa05f8fc35",
        "data": [
            {
                "text": "what about signing up into a course on moodle",
                "userDefined": false
            }
        ],
        "isTemplate": false,
        "count": 0,
        "updated": 1560155629
    },
    {
        "id": "ba436a27-b944-06a5-636a-0dd75bc9f640",
        "data": [
            {
                "text": "how do I join into a course on the moodle service",
                "userDefined": false
            }
        ],
        "isTemplate": false,
        "count": 0,
        "updated": 1560155629
    },
    {
        "id": "0be11ad2-3529-acfb-ddd6-36481e303ee4",
        "data": [
            {
                "text": "who would I contact if I'd really like to register into a course on moodle",
                "userDefined": false
            }
        ],
        "isTemplate": false,
        "count": 0,
        "updated": 1560155629
    },
    {
        "id": "05cfac26-1693-1270-3c15-8501dc96e201",
        "data": [
            {
                "text": "guidance about signing up into a course on the moodle platform",
                "userDefined": false
            }
        ],
        "isTemplate": false,
        "count": 0,
        "updated": 1560155629
    },
    {
        "id": "0fb44844-37d1-90d9-db83-d946a5cea2e4",
        "data": [
            {
                "text": "where to go if I want to register into a course on moodle",
                "userDefined": false
            }
        ],
        "isTemplate": false,
        "count": 0,
        "updated": 1560155629
    },
    {
        "id": "cbd30c00-a519-dbbf-dc48-6f01804467cd",
        "data": [
            {
                "text": "where to go to enrol to courses on moodle",
                "userDefined": false
            }
        ],
        "isTemplate": false,
        "count": 0,
        "updated": 1560155629
    },
    {
        "id": "cb8c7fa2-ae6e-b9e0-0064-cc9e4aca03bf",
        "data": [
            {
                "text": "where is it possible to sign up to courses on moodle",
                "userDefined": false
            }
        ],
        "isTemplate": false,
        "count": 0,
        "updated": 1560155629
    },
    {
        "id": "f06cc604-8f81-6c85-1ad9-c5c394a4ddae",
        "data": [
            {
                "text": "how to join to a course on the moodle platform",
                "userDefined": false
            }
        ],
        "isTemplate": false,
        "count": 0,
        "updated": 1560155629
    },
    {
        "id": "fa659265-ba26-4951-d30a-399e04ac1e65",
        "data": [
            {
                "text": "where can I join to a course on moodle",
                "userDefined": false
            }
        ],
        "isTemplate": false,
        "count": 0,
        "updated": 1560155629
    },
    {
        "id": "096c94f5-7d1f-f3ca-f801-84b6c15402e9",
        "data": [
            {
                "text": "I would really like to register into a course on moodle, what to do",
                "userDefined": false
            }
        ],
        "isTemplate": false,
        "count": 0,
        "updated": 1560155629
    },
    {
        "id": "92daea05-dd86-204c-9169-ae4797df39b7",
        "data": [
            {
                "text": "where would I enroll to courses on the moodle platform",
                "userDefined": false
            }
        ],
        "isTemplate": false,
        "count": 0,
        "updated": 1560155629
    },
    {
        "id": "c739d3d0-1e0c-f8e7-1d1c-0deaa3c2b6d4",
        "data": [
            {
                "text": "I need to join to courses on the moodle platform",
                "userDefined": false
            }
        ],
        "isTemplate": false,
        "count": 0,
        "updated": 1560155629
    },
    {
        "id": "f915dbf1-526b-dfdc-f6c0-1e9f355fe6e5",
        "data": [
            {
                "text": "how do I register to courses on the moodle web site",
                "userDefined": false
            }
        ],
        "isTemplate": false,
        "count": 0,
        "updated": 1560155629
    },
    {
        "id": "50bae020-fbb2-fc6d-ab58-9e6837144540",
        "data": [
            {
                "text": "would you be so kind and show me about registeringto a course on moodle",
                "userDefined": false
            }
        ],
        "isTemplate": false,
        "count": 0,
        "updated": 1560155629
    },
    {
        "id": "ac88e8a1-cb23-ceb2-6288-3b242fce6775",
        "data": [
            {
                "text": "how do we sign up to a course on moodle",
                "userDefined": false
            }
        ],
        "isTemplate": false,
        "count": 0,
        "updated": 1560155629
    },
    {
        "id": "a4e42523-b6ec-2b54-ae09-57df5326d74d",
        "data": [
            {
                "text": "where is it possible for me to register to a course on moodle",
                "userDefined": false
            }
        ],
        "isTemplate": false,
        "count": 0,
        "updated": 1560155629
    },
    {
        "id": "1b5e88b8-36a2-7849-e3b2-04db1ee1a2f1",
        "data": [
            {
                "text": "would you show me about joiningto courses on moodle",
                "userDefined": false
            }
        ],
        "isTemplate": false,
        "count": 0,
        "updated": 1560155629
    },
    {
        "id": "ba6d097f-732e-9bda-6764-529c9b29d1ac",
        "data": [
            {
                "text": "I would really like to register into a course on moodle",
                "userDefined": false
            }
        ],
        "isTemplate": false,
        "count": 0,
        "updated": 1560155629
    },
    {
        "id": "8cee36cc-7dca-d171-2c4f-dfb318c70927",
        "data": [
            {
                "text": "how do I register into a course on moodle",
                "userDefined": false
            }
        ],
        "isTemplate": false,
        "count": 0,
        "updated": 1560155629
    },
    {
        "id": "741c04f5-c7c9-2085-8c41-ecd30058cd33",
        "data": [
            {
                "text": "what about signing upto a course on the moodle service",
                "userDefined": false
            }
        ],
        "isTemplate": false,
        "count": 0,
        "updated": 1560155629
    },
    {
        "id": "941a1b7d-f60a-0344-c838-98780b0ab223",
        "data": [
            {
                "text": "I'd want to register into a course on moodle what will I do",
                "userDefined": false
            }
        ],
        "isTemplate": false,
        "count": 0,
        "updated": 1560155629
    },
    {
        "id": "1635624e-ccfc-ea9b-3b5e-47afd9f68d72",
        "data": [
            {
                "text": "show me about joining into a course on moodle",
                "userDefined": false
            }
        ],
        "isTemplate": false,
        "count": 0,
        "updated": 1560155629
    },
    {
        "id": "d39f582d-db54-b939-3fe2-fb362ead0a0f",
        "data": [
            {
                "text": "I'd really love to be informed about joining into a course on moodle",
                "userDefined": false
            }
        ],
        "isTemplate": false,
        "count": 0,
        "updated": 1560155629
    },
    {
        "id": "11673986-b5dc-a602-f505-dffb161e1558",
        "data": [
            {
                "text": "what about signing upto courses on moodle",
                "userDefined": false
            }
        ],
        "isTemplate": false,
        "count": 0,
        "updated": 1560155629
    },
    {
        "id": "9cdfddae-61eb-262c-613b-bb232f2241a1",
        "data": [
            {
                "text": "show me about joining into a course on the moodle web page",
                "userDefined": false
            }
        ],
        "isTemplate": false,
        "count": 0,
        "updated": 1560155629
    },
    {
        "id": "1dbf4a0f-ff06-7e71-86d7-d2dc33f72ff0",
        "data": [
            {
                "text": "who would help when I want to register into a course on moodle",
                "userDefined": false
            }
        ],
        "isTemplate": false,
        "count": 0,
        "updated": 1560155629
    },
    {
        "id": "50239f38-3e61-0c66-5607-31be398bc4bc",
        "data": [
            {
                "text": "show me about registeringto courses on the moodle service",
                "userDefined": false
            }
        ],
        "isTemplate": false,
        "count": 0,
        "updated": 1560155629
    },
    {
        "id": "74c2c6e3-cab2-b113-fb1a-3fbddb7df7b0",
        "data": [
            {
                "text": "what about signing up into a course on the moodle webpage",
                "userDefined": false
            }
        ],
        "isTemplate": false,
        "count": 0,
        "updated": 1560155629
    },
    {
        "id": "7fc2d278-956f-2d47-23be-8a6f9850f92b",
        "data": [
            {
                "text": "info on signing up into a course on the moodle platform",
                "userDefined": false
            }
        ],
        "isTemplate": false,
        "count": 0,
        "updated": 1560155629
    },
    {
        "id": "8a1d28e9-3839-4e95-e1fa-fb595a06cdde",
        "data": [
            {
                "text": "how to join into a course on moodle",
                "userDefined": false
            }
        ],
        "isTemplate": false,
        "count": 0,
        "updated": 1560155629
    },
    {
        "id": "c2bbe585-c03a-fe59-800e-047f1bb55cf7",
        "data": [
            {
                "text": "I would really want to register into a course on moodle, who can aid",
                "userDefined": false
            }
        ],
        "isTemplate": false,
        "count": 0,
        "updated": 1560155629
    },
    {
        "id": "dac5d30d-b1fa-f399-5437-ce0fb1d6434c",
        "data": [
            {
                "text": "how do I register into courses on the moodle platform",
                "userDefined": false
            }
        ],
        "isTemplate": false,
        "count": 0,
        "updated": 1560155629
    },
    {
        "id": "fd4661f0-9165-59cc-1fa1-5366cc0c2871",
        "data": [
            {
                "text": "I'd like to register into a course on moodle who could aid",
                "userDefined": false
            }
        ],
        "isTemplate": false,
        "count": 0,
        "updated": 1560155629
    },
    {
        "id": "693237d2-1180-5b98-e226-29e81e3d3f7e",
        "data": [
            {
                "text": "I'd really want to join into courses on moodle",
                "userDefined": false
            }
        ],
        "isTemplate": false,
        "count": 0,
        "updated": 1560155629
    },
    {
        "id": "0b91bb29-ef45-205d-2384-b90ad8981269",
        "data": [
            {
                "text": "where is it possible for me to enroll to a course on moodle",
                "userDefined": false
            }
        ],
        "isTemplate": false,
        "count": 0,
        "updated": 1560155629
    },
    {
        "id": "694fa168-a715-069c-0aba-f79b7ca51612",
        "data": [
            {
                "text": "I would really like to know about registeringto a course on moodle",
                "userDefined": false
            }
        ],
        "isTemplate": false,
        "count": 0,
        "updated": 1560155629
    },
    {
        "id": "43a5bc0b-5934-1349-824e-102e8a557eef",
        "data": [
            {
                "text": "I need to enrol into a course on moodle",
                "userDefined": false
            }
        ],
        "isTemplate": false,
        "count": 0,
        "updated": 1560155629
    },
    {
        "id": "1d4175ff-cd37-c227-d154-b299b99f25d7",
        "data": [
            {
                "text": "how do I join into a course on moodle",
                "userDefined": false
            }
        ],
        "isTemplate": false,
        "count": 0,
        "updated": 1560155629
    },
    {
        "id": "e776f634-5a7b-1198-7669-ac5543fdb88b",
        "data": [
            {
                "text": "what to do when I'd like to register into a course on moodle",
                "userDefined": false
            }
        ],
        "isTemplate": false,
        "count": 0,
        "updated": 1560155629
    },
    {
        "id": "b630b3d0-1c14-94f3-ad81-54c8b864a3ea",
        "data": [
            {
                "text": "I'd like to know about registeringto courses on moodle",
                "userDefined": false
            }
        ],
        "isTemplate": false,
        "count": 0,
        "updated": 1560155629
    },
    {
        "id": "3ca04263-18a0-e8ac-4023-a641ea954169",
        "data": [
            {
                "text": "I need to join to a course on the moodle site",
                "userDefined": false
            }
        ],
        "isTemplate": false,
        "count": 0,
        "updated": 1560155629
    },
    {
        "id": "7529d729-a258-4b96-b06c-8c89265a935a",
        "data": [
            {
                "text": "who do I have to get in touch with to register into courses on moodle",
                "userDefined": false
            }
        ],
        "isTemplate": false,
        "count": 0,
        "updated": 1560155629
    },
    {
        "id": "2c5ff7c5-0a55-3494-2fd6-da86af580048",
        "data": [
            {
                "text": "what should I do if I want to register into a course on moodle",
                "userDefined": false
            }
        ],
        "isTemplate": false,
        "count": 0,
        "updated": 1560155629
    },
    {
        "id": "936e81e9-b4a4-0b3d-1407-d3bf45d074ba",
        "data": [
            {
                "text": "tell me about registering into courses on moodle",
                "userDefined": false
            }
        ],
        "isTemplate": false,
        "count": 0,
        "updated": 1560155629
    },
    {
        "id": "939e2718-071e-5634-88c2-1be738270aa7",
        "data": [
            {
                "text": "what should I do to sign up into courses on moodle",
                "userDefined": false
            }
        ],
        "isTemplate": false,
        "count": 0,
        "updated": 1560155629
    },
    {
        "id": "98527f8e-36a2-f926-79d1-00dc4f41fda6",
        "data": [
            {
                "text": "who can help to register into courses on moodle",
                "userDefined": false
            }
        ],
        "isTemplate": false,
        "count": 0,
        "updated": 1560155629
    },
    {
        "id": "61d52052-edd1-0d18-2fc4-50035e582d71",
        "data": [
            {
                "text": "I need to enroll into courses on moodle",
                "userDefined": false
            }
        ],
        "isTemplate": false,
        "count": 0,
        "updated": 1560155629
    },
    {
        "id": "69b69589-11bd-1500-538b-72a364cb3485",
        "data": [
            {
                "text": "I'd want to register into a course on moodle, who will I have to get in touch with",
                "userDefined": false
            }
        ],
        "isTemplate": false,
        "count": 0,
        "updated": 1560155629
    },
    {
        "id": "d09f8588-6a4f-bd91-cada-469bb9019045",
        "data": [
            {
                "text": "how to register into courses on moodle",
                "userDefined": false
            }
        ],
        "isTemplate": false,
        "count": 0,
        "updated": 1560155629
    },
    {
        "id": "cd62b197-d068-723c-c0e3-7aaa0e74fb01",
        "data": [
            {
                "text": "would you be so kind and show me about registering into courses on moodle",
                "userDefined": false
            }
        ],
        "isTemplate": false,
        "count": 0,
        "updated": 1560155629
    },
    {
        "id": "cb8441b1-c6a3-bd28-6fea-8c7fbddb7dfa",
        "data": [
            {
                "text": "I'd really love to register into a course on moodle who would I call",
                "userDefined": false
            }
        ],
        "isTemplate": false,
        "count": 0,
        "updated": 1560155629
    },
    {
        "id": "e457ab4e-3114-b97c-9f18-d62de201447f",
        "data": [
            {
                "text": "where should I go if I would really want to register into a course on moodle",
                "userDefined": false
            }
        ],
        "isTemplate": false,
        "count": 0,
        "updated": 1560155629
    },
    {
        "id": "d5fa87e9-24ea-1e5c-7ed6-ea38b7a02d9f",
        "data": [
            {
                "text": "who is it possible to get in touch with to register into a course on the moodle service",
                "userDefined": false
            }
        ],
        "isTemplate": false,
        "count": 0,
        "updated": 1560155629
    },
    {
        "id": "76659732-24e5-4e83-63ec-153bac506b23",
        "data": [
            {
                "text": "I need to register to a course on moodle",
                "userDefined": false
            }
        ],
        "isTemplate": false,
        "count": 0,
        "updated": 1560155629
    },
    {
        "id": "e38c6d50-97c0-a505-2082-38dda5e44f06",
        "data": [
            {
                "text": "I'd really like to enrol to courses on moodle",
                "userDefined": false
            }
        ],
        "isTemplate": false,
        "count": 0,
        "updated": 1560155629
    },
    {
        "id": "ccf0fbad-6c7b-8b63-0f7f-5f75d6276613",
        "data": [
            {
                "text": "what about enrolingto courses on moodle",
                "userDefined": false
            }
        ],
        "isTemplate": false,
        "count": 0,
        "updated": 1560155629
    },
    {
        "id": "eeb47c0f-8e79-f754-97f1-076234e5ce33",
        "data": [
            {
                "text": "I'd want to register into a course on moodle where to go",
                "userDefined": false
            }
        ],
        "isTemplate": false,
        "count": 0,
        "updated": 1560155629
    },
    {
        "id": "a14a6ae5-5566-87be-33a4-336f549adb4c",
        "data": [
            {
                "text": "how would I register into courses on the moodle platform",
                "userDefined": false
            }
        ],
        "isTemplate": false,
        "count": 0,
        "updated": 1560155629
    },
    {
        "id": "e8c56dea-0a50-03aa-4433-2c8eac1dfa3b",
        "data": [
            {
                "text": "I'd really love to be informed about enrollingto courses on the moodle site",
                "userDefined": false
            }
        ],
        "isTemplate": false,
        "count": 0,
        "updated": 1560155629
    },
    {
        "id": "6bb840b2-f300-0897-a8aa-4224b5abaf72",
        "data": [
            {
                "text": "would you be so kind and show me about registeringto courses on the moodle web page",
                "userDefined": false
            }
        ],
        "isTemplate": false,
        "count": 0,
        "updated": 1560155629
    },
    {
        "id": "e9aeafbf-a994-f324-7eef-e0e8e6a8ffeb",
        "data": [
            {
                "text": "I'd like to register into a course on moodle, who would I contact",
                "userDefined": false
            }
        ],
        "isTemplate": false,
        "count": 0,
        "updated": 1560155629
    },
    {
        "id": "324a3909-e325-03ec-80a5-3e4e1bbacdbb",
        "data": [
            {
                "text": "I'd really want to be informed about enroling into a course on the moodle web page",
                "userDefined": false
            }
        ],
        "isTemplate": false,
        "count": 0,
        "updated": 1560155629
    },
    {
        "id": "d3f73867-1a34-e7bf-0548-708d601e43fe",
        "data": [
            {
                "text": "I would like to join into a course on moodle",
                "userDefined": false
            }
        ],
        "isTemplate": false,
        "count": 0,
        "updated": 1560155629
    },
    {
        "id": "e9e0fff6-eb48-339b-db6a-e66116c1ac98",
        "data": [
            {
                "text": "what to do if I'd really want to register into a course on moodle",
                "userDefined": false
            }
        ],
        "isTemplate": false,
        "count": 0,
        "updated": 1560155629
    },
    {
        "id": "1f75a208-b748-7c1c-19e7-bed4a2ad503e",
        "data": [
            {
                "text": "I need to join into a course on the moodle webpage",
                "userDefined": false
            }
        ],
        "isTemplate": false,
        "count": 0,
        "updated": 1560155629
    },
    {
        "id": "e3302344-07af-d186-ec8e-173f8f1c2238",
        "data": [
            {
                "text": "I would really love to register to a course on the moodle platform",
                "userDefined": false
            }
        ],
        "isTemplate": false,
        "count": 0,
        "updated": 1560155629
    }
]