[
    {
        "id": "05b36449-a69e-04a7-dbeb-36cc0b1fea53",
        "data": [
            {
                "text": "is it costly to go out",
                "userDefined": false
            }
        ],
        "isTemplate": false,
        "count": 0,
        "updated": 1560155628
    },
    {
        "id": "98a45ceb-7962-9935-75b9-e4212e13f3f6",
        "data": [
            {
                "text": "show me about price of feast",
                "userDefined": false
            }
        ],
        "isTemplate": false,
        "count": 0,
        "updated": 1560155628
    },
    {
        "id": "19a7c9ec-5f22-3854-f68d-ca2084ee7c58",
        "data": [
            {
                "text": "I'd love to know about price of feast",
                "userDefined": false
            }
        ],
        "isTemplate": false,
        "count": 0,
        "updated": 1560155628
    },
    {
        "id": "b56c9dcd-94e1-a085-c19d-1031bb69d9d6",
        "data": [
            {
                "text": "is it high-priced to go out",
                "userDefined": false
            }
        ],
        "isTemplate": false,
        "count": 0,
        "updated": 1560155628
    },
    {
        "id": "0250cee8-bf08-dfc5-e7dd-13f0bbd1a3dc",
        "data": [
            {
                "text": "is it expensive to go to party",
                "userDefined": false
            }
        ],
        "isTemplate": false,
        "count": 0,
        "updated": 1560155628
    },
    {
        "id": "2e8c39ca-f0a1-c1d7-ee7a-1f35a737787a",
        "data": [
            {
                "text": "is it expensive to go out",
                "userDefined": false
            }
        ],
        "isTemplate": false,
        "count": 0,
        "updated": 1560155628
    },
    {
        "id": "de5ef85f-3ad9-66a5-2f06-ffc2fe1a6247",
        "data": [
            {
                "text": "how expensive is it to go to the concert",
                "userDefined": false
            }
        ],
        "isTemplate": false,
        "count": 0,
        "updated": 1560155628
    },
    {
        "id": "42df6772-93a3-bae5-904a-bcf2a4be4d2f",
        "data": [
            {
                "text": "info on frequent cost for concert",
                "userDefined": false
            }
        ],
        "isTemplate": false,
        "count": 0,
        "updated": 1560155628
    },
    {
        "id": "6b959925-5d3d-d7df-13a1-e0cc8a094f63",
        "data": [
            {
                "text": "what does it cost to go out",
                "userDefined": false
            }
        ],
        "isTemplate": false,
        "count": 0,
        "updated": 1560155628
    },
    {
        "id": "7c096cbc-e215-89f0-2c48-95e747b05408",
        "data": [
            {
                "text": "how much money does it cost to go out",
                "userDefined": false
            }
        ],
        "isTemplate": false,
        "count": 0,
        "updated": 1560155628
    },
    {
        "id": "6b0cb742-6a67-20b7-0a3d-d1d8771e7a79",
        "data": [
            {
                "text": "what would I need for culture",
                "userDefined": false
            }
        ],
        "isTemplate": false,
        "count": 0,
        "updated": 1560155628
    },
    {
        "id": "ba070c93-c38d-db4b-19ff-5da001e76039",
        "data": [
            {
                "text": "what'll be the usual price for culture",
                "userDefined": false
            }
        ],
        "isTemplate": false,
        "count": 0,
        "updated": 1560155628
    },
    {
        "id": "a29ca68a-8222-0425-fe23-64ffe0e3990e",
        "data": [
            {
                "text": "how much does it cost to go out",
                "userDefined": false
            }
        ],
        "isTemplate": false,
        "count": 0,
        "updated": 1560155628
    },
    {
        "id": "d5655f8b-b566-a870-e7d2-4e0990d08af7",
        "data": [
            {
                "text": "what do I have to plan for cultural events",
                "userDefined": false
            }
        ],
        "isTemplate": false,
        "count": 0,
        "updated": 1560155628
    },
    {
        "id": "f6ee6670-3a9b-8267-1256-82b9911b7d18",
        "data": [
            {
                "text": "how high-priced is it to go to cinema",
                "userDefined": false
            }
        ],
        "isTemplate": false,
        "count": 0,
        "updated": 1560155628
    },
    {
        "id": "092b4ba3-6036-d81d-391e-35680f5ff3a3",
        "data": [
            {
                "text": "what about what would I need for cultural events",
                "userDefined": false
            }
        ],
        "isTemplate": false,
        "count": 0,
        "updated": 1560155628
    },
    {
        "id": "99e5120e-c4cd-9964-65d2-6fd3471b6b95",
        "data": [
            {
                "text": "I'd like to be informed about usual price for culture",
                "userDefined": false
            }
        ],
        "isTemplate": false,
        "count": 0,
        "updated": 1560155628
    },
    {
        "id": "a08f91ed-010b-854a-587c-a7e057416401",
        "data": [
            {
                "text": "what does it cost to go to the feast in belgium",
                "userDefined": false
            }
        ],
        "isTemplate": false,
        "count": 0,
        "updated": 1560155628
    },
    {
        "id": "ac345c59-2286-1ff6-a924-c968620957ca",
        "data": [
            {
                "text": "enlightenment on what will I prepare for attending to culture",
                "userDefined": false
            }
        ],
        "isTemplate": false,
        "count": 0,
        "updated": 1560155628
    },
    {
        "id": "0600c1cb-30d6-9182-a658-69dda25f2e2f",
        "data": [
            {
                "text": "how overpriced is it to go to the feast",
                "userDefined": false
            }
        ],
        "isTemplate": false,
        "count": 0,
        "updated": 1560155628
    },
    {
        "id": "2fadf324-c58d-1dc5-5218-a0ec2d32fe6d",
        "data": [
            {
                "text": "how high-priced is it to go out",
                "userDefined": false
            }
        ],
        "isTemplate": false,
        "count": 0,
        "updated": 1560155628
    },
    {
        "id": "eeccf3f4-4cbd-ae39-ce47-9012e942d5f9",
        "data": [
            {
                "text": "what about the cost of party",
                "userDefined": false
            }
        ],
        "isTemplate": false,
        "count": 0,
        "updated": 1560155628
    },
    {
        "id": "477ebdf0-6c37-f3c5-ee5c-0aeebd4c77ef",
        "data": [
            {
                "text": "how overpriced is it to go to party",
                "userDefined": false
            }
        ],
        "isTemplate": false,
        "count": 0,
        "updated": 1560155628
    },
    {
        "id": "c6af9b40-550a-0090-168e-6f01c52b935d",
        "data": [
            {
                "text": "what's the customary cost for party in belgium",
                "userDefined": false
            }
        ],
        "isTemplate": false,
        "count": 0,
        "updated": 1560155628
    },
    {
        "id": "76441cd6-3876-6b6c-e823-dc7faa43791a",
        "data": [
            {
                "text": "how much does it cost to go to celebration in belgium",
                "userDefined": false
            }
        ],
        "isTemplate": false,
        "count": 0,
        "updated": 1560155628
    },
    {
        "id": "28a052a0-6c2f-d6d4-5df5-e4501ae367aa",
        "data": [
            {
                "text": "what should I prepare for attending to culture",
                "userDefined": false
            }
        ],
        "isTemplate": false,
        "count": 0,
        "updated": 1560155628
    },
    {
        "id": "9f6724cc-1155-c582-cbf4-766e21edcbbf",
        "data": [
            {
                "text": "what about routine price for cultural events",
                "userDefined": false
            }
        ],
        "isTemplate": false,
        "count": 0,
        "updated": 1560155628
    },
    {
        "id": "f3386ad7-ff0b-87da-31f8-7b3b63b0ccce",
        "data": [
            {
                "text": "show me about the cost of feast",
                "userDefined": false
            }
        ],
        "isTemplate": false,
        "count": 0,
        "updated": 1560155628
    },
    {
        "id": "63468a7d-9519-39df-bcb1-4a6c108e6f4d",
        "data": [
            {
                "text": "I'd really want cost of party",
                "userDefined": false
            }
        ],
        "isTemplate": false,
        "count": 0,
        "updated": 1560155628
    },
    {
        "id": "f575e5cb-12df-e6c2-2d5a-b360b38d96cc",
        "data": [
            {
                "text": "what is the everyday cost for concert",
                "userDefined": false
            }
        ],
        "isTemplate": false,
        "count": 0,
        "updated": 1560155628
    },
    {
        "id": "85b93fb9-4e32-4eca-f334-37a1a73f2c11",
        "data": [
            {
                "text": "how costly is it to go out",
                "userDefined": false
            }
        ],
        "isTemplate": false,
        "count": 0,
        "updated": 1560155628
    },
    {
        "id": "bd95a480-4cf2-83a9-58e2-0c9dcdf46ff7",
        "data": [
            {
                "text": "I need the cost of concert",
                "userDefined": false
            }
        ],
        "isTemplate": false,
        "count": 0,
        "updated": 1560155628
    },
    {
        "id": "45a80532-f54c-bf87-8e4f-4f467a7936d9",
        "data": [
            {
                "text": "what do I need to budget for cultural events",
                "userDefined": false
            }
        ],
        "isTemplate": false,
        "count": 0,
        "updated": 1560155628
    },
    {
        "id": "c8a75a95-2b53-4f60-a3b2-513868e94abd",
        "data": [
            {
                "text": "how costly is it to go to party",
                "userDefined": false
            }
        ],
        "isTemplate": false,
        "count": 0,
        "updated": 1560155628
    },
    {
        "id": "254d316f-c51b-3a6f-b28f-9c643e76b628",
        "data": [
            {
                "text": "how much would I need for attending to culture",
                "userDefined": false
            }
        ],
        "isTemplate": false,
        "count": 0,
        "updated": 1560155628
    },
    {
        "id": "5b5c34c5-9ff4-223b-c106-efa55e19a7ee",
        "data": [
            {
                "text": "show me about what do I need for attending to culture",
                "userDefined": false
            }
        ],
        "isTemplate": false,
        "count": 0,
        "updated": 1560155628
    },
    {
        "id": "cff318f5-c54c-35ed-d9ef-3f64a0ed5ed5",
        "data": [
            {
                "text": "how much does it cost to go to the feast in belgium",
                "userDefined": false
            }
        ],
        "isTemplate": false,
        "count": 0,
        "updated": 1560155628
    },
    {
        "id": "a96e6dbd-4e81-a869-1ba1-f16d6c9f4077",
        "data": [
            {
                "text": "tell me about what will I budget for attending to culture",
                "userDefined": false
            }
        ],
        "isTemplate": false,
        "count": 0,
        "updated": 1560155628
    },
    {
        "id": "1826df34-b394-d0fa-031a-96ba0b9c7cc2",
        "data": [
            {
                "text": "I am searching for cost of party",
                "userDefined": false
            }
        ],
        "isTemplate": false,
        "count": 0,
        "updated": 1560155628
    },
    {
        "id": "9916ea4d-f263-2b1e-e588-0b340e8f7ac1",
        "data": [
            {
                "text": "show me about everyday price for party",
                "userDefined": false
            }
        ],
        "isTemplate": false,
        "count": 0,
        "updated": 1560155628
    },
    {
        "id": "0192cba4-8c72-fe40-c06b-b89cb9d6be69",
        "data": [
            {
                "text": "how high-priced is it to go to feast",
                "userDefined": false
            }
        ],
        "isTemplate": false,
        "count": 0,
        "updated": 1560155628
    },
    {
        "id": "2a966b48-d433-acc1-9c0f-1699312256e6",
        "data": [
            {
                "text": "info on what would I prepare for cultural events",
                "userDefined": false
            }
        ],
        "isTemplate": false,
        "count": 0,
        "updated": 1560155628
    },
    {
        "id": "846218f8-6732-f0e2-fe6d-b54c99570312",
        "data": [
            {
                "text": "what do I need to budget for attending to culture",
                "userDefined": false
            }
        ],
        "isTemplate": false,
        "count": 0,
        "updated": 1560155628
    },
    {
        "id": "8068ecc1-5a3b-3e53-4820-37bc85ce35c1",
        "data": [
            {
                "text": "how much money does it cost to go to the concert in belgium",
                "userDefined": false
            }
        ],
        "isTemplate": false,
        "count": 0,
        "updated": 1560155628
    },
    {
        "id": "7991dae3-b54d-7f34-7e4b-b6424b22ad6a",
        "data": [
            {
                "text": "how expensive is it to go to celebration",
                "userDefined": false
            }
        ],
        "isTemplate": false,
        "count": 0,
        "updated": 1560155628
    },
    {
        "id": "c7c33380-94ce-09a6-0e75-19de6bd3e27b",
        "data": [
            {
                "text": "how costly is it to go to theater",
                "userDefined": false
            }
        ],
        "isTemplate": false,
        "count": 0,
        "updated": 1560155628
    },
    {
        "id": "e4535950-a565-4028-82f1-8b1555a4b94e",
        "data": [
            {
                "text": "what would be the routine cost for cultural events",
                "userDefined": false
            }
        ],
        "isTemplate": false,
        "count": 0,
        "updated": 1560155628
    },
    {
        "id": "711d3f09-da1c-6454-51f5-935f5f8ecd6c",
        "data": [
            {
                "text": "I'd love the cost of theater",
                "userDefined": false
            }
        ],
        "isTemplate": false,
        "count": 0,
        "updated": 1560155628
    },
    {
        "id": "d8710bd7-779e-2a66-6317-f10b579bc785",
        "data": [
            {
                "text": "would you be so kind and show me about price of party",
                "userDefined": false
            }
        ],
        "isTemplate": false,
        "count": 0,
        "updated": 1560155628
    },
    {
        "id": "ccfa0a73-9a1e-cf1b-46c5-e41c8a09596a",
        "data": [
            {
                "text": "what's the usual price for theater at UCLouvain",
                "userDefined": false
            }
        ],
        "isTemplate": false,
        "count": 0,
        "updated": 1560155628
    },
    {
        "id": "25587ad4-6a10-e79b-a913-58405ec43a17",
        "data": [
            {
                "text": "how expensive is it to go out",
                "userDefined": false
            }
        ],
        "isTemplate": false,
        "count": 0,
        "updated": 1560155628
    },
    {
        "id": "7c34fef7-0a7c-3cf9-2f6e-cd439405ab53",
        "data": [
            {
                "text": "I'd really want to learn about the cost of theater",
                "userDefined": false
            }
        ],
        "isTemplate": false,
        "count": 0,
        "updated": 1560155628
    },
    {
        "id": "e25abd74-b3d2-48ef-51de-5200fd9f5c08",
        "data": [
            {
                "text": "would you be so kind and show me about everyday price for party",
                "userDefined": false
            }
        ],
        "isTemplate": false,
        "count": 0,
        "updated": 1560155628
    },
    {
        "id": "83059af5-dd81-df92-c4eb-db5f58c50fae",
        "data": [
            {
                "text": "what about usual price for concert",
                "userDefined": false
            }
        ],
        "isTemplate": false,
        "count": 0,
        "updated": 1560155628
    },
    {
        "id": "71202ee2-4724-28cc-3b21-3a645b9eeb27",
        "data": [
            {
                "text": "I need price of feast",
                "userDefined": false
            }
        ],
        "isTemplate": false,
        "count": 0,
        "updated": 1560155628
    },
    {
        "id": "c73626af-ca74-444a-08b4-7d3fe25aaa8b",
        "data": [
            {
                "text": "I'd really love to learn about customary price for concert",
                "userDefined": false
            }
        ],
        "isTemplate": false,
        "count": 0,
        "updated": 1560155628
    },
    {
        "id": "53a57a23-433b-205b-3a4c-5841a5c9d90d",
        "data": [
            {
                "text": "how much money does it cost to go to cinema in belgium",
                "userDefined": false
            }
        ],
        "isTemplate": false,
        "count": 0,
        "updated": 1560155628
    },
    {
        "id": "827130e1-9f5c-6598-fb86-71e5c0f218c6",
        "data": [
            {
                "text": "is it high-priced to go to party",
                "userDefined": false
            }
        ],
        "isTemplate": false,
        "count": 0,
        "updated": 1560155628
    },
    {
        "id": "b21ef420-b727-4ca3-6a7e-e08b83b23185",
        "data": [
            {
                "text": "how overpriced is it to go out",
                "userDefined": false
            }
        ],
        "isTemplate": false,
        "count": 0,
        "updated": 1560155628
    },
    {
        "id": "bacf4aef-9b78-df5f-77d5-0e51b061d201",
        "data": [
            {
                "text": "what would I prepare for cultural events",
                "userDefined": false
            }
        ],
        "isTemplate": false,
        "count": 0,
        "updated": 1560155628
    },
    {
        "id": "8a743798-0115-ef64-fd01-72d31c6e62e7",
        "data": [
            {
                "text": "how much will I budget for culture",
                "userDefined": false
            }
        ],
        "isTemplate": false,
        "count": 0,
        "updated": 1560155628
    },
    {
        "id": "e0b6be89-fa30-8d4a-7c72-3dfcfeece6c6",
        "data": [
            {
                "text": "what is the frequent price for concert",
                "userDefined": false
            }
        ],
        "isTemplate": false,
        "count": 0,
        "updated": 1560155628
    },
    {
        "id": "2060a681-6cee-776c-47e1-e9f81afc3777",
        "data": [
            {
                "text": "what should I budget for attending to artistic events",
                "userDefined": false
            }
        ],
        "isTemplate": false,
        "count": 0,
        "updated": 1560155628
    },
    {
        "id": "8c4901fc-936f-0f41-b973-19d0e9fefbbd",
        "data": [
            {
                "text": "how much money does it cost to go to celebration in belgium",
                "userDefined": false
            }
        ],
        "isTemplate": false,
        "count": 0,
        "updated": 1560155628
    },
    {
        "id": "853cd126-8e45-3fc2-e8f9-8be639387ca9",
        "data": [
            {
                "text": "what'd be the routine cost for theater at ucl",
                "userDefined": false
            }
        ],
        "isTemplate": false,
        "count": 0,
        "updated": 1560155628
    },
    {
        "id": "6bfa2e45-282d-aba4-2f17-48fe55b35e82",
        "data": [
            {
                "text": "what do I need for attending to cultural events",
                "userDefined": false
            }
        ],
        "isTemplate": false,
        "count": 0,
        "updated": 1560155628
    },
    {
        "id": "54858596-92f2-0287-c919-7a737652cfbb",
        "data": [
            {
                "text": "what about customary price for celebration",
                "userDefined": false
            }
        ],
        "isTemplate": false,
        "count": 0,
        "updated": 1560155628
    },
    {
        "id": "361ecdcf-9d48-7c5b-fc78-406f669eb191",
        "data": [
            {
                "text": "instruction on how much money do I need for attending to artistic events",
                "userDefined": false
            }
        ],
        "isTemplate": false,
        "count": 0,
        "updated": 1560155628
    },
    {
        "id": "b8e06f3b-7ef8-8aa7-ee58-8d3e00f37cd0",
        "data": [
            {
                "text": "I would really love the price of celebration",
                "userDefined": false
            }
        ],
        "isTemplate": false,
        "count": 0,
        "updated": 1560155628
    },
    {
        "id": "de1aaaa4-90c4-3f86-116e-849ea8c3a61a",
        "data": [
            {
                "text": "what about what do I need for attending to culture",
                "userDefined": false
            }
        ],
        "isTemplate": false,
        "count": 0,
        "updated": 1560155628
    },
    {
        "id": "d4dd60f6-8ac1-4a75-ccf0-8a9a141d1cb2",
        "data": [
            {
                "text": "how much money does it cost to go to the theatre in belgium",
                "userDefined": false
            }
        ],
        "isTemplate": false,
        "count": 0,
        "updated": 1560155628
    },
    {
        "id": "a7b46731-8187-f717-e9fd-a834e3575261",
        "data": [
            {
                "text": "enlightenment on what do I need for attending to culture",
                "userDefined": false
            }
        ],
        "isTemplate": false,
        "count": 0,
        "updated": 1560155628
    },
    {
        "id": "85789bdf-6528-9d3f-58df-474d12dcf69e",
        "data": [
            {
                "text": "what does it cost to go to party in belgium",
                "userDefined": false
            }
        ],
        "isTemplate": false,
        "count": 0,
        "updated": 1560155628
    },
    {
        "id": "d40130d0-41a3-b32f-7ae9-ee71a8a02aaf",
        "data": [
            {
                "text": "info on what would I prepare for attending to culture",
                "userDefined": false
            }
        ],
        "isTemplate": false,
        "count": 0,
        "updated": 1560155628
    },
    {
        "id": "c5aa259c-f857-c867-81d6-b0c72914b6bc",
        "data": [
            {
                "text": "how much does it cost to go to the cinema in belgium",
                "userDefined": false
            }
        ],
        "isTemplate": false,
        "count": 0,
        "updated": 1560155628
    },
    {
        "id": "123ad19b-2e39-31d2-3103-1a1867696c0f",
        "data": [
            {
                "text": "what does it cost to go to feast in belgium",
                "userDefined": false
            }
        ],
        "isTemplate": false,
        "count": 0,
        "updated": 1560155628
    },
    {
        "id": "075e0fb6-4dd8-5940-c540-acc8adf1ab99",
        "data": [
            {
                "text": "instruction on everyday cost for celebration",
                "userDefined": false
            }
        ],
        "isTemplate": false,
        "count": 0,
        "updated": 1560155628
    },
    {
        "id": "60fb928f-febf-ece1-3a89-9d4d090f90ee",
        "data": [
            {
                "text": "I'd love to learn about what do I need for culture",
                "userDefined": false
            }
        ],
        "isTemplate": false,
        "count": 0,
        "updated": 1560155628
    },
    {
        "id": "91e8726f-9a48-c512-1f14-49c61fc9c3ab",
        "data": [
            {
                "text": "how much money will I budget for attending to artistic events",
                "userDefined": false
            }
        ],
        "isTemplate": false,
        "count": 0,
        "updated": 1560155628
    },
    {
        "id": "7d8d004f-5a79-e3b9-1565-d9aed73feaa1",
        "data": [
            {
                "text": "info on what do I need for attending to culture",
                "userDefined": false
            }
        ],
        "isTemplate": false,
        "count": 0,
        "updated": 1560155628
    },
    {
        "id": "93ed82b0-41fc-90e1-206f-4f277beb62fc",
        "data": [
            {
                "text": "how expensive is it to go to the cinema",
                "userDefined": false
            }
        ],
        "isTemplate": false,
        "count": 0,
        "updated": 1560155628
    },
    {
        "id": "02f3ec6d-20b9-5fa5-5699-53d44860c159",
        "data": [
            {
                "text": "I would like price of concert",
                "userDefined": false
            }
        ],
        "isTemplate": false,
        "count": 0,
        "updated": 1560155628
    },
    {
        "id": "87bcee49-1bb7-e9dc-3d7b-f6466c2c4dfa",
        "data": [
            {
                "text": "I'd really want to learn about everyday price for theatre",
                "userDefined": false
            }
        ],
        "isTemplate": false,
        "count": 0,
        "updated": 1560155628
    },
    {
        "id": "200c4f3c-5c21-2457-9c72-e424aa4533e1",
        "data": [
            {
                "text": "I'd like the price of theater",
                "userDefined": false
            }
        ],
        "isTemplate": false,
        "count": 0,
        "updated": 1560155628
    },
    {
        "id": "02c295e0-a4cb-43fd-9fed-d69957a1656d",
        "data": [
            {
                "text": "I need cost of cinema",
                "userDefined": false
            }
        ],
        "isTemplate": false,
        "count": 0,
        "updated": 1560155628
    },
    {
        "id": "ca968315-9fd5-4830-0b82-c409431c0dd5",
        "data": [
            {
                "text": "I'd really love to know about everyday cost for artistic events",
                "userDefined": false
            }
        ],
        "isTemplate": false,
        "count": 0,
        "updated": 1560155628
    },
    {
        "id": "d0e5acca-9708-71ec-84b1-6f50a363a682",
        "data": [
            {
                "text": "what'll be the everyday price for concert",
                "userDefined": false
            }
        ],
        "isTemplate": false,
        "count": 0,
        "updated": 1560155628
    },
    {
        "id": "91ce129b-5b5c-54fb-d110-9d17dc5b4538",
        "data": [
            {
                "text": "how much money does it cost to go to the party in belgium",
                "userDefined": false
            }
        ],
        "isTemplate": false,
        "count": 0,
        "updated": 1560155628
    },
    {
        "id": "9c743799-9de8-af2c-d197-1017106e2b50",
        "data": [
            {
                "text": "what do I need for culture",
                "userDefined": false
            }
        ],
        "isTemplate": false,
        "count": 0,
        "updated": 1560155628
    },
    {
        "id": "58c4ee3d-209a-942f-a0f4-6d08dd885bf1",
        "data": [
            {
                "text": "what'd be the customary cost for artistic events",
                "userDefined": false
            }
        ],
        "isTemplate": false,
        "count": 0,
        "updated": 1560155628
    },
    {
        "id": "e1f7305a-4420-3197-894d-49d4bca3667b",
        "data": [
            {
                "text": "would you be so kind and tell me about how much do I need to plan for attending to artistic events",
                "userDefined": false
            }
        ],
        "isTemplate": false,
        "count": 0,
        "updated": 1560155628
    },
    {
        "id": "9b701ec3-5bda-9f9c-a5a6-8d8aa9552a33",
        "data": [
            {
                "text": "what would I need to prepare for culture",
                "userDefined": false
            }
        ],
        "isTemplate": false,
        "count": 0,
        "updated": 1560155628
    },
    {
        "id": "71790007-a0e9-4d36-b8b0-e2712ccfe0d1",
        "data": [
            {
                "text": "how much should I plan for attending to culture",
                "userDefined": false
            }
        ],
        "isTemplate": false,
        "count": 0,
        "updated": 1560155628
    },
    {
        "id": "e235e808-aafc-9e8b-ec46-3dfcff2d112c",
        "data": [
            {
                "text": "what'll be the everyday price for cinema in belgium",
                "userDefined": false
            }
        ],
        "isTemplate": false,
        "count": 0,
        "updated": 1560155628
    },
    {
        "id": "7f593fe3-96f8-fd3d-2994-e0adc7602029",
        "data": [
            {
                "text": "how high-priced is it to go to party",
                "userDefined": false
            }
        ],
        "isTemplate": false,
        "count": 0,
        "updated": 1560155628
    },
    {
        "id": "85300301-a54e-e4f9-0b6e-43208b94b373",
        "data": [
            {
                "text": "what'd be the frequent price for culture",
                "userDefined": false
            }
        ],
        "isTemplate": false,
        "count": 0,
        "updated": 1560155628
    },
    {
        "id": "71945021-824f-3ffb-85c8-89f0ee67cd8d",
        "data": [
            {
                "text": "can you please tell me about what should I budget for culture",
                "userDefined": false
            }
        ],
        "isTemplate": false,
        "count": 0,
        "updated": 1560155628
    },
    {
        "id": "4bb53840-eabb-7f03-b4e5-e94bfc36d023",
        "data": [
            {
                "text": "what'll be the usual cost for artistic events",
                "userDefined": false
            }
        ],
        "isTemplate": false,
        "count": 0,
        "updated": 1560155628
    },
    {
        "id": "283d1dd1-6698-0c20-d741-29879602e4fe",
        "data": [
            {
                "text": "I'd really want cost of celebration",
                "userDefined": false
            }
        ],
        "isTemplate": false,
        "count": 0,
        "updated": 1560155628
    },
    {
        "id": "65114907-5e54-47f7-a97f-c73f7b91ad71",
        "data": [
            {
                "text": "how much does it cost to go to the theatre in belgium",
                "userDefined": false
            }
        ],
        "isTemplate": false,
        "count": 0,
        "updated": 1560155628
    },
    {
        "id": "90499bcd-fe5e-2042-b66c-f217a98db433",
        "data": [
            {
                "text": "is it high-priced to go to the feast",
                "userDefined": false
            }
        ],
        "isTemplate": false,
        "count": 0,
        "updated": 1560155628
    },
    {
        "id": "98684302-5719-bfc4-1089-6d05817dd71c",
        "data": [
            {
                "text": "is it costly to go to party",
                "userDefined": false
            }
        ],
        "isTemplate": false,
        "count": 0,
        "updated": 1560155628
    },
    {
        "id": "0a39d381-903a-4325-3ea6-fce4b52f8a46",
        "data": [
            {
                "text": "I would really want to learn about price of cinema",
                "userDefined": false
            }
        ],
        "isTemplate": false,
        "count": 0,
        "updated": 1560155628
    },
    {
        "id": "1291739a-f582-1899-5b4c-e912b8d810a0",
        "data": [
            {
                "text": "what would be the usual price for feast",
                "userDefined": false
            }
        ],
        "isTemplate": false,
        "count": 0,
        "updated": 1560155628
    },
    {
        "id": "e8b3bf44-4541-b1e8-2328-9054251ad178",
        "data": [
            {
                "text": "is it overpriced to go out",
                "userDefined": false
            }
        ],
        "isTemplate": false,
        "count": 0,
        "updated": 1560155628
    },
    {
        "id": "ead682c4-4389-7785-8958-191356246e56",
        "data": [
            {
                "text": "how much does it cost to go to concert in belgium",
                "userDefined": false
            }
        ],
        "isTemplate": false,
        "count": 0,
        "updated": 1560155628
    },
    {
        "id": "2e0c485c-3dcb-f2c1-e187-057a11b1cbf4",
        "data": [
            {
                "text": "recommendation on routine cost for artistic events",
                "userDefined": false
            }
        ],
        "isTemplate": false,
        "count": 0,
        "updated": 1560155628
    },
    {
        "id": "04bfe3b4-b31e-1a7c-bf20-6d40baa91d23",
        "data": [
            {
                "text": "what should I have to prepare for cultural events",
                "userDefined": false
            }
        ],
        "isTemplate": false,
        "count": 0,
        "updated": 1560155628
    },
    {
        "id": "72539c7d-76f1-cfc0-d25a-e281d99eaffb",
        "data": [
            {
                "text": "what would I need for attending to artistic events",
                "userDefined": false
            }
        ],
        "isTemplate": false,
        "count": 0,
        "updated": 1560155628
    },
    {
        "id": "56b762a8-3ba0-034b-0357-68dcf396b269",
        "data": [
            {
                "text": "what will be the everyday price for theatre",
                "userDefined": false
            }
        ],
        "isTemplate": false,
        "count": 0,
        "updated": 1560155628
    },
    {
        "id": "e0ee1774-747d-9c20-db34-73b0300350f7",
        "data": [
            {
                "text": "how much do I have to budget for attending to cultural events",
                "userDefined": false
            }
        ],
        "isTemplate": false,
        "count": 0,
        "updated": 1560155628
    },
    {
        "id": "115b2002-a012-cfda-86c0-45ffee4eec14",
        "data": [
            {
                "text": "is it expensive to go to the celebration",
                "userDefined": false
            }
        ],
        "isTemplate": false,
        "count": 0,
        "updated": 1560155628
    },
    {
        "id": "4dde5378-2ed2-56ea-507b-73b506da311a",
        "data": [
            {
                "text": "how much money would I need for attending to cultural events",
                "userDefined": false
            }
        ],
        "isTemplate": false,
        "count": 0,
        "updated": 1560155628
    },
    {
        "id": "1ef919f2-5851-20a7-9577-d26ae4880c13",
        "data": [
            {
                "text": "what'll be the frequent cost for cultural events",
                "userDefined": false
            }
        ],
        "isTemplate": false,
        "count": 0,
        "updated": 1560155628
    },
    {
        "id": "ccf5e4f7-ac27-7396-e2ac-c079397f01cd",
        "data": [
            {
                "text": "what would I need for attending to culture",
                "userDefined": false
            }
        ],
        "isTemplate": false,
        "count": 0,
        "updated": 1560155628
    },
    {
        "id": "832c3dd3-c3cc-f43c-96b6-d64c2dc164ec",
        "data": [
            {
                "text": "info on how much do I need for attending to cultural events",
                "userDefined": false
            }
        ],
        "isTemplate": false,
        "count": 0,
        "updated": 1560155628
    },
    {
        "id": "d9d9bfc4-731e-7e2f-513e-ab7ff4ac6372",
        "data": [
            {
                "text": "how much should I budget for cultural events",
                "userDefined": false
            }
        ],
        "isTemplate": false,
        "count": 0,
        "updated": 1560155628
    },
    {
        "id": "70202c26-b03a-9d58-16a1-c7b184140e8e",
        "data": [
            {
                "text": "I'd really love to be informed about routine price for party",
                "userDefined": false
            }
        ],
        "isTemplate": false,
        "count": 0,
        "updated": 1560155628
    },
    {
        "id": "2960d8b5-d086-5832-3864-8ddd1bdc099b",
        "data": [
            {
                "text": "I need cost of party",
                "userDefined": false
            }
        ],
        "isTemplate": false,
        "count": 0,
        "updated": 1560155628
    },
    {
        "id": "e4748fcf-5f03-8cb3-cd50-ecba551d63ab",
        "data": [
            {
                "text": "would you show me about everyday price for party",
                "userDefined": false
            }
        ],
        "isTemplate": false,
        "count": 0,
        "updated": 1560155628
    }
]