[
    {
        "id": "6a8a6f59-9962-93b0-81eb-40d0070177a1",
        "data": [
            {
                "text": "do I have to get on a aircraft to come to belgium",
                "userDefined": false
            }
        ],
        "isTemplate": false,
        "count": 0,
        "updated": 1560155628
    },
    {
        "id": "de08860a-4d22-6621-81a5-4b2b68f481c9",
        "data": [
            {
                "text": "how to show up to belgium",
                "userDefined": false
            }
        ],
        "isTemplate": false,
        "count": 0,
        "updated": 1560155628
    },
    {
        "id": "8c43e0ff-e46e-b8ae-ba1f-026fe4bb7b72",
        "data": [
            {
                "text": "what's the easiest way to show up",
                "userDefined": false
            }
        ],
        "isTemplate": false,
        "count": 0,
        "updated": 1560155628
    },
    {
        "id": "15375502-9136-a7d5-6771-d99fb651184c",
        "data": [
            {
                "text": "how do we come to belgium",
                "userDefined": false
            }
        ],
        "isTemplate": false,
        "count": 0,
        "updated": 1560155628
    },
    {
        "id": "4077d8ac-3e56-7614-901b-c7fb3805e060",
        "data": [
            {
                "text": "do I have to take a airplane to come in belgium",
                "userDefined": false
            }
        ],
        "isTemplate": false,
        "count": 0,
        "updated": 1560155628
    },
    {
        "id": "43ed3ac8-41e3-e520-97ef-b8b502bd3764",
        "data": [
            {
                "text": "what is the easiest fashion to come",
                "userDefined": false
            }
        ],
        "isTemplate": false,
        "count": 0,
        "updated": 1560155628
    },
    {
        "id": "363fc9d2-ea75-c691-2ef4-f45cddbf7c79",
        "data": [
            {
                "text": "how to arrive to belgium",
                "userDefined": false
            }
        ],
        "isTemplate": false,
        "count": 0,
        "updated": 1560155628
    },
    {
        "id": "705c3c6d-345e-fa49-4ecb-99b3dd155e06",
        "data": [
            {
                "text": "will I have to take a aeroplane to show up in belgium",
                "userDefined": false
            }
        ],
        "isTemplate": false,
        "count": 0,
        "updated": 1560155628
    },
    {
        "id": "81043232-cc65-18f9-1bbf-1ffd42900ed0",
        "data": [
            {
                "text": "how can I come in belgium",
                "userDefined": false
            }
        ],
        "isTemplate": false,
        "count": 0,
        "updated": 1560155628
    },
    {
        "id": "b1a13955-bf73-249a-4698-84fb747d3654",
        "data": [
            {
                "text": "who can support to arrive in belgium",
                "userDefined": false
            }
        ],
        "isTemplate": false,
        "count": 0,
        "updated": 1560155628
    },
    {
        "id": "a74e4270-5ab8-cf31-fdda-bb165a7d4f12",
        "data": [
            {
                "text": "will I get on a aeroplane to arrive in belgium",
                "userDefined": false
            }
        ],
        "isTemplate": false,
        "count": 0,
        "updated": 1560155628
    },
    {
        "id": "540b0737-9f1a-1586-1d34-1893821d8e01",
        "data": [
            {
                "text": "how is it possible for me to arrive to belgium",
                "userDefined": false
            }
        ],
        "isTemplate": false,
        "count": 0,
        "updated": 1560155628
    },
    {
        "id": "0f5fe354-8a2f-1ecb-39f8-dd818813e937",
        "data": [
            {
                "text": "what'll be the easiest fashion to come",
                "userDefined": false
            }
        ],
        "isTemplate": false,
        "count": 0,
        "updated": 1560155628
    },
    {
        "id": "517d5298-9d3a-372b-6bd4-106f0337fef4",
        "data": [
            {
                "text": "what is the best fashion to show up",
                "userDefined": false
            }
        ],
        "isTemplate": false,
        "count": 0,
        "updated": 1560155628
    },
    {
        "id": "994fd15e-ceab-0e85-9252-15526cc04b38",
        "data": [
            {
                "text": "is it possible to show up to belgium by coaches",
                "userDefined": false
            }
        ],
        "isTemplate": false,
        "count": 0,
        "updated": 1560155628
    },
    {
        "id": "be28fb9f-b623-9650-0716-964fe613487d",
        "data": [
            {
                "text": "will I need to get on a aircraft to show up in belgium",
                "userDefined": false
            }
        ],
        "isTemplate": false,
        "count": 0,
        "updated": 1560155628
    },
    {
        "id": "3645bddc-f6ba-453e-dbec-20526b4abdff",
        "data": [
            {
                "text": "do I have to take a plane to show up in belgium",
                "userDefined": false
            }
        ],
        "isTemplate": false,
        "count": 0,
        "updated": 1560155628
    },
    {
        "id": "f7a716ed-d06e-c020-88c0-9189cbc22db0",
        "data": [
            {
                "text": "do I have to take a airplane to arrive to belgium",
                "userDefined": false
            }
        ],
        "isTemplate": false,
        "count": 0,
        "updated": 1560155628
    },
    {
        "id": "8711765b-5694-1c70-778b-f103d828bc1b",
        "data": [
            {
                "text": "am I forced to take a aeroplane to come to belgium",
                "userDefined": false
            }
        ],
        "isTemplate": false,
        "count": 0,
        "updated": 1560155628
    },
    {
        "id": "40edb534-f3f3-43b9-278f-59b272c13fa1",
        "data": [
            {
                "text": "is there a possibility to show up to belgium by taxis",
                "userDefined": false
            }
        ],
        "isTemplate": false,
        "count": 0,
        "updated": 1560155628
    },
    {
        "id": "17a4d188-595e-d779-f4b1-4ab6cd580a2e",
        "data": [
            {
                "text": "what is the best way to arrive",
                "userDefined": false
            }
        ],
        "isTemplate": false,
        "count": 0,
        "updated": 1560155628
    },
    {
        "id": "e16c962a-6ab2-dcee-9231-badeaa3cd200",
        "data": [
            {
                "text": "will I have to get on a plane to show up in belgium",
                "userDefined": false
            }
        ],
        "isTemplate": false,
        "count": 0,
        "updated": 1560155628
    },
    {
        "id": "a0658942-45eb-6be1-e811-827fc3362892",
        "data": [
            {
                "text": "how to show up in belgium",
                "userDefined": false
            }
        ],
        "isTemplate": false,
        "count": 0,
        "updated": 1560155628
    },
    {
        "id": "309303b1-aff7-54a7-3bb1-80815dfc50a7",
        "data": [
            {
                "text": "would there be possibilities to come in belgium by taxi",
                "userDefined": false
            }
        ],
        "isTemplate": false,
        "count": 0,
        "updated": 1560155628
    },
    {
        "id": "d52cea2c-cbe1-33c2-0048-561487691cdc",
        "data": [
            {
                "text": "would there be a possibility to come to belgium by aeroplane",
                "userDefined": false
            }
        ],
        "isTemplate": false,
        "count": 0,
        "updated": 1560155628
    },
    {
        "id": "a487fc4d-9d32-959b-357f-6dba2c0595a7",
        "data": [
            {
                "text": "is it possible to come to belgium by bus",
                "userDefined": false
            }
        ],
        "isTemplate": false,
        "count": 0,
        "updated": 1560155628
    },
    {
        "id": "ce0648b9-e3bf-0bde-0007-0576fc307173",
        "data": [
            {
                "text": "do I have to get on a aeroplane to arrive in belgium",
                "userDefined": false
            }
        ],
        "isTemplate": false,
        "count": 0,
        "updated": 1560155628
    },
    {
        "id": "c959bc6f-4fc7-3827-e2fa-a56d7529ebd9",
        "data": [
            {
                "text": "would there be possibilities to show up in belgium by buses",
                "userDefined": false
            }
        ],
        "isTemplate": false,
        "count": 0,
        "updated": 1560155628
    },
    {
        "id": "219512d9-43f1-9a59-98b9-39198b41bd51",
        "data": [
            {
                "text": "am I forced to take a plane to arrive in belgium",
                "userDefined": false
            }
        ],
        "isTemplate": false,
        "count": 0,
        "updated": 1560155628
    },
    {
        "id": "e2ca1310-b43e-b69b-6003-da0e65c85399",
        "data": [
            {
                "text": "what's the easiest fashion to show up",
                "userDefined": false
            }
        ],
        "isTemplate": false,
        "count": 0,
        "updated": 1560155628
    },
    {
        "id": "1afd2369-eeba-e492-35eb-6d8e7fde959c",
        "data": [
            {
                "text": "I need to show up to belgium",
                "userDefined": false
            }
        ],
        "isTemplate": false,
        "count": 0,
        "updated": 1560155628
    },
    {
        "id": "2cf80be7-3137-786c-292d-46430c74bb95",
        "data": [
            {
                "text": "would there be a possibility to show up to belgium by buses",
                "userDefined": false
            }
        ],
        "isTemplate": false,
        "count": 0,
        "updated": 1560155628
    },
    {
        "id": "d039c4b3-1de4-59bd-66ff-cedfa2576b9c",
        "data": [
            {
                "text": "would there be a possibility to come to belgium by cab",
                "userDefined": false
            }
        ],
        "isTemplate": false,
        "count": 0,
        "updated": 1560155628
    },
    {
        "id": "3124baf3-a684-d504-a11d-c156b1018da5",
        "data": [
            {
                "text": "do I have to take a airplane to show up in belgium",
                "userDefined": false
            }
        ],
        "isTemplate": false,
        "count": 0,
        "updated": 1560155628
    },
    {
        "id": "0b37b0df-5ef8-f614-b0b0-81337d64b465",
        "data": [
            {
                "text": "would there be a possibility to come to belgium by taxis",
                "userDefined": false
            }
        ],
        "isTemplate": false,
        "count": 0,
        "updated": 1560155628
    },
    {
        "id": "29e2251b-343a-7501-cced-abdf0422f3c7",
        "data": [
            {
                "text": "what is the best way to show up",
                "userDefined": false
            }
        ],
        "isTemplate": false,
        "count": 0,
        "updated": 1560155628
    },
    {
        "id": "16973f00-2dd2-ae19-6caf-2cf7675c3d7f",
        "data": [
            {
                "text": "what to do to arrive to belgium",
                "userDefined": false
            }
        ],
        "isTemplate": false,
        "count": 0,
        "updated": 1560155628
    },
    {
        "id": "9953fa3d-8f55-8cbc-d009-985532fc904d",
        "data": [
            {
                "text": "where would I show up in belgium",
                "userDefined": false
            }
        ],
        "isTemplate": false,
        "count": 0,
        "updated": 1560155628
    },
    {
        "id": "ecd37a06-a6ed-5dee-5e7f-6d11586dc27b",
        "data": [
            {
                "text": "will I take a aircraft to come in belgium",
                "userDefined": false
            }
        ],
        "isTemplate": false,
        "count": 0,
        "updated": 1560155628
    },
    {
        "id": "eb73b19f-3918-ef32-53d0-6db9875f4ba5",
        "data": [
            {
                "text": "what'd be the best way to arrive",
                "userDefined": false
            }
        ],
        "isTemplate": false,
        "count": 0,
        "updated": 1560155628
    },
    {
        "id": "4ad9d3a8-274f-f0cc-980e-5b5025772e52",
        "data": [
            {
                "text": "is there a possibility to come in belgium by aeroplane",
                "userDefined": false
            }
        ],
        "isTemplate": false,
        "count": 0,
        "updated": 1560155628
    },
    {
        "id": "f9c7b688-3a0d-a3d1-1506-6555ff9f0dcb",
        "data": [
            {
                "text": "would I show up in belgium by aircraft",
                "userDefined": false
            }
        ],
        "isTemplate": false,
        "count": 0,
        "updated": 1560155628
    },
    {
        "id": "7f71f197-b289-50a1-6d93-101f16ae3e3b",
        "data": [
            {
                "text": "what's the easiest way to come",
                "userDefined": false
            }
        ],
        "isTemplate": false,
        "count": 0,
        "updated": 1560155628
    },
    {
        "id": "c0eecad3-2816-0bec-0393-fc5ed0136b6d",
        "data": [
            {
                "text": "what's the easiest fashion to arrive",
                "userDefined": false
            }
        ],
        "isTemplate": false,
        "count": 0,
        "updated": 1560155628
    },
    {
        "id": "655bbf04-b1f0-03e7-d1dc-aadbcf348349",
        "data": [
            {
                "text": "what would be the easiest way to show up",
                "userDefined": false
            }
        ],
        "isTemplate": false,
        "count": 0,
        "updated": 1560155628
    },
    {
        "id": "8a36aa08-a09d-143f-4b86-d0d42297a720",
        "data": [
            {
                "text": "is there a possibility to come in belgium by taxi",
                "userDefined": false
            }
        ],
        "isTemplate": false,
        "count": 0,
        "updated": 1560155628
    },
    {
        "id": "43b8abf4-dc64-2547-960f-650b94772d1b",
        "data": [
            {
                "text": "I'd really want to show up to belgium",
                "userDefined": false
            }
        ],
        "isTemplate": false,
        "count": 0,
        "updated": 1560155628
    },
    {
        "id": "9c979aa9-6de4-53ad-a7f6-df28de7fd2e9",
        "data": [
            {
                "text": "would there be a possibility to show up to belgium by train",
                "userDefined": false
            }
        ],
        "isTemplate": false,
        "count": 0,
        "updated": 1560155628
    },
    {
        "id": "06de81eb-c968-fdfa-6791-985a1d1f984c",
        "data": [
            {
                "text": "should I get on a airplane to arrive in belgium",
                "userDefined": false
            }
        ],
        "isTemplate": false,
        "count": 0,
        "updated": 1560155628
    },
    {
        "id": "10ce7a4a-22af-0894-5282-c0ba53e294de",
        "data": [
            {
                "text": "I would really like to arrive to belgium",
                "userDefined": false
            }
        ],
        "isTemplate": false,
        "count": 0,
        "updated": 1560155628
    },
    {
        "id": "1ce90d98-aa11-ccfc-60ec-1fc2df120f24",
        "data": [
            {
                "text": "what will be the best fashion to show up",
                "userDefined": false
            }
        ],
        "isTemplate": false,
        "count": 0,
        "updated": 1560155628
    },
    {
        "id": "a591573e-93cf-257e-abb3-e9a9e370ddb0",
        "data": [
            {
                "text": "is there a possibility to show up in belgium by buses",
                "userDefined": false
            }
        ],
        "isTemplate": false,
        "count": 0,
        "updated": 1560155628
    },
    {
        "id": "b854b109-c500-8a75-ee5d-cc4205a43809",
        "data": [
            {
                "text": "how to arrive in belgium",
                "userDefined": false
            }
        ],
        "isTemplate": false,
        "count": 0,
        "updated": 1560155628
    },
    {
        "id": "6288ae09-7ab6-1c07-43f3-cb413f06b18d",
        "data": [
            {
                "text": "what's the easiest way to arrive",
                "userDefined": false
            }
        ],
        "isTemplate": false,
        "count": 0,
        "updated": 1560155628
    },
    {
        "id": "da18115e-3895-4329-52db-4529be1f0a33",
        "data": [
            {
                "text": "I would really want to show up to belgium",
                "userDefined": false
            }
        ],
        "isTemplate": false,
        "count": 0,
        "updated": 1560155628
    },
    {
        "id": "3e696de9-34a9-03f2-064e-caa60eb2aeba",
        "data": [
            {
                "text": "would I take a aircraft to arrive in belgium",
                "userDefined": false
            }
        ],
        "isTemplate": false,
        "count": 0,
        "updated": 1560155628
    },
    {
        "id": "f266596a-b9c3-50b4-ec46-05594b0f17f2",
        "data": [
            {
                "text": "is it possible to come in belgium by aeroplane",
                "userDefined": false
            }
        ],
        "isTemplate": false,
        "count": 0,
        "updated": 1560155628
    },
    {
        "id": "b15120b3-7185-ed73-5154-01b3dc10d4ee",
        "data": [
            {
                "text": "is it possible to arrive to belgium by bus",
                "userDefined": false
            }
        ],
        "isTemplate": false,
        "count": 0,
        "updated": 1560155628
    },
    {
        "id": "d3fe1da9-3e0f-8a69-46fd-a19c4ed26211",
        "data": [
            {
                "text": "am I forced to get on a plane to arrive to belgium",
                "userDefined": false
            }
        ],
        "isTemplate": false,
        "count": 0,
        "updated": 1560155628
    },
    {
        "id": "5f2be4c0-3fd3-9432-b597-4ad9620695fa",
        "data": [
            {
                "text": "are there possibilities to arrive in belgium by plane",
                "userDefined": false
            }
        ],
        "isTemplate": false,
        "count": 0,
        "updated": 1560155628
    },
    {
        "id": "70eaa245-43bd-f224-16c1-409fa5416643",
        "data": [
            {
                "text": "is it possible to come in belgium by train",
                "userDefined": false
            }
        ],
        "isTemplate": false,
        "count": 0,
        "updated": 1560155628
    },
    {
        "id": "025089e2-5e13-826c-bb07-65490745a74b",
        "data": [
            {
                "text": "I'd like to show up in belgium",
                "userDefined": false
            }
        ],
        "isTemplate": false,
        "count": 0,
        "updated": 1560155628
    },
    {
        "id": "b8ff1179-7fb1-cc19-a193-c7a746bc63cf",
        "data": [
            {
                "text": "should I have to get on a aircraft to show up in belgium",
                "userDefined": false
            }
        ],
        "isTemplate": false,
        "count": 0,
        "updated": 1560155628
    },
    {
        "id": "9bb65dcd-130d-d743-818a-9f2f80b2218f",
        "data": [
            {
                "text": "what'd be the easiest way to arrive",
                "userDefined": false
            }
        ],
        "isTemplate": false,
        "count": 0,
        "updated": 1560155628
    },
    {
        "id": "a26da53a-ae83-8f29-e0c7-51ace2ddf6f6",
        "data": [
            {
                "text": "who could support to arrive to belgium",
                "userDefined": false
            }
        ],
        "isTemplate": false,
        "count": 0,
        "updated": 1560155628
    },
    {
        "id": "5d46a925-99c9-8a77-311d-3d4f47a23e89",
        "data": [
            {
                "text": "would there be a possibility to arrive in belgium by taxis",
                "userDefined": false
            }
        ],
        "isTemplate": false,
        "count": 0,
        "updated": 1560155628
    },
    {
        "id": "604298c6-852c-9e15-0cbb-89624d922bff",
        "data": [
            {
                "text": "do I have to get on a airplane to show up in belgium",
                "userDefined": false
            }
        ],
        "isTemplate": false,
        "count": 0,
        "updated": 1560155628
    },
    {
        "id": "50220a2d-3d6d-df69-10fb-34478232d2a9",
        "data": [
            {
                "text": "will I take a aircraft to arrive in belgium",
                "userDefined": false
            }
        ],
        "isTemplate": false,
        "count": 0,
        "updated": 1560155628
    },
    {
        "id": "9ac004b8-5751-75c7-b476-9c9260391908",
        "data": [
            {
                "text": "what will be the easiest way to come",
                "userDefined": false
            }
        ],
        "isTemplate": false,
        "count": 0,
        "updated": 1560155628
    },
    {
        "id": "efb673eb-865f-9154-2175-e6b880d3cb97",
        "data": [
            {
                "text": "how is it possible to show up to belgium",
                "userDefined": false
            }
        ],
        "isTemplate": false,
        "count": 0,
        "updated": 1560155628
    },
    {
        "id": "19d03a79-59c2-e449-40ba-524ad0ab938b",
        "data": [
            {
                "text": "is there a possibility to show up to belgium by aeroplane",
                "userDefined": false
            }
        ],
        "isTemplate": false,
        "count": 0,
        "updated": 1560155628
    },
    {
        "id": "77c3377e-c5b9-95e7-b3b2-51af097c61ce",
        "data": [
            {
                "text": "do I have to take a aircraft to show up to belgium",
                "userDefined": false
            }
        ],
        "isTemplate": false,
        "count": 0,
        "updated": 1560155628
    },
    {
        "id": "6d1ff7c1-f98d-a77f-e3c9-ea1874891c3f",
        "data": [
            {
                "text": "is it possible to arrive in belgium by train",
                "userDefined": false
            }
        ],
        "isTemplate": false,
        "count": 0,
        "updated": 1560155628
    },
    {
        "id": "61ba9216-e9ed-e4fb-5d24-4692a9b7afc7",
        "data": [
            {
                "text": "where do I have to go to come to belgium",
                "userDefined": false
            }
        ],
        "isTemplate": false,
        "count": 0,
        "updated": 1560155628
    },
    {
        "id": "7f60bbe9-d419-57db-71ad-40c77696eb6b",
        "data": [
            {
                "text": "how do I come to belgium",
                "userDefined": false
            }
        ],
        "isTemplate": false,
        "count": 0,
        "updated": 1560155628
    },
    {
        "id": "234d70d4-a2cc-9bf4-6604-700475bbb094",
        "data": [
            {
                "text": "I need to come to belgium",
                "userDefined": false
            }
        ],
        "isTemplate": false,
        "count": 0,
        "updated": 1560155628
    },
    {
        "id": "d5520ec6-8f1e-0086-7d6c-11848c771148",
        "data": [
            {
                "text": "do I have to get on a aeroplane to come in belgium",
                "userDefined": false
            }
        ],
        "isTemplate": false,
        "count": 0,
        "updated": 1560155628
    },
    {
        "id": "a052c800-2e32-4114-769d-ebbef2c1c153",
        "data": [
            {
                "text": "is it possible to come to belgium by airplane",
                "userDefined": false
            }
        ],
        "isTemplate": false,
        "count": 0,
        "updated": 1560155628
    },
    {
        "id": "76dfc82d-e659-caac-3604-3637f5213f4f",
        "data": [
            {
                "text": "will I have to take a aeroplane to arrive in belgium",
                "userDefined": false
            }
        ],
        "isTemplate": false,
        "count": 0,
        "updated": 1560155628
    },
    {
        "id": "382ef0ac-772d-87aa-3fcb-bb3bfcba3973",
        "data": [
            {
                "text": "would there be a possibility to come in belgium by train",
                "userDefined": false
            }
        ],
        "isTemplate": false,
        "count": 0,
        "updated": 1560155628
    },
    {
        "id": "8f7ff390-b71d-20f6-0dc0-3ab21937d220",
        "data": [
            {
                "text": "I need to show up in belgium",
                "userDefined": false
            }
        ],
        "isTemplate": false,
        "count": 0,
        "updated": 1560155628
    },
    {
        "id": "f91fff5e-04fb-5737-bfe8-faa56b0d2594",
        "data": [
            {
                "text": "what would be the easiest fashion to show up",
                "userDefined": false
            }
        ],
        "isTemplate": false,
        "count": 0,
        "updated": 1560155628
    },
    {
        "id": "8e62a10c-922f-4df0-8b13-f1aafcb0e15b",
        "data": [
            {
                "text": "is it possible to arrive to belgium by aircraft",
                "userDefined": false
            }
        ],
        "isTemplate": false,
        "count": 0,
        "updated": 1560155628
    },
    {
        "id": "c9e77839-c3d8-7cf2-b4fe-f468af8df5fa",
        "data": [
            {
                "text": "will I get on a plane to come to belgium",
                "userDefined": false
            }
        ],
        "isTemplate": false,
        "count": 0,
        "updated": 1560155628
    },
    {
        "id": "b35144ba-1aed-ef8b-d604-ec0d393301b2",
        "data": [
            {
                "text": "what's the best fashion to arrive",
                "userDefined": false
            }
        ],
        "isTemplate": false,
        "count": 0,
        "updated": 1560155628
    },
    {
        "id": "0d6cf635-de89-55c7-c018-f0677be79bdf",
        "data": [
            {
                "text": "I would really want to come in belgium",
                "userDefined": false
            }
        ],
        "isTemplate": false,
        "count": 0,
        "updated": 1560155628
    },
    {
        "id": "66e71f2a-fe10-65f3-fb36-0bab048cbf4e",
        "data": [
            {
                "text": "would there be possibilities to show up to belgium by cab",
                "userDefined": false
            }
        ],
        "isTemplate": false,
        "count": 0,
        "updated": 1560155628
    },
    {
        "id": "b80f9216-27eb-6386-926e-232ae4a89ce4",
        "data": [
            {
                "text": "would I arrive in belgium by aeroplane",
                "userDefined": false
            }
        ],
        "isTemplate": false,
        "count": 0,
        "updated": 1560155628
    },
    {
        "id": "a6f889c3-48c1-4efa-b201-86254df254db",
        "data": [
            {
                "text": "how to come to belgium",
                "userDefined": false
            }
        ],
        "isTemplate": false,
        "count": 0,
        "updated": 1560155628
    },
    {
        "id": "e1eed238-581b-cb51-4a94-13371fa62afb",
        "data": [
            {
                "text": "what is the best fashion to arrive",
                "userDefined": false
            }
        ],
        "isTemplate": false,
        "count": 0,
        "updated": 1560155628
    },
    {
        "id": "2f90c169-8355-ffba-91cd-51764011f2bd",
        "data": [
            {
                "text": "do I need to take a aircraft to arrive in belgium",
                "userDefined": false
            }
        ],
        "isTemplate": false,
        "count": 0,
        "updated": 1560155628
    },
    {
        "id": "72e2b5c3-837d-52ef-47f2-89164b2084bb",
        "data": [
            {
                "text": "what'll be the best way to show up",
                "userDefined": false
            }
        ],
        "isTemplate": false,
        "count": 0,
        "updated": 1560155628
    },
    {
        "id": "223ab706-cec4-6043-76ef-27e77e85c7d5",
        "data": [
            {
                "text": "do I have to get on a aircraft to show up in belgium",
                "userDefined": false
            }
        ],
        "isTemplate": false,
        "count": 0,
        "updated": 1560155628
    },
    {
        "id": "6c8dd028-6cd4-f68c-e2ea-47b47198bf08",
        "data": [
            {
                "text": "where is it possible for me to show up in belgium",
                "userDefined": false
            }
        ],
        "isTemplate": false,
        "count": 0,
        "updated": 1560155628
    },
    {
        "id": "d457e93f-3235-f4ac-7980-4957c5ab5134",
        "data": [
            {
                "text": "where to go to arrive to belgium",
                "userDefined": false
            }
        ],
        "isTemplate": false,
        "count": 0,
        "updated": 1560155628
    },
    {
        "id": "358a1a58-5eae-cf2e-9253-454d093e6ce9",
        "data": [
            {
                "text": "should I need to get on a aircraft to show up in belgium",
                "userDefined": false
            }
        ],
        "isTemplate": false,
        "count": 0,
        "updated": 1560155628
    },
    {
        "id": "25d36ce1-f63f-e3d5-55c6-c965f48af578",
        "data": [
            {
                "text": "how do I come in belgium",
                "userDefined": false
            }
        ],
        "isTemplate": false,
        "count": 0,
        "updated": 1560155628
    },
    {
        "id": "7639713d-965e-2116-99e1-68b587f7e11c",
        "data": [
            {
                "text": "what's the best fashion to show up",
                "userDefined": false
            }
        ],
        "isTemplate": false,
        "count": 0,
        "updated": 1560155628
    },
    {
        "id": "7de52a96-d8a4-1b98-a7e9-5a86d6e27710",
        "data": [
            {
                "text": "who should I have to call to arrive to belgium",
                "userDefined": false
            }
        ],
        "isTemplate": false,
        "count": 0,
        "updated": 1560155628
    },
    {
        "id": "dac3c3c1-071a-16ec-47b1-9c04fee9c1c2",
        "data": [
            {
                "text": "is it enforced to take a aeroplane to arrive in belgium",
                "userDefined": false
            }
        ],
        "isTemplate": false,
        "count": 0,
        "updated": 1560155628
    },
    {
        "id": "abedc89e-7ce4-12f9-a87e-5947008f4796",
        "data": [
            {
                "text": "what'd be the easiest fashion to show up",
                "userDefined": false
            }
        ],
        "isTemplate": false,
        "count": 0,
        "updated": 1560155628
    },
    {
        "id": "4b835cd3-fdef-16e7-90c0-b67e751faae8",
        "data": [
            {
                "text": "are there possibilities to come in belgium by bus",
                "userDefined": false
            }
        ],
        "isTemplate": false,
        "count": 0,
        "updated": 1560155628
    },
    {
        "id": "248b59ba-6f8b-ea07-95a6-3952c1709fb9",
        "data": [
            {
                "text": "what would I do to come in belgium",
                "userDefined": false
            }
        ],
        "isTemplate": false,
        "count": 0,
        "updated": 1560155628
    },
    {
        "id": "be9f85b2-6b0b-b932-be28-1f2d7f9a62f4",
        "data": [
            {
                "text": "will I get on a aircraft to come in belgium",
                "userDefined": false
            }
        ],
        "isTemplate": false,
        "count": 0,
        "updated": 1560155628
    },
    {
        "id": "32b67453-eb3c-3382-7fdb-b8121a3be4ac",
        "data": [
            {
                "text": "how is it possible for me to arrive in belgium",
                "userDefined": false
            }
        ],
        "isTemplate": false,
        "count": 0,
        "updated": 1560155628
    },
    {
        "id": "13e75831-a999-eec0-36da-efd7092d3b5b",
        "data": [
            {
                "text": "what to do to show up to belgium",
                "userDefined": false
            }
        ],
        "isTemplate": false,
        "count": 0,
        "updated": 1560155628
    },
    {
        "id": "864ac7f1-fa7a-5692-a1da-166b24d41895",
        "data": [
            {
                "text": "do I have to take a aircraft to arrive to belgium",
                "userDefined": false
            }
        ],
        "isTemplate": false,
        "count": 0,
        "updated": 1560155628
    },
    {
        "id": "ca760caf-a8a0-39a7-6a8a-5cd0eb1b5fbe",
        "data": [
            {
                "text": "what will be the easiest way to show up",
                "userDefined": false
            }
        ],
        "isTemplate": false,
        "count": 0,
        "updated": 1560155628
    },
    {
        "id": "b1a5fdf9-62f0-5f31-ffed-91e3ff014a31",
        "data": [
            {
                "text": "should I take a aeroplane to arrive in belgium",
                "userDefined": false
            }
        ],
        "isTemplate": false,
        "count": 0,
        "updated": 1560155628
    },
    {
        "id": "e42a8564-2126-598e-8661-ba82452f56cf",
        "data": [
            {
                "text": "am I forced to get on a aircraft to arrive to belgium",
                "userDefined": false
            }
        ],
        "isTemplate": false,
        "count": 0,
        "updated": 1560155628
    },
    {
        "id": "3a97703b-2fc9-a464-d34f-481b94153e5f",
        "data": [
            {
                "text": "I'd love to come to belgium",
                "userDefined": false
            }
        ],
        "isTemplate": false,
        "count": 0,
        "updated": 1560155628
    },
    {
        "id": "1f29a04f-febc-f275-ce7c-9123e9787226",
        "data": [
            {
                "text": "what will be the easiest fashion to arrive",
                "userDefined": false
            }
        ],
        "isTemplate": false,
        "count": 0,
        "updated": 1560155628
    },
    {
        "id": "3f786c27-d729-6270-307e-c46b3037d730",
        "data": [
            {
                "text": "will I have to take a plane to come to belgium",
                "userDefined": false
            }
        ],
        "isTemplate": false,
        "count": 0,
        "updated": 1560155628
    },
    {
        "id": "9d939570-2f09-aad2-6e23-5acbdfad43a9",
        "data": [
            {
                "text": "is there a possibility to come to belgium by buses",
                "userDefined": false
            }
        ],
        "isTemplate": false,
        "count": 0,
        "updated": 1560155628
    },
    {
        "id": "732ba2e9-35f9-5b1a-0ec4-2bcff2e94ad9",
        "data": [
            {
                "text": "how do I show up to belgium",
                "userDefined": false
            }
        ],
        "isTemplate": false,
        "count": 0,
        "updated": 1560155628
    },
    {
        "id": "d99fb114-5fdc-69fb-e962-83a9295b9673",
        "data": [
            {
                "text": "will I have to take a aeroplane to come to belgium",
                "userDefined": false
            }
        ],
        "isTemplate": false,
        "count": 0,
        "updated": 1560155628
    },
    {
        "id": "7a24240a-e138-1e8b-963d-874ad5674f89",
        "data": [
            {
                "text": "can I come in belgium by taxi",
                "userDefined": false
            }
        ],
        "isTemplate": false,
        "count": 0,
        "updated": 1560155628
    },
    {
        "id": "8588786d-8dd7-77ef-2885-d9d3002f502c",
        "data": [
            {
                "text": "do I have to take a aircraft to come in belgium",
                "userDefined": false
            }
        ],
        "isTemplate": false,
        "count": 0,
        "updated": 1560155628
    },
    {
        "id": "c9202484-897c-55e5-90c7-5f36fad6d59d",
        "data": [
            {
                "text": "are there possibilities to show up in belgium by plane",
                "userDefined": false
            }
        ],
        "isTemplate": false,
        "count": 0,
        "updated": 1560155628
    },
    {
        "id": "f4a00917-ca8b-2425-45a7-4bdc7c46ab16",
        "data": [
            {
                "text": "I'd want to come in belgium",
                "userDefined": false
            }
        ],
        "isTemplate": false,
        "count": 0,
        "updated": 1560155628
    }
]