[
    {
        "id": "9572ed92-9b55-a00c-9952-37771d5e7c04",
        "data": [
            {
                "text": "what does it cost for a place",
                "userDefined": false
            }
        ],
        "isTemplate": false,
        "count": 0,
        "updated": 1560155628
    },
    {
        "id": "18cd3038-86f1-0d7d-8dae-724c255f1283",
        "data": [
            {
                "text": "what do I need for place",
                "userDefined": false
            }
        ],
        "isTemplate": false,
        "count": 0,
        "updated": 1560155628
    },
    {
        "id": "b80bbe0d-29f5-2ebc-cb5a-f4f61773cc03",
        "data": [
            {
                "text": "how much money does it cost for a place",
                "userDefined": false
            }
        ],
        "isTemplate": false,
        "count": 0,
        "updated": 1560155628
    },
    {
        "id": "283dd903-bc20-375c-14ca-f53bae344bad",
        "data": [
            {
                "text": "how much would I need for room",
                "userDefined": false
            }
        ],
        "isTemplate": false,
        "count": 0,
        "updated": 1560155628
    },
    {
        "id": "46402fe9-f925-e34d-964a-3512c1b74f80",
        "data": [
            {
                "text": "what would I need for kot",
                "userDefined": false
            }
        ],
        "isTemplate": false,
        "count": 0,
        "updated": 1560155628
    },
    {
        "id": "2b88e6d4-3638-cb94-09eb-066ff237cae3",
        "data": [
            {
                "text": "how much does it cost for a accommodation",
                "userDefined": false
            }
        ],
        "isTemplate": false,
        "count": 0,
        "updated": 1560155628
    },
    {
        "id": "2a45f156-a8a5-dc62-783d-03f70386927a",
        "data": [
            {
                "text": "how much money does it cost for a accommodation",
                "userDefined": false
            }
        ],
        "isTemplate": false,
        "count": 0,
        "updated": 1560155628
    },
    {
        "id": "f2e65edf-6633-ee24-fa48-4e1c1f359780",
        "data": [
            {
                "text": "how much does it cost for a room",
                "userDefined": false
            }
        ],
        "isTemplate": false,
        "count": 0,
        "updated": 1560155628
    },
    {
        "id": "57852f48-fcd7-0bac-1691-55cd5838aed2",
        "data": [
            {
                "text": "how high-priced is it to get a accommodation in belgium",
                "userDefined": false
            }
        ],
        "isTemplate": false,
        "count": 0,
        "updated": 1560155628
    },
    {
        "id": "de309431-512b-af24-ba72-1c392e7dab10",
        "data": [
            {
                "text": "how expensive is it to acquire a place in belgium",
                "userDefined": false
            }
        ],
        "isTemplate": false,
        "count": 0,
        "updated": 1560155628
    },
    {
        "id": "f855c4b6-7fa8-8d38-cf7b-308084cb7cd9",
        "data": [
            {
                "text": "how much money do I need for place",
                "userDefined": false
            }
        ],
        "isTemplate": false,
        "count": 0,
        "updated": 1560155628
    },
    {
        "id": "bb200188-e814-9527-8b53-78172b7e7da4",
        "data": [
            {
                "text": "what does it cost for a kot",
                "userDefined": false
            }
        ],
        "isTemplate": false,
        "count": 0,
        "updated": 1560155628
    },
    {
        "id": "256bbbce-422d-7369-6d5f-d51fe6c7f0db",
        "data": [
            {
                "text": "how overpriced is it to acquire a place in belgium",
                "userDefined": false
            }
        ],
        "isTemplate": false,
        "count": 0,
        "updated": 1560155628
    },
    {
        "id": "a84009a5-0b35-8261-5949-c9ded12b868c",
        "data": [
            {
                "text": "what does it cost for a accommodation",
                "userDefined": false
            }
        ],
        "isTemplate": false,
        "count": 0,
        "updated": 1560155628
    },
    {
        "id": "1559aeb5-a8a7-914b-3531-bb06b40211d0",
        "data": [
            {
                "text": "what do I need to pay for accommodation",
                "userDefined": false
            }
        ],
        "isTemplate": false,
        "count": 0,
        "updated": 1560155628
    },
    {
        "id": "60205dda-1b64-31e8-1004-f7cbcb10e83d",
        "data": [
            {
                "text": "how expensive is it to obtain a housing in belgium",
                "userDefined": false
            }
        ],
        "isTemplate": false,
        "count": 0,
        "updated": 1560155628
    },
    {
        "id": "e3e6bee7-f1e7-2b02-da0a-b0fa5a258c3c",
        "data": [
            {
                "text": "how much do I need for accommodation",
                "userDefined": false
            }
        ],
        "isTemplate": false,
        "count": 0,
        "updated": 1560155628
    },
    {
        "id": "359f7825-7e14-4e4a-60df-44fcf5084326",
        "data": [
            {
                "text": "is it expensive to acquire a kot in belgium",
                "userDefined": false
            }
        ],
        "isTemplate": false,
        "count": 0,
        "updated": 1560155628
    },
    {
        "id": "1e19c38d-d7cc-97e6-bf06-b6fe8a08ca97",
        "data": [
            {
                "text": "how much should I budget for housing",
                "userDefined": false
            }
        ],
        "isTemplate": false,
        "count": 0,
        "updated": 1560155628
    },
    {
        "id": "f91e3af1-c080-22c4-af70-c74e3d4b95d7",
        "data": [
            {
                "text": "what would I need for accommodation",
                "userDefined": false
            }
        ],
        "isTemplate": false,
        "count": 0,
        "updated": 1560155628
    },
    {
        "id": "da067931-4272-4f1a-fd29-0d6b4f9954ba",
        "data": [
            {
                "text": "I'd really want to learn about how much would I need for place",
                "userDefined": false
            }
        ],
        "isTemplate": false,
        "count": 0,
        "updated": 1560155628
    },
    {
        "id": "f9f30ee8-a0e3-e468-3a79-c32e68df9d36",
        "data": [
            {
                "text": "what does a kot cost",
                "userDefined": false
            }
        ],
        "isTemplate": false,
        "count": 0,
        "updated": 1560155628
    },
    {
        "id": "d6df9b43-0e52-1944-9279-35dbdd7be855",
        "data": [
            {
                "text": "show me about how much money would I pay for accommodation",
                "userDefined": false
            }
        ],
        "isTemplate": false,
        "count": 0,
        "updated": 1560155628
    },
    {
        "id": "3afaa522-ea99-a9ee-0bdf-0177332dbb12",
        "data": [
            {
                "text": "is it overpriced to receive a housing in belgium",
                "userDefined": false
            }
        ],
        "isTemplate": false,
        "count": 0,
        "updated": 1560155628
    },
    {
        "id": "6492765b-01ce-6122-a418-b72476dfaa48",
        "data": [
            {
                "text": "how much money does a housing cost",
                "userDefined": false
            }
        ],
        "isTemplate": false,
        "count": 0,
        "updated": 1560155628
    },
    {
        "id": "9a224469-4786-9a56-a9af-c6ef25a89f6d",
        "data": [
            {
                "text": "what does a accommodation cost",
                "userDefined": false
            }
        ],
        "isTemplate": false,
        "count": 0,
        "updated": 1560155628
    },
    {
        "id": "a171486c-2fd1-ef7d-521a-75c4f34bf506",
        "data": [
            {
                "text": "information about how much would I pay for place",
                "userDefined": false
            }
        ],
        "isTemplate": false,
        "count": 0,
        "updated": 1560155628
    },
    {
        "id": "ff7cbe7d-a43d-9bdb-c355-62fdfd5be7d7",
        "data": [
            {
                "text": "how much does a kot cost",
                "userDefined": false
            }
        ],
        "isTemplate": false,
        "count": 0,
        "updated": 1560155628
    },
    {
        "id": "e0b7d64f-6f18-1dff-3806-1202ae8bdab1",
        "data": [
            {
                "text": "how much money should I plan for kot",
                "userDefined": false
            }
        ],
        "isTemplate": false,
        "count": 0,
        "updated": 1560155628
    },
    {
        "id": "f37204b0-2c49-2cfe-ce9a-74f9d6e04cc7",
        "data": [
            {
                "text": "what about how much should I budget for accommodation",
                "userDefined": false
            }
        ],
        "isTemplate": false,
        "count": 0,
        "updated": 1560155628
    },
    {
        "id": "b5b30443-7829-82e0-44db-7b2650b3a55b",
        "data": [
            {
                "text": "how much does it cost for a kot",
                "userDefined": false
            }
        ],
        "isTemplate": false,
        "count": 0,
        "updated": 1560155628
    },
    {
        "id": "ad06b339-436a-4e64-e106-6a0e11f39b6f",
        "data": [
            {
                "text": "how much money will I pay for housing",
                "userDefined": false
            }
        ],
        "isTemplate": false,
        "count": 0,
        "updated": 1560155628
    },
    {
        "id": "80ea623d-6b28-fac6-4444-a06c8b4d9849",
        "data": [
            {
                "text": "what do I have to pay for accommodation",
                "userDefined": false
            }
        ],
        "isTemplate": false,
        "count": 0,
        "updated": 1560155628
    },
    {
        "id": "57bf9313-5326-5570-205d-fbea302043cc",
        "data": [
            {
                "text": "how expensive is it to get a housing in belgium",
                "userDefined": false
            }
        ],
        "isTemplate": false,
        "count": 0,
        "updated": 1560155628
    },
    {
        "id": "6cb48c2a-a966-5bca-aefd-b07be7353dbd",
        "data": [
            {
                "text": "how costly is it to acquire a kot in belgium",
                "userDefined": false
            }
        ],
        "isTemplate": false,
        "count": 0,
        "updated": 1560155628
    },
    {
        "id": "c12b80b9-cfd4-385e-e0d9-89b29729e0bc",
        "data": [
            {
                "text": "I'd love to know about what would I pay for accommodation",
                "userDefined": false
            }
        ],
        "isTemplate": false,
        "count": 0,
        "updated": 1560155628
    },
    {
        "id": "7586ad8f-6b96-7071-3522-45fb28c5ccdc",
        "data": [
            {
                "text": "what would I need for place",
                "userDefined": false
            }
        ],
        "isTemplate": false,
        "count": 0,
        "updated": 1560155628
    },
    {
        "id": "f683c4aa-626e-3f66-9fec-83099acd31cc",
        "data": [
            {
                "text": "info about how much money will I prepare for housing",
                "userDefined": false
            }
        ],
        "isTemplate": false,
        "count": 0,
        "updated": 1560155628
    },
    {
        "id": "6f14f4db-ba8a-083b-1371-a75e6026aa42",
        "data": [
            {
                "text": "is it expensive to get a kot in belgium",
                "userDefined": false
            }
        ],
        "isTemplate": false,
        "count": 0,
        "updated": 1560155628
    },
    {
        "id": "d6039455-c69a-cd98-25cc-0a56c2e990a7",
        "data": [
            {
                "text": "information on how much money should I have to pay for kot",
                "userDefined": false
            }
        ],
        "isTemplate": false,
        "count": 0,
        "updated": 1560155628
    },
    {
        "id": "946a9ea0-7305-4aba-bc43-f7cf63178abc",
        "data": [
            {
                "text": "what does it cost for a room",
                "userDefined": false
            }
        ],
        "isTemplate": false,
        "count": 0,
        "updated": 1560155628
    },
    {
        "id": "e89c82fb-e4d2-f8c3-1054-7536fec455b1",
        "data": [
            {
                "text": "enlightenment about how much money do I need to pay for place",
                "userDefined": false
            }
        ],
        "isTemplate": false,
        "count": 0,
        "updated": 1560155628
    },
    {
        "id": "40055841-2c2a-7d27-7bd8-a8743cae5f55",
        "data": [
            {
                "text": "how high-priced is it to receive a accommodation in belgium",
                "userDefined": false
            }
        ],
        "isTemplate": false,
        "count": 0,
        "updated": 1560155628
    },
    {
        "id": "6654d6b7-3d95-5da5-2ac3-a321b80b149e",
        "data": [
            {
                "text": "what do I need for housing",
                "userDefined": false
            }
        ],
        "isTemplate": false,
        "count": 0,
        "updated": 1560155628
    },
    {
        "id": "3372aa89-f071-9ba0-a847-877603e6ad53",
        "data": [
            {
                "text": "how costly is it to obtain a room in belgium",
                "userDefined": false
            }
        ],
        "isTemplate": false,
        "count": 0,
        "updated": 1560155628
    },
    {
        "id": "16ca489f-25fe-0d4d-be9d-2c6465c1e59f",
        "data": [
            {
                "text": "how much will I plan for place",
                "userDefined": false
            }
        ],
        "isTemplate": false,
        "count": 0,
        "updated": 1560155628
    },
    {
        "id": "6c13d798-fac0-0f3d-7641-e31bd17fec05",
        "data": [
            {
                "text": "what would I pay for room",
                "userDefined": false
            }
        ],
        "isTemplate": false,
        "count": 0,
        "updated": 1560155628
    },
    {
        "id": "e114c418-7f40-b568-d70e-e6c6c0ac32e9",
        "data": [
            {
                "text": "what does a room cost",
                "userDefined": false
            }
        ],
        "isTemplate": false,
        "count": 0,
        "updated": 1560155628
    },
    {
        "id": "637020b3-5368-a519-2350-c77c3a0bc439",
        "data": [
            {
                "text": "is it high-priced to obtain a room in belgium",
                "userDefined": false
            }
        ],
        "isTemplate": false,
        "count": 0,
        "updated": 1560155628
    },
    {
        "id": "e6a820d8-4f61-3b22-b47f-a47aeb189d48",
        "data": [
            {
                "text": "what would I plan for housing",
                "userDefined": false
            }
        ],
        "isTemplate": false,
        "count": 0,
        "updated": 1560155628
    },
    {
        "id": "fd11c72a-c130-ae92-735b-34a538b3e22b",
        "data": [
            {
                "text": "what about how much money do I need for accommodation",
                "userDefined": false
            }
        ],
        "isTemplate": false,
        "count": 0,
        "updated": 1560155628
    },
    {
        "id": "00c8338c-42e6-989f-f0a2-38e3f580e0f4",
        "data": [
            {
                "text": "what do I need for accommodation",
                "userDefined": false
            }
        ],
        "isTemplate": false,
        "count": 0,
        "updated": 1560155628
    },
    {
        "id": "b4c8e5a7-681c-5b73-9a97-5845192d37a4",
        "data": [
            {
                "text": "what does a housing cost",
                "userDefined": false
            }
        ],
        "isTemplate": false,
        "count": 0,
        "updated": 1560155628
    },
    {
        "id": "daf58234-15d1-8eaf-d290-9c0b67eafe6d",
        "data": [
            {
                "text": "how much money does it cost for a kot",
                "userDefined": false
            }
        ],
        "isTemplate": false,
        "count": 0,
        "updated": 1560155628
    },
    {
        "id": "973c7299-4676-fe41-418a-bb7467f5da69",
        "data": [
            {
                "text": "what about how much money would I need for room",
                "userDefined": false
            }
        ],
        "isTemplate": false,
        "count": 0,
        "updated": 1560155628
    },
    {
        "id": "1063205a-fab4-c658-95e4-69b4b388bba8",
        "data": [
            {
                "text": "what does a place cost",
                "userDefined": false
            }
        ],
        "isTemplate": false,
        "count": 0,
        "updated": 1560155628
    },
    {
        "id": "fcf17917-b3a9-3c04-6191-cdec94845a38",
        "data": [
            {
                "text": "how costly is it to get a room in belgium",
                "userDefined": false
            }
        ],
        "isTemplate": false,
        "count": 0,
        "updated": 1560155628
    },
    {
        "id": "4c9102d0-b7ed-5c3d-495d-856c55826d22",
        "data": [
            {
                "text": "what would I prepare for housing",
                "userDefined": false
            }
        ],
        "isTemplate": false,
        "count": 0,
        "updated": 1560155628
    },
    {
        "id": "0dcc62fc-bf08-7299-0107-f8fe6cf38d6c",
        "data": [
            {
                "text": "how high-priced is it to get a kot in belgium",
                "userDefined": false
            }
        ],
        "isTemplate": false,
        "count": 0,
        "updated": 1560155628
    },
    {
        "id": "425935ca-77b2-9794-227a-cfcc7a33588a",
        "data": [
            {
                "text": "how high-priced is it to acquire a accommodation in belgium",
                "userDefined": false
            }
        ],
        "isTemplate": false,
        "count": 0,
        "updated": 1560155628
    },
    {
        "id": "3f31bc0f-71c7-0610-fb6b-df634583b09f",
        "data": [
            {
                "text": "show me about how much would I need for kot",
                "userDefined": false
            }
        ],
        "isTemplate": false,
        "count": 0,
        "updated": 1560155628
    },
    {
        "id": "e529e59f-5072-341e-40be-f2dcbc5ade1e",
        "data": [
            {
                "text": "show me about how much would I pay for place",
                "userDefined": false
            }
        ],
        "isTemplate": false,
        "count": 0,
        "updated": 1560155628
    },
    {
        "id": "7294d424-dc6a-2cd3-ab4a-5e41ffbe4b63",
        "data": [
            {
                "text": "how much does it cost for a housing",
                "userDefined": false
            }
        ],
        "isTemplate": false,
        "count": 0,
        "updated": 1560155628
    },
    {
        "id": "85ecd3af-7622-6386-ac63-2c0a346f4b9a",
        "data": [
            {
                "text": "is it overpriced to obtain a housing in belgium",
                "userDefined": false
            }
        ],
        "isTemplate": false,
        "count": 0,
        "updated": 1560155628
    },
    {
        "id": "e642b870-e103-2e2a-bf65-fb120e0135f7",
        "data": [
            {
                "text": "what about how much do I need for accommodation",
                "userDefined": false
            }
        ],
        "isTemplate": false,
        "count": 0,
        "updated": 1560155628
    },
    {
        "id": "4b42b2ce-1bb2-7a8a-4540-353d9f77a65b",
        "data": [
            {
                "text": "how much money does a accommodation cost",
                "userDefined": false
            }
        ],
        "isTemplate": false,
        "count": 0,
        "updated": 1560155628
    },
    {
        "id": "e9529ecd-d657-49c8-bb0d-4a59ac371f43",
        "data": [
            {
                "text": "is it overpriced to get a housing in belgium",
                "userDefined": false
            }
        ],
        "isTemplate": false,
        "count": 0,
        "updated": 1560155628
    },
    {
        "id": "43bcc4eb-c45b-fc43-7451-2d5a912ac367",
        "data": [
            {
                "text": "how much does a place cost",
                "userDefined": false
            }
        ],
        "isTemplate": false,
        "count": 0,
        "updated": 1560155628
    },
    {
        "id": "4ec33045-db50-5350-6e62-4ef08a6039f6",
        "data": [
            {
                "text": "what would I need for housing",
                "userDefined": false
            }
        ],
        "isTemplate": false,
        "count": 0,
        "updated": 1560155628
    },
    {
        "id": "4ca0ec4b-28ce-3308-c810-cb472a392de4",
        "data": [
            {
                "text": "how overpriced is it to get a kot in belgium",
                "userDefined": false
            }
        ],
        "isTemplate": false,
        "count": 0,
        "updated": 1560155628
    },
    {
        "id": "76fb4af1-a833-1101-3163-d4ff6f0ae9b2",
        "data": [
            {
                "text": "is it costly to get a housing in belgium",
                "userDefined": false
            }
        ],
        "isTemplate": false,
        "count": 0,
        "updated": 1560155628
    },
    {
        "id": "b1fb2925-f883-8cab-cc36-69a32ac685da",
        "data": [
            {
                "text": "information about how much money would I have to plan for kot",
                "userDefined": false
            }
        ],
        "isTemplate": false,
        "count": 0,
        "updated": 1560155628
    },
    {
        "id": "532fbe6d-dab5-ad01-1f25-c5e621451bff",
        "data": [
            {
                "text": "is it high-priced to acquire a place in belgium",
                "userDefined": false
            }
        ],
        "isTemplate": false,
        "count": 0,
        "updated": 1560155628
    },
    {
        "id": "5677a085-a3e6-d34d-73f3-f0c85c70fa25",
        "data": [
            {
                "text": "how expensive is it to receive a kot in belgium",
                "userDefined": false
            }
        ],
        "isTemplate": false,
        "count": 0,
        "updated": 1560155628
    },
    {
        "id": "85b68035-34ac-7938-9897-01d81a9fe4ea",
        "data": [
            {
                "text": "I would really want to be informed about what do I have to pay for room",
                "userDefined": false
            }
        ],
        "isTemplate": false,
        "count": 0,
        "updated": 1560155628
    },
    {
        "id": "6c2b5689-c48e-517d-d149-a076796785d9",
        "data": [
            {
                "text": "how much money do I need for kot",
                "userDefined": false
            }
        ],
        "isTemplate": false,
        "count": 0,
        "updated": 1560155628
    },
    {
        "id": "6bc4fff7-a8a7-5d9f-ec03-d58dcc122fcc",
        "data": [
            {
                "text": "how much money should I need to pay for accommodation",
                "userDefined": false
            }
        ],
        "isTemplate": false,
        "count": 0,
        "updated": 1560155628
    },
    {
        "id": "46c9bc94-8c03-be5a-5e6a-f7e5028d7ece",
        "data": [
            {
                "text": "is it overpriced to receive a place in belgium",
                "userDefined": false
            }
        ],
        "isTemplate": false,
        "count": 0,
        "updated": 1560155628
    },
    {
        "id": "224ce1e3-8bff-0e36-b2bb-618e98a5593c",
        "data": [
            {
                "text": "how much money does it cost for a room",
                "userDefined": false
            }
        ],
        "isTemplate": false,
        "count": 0,
        "updated": 1560155628
    },
    {
        "id": "54256554-0325-73da-7cfe-f07c899d361e",
        "data": [
            {
                "text": "is it costly to receive a accommodation in belgium",
                "userDefined": false
            }
        ],
        "isTemplate": false,
        "count": 0,
        "updated": 1560155628
    },
    {
        "id": "c1985e29-8150-2bc0-ac3c-a77fe29659eb",
        "data": [
            {
                "text": "info about how much do I need for accommodation",
                "userDefined": false
            }
        ],
        "isTemplate": false,
        "count": 0,
        "updated": 1560155628
    },
    {
        "id": "98c06319-d812-e7a8-8127-68a0a0c4c85a",
        "data": [
            {
                "text": "tip on what should I prepare for housing",
                "userDefined": false
            }
        ],
        "isTemplate": false,
        "count": 0,
        "updated": 1560155628
    },
    {
        "id": "cee7d47d-559b-74ab-ddcc-32e35c404dd3",
        "data": [
            {
                "text": "how overpriced is it to obtain a room in belgium",
                "userDefined": false
            }
        ],
        "isTemplate": false,
        "count": 0,
        "updated": 1560155628
    },
    {
        "id": "7cd05e53-1121-33de-e14f-00b9f683cc69",
        "data": [
            {
                "text": "how expensive is it to obtain a accommodation in belgium",
                "userDefined": false
            }
        ],
        "isTemplate": false,
        "count": 0,
        "updated": 1560155628
    },
    {
        "id": "c97a4dfd-ab22-66be-8868-349163ee6c51",
        "data": [
            {
                "text": "how much does a housing cost",
                "userDefined": false
            }
        ],
        "isTemplate": false,
        "count": 0,
        "updated": 1560155628
    },
    {
        "id": "d16fca2f-afd1-c62c-d240-c816a9b673e5",
        "data": [
            {
                "text": "how much money do I have to budget for place",
                "userDefined": false
            }
        ],
        "isTemplate": false,
        "count": 0,
        "updated": 1560155628
    },
    {
        "id": "7dfc0759-14a2-cd84-af98-74c08de04316",
        "data": [
            {
                "text": "how much does a room cost",
                "userDefined": false
            }
        ],
        "isTemplate": false,
        "count": 0,
        "updated": 1560155628
    },
    {
        "id": "fd072661-3fda-1f6d-8bfd-737af81139d8",
        "data": [
            {
                "text": "how costly is it to receive a accommodation in belgium",
                "userDefined": false
            }
        ],
        "isTemplate": false,
        "count": 0,
        "updated": 1560155628
    },
    {
        "id": "597eac22-d88e-d699-2b00-8ca2ed0f4ca5",
        "data": [
            {
                "text": "what does it cost for a housing",
                "userDefined": false
            }
        ],
        "isTemplate": false,
        "count": 0,
        "updated": 1560155628
    },
    {
        "id": "a55262d3-99d0-5ede-91a2-d530848e1f8e",
        "data": [
            {
                "text": "how high-priced is it to obtain a accommodation in belgium",
                "userDefined": false
            }
        ],
        "isTemplate": false,
        "count": 0,
        "updated": 1560155628
    },
    {
        "id": "c49f9cd1-cb00-05eb-2da9-3742d23171ee",
        "data": [
            {
                "text": "what about what should I prepare for place",
                "userDefined": false
            }
        ],
        "isTemplate": false,
        "count": 0,
        "updated": 1560155628
    },
    {
        "id": "e50422eb-7af3-e066-e2ce-32bfc029675d",
        "data": [
            {
                "text": "is it overpriced to acquire a place in belgium",
                "userDefined": false
            }
        ],
        "isTemplate": false,
        "count": 0,
        "updated": 1560155628
    },
    {
        "id": "6e2b7b4c-4cd7-7435-3bde-e5761819e6b4",
        "data": [
            {
                "text": "would you be so kind and show me about what do I need to pay for place",
                "userDefined": false
            }
        ],
        "isTemplate": false,
        "count": 0,
        "updated": 1560155628
    },
    {
        "id": "8dba4d31-bd3b-33c0-1b3c-79e76d5af6fd",
        "data": [
            {
                "text": "how much money does a place cost",
                "userDefined": false
            }
        ],
        "isTemplate": false,
        "count": 0,
        "updated": 1560155628
    },
    {
        "id": "8f8c92ca-7d85-1c55-5512-bd7ee71f3f7c",
        "data": [
            {
                "text": "what about what should I need to pay for room",
                "userDefined": false
            }
        ],
        "isTemplate": false,
        "count": 0,
        "updated": 1560155628
    },
    {
        "id": "507a4075-ac44-696c-d54f-a2ec69c0eccb",
        "data": [
            {
                "text": "what do I need for room",
                "userDefined": false
            }
        ],
        "isTemplate": false,
        "count": 0,
        "updated": 1560155628
    },
    {
        "id": "69fa18a2-8326-8814-4fd6-faec471ef2ca",
        "data": [
            {
                "text": "aid on how much money do I need for place",
                "userDefined": false
            }
        ],
        "isTemplate": false,
        "count": 0,
        "updated": 1560155628
    },
    {
        "id": "17edff1f-add3-2446-926b-ff78c7cae247",
        "data": [
            {
                "text": "how much money does a kot cost",
                "userDefined": false
            }
        ],
        "isTemplate": false,
        "count": 0,
        "updated": 1560155628
    },
    {
        "id": "baf8726e-b737-3ebd-d393-0c13b77a62a2",
        "data": [
            {
                "text": "what about how much money would I need for kot",
                "userDefined": false
            }
        ],
        "isTemplate": false,
        "count": 0,
        "updated": 1560155628
    },
    {
        "id": "f2660bb0-536a-e49a-7a10-aeb21471afc5",
        "data": [
            {
                "text": "is it costly to obtain a accommodation in belgium",
                "userDefined": false
            }
        ],
        "isTemplate": false,
        "count": 0,
        "updated": 1560155628
    },
    {
        "id": "71c18a63-9ff2-09ce-ab47-240e01d4be2d",
        "data": [
            {
                "text": "is it high-priced to acquire a accommodation in belgium",
                "userDefined": false
            }
        ],
        "isTemplate": false,
        "count": 0,
        "updated": 1560155628
    },
    {
        "id": "d9c652b7-0d99-236a-927a-37c4904f7248",
        "data": [
            {
                "text": "what should I budget for place",
                "userDefined": false
            }
        ],
        "isTemplate": false,
        "count": 0,
        "updated": 1560155628
    },
    {
        "id": "8dc82bd3-08ae-d5ce-56e2-69cb95439fc4",
        "data": [
            {
                "text": "how much money do I need for housing",
                "userDefined": false
            }
        ],
        "isTemplate": false,
        "count": 0,
        "updated": 1560155628
    },
    {
        "id": "7d4a8d2d-50ea-221a-c9f2-507268c901b4",
        "data": [
            {
                "text": "what should I prepare for housing",
                "userDefined": false
            }
        ],
        "isTemplate": false,
        "count": 0,
        "updated": 1560155628
    },
    {
        "id": "3c2f21d3-32cc-c18e-4831-1a91b609e894",
        "data": [
            {
                "text": "would you please tell me about what would I pay for room",
                "userDefined": false
            }
        ],
        "isTemplate": false,
        "count": 0,
        "updated": 1560155628
    },
    {
        "id": "88304923-9d4b-3573-f8da-f5163e71bcf3",
        "data": [
            {
                "text": "how much would I need for housing",
                "userDefined": false
            }
        ],
        "isTemplate": false,
        "count": 0,
        "updated": 1560155628
    },
    {
        "id": "13901ed4-e40f-4e67-f009-44686b85ef06",
        "data": [
            {
                "text": "I'd really want to be informed about how much will I need to prepare for accommodation",
                "userDefined": false
            }
        ],
        "isTemplate": false,
        "count": 0,
        "updated": 1560155628
    },
    {
        "id": "7865ca49-e42b-12ee-20d4-20530634d43d",
        "data": [
            {
                "text": "is it overpriced to acquire a accommodation in belgium",
                "userDefined": false
            }
        ],
        "isTemplate": false,
        "count": 0,
        "updated": 1560155628
    },
    {
        "id": "78e633f0-ff4f-0c4e-4a20-128ffd35425d",
        "data": [
            {
                "text": "how expensive is it to receive a place in belgium",
                "userDefined": false
            }
        ],
        "isTemplate": false,
        "count": 0,
        "updated": 1560155628
    },
    {
        "id": "5602c0e1-b224-f116-d24f-c59e71f8fcc9",
        "data": [
            {
                "text": "I'd love to be informed about how much would I need for place",
                "userDefined": false
            }
        ],
        "isTemplate": false,
        "count": 0,
        "updated": 1560155628
    },
    {
        "id": "dd054918-6515-05ea-8862-7cea748d84e2",
        "data": [
            {
                "text": "how overpriced is it to receive a housing in belgium",
                "userDefined": false
            }
        ],
        "isTemplate": false,
        "count": 0,
        "updated": 1560155628
    },
    {
        "id": "4a4ebe0b-457f-b7b5-f5ae-8362032c40ad",
        "data": [
            {
                "text": "what about what would I need for room",
                "userDefined": false
            }
        ],
        "isTemplate": false,
        "count": 0,
        "updated": 1560155628
    },
    {
        "id": "b21ce282-8a3e-a4d7-bba6-7ee0c854e49b",
        "data": [
            {
                "text": "I'd love to learn about how much money should I pay for housing",
                "userDefined": false
            }
        ],
        "isTemplate": false,
        "count": 0,
        "updated": 1560155628
    },
    {
        "id": "c4c9824f-3bd2-4f11-c8fb-950bccc855b2",
        "data": [
            {
                "text": "show me about what should I have to plan for room",
                "userDefined": false
            }
        ],
        "isTemplate": false,
        "count": 0,
        "updated": 1560155628
    },
    {
        "id": "dcc53e57-3c47-a076-4e4e-ccebdd0f0934",
        "data": [
            {
                "text": "how expensive is it to get a room in belgium",
                "userDefined": false
            }
        ],
        "isTemplate": false,
        "count": 0,
        "updated": 1560155628
    },
    {
        "id": "42dc2274-3c4b-24c7-9b93-41359778fe09",
        "data": [
            {
                "text": "I'd really want to be informed about what should I plan for kot",
                "userDefined": false
            }
        ],
        "isTemplate": false,
        "count": 0,
        "updated": 1560155628
    },
    {
        "id": "74aeb264-e952-75b8-d2c1-f94d0056f66f",
        "data": [
            {
                "text": "what will I budget for kot",
                "userDefined": false
            }
        ],
        "isTemplate": false,
        "count": 0,
        "updated": 1560155628
    },
    {
        "id": "1e52250b-b66f-a18a-ef51-da86745b23bd",
        "data": [
            {
                "text": "is it expensive to receive a accommodation in belgium",
                "userDefined": false
            }
        ],
        "isTemplate": false,
        "count": 0,
        "updated": 1560155628
    },
    {
        "id": "41300a57-db39-2968-5e67-a41b5cb06d97",
        "data": [
            {
                "text": "is it high-priced to obtain a housing in belgium",
                "userDefined": false
            }
        ],
        "isTemplate": false,
        "count": 0,
        "updated": 1560155628
    },
    {
        "id": "cf1c3166-b2cc-9d6a-9c31-cc321d7e9c10",
        "data": [
            {
                "text": "how much does a accommodation cost",
                "userDefined": false
            }
        ],
        "isTemplate": false,
        "count": 0,
        "updated": 1560155628
    }
]