[
    {
        "id": "7df1b2aa-0966-3108-cb8f-a0eb8bea8471",
        "data": [
            {
                "text": "I'd want to set up my dashboard",
                "userDefined": false
            }
        ],
        "isTemplate": false,
        "count": 0,
        "updated": 1560155629
    },
    {
        "id": "a07e1987-862e-5ef5-050e-a9f1fd694eb3",
        "data": [
            {
                "text": "how do I set up the the university dashboard",
                "userDefined": false
            }
        ],
        "isTemplate": false,
        "count": 0,
        "updated": 1560155629
    },
    {
        "id": "30995a9c-7206-d8e9-fcc5-26118f6d197f",
        "data": [
            {
                "text": "how do I arrange my myUCL dashboard",
                "userDefined": false
            }
        ],
        "isTemplate": false,
        "count": 0,
        "updated": 1560155629
    },
    {
        "id": "d83071ad-53d6-00d4-0af1-4e5e407909ba",
        "data": [
            {
                "text": "what will I need to do to arrange the UCLouvain dashboard",
                "userDefined": false
            }
        ],
        "isTemplate": false,
        "count": 0,
        "updated": 1560155629
    },
    {
        "id": "7692691e-1389-e3db-f818-f4edbf18666f",
        "data": [
            {
                "text": "how would I arrange my dashboard",
                "userDefined": false
            }
        ],
        "isTemplate": false,
        "count": 0,
        "updated": 1560155629
    },
    {
        "id": "8a80cbf4-b0a0-6218-61f7-59c65e7e2402",
        "data": [
            {
                "text": "where could I arrange the dashboard",
                "userDefined": false
            }
        ],
        "isTemplate": false,
        "count": 0,
        "updated": 1560155629
    },
    {
        "id": "06ec87f6-a774-2381-d247-63b492330c0a",
        "data": [
            {
                "text": "how is it possible to organize my dashboard",
                "userDefined": false
            }
        ],
        "isTemplate": false,
        "count": 0,
        "updated": 1560155629
    },
    {
        "id": "198c3e0e-015f-839f-fe3a-0dcb6d1b7efd",
        "data": [
            {
                "text": "I need to set up my myUCL dashboard",
                "userDefined": false
            }
        ],
        "isTemplate": false,
        "count": 0,
        "updated": 1560155629
    },
    {
        "id": "a385c377-e57a-97fb-06a7-e212fd965368",
        "data": [
            {
                "text": "what to do to organize the myUCL dashboard",
                "userDefined": false
            }
        ],
        "isTemplate": false,
        "count": 0,
        "updated": 1560155629
    },
    {
        "id": "b35ae3df-6507-1999-429a-74392a425d70",
        "data": [
            {
                "text": "where could I organise my dashboard",
                "userDefined": false
            }
        ],
        "isTemplate": false,
        "count": 0,
        "updated": 1560155629
    },
    {
        "id": "9822cc87-bb78-9507-eb72-ab799079f353",
        "data": [
            {
                "text": "how could I set up my dashboard",
                "userDefined": false
            }
        ],
        "isTemplate": false,
        "count": 0,
        "updated": 1560155629
    },
    {
        "id": "6fc5645c-fd10-d66c-2869-ab2da1eccc6f",
        "data": [
            {
                "text": "I'd like to organize the UCLouvain dashboard",
                "userDefined": false
            }
        ],
        "isTemplate": false,
        "count": 0,
        "updated": 1560155629
    },
    {
        "id": "8a4df26e-29fa-7c96-6da6-5a6e84561911",
        "data": [
            {
                "text": "how is it possible for me to set up the ucl dashboard",
                "userDefined": false
            }
        ],
        "isTemplate": false,
        "count": 0,
        "updated": 1560155629
    },
    {
        "id": "f80b3178-f9a1-f90f-b53e-30e6b3a3430b",
        "data": [
            {
                "text": "I need to set up my dashboard",
                "userDefined": false
            }
        ],
        "isTemplate": false,
        "count": 0,
        "updated": 1560155629
    },
    {
        "id": "78600b48-9eb6-5cec-0db9-ba9fa380f9ef",
        "data": [
            {
                "text": "I would like to arrange the dashboard",
                "userDefined": false
            }
        ],
        "isTemplate": false,
        "count": 0,
        "updated": 1560155629
    },
    {
        "id": "85945593-eec8-db62-d61d-888f711cf111",
        "data": [
            {
                "text": "who would support to organize the dashboard",
                "userDefined": false
            }
        ],
        "isTemplate": false,
        "count": 0,
        "updated": 1560155629
    },
    {
        "id": "e4c5d0ad-3758-8573-4ebb-a4497fa9bec7",
        "data": [
            {
                "text": "I would really like to organize my dashboard",
                "userDefined": false
            }
        ],
        "isTemplate": false,
        "count": 0,
        "updated": 1560155629
    },
    {
        "id": "d81a3245-b794-3fd3-b142-0ba845ce6444",
        "data": [
            {
                "text": "how is it possible for me to arrange the myucl dashboard",
                "userDefined": false
            }
        ],
        "isTemplate": false,
        "count": 0,
        "updated": 1560155629
    },
    {
        "id": "f9a9c043-200d-b06b-fa38-b445eb326643",
        "data": [
            {
                "text": "how do I set up my dashboard",
                "userDefined": false
            }
        ],
        "isTemplate": false,
        "count": 0,
        "updated": 1560155629
    },
    {
        "id": "d2b6a725-d581-a8f5-7d28-8f679537fc0b",
        "data": [
            {
                "text": "where is it possible to organise my myucl dashboard",
                "userDefined": false
            }
        ],
        "isTemplate": false,
        "count": 0,
        "updated": 1560155629
    },
    {
        "id": "ddcd4109-95bd-3591-a42a-8d319e6463b0",
        "data": [
            {
                "text": "I need to arrange my UCLouvain dashboard",
                "userDefined": false
            }
        ],
        "isTemplate": false,
        "count": 0,
        "updated": 1560155629
    },
    {
        "id": "c71fe583-a878-ad94-4f9d-820fac0ff3b1",
        "data": [
            {
                "text": "where to go to set up my dashboard",
                "userDefined": false
            }
        ],
        "isTemplate": false,
        "count": 0,
        "updated": 1560155629
    },
    {
        "id": "6971e6e2-5ed6-c9f2-8bab-05149e9da59a",
        "data": [
            {
                "text": "where is it possible to set up the dashboard",
                "userDefined": false
            }
        ],
        "isTemplate": false,
        "count": 0,
        "updated": 1560155629
    },
    {
        "id": "8bc1550d-9e28-2187-4ce6-8c47c5318139",
        "data": [
            {
                "text": "how to organize the myucl dashboard",
                "userDefined": false
            }
        ],
        "isTemplate": false,
        "count": 0,
        "updated": 1560155629
    },
    {
        "id": "f8c25fd3-28bb-abc3-3d20-3e4aa25bd423",
        "data": [
            {
                "text": "I need to arrange my myucl dashboard",
                "userDefined": false
            }
        ],
        "isTemplate": false,
        "count": 0,
        "updated": 1560155629
    },
    {
        "id": "8f4c31c7-fa6f-e3e8-def6-a45e2caf5e44",
        "data": [
            {
                "text": "what to do to organize my dashboard",
                "userDefined": false
            }
        ],
        "isTemplate": false,
        "count": 0,
        "updated": 1560155629
    },
    {
        "id": "f3174e9b-2f66-c692-a5ef-a564c457e019",
        "data": [
            {
                "text": "what will I have to do to organise the UCL dashboard",
                "userDefined": false
            }
        ],
        "isTemplate": false,
        "count": 0,
        "updated": 1560155629
    },
    {
        "id": "61ce5a62-0ef3-2f07-5618-e76fe57409a7",
        "data": [
            {
                "text": "where would I set up the dashboard",
                "userDefined": false
            }
        ],
        "isTemplate": false,
        "count": 0,
        "updated": 1560155629
    },
    {
        "id": "fbcc1a5d-34cb-218d-3c36-a07575ac9d0a",
        "data": [
            {
                "text": "I need to set up the myucl dashboard",
                "userDefined": false
            }
        ],
        "isTemplate": false,
        "count": 0,
        "updated": 1560155629
    },
    {
        "id": "4db89cab-161e-3ee2-2d81-cbb50919a726",
        "data": [
            {
                "text": "how to organize the dashboard",
                "userDefined": false
            }
        ],
        "isTemplate": false,
        "count": 0,
        "updated": 1560155629
    },
    {
        "id": "9b5c86ce-3695-21a0-c39d-237550769694",
        "data": [
            {
                "text": "what do I have to do to arrange the myUCL dashboard",
                "userDefined": false
            }
        ],
        "isTemplate": false,
        "count": 0,
        "updated": 1560155629
    },
    {
        "id": "8a582747-b67c-370f-9094-777d1b068a9f",
        "data": [
            {
                "text": "I'd want to organise the myucl dashboard",
                "userDefined": false
            }
        ],
        "isTemplate": false,
        "count": 0,
        "updated": 1560155629
    },
    {
        "id": "0ea5ed2f-53f7-0c45-383b-bff6ab81a068",
        "data": [
            {
                "text": "I need to organise the UCL dashboard",
                "userDefined": false
            }
        ],
        "isTemplate": false,
        "count": 0,
        "updated": 1560155629
    },
    {
        "id": "d0514223-1d88-4e0d-88bc-f49292627d76",
        "data": [
            {
                "text": "how to arrange my the uni dashboard",
                "userDefined": false
            }
        ],
        "isTemplate": false,
        "count": 0,
        "updated": 1560155629
    },
    {
        "id": "b1b2a215-47cf-e469-7d2b-04b75da48c1f",
        "data": [
            {
                "text": "how to arrange my uni dashboard",
                "userDefined": false
            }
        ],
        "isTemplate": false,
        "count": 0,
        "updated": 1560155629
    },
    {
        "id": "646880e9-004e-6b2f-46af-cac957ad084c",
        "data": [
            {
                "text": "I need to organise my dashboard",
                "userDefined": false
            }
        ],
        "isTemplate": false,
        "count": 0,
        "updated": 1560155629
    },
    {
        "id": "efbcd6d3-5195-ec03-cf42-32bce84d7c96",
        "data": [
            {
                "text": "how do I organise my dashboard",
                "userDefined": false
            }
        ],
        "isTemplate": false,
        "count": 0,
        "updated": 1560155629
    },
    {
        "id": "d2d86881-a8b5-849e-a92f-96b82d4d0af0",
        "data": [
            {
                "text": "I need to organise the uclouvain dashboard",
                "userDefined": false
            }
        ],
        "isTemplate": false,
        "count": 0,
        "updated": 1560155629
    },
    {
        "id": "90014be4-38b8-acf1-fd43-a7ca8b6f86db",
        "data": [
            {
                "text": "how do I set up the dashboard",
                "userDefined": false
            }
        ],
        "isTemplate": false,
        "count": 0,
        "updated": 1560155629
    },
    {
        "id": "d8297dab-dc78-42fd-c082-c74e9e49a862",
        "data": [
            {
                "text": "who is it possible to contact to set up my myUCL dashboard",
                "userDefined": false
            }
        ],
        "isTemplate": false,
        "count": 0,
        "updated": 1560155629
    },
    {
        "id": "8492a9f8-cffb-0905-c12e-ae682384d6f3",
        "data": [
            {
                "text": "how do we organize my uclouvain dashboard",
                "userDefined": false
            }
        ],
        "isTemplate": false,
        "count": 0,
        "updated": 1560155629
    },
    {
        "id": "373c2bda-dba9-36c2-221a-3a258d7ec419",
        "data": [
            {
                "text": "what will I do to set up my dashboard",
                "userDefined": false
            }
        ],
        "isTemplate": false,
        "count": 0,
        "updated": 1560155629
    },
    {
        "id": "baf70769-f7cd-195f-99b0-f30b87f08a27",
        "data": [
            {
                "text": "I need to set up the dashboard",
                "userDefined": false
            }
        ],
        "isTemplate": false,
        "count": 0,
        "updated": 1560155629
    },
    {
        "id": "3865edb0-43b0-9562-5816-752aee0464bb",
        "data": [
            {
                "text": "how is it possible for me to set up the dashboard",
                "userDefined": false
            }
        ],
        "isTemplate": false,
        "count": 0,
        "updated": 1560155629
    },
    {
        "id": "03d12f26-d714-e065-6fdf-2516ee90ea96",
        "data": [
            {
                "text": "how to set up the university dashboard",
                "userDefined": false
            }
        ],
        "isTemplate": false,
        "count": 0,
        "updated": 1560155629
    },
    {
        "id": "aa00aea5-647c-ad61-7ec3-9302ffb36032",
        "data": [
            {
                "text": "I need to arrange my uclouvain dashboard",
                "userDefined": false
            }
        ],
        "isTemplate": false,
        "count": 0,
        "updated": 1560155629
    },
    {
        "id": "e7032f9e-deb1-d72a-9b55-6fcaccb9be37",
        "data": [
            {
                "text": "who can help to organize my myucl dashboard",
                "userDefined": false
            }
        ],
        "isTemplate": false,
        "count": 0,
        "updated": 1560155629
    },
    {
        "id": "f55aee76-5a53-c184-bb98-65652e36a8f4",
        "data": [
            {
                "text": "I would really want to arrange my dashboard",
                "userDefined": false
            }
        ],
        "isTemplate": false,
        "count": 0,
        "updated": 1560155629
    },
    {
        "id": "9ccd0d6a-dbb5-21e1-d615-979ff1fc09db",
        "data": [
            {
                "text": "what to do to set up the uni dashboard",
                "userDefined": false
            }
        ],
        "isTemplate": false,
        "count": 0,
        "updated": 1560155629
    },
    {
        "id": "69757a2c-bfbe-c430-3c5f-447daf31d0b2",
        "data": [
            {
                "text": "where would I set up the myUCL dashboard",
                "userDefined": false
            }
        ],
        "isTemplate": false,
        "count": 0,
        "updated": 1560155629
    },
    {
        "id": "0f0f9e1f-79b0-e80a-95a7-352e36b1e379",
        "data": [
            {
                "text": "I would really like to set up my dashboard",
                "userDefined": false
            }
        ],
        "isTemplate": false,
        "count": 0,
        "updated": 1560155629
    },
    {
        "id": "4dfc2176-32c3-b500-f40d-8f51ed23d9dd",
        "data": [
            {
                "text": "how to set up my dashboard",
                "userDefined": false
            }
        ],
        "isTemplate": false,
        "count": 0,
        "updated": 1560155629
    },
    {
        "id": "a72a9168-8c90-d2b2-3e76-834ef8a715c9",
        "data": [
            {
                "text": "I'd really like to organise my dashboard",
                "userDefined": false
            }
        ],
        "isTemplate": false,
        "count": 0,
        "updated": 1560155629
    },
    {
        "id": "cfd5a90a-b4c8-cf43-fb56-6938df4f6108",
        "data": [
            {
                "text": "how to arrange my UCLouvain dashboard",
                "userDefined": false
            }
        ],
        "isTemplate": false,
        "count": 0,
        "updated": 1560155629
    },
    {
        "id": "03145498-20eb-0812-2523-1b7b81c8c12e",
        "data": [
            {
                "text": "how do I arrange my dashboard",
                "userDefined": false
            }
        ],
        "isTemplate": false,
        "count": 0,
        "updated": 1560155629
    },
    {
        "id": "83b3e775-021d-d3ac-6c2b-a4b94ec5f939",
        "data": [
            {
                "text": "how to set up the dashboard",
                "userDefined": false
            }
        ],
        "isTemplate": false,
        "count": 0,
        "updated": 1560155629
    },
    {
        "id": "86adcc54-afb7-168a-f87b-e9623d97fa80",
        "data": [
            {
                "text": "how to organise my dashboard",
                "userDefined": false
            }
        ],
        "isTemplate": false,
        "count": 0,
        "updated": 1560155629
    },
    {
        "id": "0f125bb5-6d29-4da8-d495-1411ada3d5ea",
        "data": [
            {
                "text": "who would aid to set up the myUCL dashboard",
                "userDefined": false
            }
        ],
        "isTemplate": false,
        "count": 0,
        "updated": 1560155629
    },
    {
        "id": "b2805e4e-e3a8-f9b2-dfba-cff1268b170c",
        "data": [
            {
                "text": "who would I get in touch with to arrange my myucl dashboard",
                "userDefined": false
            }
        ],
        "isTemplate": false,
        "count": 0,
        "updated": 1560155629
    },
    {
        "id": "1d3ff2cb-f43c-afaa-f63f-360d28f726ba",
        "data": [
            {
                "text": "how to arrange my dashboard",
                "userDefined": false
            }
        ],
        "isTemplate": false,
        "count": 0,
        "updated": 1560155629
    }
]