[
    {
        "id": "a9eb8378-dffa-55f9-9a81-12e4275ed39d",
        "data": [
            {
                "text": "register with the municipality",
                "userDefined": false
            }
        ],
        "isTemplate": false,
        "count": 0,
        "updated": 1560155629
    },
    {
        "id": "43bf9324-476b-0d42-3840-ce574d731bc8",
        "data": [
            {
                "text": "I'd like to register with my City Hall",
                "userDefined": false
            }
        ],
        "isTemplate": false,
        "count": 0,
        "updated": 1560155629
    },
    {
        "id": "03066777-1868-b844-d0bc-9240c03bc1a3",
        "data": [
            {
                "text": "I'd like to register with the municipality",
                "userDefined": false
            }
        ],
        "isTemplate": false,
        "count": 0,
        "updated": 1560155629
    },
    {
        "id": "62428886-e74e-195a-3352-65848d6b42cc",
        "data": [
            {
                "text": "subscribe with the commune",
                "userDefined": false
            }
        ],
        "isTemplate": false,
        "count": 0,
        "updated": 1560155629
    },
    {
        "id": "c55648d4-258d-4573-aa42-05bf0aebd633",
        "data": [
            {
                "text": "how do we register with the commune",
                "userDefined": false
            }
        ],
        "isTemplate": false,
        "count": 0,
        "updated": 1560155629
    },
    {
        "id": "cdb98f6d-17e7-ab1d-0060-da79cdca018c",
        "data": [
            {
                "text": "subscribe with the town",
                "userDefined": false
            }
        ],
        "isTemplate": false,
        "count": 0,
        "updated": 1560155629
    },
    {
        "id": "d824ea27-1d5c-a542-769b-8e2bf3e83d23",
        "data": [
            {
                "text": "subscribe with the municipality",
                "userDefined": false
            }
        ],
        "isTemplate": false,
        "count": 0,
        "updated": 1560155629
    },
    {
        "id": "030af13a-65fb-8216-1a1f-0faf659e6095",
        "data": [
            {
                "text": "what do I have to do if I would really want to register with the municipality",
                "userDefined": false
            }
        ],
        "isTemplate": false,
        "count": 0,
        "updated": 1560155629
    },
    {
        "id": "cbbe3ccc-0bdb-b303-1228-fa338bee4cf4",
        "data": [
            {
                "text": "how do I register at the municipality",
                "userDefined": false
            }
        ],
        "isTemplate": false,
        "count": 0,
        "updated": 1560155629
    },
    {
        "id": "bdaafd57-0b07-56ec-8f31-f79f8e411df7",
        "data": [
            {
                "text": "what to do when I would like to register with the municipality",
                "userDefined": false
            }
        ],
        "isTemplate": false,
        "count": 0,
        "updated": 1560155629
    },
    {
        "id": "56cd1e05-5391-fecc-1039-46de0c4689e0",
        "data": [
            {
                "text": "who would I get in touch with when I'd love to register with the municipality",
                "userDefined": false
            }
        ],
        "isTemplate": false,
        "count": 0,
        "updated": 1560155629
    },
    {
        "id": "3f6e34d3-f715-0be1-bb72-71993d0e8c58",
        "data": [
            {
                "text": "I would like to register with the municipality where to go",
                "userDefined": false
            }
        ],
        "isTemplate": false,
        "count": 0,
        "updated": 1560155629
    },
    {
        "id": "d12860c6-fffd-9a36-a1e1-9f034f35479c",
        "data": [
            {
                "text": "I'd really want to register with the municipality",
                "userDefined": false
            }
        ],
        "isTemplate": false,
        "count": 0,
        "updated": 1560155629
    },
    {
        "id": "113cdfcd-7014-e942-37c8-d6802ef63e1a",
        "data": [
            {
                "text": "how do I subscribe with my City Hall please",
                "userDefined": false
            }
        ],
        "isTemplate": false,
        "count": 0,
        "updated": 1560155629
    },
    {
        "id": "30a1d3ca-005f-8fa6-0a19-086d316b5780",
        "data": [
            {
                "text": "where will I go when I would really love to register with the municipality",
                "userDefined": false
            }
        ],
        "isTemplate": false,
        "count": 0,
        "updated": 1560155629
    },
    {
        "id": "9e6f7337-3755-01e6-e515-336755a1ff6c",
        "data": [
            {
                "text": "I'd want to register with the municipality",
                "userDefined": false
            }
        ],
        "isTemplate": false,
        "count": 0,
        "updated": 1560155629
    },
    {
        "id": "249d0880-57ff-3e81-b8fe-8b76ba4e1aa4",
        "data": [
            {
                "text": "I want to register with the municipality, where to go",
                "userDefined": false
            }
        ],
        "isTemplate": false,
        "count": 0,
        "updated": 1560155629
    },
    {
        "id": "1544e03f-9e52-375f-f26c-e23ccfe2deaa",
        "data": [
            {
                "text": "I'd really like to register with the municipality where would I go",
                "userDefined": false
            }
        ],
        "isTemplate": false,
        "count": 0,
        "updated": 1560155629
    },
    {
        "id": "c944d043-b970-0899-9557-86fc5418ca5a",
        "data": [
            {
                "text": "where to go when I would really want to register with the municipality",
                "userDefined": false
            }
        ],
        "isTemplate": false,
        "count": 0,
        "updated": 1560155629
    },
    {
        "id": "da837621-ad62-31aa-19b7-c073c13e7c64",
        "data": [
            {
                "text": "how do I register at my commune please",
                "userDefined": false
            }
        ],
        "isTemplate": false,
        "count": 0,
        "updated": 1560155629
    },
    {
        "id": "59a97b0f-5f4a-9c22-0a9b-e54a63ac6ddb",
        "data": [
            {
                "text": "register with the town",
                "userDefined": false
            }
        ],
        "isTemplate": false,
        "count": 0,
        "updated": 1560155629
    },
    {
        "id": "ced73dde-f02f-13a4-54e5-35aefe048546",
        "data": [
            {
                "text": "I would really want to register with the municipality, what will I do",
                "userDefined": false
            }
        ],
        "isTemplate": false,
        "count": 0,
        "updated": 1560155629
    },
    {
        "id": "4d8fa67d-2064-e06d-206c-bbc894e37092",
        "data": [
            {
                "text": "how do we subscribe with my town",
                "userDefined": false
            }
        ],
        "isTemplate": false,
        "count": 0,
        "updated": 1560155629
    },
    {
        "id": "d8ac148a-4624-31cc-26f5-414fbb5e94d9",
        "data": [
            {
                "text": "register with the commune",
                "userDefined": false
            }
        ],
        "isTemplate": false,
        "count": 0,
        "updated": 1560155629
    },
    {
        "id": "6902fd42-25c2-2808-65c1-7f321c35fb88",
        "data": [
            {
                "text": "how to register at my town please",
                "userDefined": false
            }
        ],
        "isTemplate": false,
        "count": 0,
        "updated": 1560155629
    },
    {
        "id": "e3ad089e-5903-9680-db4e-e860ec883183",
        "data": [
            {
                "text": "how is it possible to subscribe at the municipality",
                "userDefined": false
            }
        ],
        "isTemplate": false,
        "count": 0,
        "updated": 1560155629
    },
    {
        "id": "3141657d-cfd7-eaa0-dfe7-0e2ff495ab55",
        "data": [
            {
                "text": "I'd like to subscribe at the municipality please",
                "userDefined": false
            }
        ],
        "isTemplate": false,
        "count": 0,
        "updated": 1560155629
    },
    {
        "id": "87e84806-c183-bc42-cfc4-6dda61f70e15",
        "data": [
            {
                "text": "how to register with my town",
                "userDefined": false
            }
        ],
        "isTemplate": false,
        "count": 0,
        "updated": 1560155629
    },
    {
        "id": "9e358ad9-70b4-88da-302c-6ddaa1b5650d",
        "data": [
            {
                "text": "I need to register at my City Hall please",
                "userDefined": false
            }
        ],
        "isTemplate": false,
        "count": 0,
        "updated": 1560155629
    },
    {
        "id": "eac4f964-31bf-00ad-49b2-bd1d058a505f",
        "data": [
            {
                "text": "subscribe with the City Hall",
                "userDefined": false
            }
        ],
        "isTemplate": false,
        "count": 0,
        "updated": 1560155629
    },
    {
        "id": "1204a3de-b074-8445-b901-b86b648728f2",
        "data": [
            {
                "text": "I'd like to register with my town",
                "userDefined": false
            }
        ],
        "isTemplate": false,
        "count": 0,
        "updated": 1560155629
    },
    {
        "id": "919a673e-a850-ee6f-088f-7a9cbb514d3a",
        "data": [
            {
                "text": "register with the City Hall",
                "userDefined": false
            }
        ],
        "isTemplate": false,
        "count": 0,
        "updated": 1560155629
    },
    {
        "id": "36b6068b-1688-90c7-7b90-695a4bf13464",
        "data": [
            {
                "text": "who could I get in touch with when I'd love to register with the municipality",
                "userDefined": false
            }
        ],
        "isTemplate": false,
        "count": 0,
        "updated": 1560155629
    },
    {
        "id": "77e95b77-2ddb-68ec-2728-2561855f87b9",
        "data": [
            {
                "text": "where to go if I'd really want to register with the municipality",
                "userDefined": false
            }
        ],
        "isTemplate": false,
        "count": 0,
        "updated": 1560155629
    },
    {
        "id": "86bd5d7f-73b3-c75c-5b6f-fe7b28965e03",
        "data": [
            {
                "text": "where to go when I'd love to register with the municipality",
                "userDefined": false
            }
        ],
        "isTemplate": false,
        "count": 0,
        "updated": 1560155629
    },
    {
        "id": "36682099-3a59-4879-f0d6-36e13f9787e1",
        "data": [
            {
                "text": "I would like to register with the municipality what to do",
                "userDefined": false
            }
        ],
        "isTemplate": false,
        "count": 0,
        "updated": 1560155629
    },
    {
        "id": "e02e5bc2-ed51-1d29-dac9-986a905741d9",
        "data": [
            {
                "text": "how to register at my City Hall please",
                "userDefined": false
            }
        ],
        "isTemplate": false,
        "count": 0,
        "updated": 1560155629
    },
    {
        "id": "0afc727a-ddd9-8dd2-05d3-4b1f06c8c183",
        "data": [
            {
                "text": "I'd really love to register with the municipality",
                "userDefined": false
            }
        ],
        "isTemplate": false,
        "count": 0,
        "updated": 1560155629
    },
    {
        "id": "16a0df7d-b11c-77ad-ce11-082d8a92a6f7",
        "data": [
            {
                "text": "who can aid if I would like to register with the municipality",
                "userDefined": false
            }
        ],
        "isTemplate": false,
        "count": 0,
        "updated": 1560155629
    },
    {
        "id": "c1d810bf-c0e2-090d-bb16-8387b45a625c",
        "data": [
            {
                "text": "how do I subscribe at my municipality",
                "userDefined": false
            }
        ],
        "isTemplate": false,
        "count": 0,
        "updated": 1560155629
    },
    {
        "id": "97354d73-112d-ed51-e61c-f08c63f63718",
        "data": [
            {
                "text": "how is it possible for me to subscribe with my town please",
                "userDefined": false
            }
        ],
        "isTemplate": false,
        "count": 0,
        "updated": 1560155629
    },
    {
        "id": "38d8a575-c788-555b-9902-81904ef06b11",
        "data": [
            {
                "text": "how is it possible to subscribe at the commune please",
                "userDefined": false
            }
        ],
        "isTemplate": false,
        "count": 0,
        "updated": 1560155629
    },
    {
        "id": "f2276660-6e55-de2e-50ea-abaaeee59d06",
        "data": [
            {
                "text": "I would like to register with the municipality",
                "userDefined": false
            }
        ],
        "isTemplate": false,
        "count": 0,
        "updated": 1560155629
    },
    {
        "id": "feb67cf3-e715-0659-f26b-611bdad25881",
        "data": [
            {
                "text": "I would love to register with the municipality",
                "userDefined": false
            }
        ],
        "isTemplate": false,
        "count": 0,
        "updated": 1560155629
    },
    {
        "id": "986b8bd2-5beb-2b15-aecf-29b3f2d8fc8f",
        "data": [
            {
                "text": "how to subscribe with the town",
                "userDefined": false
            }
        ],
        "isTemplate": false,
        "count": 0,
        "updated": 1560155629
    },
    {
        "id": "99ec6e70-e024-cdd0-05d1-23b1d11b26c8",
        "data": [
            {
                "text": "I need to subscribe with the municipality please",
                "userDefined": false
            }
        ],
        "isTemplate": false,
        "count": 0,
        "updated": 1560155629
    },
    {
        "id": "45e97e0b-d842-fcb3-e7e8-6714a2b036e4",
        "data": [
            {
                "text": "I'd want to register with the municipality, who would aid",
                "userDefined": false
            }
        ],
        "isTemplate": false,
        "count": 0,
        "updated": 1560155629
    },
    {
        "id": "d78bc702-3cd2-6d7b-1429-081fb618a7b2",
        "data": [
            {
                "text": "how would I register at the town",
                "userDefined": false
            }
        ],
        "isTemplate": false,
        "count": 0,
        "updated": 1560155629
    },
    {
        "id": "c7d186c4-21b5-b196-e437-1e5b9cfca7cf",
        "data": [
            {
                "text": "I would like to register with the municipality who is it possible for me to reach",
                "userDefined": false
            }
        ],
        "isTemplate": false,
        "count": 0,
        "updated": 1560155629
    },
    {
        "id": "e5cf1541-7fe2-bcbb-bd3e-f8816a49d3e3",
        "data": [
            {
                "text": "I'd like to register at the City Hall please",
                "userDefined": false
            }
        ],
        "isTemplate": false,
        "count": 0,
        "updated": 1560155629
    },
    {
        "id": "e264996c-8a6d-348e-34fa-3fe984fd3f2d",
        "data": [
            {
                "text": "I need to subscribe with my commune please",
                "userDefined": false
            }
        ],
        "isTemplate": false,
        "count": 0,
        "updated": 1560155629
    },
    {
        "id": "f95e131d-a1fc-5fc0-776d-715fd8a0752c",
        "data": [
            {
                "text": "who could I contact when I'd really like to register with the municipality",
                "userDefined": false
            }
        ],
        "isTemplate": false,
        "count": 0,
        "updated": 1560155629
    },
    {
        "id": "f9fc2353-7cd9-e7a5-2c7a-24329aba0bd9",
        "data": [
            {
                "text": "who could assist if I would really want to register with the municipality",
                "userDefined": false
            }
        ],
        "isTemplate": false,
        "count": 0,
        "updated": 1560155629
    },
    {
        "id": "cf5eb26a-6a3d-0a19-f3ce-fba76f839cb8",
        "data": [
            {
                "text": "where should I need to go to register with my City Hall please",
                "userDefined": false
            }
        ],
        "isTemplate": false,
        "count": 0,
        "updated": 1560155629
    },
    {
        "id": "dd5474e4-9daa-bdc2-59ed-e8b2e76716d5",
        "data": [
            {
                "text": "I'd like to subscribe with the commune please",
                "userDefined": false
            }
        ],
        "isTemplate": false,
        "count": 0,
        "updated": 1560155629
    },
    {
        "id": "0afd1cf8-0045-f984-650f-0b303917a72f",
        "data": [
            {
                "text": "I want to register with the municipality where do I have to go",
                "userDefined": false
            }
        ],
        "isTemplate": false,
        "count": 0,
        "updated": 1560155629
    },
    {
        "id": "8943c1d7-c815-774d-0b5f-e363d1425c6c",
        "data": [
            {
                "text": "how to register with my commune please",
                "userDefined": false
            }
        ],
        "isTemplate": false,
        "count": 0,
        "updated": 1560155629
    },
    {
        "id": "65996377-2bd1-57ff-1db5-5e0cd8915227",
        "data": [
            {
                "text": "I'd like to subscribe at the City Hall",
                "userDefined": false
            }
        ],
        "isTemplate": false,
        "count": 0,
        "updated": 1560155629
    },
    {
        "id": "d17afc92-94ef-8e14-3816-12cbecb8136e",
        "data": [
            {
                "text": "I'd want to register at the town please",
                "userDefined": false
            }
        ],
        "isTemplate": false,
        "count": 0,
        "updated": 1560155629
    },
    {
        "id": "34c4ad3c-ce6d-1707-4d3b-c69c035e9dd5",
        "data": [
            {
                "text": "I would like to register with the municipality who can support",
                "userDefined": false
            }
        ],
        "isTemplate": false,
        "count": 0,
        "updated": 1560155629
    },
    {
        "id": "f0bfe1ef-69f0-d6d3-2633-0a5f07decc85",
        "data": [
            {
                "text": "where to go when I want to register with the municipality",
                "userDefined": false
            }
        ],
        "isTemplate": false,
        "count": 0,
        "updated": 1560155629
    },
    {
        "id": "f1d49f83-540d-5625-3178-e314f570c213",
        "data": [
            {
                "text": "where should I need to go when I would really like to register with the municipality",
                "userDefined": false
            }
        ],
        "isTemplate": false,
        "count": 0,
        "updated": 1560155629
    },
    {
        "id": "debb0bdb-6a64-59ba-de00-a69106d6b86f",
        "data": [
            {
                "text": "I would really want to register with the municipality",
                "userDefined": false
            }
        ],
        "isTemplate": false,
        "count": 0,
        "updated": 1560155629
    },
    {
        "id": "a6559fb5-3123-ba9e-dd27-84fedf9ab2e4",
        "data": [
            {
                "text": "how do I subscribe at the City Hall please",
                "userDefined": false
            }
        ],
        "isTemplate": false,
        "count": 0,
        "updated": 1560155629
    },
    {
        "id": "975b2f4b-c9fd-2674-d26b-8b63396d505e",
        "data": [
            {
                "text": "I need to subscribe at my municipality please",
                "userDefined": false
            }
        ],
        "isTemplate": false,
        "count": 0,
        "updated": 1560155629
    },
    {
        "id": "d9b54f4f-901c-fc41-f085-ba3ba4ef2dd9",
        "data": [
            {
                "text": "where could I subscribe with the City Hall please",
                "userDefined": false
            }
        ],
        "isTemplate": false,
        "count": 0,
        "updated": 1560155629
    },
    {
        "id": "d2bc3ac2-6247-1422-2c08-15f386a5a574",
        "data": [
            {
                "text": "how to register at the City Hall please",
                "userDefined": false
            }
        ],
        "isTemplate": false,
        "count": 0,
        "updated": 1560155629
    },
    {
        "id": "5b7f9b9c-7d8d-0985-bb3a-714a440cf847",
        "data": [
            {
                "text": "I would love to register at my town",
                "userDefined": false
            }
        ],
        "isTemplate": false,
        "count": 0,
        "updated": 1560155629
    },
    {
        "id": "5520b628-ea88-dac6-aec1-8bb8f6cbf53d",
        "data": [
            {
                "text": "how is it possible for me to register at my commune",
                "userDefined": false
            }
        ],
        "isTemplate": false,
        "count": 0,
        "updated": 1560155629
    },
    {
        "id": "39429c31-6c07-9da5-46a7-0742c1fc15da",
        "data": [
            {
                "text": "I would really want to register with the municipality what to do",
                "userDefined": false
            }
        ],
        "isTemplate": false,
        "count": 0,
        "updated": 1560155629
    },
    {
        "id": "dbf73daf-7b10-f92a-4d06-42fec6c9a411",
        "data": [
            {
                "text": "how to register at the commune",
                "userDefined": false
            }
        ],
        "isTemplate": false,
        "count": 0,
        "updated": 1560155629
    },
    {
        "id": "d9d90be7-2bbe-5d1d-6dd2-1d96fe784111",
        "data": [
            {
                "text": "how do I subscribe with the town please",
                "userDefined": false
            }
        ],
        "isTemplate": false,
        "count": 0,
        "updated": 1560155629
    },
    {
        "id": "30f40c5d-d17d-95c4-ff0c-c1d279046682",
        "data": [
            {
                "text": "how do I register with the commune",
                "userDefined": false
            }
        ],
        "isTemplate": false,
        "count": 0,
        "updated": 1560155629
    },
    {
        "id": "2452f5bd-e2aa-76a2-b50f-c40a678bc30e",
        "data": [
            {
                "text": "how do I subscribe at my City Hall",
                "userDefined": false
            }
        ],
        "isTemplate": false,
        "count": 0,
        "updated": 1560155629
    },
    {
        "id": "f6189509-9ad0-65fe-974c-d6755e8c473c",
        "data": [
            {
                "text": "I need to subscribe with my town please",
                "userDefined": false
            }
        ],
        "isTemplate": false,
        "count": 0,
        "updated": 1560155629
    },
    {
        "id": "883a3d8f-fcfc-6d92-d51e-8be94cf49aac",
        "data": [
            {
                "text": "I want to register with the municipality",
                "userDefined": false
            }
        ],
        "isTemplate": false,
        "count": 0,
        "updated": 1560155629
    },
    {
        "id": "24680ec6-c76b-b276-d4e9-7d419d126b15",
        "data": [
            {
                "text": "how would I register with my commune",
                "userDefined": false
            }
        ],
        "isTemplate": false,
        "count": 0,
        "updated": 1560155629
    },
    {
        "id": "3230471c-bc8f-2b99-0e5e-d49e5a9831ae",
        "data": [
            {
                "text": "I would like to register with the municipality who will I need to contact",
                "userDefined": false
            }
        ],
        "isTemplate": false,
        "count": 0,
        "updated": 1560155629
    },
    {
        "id": "ce2abafe-b0fc-51a0-fa56-6e81e6c54601",
        "data": [
            {
                "text": "I want to register with the municipality where to go",
                "userDefined": false
            }
        ],
        "isTemplate": false,
        "count": 0,
        "updated": 1560155629
    },
    {
        "id": "70a8cc16-40bc-5843-d950-1e2b59123769",
        "data": [
            {
                "text": "how to register with the municipality please",
                "userDefined": false
            }
        ],
        "isTemplate": false,
        "count": 0,
        "updated": 1560155629
    },
    {
        "id": "e9cf088b-16b8-e8a5-afe6-6e0cab0c64e0",
        "data": [
            {
                "text": "how is it possible to subscribe at the City Hall please",
                "userDefined": false
            }
        ],
        "isTemplate": false,
        "count": 0,
        "updated": 1560155629
    },
    {
        "id": "df4b47eb-88a9-e4ff-5a2a-f6fd5a52fd7d",
        "data": [
            {
                "text": "I need to register with my City Hall please",
                "userDefined": false
            }
        ],
        "isTemplate": false,
        "count": 0,
        "updated": 1560155629
    },
    {
        "id": "356d91aa-af0c-818f-17a9-cca8d911e146",
        "data": [
            {
                "text": "how to register at my town",
                "userDefined": false
            }
        ],
        "isTemplate": false,
        "count": 0,
        "updated": 1560155629
    },
    {
        "id": "46170153-5db8-75d4-1054-3ccb30266c9c",
        "data": [
            {
                "text": "I'd really like to subscribe at my City Hall please",
                "userDefined": false
            }
        ],
        "isTemplate": false,
        "count": 0,
        "updated": 1560155629
    },
    {
        "id": "7d64009a-174b-95bb-9109-0adff7c6c7f4",
        "data": [
            {
                "text": "I'd like to register with the municipality, who would help",
                "userDefined": false
            }
        ],
        "isTemplate": false,
        "count": 0,
        "updated": 1560155629
    },
    {
        "id": "4bdd06a3-9cd5-2b9a-85f8-57594217452f",
        "data": [
            {
                "text": "I need to subscribe with my commune",
                "userDefined": false
            }
        ],
        "isTemplate": false,
        "count": 0,
        "updated": 1560155629
    },
    {
        "id": "bd14b9ba-fd78-e7a5-adfb-ecfbd22a6786",
        "data": [
            {
                "text": "how do I register with the commune please",
                "userDefined": false
            }
        ],
        "isTemplate": false,
        "count": 0,
        "updated": 1560155629
    },
    {
        "id": "6433a14d-6736-73de-ad08-b9e420c9258a",
        "data": [
            {
                "text": "what do I have to do when I would really want to register with the municipality",
                "userDefined": false
            }
        ],
        "isTemplate": false,
        "count": 0,
        "updated": 1560155629
    },
    {
        "id": "fed01c42-3050-acec-dd0b-8fe9bbf2e0d8",
        "data": [
            {
                "text": "I need to subscribe at the City Hall please",
                "userDefined": false
            }
        ],
        "isTemplate": false,
        "count": 0,
        "updated": 1560155629
    },
    {
        "id": "6343ba2d-3d98-cd1b-7459-ddff14878e5f",
        "data": [
            {
                "text": "where should I go if I'd love to register with the municipality",
                "userDefined": false
            }
        ],
        "isTemplate": false,
        "count": 0,
        "updated": 1560155629
    },
    {
        "id": "ca46c7ce-35a6-ec27-54e6-74199c47f76f",
        "data": [
            {
                "text": "where do I need to go if I'd really like to register with the municipality",
                "userDefined": false
            }
        ],
        "isTemplate": false,
        "count": 0,
        "updated": 1560155629
    },
    {
        "id": "1891ddea-2e09-8846-5732-852c9f03931e",
        "data": [
            {
                "text": "I need to register at the City Hall please",
                "userDefined": false
            }
        ],
        "isTemplate": false,
        "count": 0,
        "updated": 1560155629
    },
    {
        "id": "1f2cf722-643d-f3b6-2730-99048fb850fd",
        "data": [
            {
                "text": "who would aid when I would like to register with the municipality",
                "userDefined": false
            }
        ],
        "isTemplate": false,
        "count": 0,
        "updated": 1560155629
    },
    {
        "id": "30b81417-4486-10dc-7548-28ffeed98771",
        "data": [
            {
                "text": "how do I register with my town please",
                "userDefined": false
            }
        ],
        "isTemplate": false,
        "count": 0,
        "updated": 1560155629
    },
    {
        "id": "56d992c1-260a-ab52-9dff-a49ddca2ee49",
        "data": [
            {
                "text": "what to do to subscribe at my town",
                "userDefined": false
            }
        ],
        "isTemplate": false,
        "count": 0,
        "updated": 1560155629
    },
    {
        "id": "24a91b87-3037-10fb-2e97-d9240c49f0e7",
        "data": [
            {
                "text": "who can aid if I'd really like to register with the municipality",
                "userDefined": false
            }
        ],
        "isTemplate": false,
        "count": 0,
        "updated": 1560155629
    },
    {
        "id": "fe5a613a-c421-afc3-04bd-a787d15cc0e9",
        "data": [
            {
                "text": "how to subscribe with my municipality",
                "userDefined": false
            }
        ],
        "isTemplate": false,
        "count": 0,
        "updated": 1560155629
    },
    {
        "id": "7ccb0476-4227-05b0-bb7f-71d2741a0a84",
        "data": [
            {
                "text": "I would love to register with the municipality who would aid",
                "userDefined": false
            }
        ],
        "isTemplate": false,
        "count": 0,
        "updated": 1560155629
    },
    {
        "id": "c4649754-adc2-c933-648b-a80a06b89549",
        "data": [
            {
                "text": "how is it possible for me to register at the municipality",
                "userDefined": false
            }
        ],
        "isTemplate": false,
        "count": 0,
        "updated": 1560155629
    },
    {
        "id": "444e3673-9bab-e45c-d533-6c8e88adac62",
        "data": [
            {
                "text": "how can I subscribe with the municipality please",
                "userDefined": false
            }
        ],
        "isTemplate": false,
        "count": 0,
        "updated": 1560155629
    },
    {
        "id": "25bb7848-51c9-9928-a90b-885154186693",
        "data": [
            {
                "text": "I'd really love to register with the municipality where to go",
                "userDefined": false
            }
        ],
        "isTemplate": false,
        "count": 0,
        "updated": 1560155629
    },
    {
        "id": "e346ece7-bc0a-ffd4-18fc-08948c877c8d",
        "data": [
            {
                "text": "how to subscribe with my commune",
                "userDefined": false
            }
        ],
        "isTemplate": false,
        "count": 0,
        "updated": 1560155629
    },
    {
        "id": "d654eb66-5298-a2d5-7644-3a38c3c2a1b4",
        "data": [
            {
                "text": "I'd love to register with the municipality",
                "userDefined": false
            }
        ],
        "isTemplate": false,
        "count": 0,
        "updated": 1560155629
    },
    {
        "id": "265ca899-f004-63f4-569b-530fe572f8ca",
        "data": [
            {
                "text": "how to register at the municipality please",
                "userDefined": false
            }
        ],
        "isTemplate": false,
        "count": 0,
        "updated": 1560155629
    },
    {
        "id": "a986e63c-b68b-7257-d429-8b640909626d",
        "data": [
            {
                "text": "what to do when I'd really like to register with the municipality",
                "userDefined": false
            }
        ],
        "isTemplate": false,
        "count": 0,
        "updated": 1560155629
    },
    {
        "id": "6cbc3c9f-d6f0-8b82-7d7e-71247de962ce",
        "data": [
            {
                "text": "I would love to subscribe with the municipality",
                "userDefined": false
            }
        ],
        "isTemplate": false,
        "count": 0,
        "updated": 1560155629
    },
    {
        "id": "26bcdc00-e08e-6792-e3bd-903235f05371",
        "data": [
            {
                "text": "how would I register at my City Hall",
                "userDefined": false
            }
        ],
        "isTemplate": false,
        "count": 0,
        "updated": 1560155629
    },
    {
        "id": "ad313528-950c-c895-36f6-402375ef7320",
        "data": [
            {
                "text": "who can I reach when I'd like to register with the municipality",
                "userDefined": false
            }
        ],
        "isTemplate": false,
        "count": 0,
        "updated": 1560155629
    },
    {
        "id": "ad3bf7c2-c1e8-1cb9-5692-6846520e0ccd",
        "data": [
            {
                "text": "I'd want to register with the municipality who would I call",
                "userDefined": false
            }
        ],
        "isTemplate": false,
        "count": 0,
        "updated": 1560155629
    },
    {
        "id": "0a2eb9e2-b1cc-dcd1-c52a-48cb95c9254f",
        "data": [
            {
                "text": "I need to register at my commune",
                "userDefined": false
            }
        ],
        "isTemplate": false,
        "count": 0,
        "updated": 1560155629
    },
    {
        "id": "a20ec6e3-4f96-2338-f27f-9517953aa433",
        "data": [
            {
                "text": "what do I need to do to register with the municipality please",
                "userDefined": false
            }
        ],
        "isTemplate": false,
        "count": 0,
        "updated": 1560155629
    },
    {
        "id": "d6f1f9e8-8607-c346-e5b8-f0d6be183806",
        "data": [
            {
                "text": "how to subscribe at the City Hall",
                "userDefined": false
            }
        ],
        "isTemplate": false,
        "count": 0,
        "updated": 1560155629
    },
    {
        "id": "0bf6a454-0779-52d9-6972-136fd7d2e95e",
        "data": [
            {
                "text": "I need to register with my commune",
                "userDefined": false
            }
        ],
        "isTemplate": false,
        "count": 0,
        "updated": 1560155629
    },
    {
        "id": "ca912616-db07-fec6-39b6-5265fbbb09a4",
        "data": [
            {
                "text": "where would I have to go to subscribe with the commune please",
                "userDefined": false
            }
        ],
        "isTemplate": false,
        "count": 0,
        "updated": 1560155629
    },
    {
        "id": "d55cf50f-9516-99a7-1ea2-dbc70e25e575",
        "data": [
            {
                "text": "how do we subscribe at my municipality",
                "userDefined": false
            }
        ],
        "isTemplate": false,
        "count": 0,
        "updated": 1560155629
    },
    {
        "id": "1b99f44e-7cf1-3a51-340d-b56b0805e2a6",
        "data": [
            {
                "text": "I would really love to register with the municipality who can aid",
                "userDefined": false
            }
        ],
        "isTemplate": false,
        "count": 0,
        "updated": 1560155629
    },
    {
        "id": "88037867-5efd-e0c3-943c-b2d7685f66ed",
        "data": [
            {
                "text": "I need to register at the City Hall",
                "userDefined": false
            }
        ],
        "isTemplate": false,
        "count": 0,
        "updated": 1560155629
    },
    {
        "id": "62718d28-6430-4bb8-7c6e-70cce3af56f6",
        "data": [
            {
                "text": "I would really like to subscribe with my City Hall",
                "userDefined": false
            }
        ],
        "isTemplate": false,
        "count": 0,
        "updated": 1560155629
    },
    {
        "id": "8ec42b8a-32c9-bed6-b891-d33bfe3daca3",
        "data": [
            {
                "text": "I want to subscribe at my municipality",
                "userDefined": false
            }
        ],
        "isTemplate": false,
        "count": 0,
        "updated": 1560155629
    },
    {
        "id": "d419009d-864f-27c2-de7c-c2569457ba67",
        "data": [
            {
                "text": "I need to subscribe with my municipality please",
                "userDefined": false
            }
        ],
        "isTemplate": false,
        "count": 0,
        "updated": 1560155629
    }
]