[
    {
        "id": "c62a6ab3-1210-6e07-ff29-734637d94755",
        "data": [
            {
                "text": "what to do to get on the bus",
                "userDefined": false
            }
        ],
        "isTemplate": false,
        "count": 0,
        "updated": 1560155628
    },
    {
        "id": "d5f689fd-a390-2325-9838-ce560c87bcc9",
        "data": [
            {
                "text": "I am searching for info on how to use the bus",
                "userDefined": false
            }
        ],
        "isTemplate": false,
        "count": 0,
        "updated": 1560155628
    },
    {
        "id": "9c474468-965b-13c7-439c-f6232642f803",
        "data": [
            {
                "text": "how to take buses",
                "userDefined": false
            }
        ],
        "isTemplate": false,
        "count": 0,
        "updated": 1560155628
    },
    {
        "id": "00ad4e34-3cbe-37ca-56e1-2f46f73a2964",
        "data": [
            {
                "text": "I would really want information on how to take buses",
                "userDefined": false
            }
        ],
        "isTemplate": false,
        "count": 0,
        "updated": 1560155628
    },
    {
        "id": "335433a1-efae-0c7c-7c21-a0c64268615f",
        "data": [
            {
                "text": "how do we use the coach",
                "userDefined": false
            }
        ],
        "isTemplate": false,
        "count": 0,
        "updated": 1560155628
    },
    {
        "id": "e866de6c-fdda-61bc-8c3a-547b6e5a785f",
        "data": [
            {
                "text": "information about how to take buses",
                "userDefined": false
            }
        ],
        "isTemplate": false,
        "count": 0,
        "updated": 1560155628
    },
    {
        "id": "101aaf2f-f918-6e53-0ba0-f932ed4bd12e",
        "data": [
            {
                "text": "could you show me about how to get on coaches",
                "userDefined": false
            }
        ],
        "isTemplate": false,
        "count": 0,
        "updated": 1560155628
    },
    {
        "id": "c66e87fa-bfa8-94fb-ab2c-a03f67446d47",
        "data": [
            {
                "text": "I need information about how to get on the bus",
                "userDefined": false
            }
        ],
        "isTemplate": false,
        "count": 0,
        "updated": 1560155628
    },
    {
        "id": "33c20779-ed3a-0d0c-d3d2-c9a691735580",
        "data": [
            {
                "text": "would you be so kind and show me about how to use buses",
                "userDefined": false
            }
        ],
        "isTemplate": false,
        "count": 0,
        "updated": 1560155628
    },
    {
        "id": "4c5cb341-fa4f-6c6a-3534-92097671b8d3",
        "data": [
            {
                "text": "would you show me about how to use the bus",
                "userDefined": false
            }
        ],
        "isTemplate": false,
        "count": 0,
        "updated": 1560155628
    },
    {
        "id": "aeaac24d-3e9e-64fe-130c-7322d89678a1",
        "data": [
            {
                "text": "I am looking for guidance about how to get on the bus",
                "userDefined": false
            }
        ],
        "isTemplate": false,
        "count": 0,
        "updated": 1560155628
    },
    {
        "id": "fccac193-e713-2baa-acdc-f0af86fd4614",
        "data": [
            {
                "text": "information about how to use the bus",
                "userDefined": false
            }
        ],
        "isTemplate": false,
        "count": 0,
        "updated": 1560155628
    },
    {
        "id": "3fe42478-641f-76ce-0a19-72cfcdb1a115",
        "data": [
            {
                "text": "how to get on the coach",
                "userDefined": false
            }
        ],
        "isTemplate": false,
        "count": 0,
        "updated": 1560155628
    },
    {
        "id": "ea323cff-c07c-a33b-ab3e-54fa4a0fbe6c",
        "data": [
            {
                "text": "tell me about how to get on the bus",
                "userDefined": false
            }
        ],
        "isTemplate": false,
        "count": 0,
        "updated": 1560155628
    },
    {
        "id": "ea1d2671-573b-806b-9105-c42e1b9866bb",
        "data": [
            {
                "text": "I need info on how to use the bus",
                "userDefined": false
            }
        ],
        "isTemplate": false,
        "count": 0,
        "updated": 1560155628
    },
    {
        "id": "2cd2b53c-f078-2e5c-241e-fde7ff1ba2bd",
        "data": [
            {
                "text": "help about how to use the bus",
                "userDefined": false
            }
        ],
        "isTemplate": false,
        "count": 0,
        "updated": 1560155628
    },
    {
        "id": "2fc6f142-e49a-c88b-389e-b9bbb98239bc",
        "data": [
            {
                "text": "I want to know about how to use the coach",
                "userDefined": false
            }
        ],
        "isTemplate": false,
        "count": 0,
        "updated": 1560155628
    },
    {
        "id": "0edc251a-2c7e-14b5-3351-8e5cf4491837",
        "data": [
            {
                "text": "I would really love to use buses",
                "userDefined": false
            }
        ],
        "isTemplate": false,
        "count": 0,
        "updated": 1560155628
    },
    {
        "id": "7880132f-b3c6-b62d-aaaa-db2af79e7b4c",
        "data": [
            {
                "text": "I am searching for information on how to get on the bus",
                "userDefined": false
            }
        ],
        "isTemplate": false,
        "count": 0,
        "updated": 1560155628
    },
    {
        "id": "dcdee1df-b0de-5c4d-cb8b-02ce18d48e75",
        "data": [
            {
                "text": "I need information about how to take the bus",
                "userDefined": false
            }
        ],
        "isTemplate": false,
        "count": 0,
        "updated": 1560155628
    },
    {
        "id": "8efbfa4b-7c85-67a3-6116-12461e12100a",
        "data": [
            {
                "text": "how to use the bus",
                "userDefined": false
            }
        ],
        "isTemplate": false,
        "count": 0,
        "updated": 1560155628
    },
    {
        "id": "3832e406-0c61-eeed-4cc0-14a10a91977b",
        "data": [
            {
                "text": "information on how to get on buses",
                "userDefined": false
            }
        ],
        "isTemplate": false,
        "count": 0,
        "updated": 1560155628
    },
    {
        "id": "75446463-e9a6-19d9-332f-848706a51d5a",
        "data": [
            {
                "text": "how do we take the bus",
                "userDefined": false
            }
        ],
        "isTemplate": false,
        "count": 0,
        "updated": 1560155628
    },
    {
        "id": "691caa2b-cbc8-eef3-1ce2-2679a6025c58",
        "data": [
            {
                "text": "I need direction on how to get on buses",
                "userDefined": false
            }
        ],
        "isTemplate": false,
        "count": 0,
        "updated": 1560155628
    },
    {
        "id": "97118bbd-2a1d-3a5f-83af-9026b5f2ccee",
        "data": [
            {
                "text": "tip about how to use buses",
                "userDefined": false
            }
        ],
        "isTemplate": false,
        "count": 0,
        "updated": 1560155628
    },
    {
        "id": "d992fdb1-e6f8-1fe2-6c40-e1099dd93a6d",
        "data": [
            {
                "text": "how to use buses",
                "userDefined": false
            }
        ],
        "isTemplate": false,
        "count": 0,
        "updated": 1560155628
    },
    {
        "id": "dcb5200a-c665-534a-b299-51fe974bbf5a",
        "data": [
            {
                "text": "I am searching for enlightenment about how to get on buses",
                "userDefined": false
            }
        ],
        "isTemplate": false,
        "count": 0,
        "updated": 1560155628
    },
    {
        "id": "8e5804eb-a641-02ef-bfcf-9e6daabd0947",
        "data": [
            {
                "text": "I need information about how to take buses",
                "userDefined": false
            }
        ],
        "isTemplate": false,
        "count": 0,
        "updated": 1560155628
    },
    {
        "id": "4a04aabf-67a3-5f93-cd8a-8bbf8c57c397",
        "data": [
            {
                "text": "I'd really want information about how to take the coach",
                "userDefined": false
            }
        ],
        "isTemplate": false,
        "count": 0,
        "updated": 1560155628
    },
    {
        "id": "238029b5-44ad-958e-27f9-46cfa371b668",
        "data": [
            {
                "text": "tell me about how to use the bus",
                "userDefined": false
            }
        ],
        "isTemplate": false,
        "count": 0,
        "updated": 1560155628
    },
    {
        "id": "8fcfbd76-f60a-437c-9b9e-dd3a87ca17ad",
        "data": [
            {
                "text": "recommendations on how to use buses",
                "userDefined": false
            }
        ],
        "isTemplate": false,
        "count": 0,
        "updated": 1560155628
    },
    {
        "id": "be5248bc-e793-32d1-c28c-df64e6dc5fef",
        "data": [
            {
                "text": "I would really like to learn about how to take buses",
                "userDefined": false
            }
        ],
        "isTemplate": false,
        "count": 0,
        "updated": 1560155628
    },
    {
        "id": "47b52d54-da66-4bbe-a198-0f77055fb0ab",
        "data": [
            {
                "text": "how could I use buses",
                "userDefined": false
            }
        ],
        "isTemplate": false,
        "count": 0,
        "updated": 1560155628
    },
    {
        "id": "6e97e608-a8e5-804e-0bfc-50794f3c0120",
        "data": [
            {
                "text": "I need information about how to use the bus",
                "userDefined": false
            }
        ],
        "isTemplate": false,
        "count": 0,
        "updated": 1560155628
    },
    {
        "id": "fac4f2c9-e1fe-f885-5dbf-13b85ae41a98",
        "data": [
            {
                "text": "I'd really like to use buses",
                "userDefined": false
            }
        ],
        "isTemplate": false,
        "count": 0,
        "updated": 1560155628
    },
    {
        "id": "3437c88c-8296-eeb1-147a-da2492a21f67",
        "data": [
            {
                "text": "information about how to use the coach",
                "userDefined": false
            }
        ],
        "isTemplate": false,
        "count": 0,
        "updated": 1560155628
    },
    {
        "id": "13fe40a9-16a5-23da-4fc0-6a8cc86b2a95",
        "data": [
            {
                "text": "instruction on how to get on the bus",
                "userDefined": false
            }
        ],
        "isTemplate": false,
        "count": 0,
        "updated": 1560155628
    },
    {
        "id": "9aa54131-bfda-7d29-ec78-26af41b399b7",
        "data": [
            {
                "text": "I need info on how to get on buses",
                "userDefined": false
            }
        ],
        "isTemplate": false,
        "count": 0,
        "updated": 1560155628
    },
    {
        "id": "ee186e89-6924-842e-7385-1466d30a0126",
        "data": [
            {
                "text": "I need recommendations about how to take buses",
                "userDefined": false
            }
        ],
        "isTemplate": false,
        "count": 0,
        "updated": 1560155628
    },
    {
        "id": "852bd401-9ad9-4b13-cbef-1da99d382c46",
        "data": [
            {
                "text": "how do I use coaches",
                "userDefined": false
            }
        ],
        "isTemplate": false,
        "count": 0,
        "updated": 1560155628
    },
    {
        "id": "e226088e-f26e-6e6e-02a0-3cbdad5ab07e",
        "data": [
            {
                "text": "how to get on buses",
                "userDefined": false
            }
        ],
        "isTemplate": false,
        "count": 0,
        "updated": 1560155628
    },
    {
        "id": "54dcc36b-01ee-6861-17d5-d1e79048d236",
        "data": [
            {
                "text": "what about how to take buses",
                "userDefined": false
            }
        ],
        "isTemplate": false,
        "count": 0,
        "updated": 1560155628
    },
    {
        "id": "d135da91-9581-a054-1a4f-9d72193cbf04",
        "data": [
            {
                "text": "I'd want to learn about how to get on buses",
                "userDefined": false
            }
        ],
        "isTemplate": false,
        "count": 0,
        "updated": 1560155628
    },
    {
        "id": "7d4567c1-9866-0465-1369-0c9b54844b22",
        "data": [
            {
                "text": "I would really want direction on how to take buses",
                "userDefined": false
            }
        ],
        "isTemplate": false,
        "count": 0,
        "updated": 1560155628
    },
    {
        "id": "9d77e0f3-35a5-e05d-6723-c7207004b242",
        "data": [
            {
                "text": "I'd really want information on how to take the bus",
                "userDefined": false
            }
        ],
        "isTemplate": false,
        "count": 0,
        "updated": 1560155628
    },
    {
        "id": "5102f917-9161-bb77-6b4d-b41c4199796a",
        "data": [
            {
                "text": "I would really want info on how to take buses",
                "userDefined": false
            }
        ],
        "isTemplate": false,
        "count": 0,
        "updated": 1560155628
    },
    {
        "id": "43c5508f-1589-190f-12b4-a86bd69d0426",
        "data": [
            {
                "text": "I'd really like to use the bus",
                "userDefined": false
            }
        ],
        "isTemplate": false,
        "count": 0,
        "updated": 1560155628
    },
    {
        "id": "6885b0f6-0ca8-729f-634e-88a0b2291b93",
        "data": [
            {
                "text": "I would really like to take buses",
                "userDefined": false
            }
        ],
        "isTemplate": false,
        "count": 0,
        "updated": 1560155628
    },
    {
        "id": "82ef0524-cc32-0e29-a6b0-069905d82f30",
        "data": [
            {
                "text": "I need to use buses",
                "userDefined": false
            }
        ],
        "isTemplate": false,
        "count": 0,
        "updated": 1560155628
    },
    {
        "id": "9196c6e9-8515-937b-d642-bad6b7053152",
        "data": [
            {
                "text": "I need guidance about how to take buses",
                "userDefined": false
            }
        ],
        "isTemplate": false,
        "count": 0,
        "updated": 1560155628
    },
    {
        "id": "8f4c562a-8065-dbbb-be10-5548bce99268",
        "data": [
            {
                "text": "would you be so kind and tell me about how to take buses",
                "userDefined": false
            }
        ],
        "isTemplate": false,
        "count": 0,
        "updated": 1560155628
    },
    {
        "id": "70800933-ebbb-f7a2-3aa6-05479a670207",
        "data": [
            {
                "text": "how do I get on buses",
                "userDefined": false
            }
        ],
        "isTemplate": false,
        "count": 0,
        "updated": 1560155628
    },
    {
        "id": "50c29ebb-0812-1746-7a88-2410bc27255b",
        "data": [
            {
                "text": "I'd really like information about how to use buses",
                "userDefined": false
            }
        ],
        "isTemplate": false,
        "count": 0,
        "updated": 1560155628
    },
    {
        "id": "5cd1c7cb-1099-c572-95ec-84aea0f2a60d",
        "data": [
            {
                "text": "I would really want to get on the bus",
                "userDefined": false
            }
        ],
        "isTemplate": false,
        "count": 0,
        "updated": 1560155628
    },
    {
        "id": "afbbf6f6-ab3f-5c60-389f-e71cff53ef67",
        "data": [
            {
                "text": "I'd really love info on how to get on buses",
                "userDefined": false
            }
        ],
        "isTemplate": false,
        "count": 0,
        "updated": 1560155628
    },
    {
        "id": "16a57d76-5d5d-631c-df72-5fb6fbdcce9c",
        "data": [
            {
                "text": "I am looking for information on how to get on the coach",
                "userDefined": false
            }
        ],
        "isTemplate": false,
        "count": 0,
        "updated": 1560155628
    },
    {
        "id": "ddc64382-6da4-497c-0b04-9763e1700e01",
        "data": [
            {
                "text": "I need info on how to take the bus",
                "userDefined": false
            }
        ],
        "isTemplate": false,
        "count": 0,
        "updated": 1560155628
    },
    {
        "id": "d3669fd7-a7e2-e631-b747-e40542166f15",
        "data": [
            {
                "text": "I need guidance on how to get on the bus",
                "userDefined": false
            }
        ],
        "isTemplate": false,
        "count": 0,
        "updated": 1560155628
    },
    {
        "id": "43aa78f9-135d-d28b-848a-4f4d355f4c4d",
        "data": [
            {
                "text": "where should I need to go to get on buses",
                "userDefined": false
            }
        ],
        "isTemplate": false,
        "count": 0,
        "updated": 1560155628
    },
    {
        "id": "1ebf8b21-ea8e-3011-d908-8a5ac8357130",
        "data": [
            {
                "text": "I need to use the coach",
                "userDefined": false
            }
        ],
        "isTemplate": false,
        "count": 0,
        "updated": 1560155628
    },
    {
        "id": "c25f2835-69a6-13f4-05e1-dce55ee92f62",
        "data": [
            {
                "text": "can you tell me about how to get on the bus",
                "userDefined": false
            }
        ],
        "isTemplate": false,
        "count": 0,
        "updated": 1560155628
    },
    {
        "id": "b43b7f53-ca53-17d9-0a55-877da81510c7",
        "data": [
            {
                "text": "I would really like information on how to use buses",
                "userDefined": false
            }
        ],
        "isTemplate": false,
        "count": 0,
        "updated": 1560155628
    },
    {
        "id": "19d9a4f7-50e9-ca57-6f9a-5127c3cf36d6",
        "data": [
            {
                "text": "I'd really like to learn about how to get on the bus",
                "userDefined": false
            }
        ],
        "isTemplate": false,
        "count": 0,
        "updated": 1560155628
    },
    {
        "id": "8d82d32b-e609-e35a-35fd-732f571db7c5",
        "data": [
            {
                "text": "who would support to take the coach",
                "userDefined": false
            }
        ],
        "isTemplate": false,
        "count": 0,
        "updated": 1560155628
    },
    {
        "id": "0865a82f-4a07-e852-42d1-5781945c3ce9",
        "data": [
            {
                "text": "who could help to take the coach",
                "userDefined": false
            }
        ],
        "isTemplate": false,
        "count": 0,
        "updated": 1560155628
    },
    {
        "id": "b8bea854-b7fa-3114-6ff2-4e7933b65a75",
        "data": [
            {
                "text": "I am looking for counsel on how to take the bus",
                "userDefined": false
            }
        ],
        "isTemplate": false,
        "count": 0,
        "updated": 1560155628
    },
    {
        "id": "a541bacb-54e0-5356-fc1f-c97f8dc42eae",
        "data": [
            {
                "text": "I need tip on how to take the bus",
                "userDefined": false
            }
        ],
        "isTemplate": false,
        "count": 0,
        "updated": 1560155628
    },
    {
        "id": "bc6923d6-bd43-66ed-5ac0-1d3a5c1f6d73",
        "data": [
            {
                "text": "I would like to know about how to use the bus",
                "userDefined": false
            }
        ],
        "isTemplate": false,
        "count": 0,
        "updated": 1560155628
    },
    {
        "id": "f5d34ff4-c06e-9096-9fb5-f20df0872510",
        "data": [
            {
                "text": "info about how to take buses",
                "userDefined": false
            }
        ],
        "isTemplate": false,
        "count": 0,
        "updated": 1560155628
    },
    {
        "id": "93dc26f7-fd5e-3599-54b9-567441df5cd2",
        "data": [
            {
                "text": "where is it possible for me to take the bus",
                "userDefined": false
            }
        ],
        "isTemplate": false,
        "count": 0,
        "updated": 1560155628
    },
    {
        "id": "22c0bdcf-89ba-8fa5-f473-7037ac1c080c",
        "data": [
            {
                "text": "I am searching for information about how to use the bus",
                "userDefined": false
            }
        ],
        "isTemplate": false,
        "count": 0,
        "updated": 1560155628
    },
    {
        "id": "f50f86bb-05dc-21cb-c9a4-f44c2655a45d",
        "data": [
            {
                "text": "I want information on how to get on the bus",
                "userDefined": false
            }
        ],
        "isTemplate": false,
        "count": 0,
        "updated": 1560155628
    },
    {
        "id": "c1716465-e4d7-9b74-2dc9-84858aa30e89",
        "data": [
            {
                "text": "what to do to use the bus",
                "userDefined": false
            }
        ],
        "isTemplate": false,
        "count": 0,
        "updated": 1560155628
    },
    {
        "id": "e999f210-f60f-589d-a0a0-9f4d1ab5433e",
        "data": [
            {
                "text": "I would really want info about how to use the coach",
                "userDefined": false
            }
        ],
        "isTemplate": false,
        "count": 0,
        "updated": 1560155628
    },
    {
        "id": "18c542d2-6bdd-58e1-4b8e-563841dd5825",
        "data": [
            {
                "text": "show me about how to get on buses",
                "userDefined": false
            }
        ],
        "isTemplate": false,
        "count": 0,
        "updated": 1560155628
    },
    {
        "id": "92fcb627-5439-fc21-2eeb-98e173c58217",
        "data": [
            {
                "text": "I'd really like info about how to take buses",
                "userDefined": false
            }
        ],
        "isTemplate": false,
        "count": 0,
        "updated": 1560155628
    },
    {
        "id": "b0d205dd-ed25-0f7a-5899-91786af055fa",
        "data": [
            {
                "text": "what about how to get on the bus",
                "userDefined": false
            }
        ],
        "isTemplate": false,
        "count": 0,
        "updated": 1560155628
    },
    {
        "id": "abefd77b-c721-31d5-d810-65e4f3e7b255",
        "data": [
            {
                "text": "could you show me about how to take the bus",
                "userDefined": false
            }
        ],
        "isTemplate": false,
        "count": 0,
        "updated": 1560155628
    },
    {
        "id": "12e9c665-133f-b67a-2df8-884a84b943a7",
        "data": [
            {
                "text": "I am searching for instructions on how to use buses",
                "userDefined": false
            }
        ],
        "isTemplate": false,
        "count": 0,
        "updated": 1560155628
    },
    {
        "id": "4ec4e259-3334-34f9-8343-4a1dccffff0b",
        "data": [
            {
                "text": "I would really like to know about how to take buses",
                "userDefined": false
            }
        ],
        "isTemplate": false,
        "count": 0,
        "updated": 1560155628
    },
    {
        "id": "024e2bff-5e39-1e69-8a86-204ad9ae6a73",
        "data": [
            {
                "text": "I need information on how to use the bus",
                "userDefined": false
            }
        ],
        "isTemplate": false,
        "count": 0,
        "updated": 1560155628
    },
    {
        "id": "0ebd2e26-7607-5752-29e6-84eab408b1a9",
        "data": [
            {
                "text": "what to do to get on buses",
                "userDefined": false
            }
        ],
        "isTemplate": false,
        "count": 0,
        "updated": 1560155628
    },
    {
        "id": "1468236a-89e0-7ae5-c1a3-925a1a92e092",
        "data": [
            {
                "text": "where is it possible for me to get on the bus",
                "userDefined": false
            }
        ],
        "isTemplate": false,
        "count": 0,
        "updated": 1560155628
    },
    {
        "id": "943a9bf4-ef8e-51cd-4735-c5c131c0ca2b",
        "data": [
            {
                "text": "I would love guidance on how to get on the bus",
                "userDefined": false
            }
        ],
        "isTemplate": false,
        "count": 0,
        "updated": 1560155628
    },
    {
        "id": "26bbbb47-a28c-bf6b-f326-1755b05c9ae5",
        "data": [
            {
                "text": "I need information on how to use buses",
                "userDefined": false
            }
        ],
        "isTemplate": false,
        "count": 0,
        "updated": 1560155628
    },
    {
        "id": "d2ca8f6f-4601-9f45-2585-b2c101b5dd9c",
        "data": [
            {
                "text": "I need info about how to take the bus",
                "userDefined": false
            }
        ],
        "isTemplate": false,
        "count": 0,
        "updated": 1560155628
    },
    {
        "id": "16b412b2-e8f4-f2b5-9734-f05456ff4833",
        "data": [
            {
                "text": "I would really want to know about how to get on the coach",
                "userDefined": false
            }
        ],
        "isTemplate": false,
        "count": 0,
        "updated": 1560155628
    },
    {
        "id": "77f32edb-a3b2-5245-90d2-4f784d402fda",
        "data": [
            {
                "text": "what about how to use the bus",
                "userDefined": false
            }
        ],
        "isTemplate": false,
        "count": 0,
        "updated": 1560155628
    },
    {
        "id": "4540984e-1915-b698-025f-f1e49214be46",
        "data": [
            {
                "text": "I'd like to use buses",
                "userDefined": false
            }
        ],
        "isTemplate": false,
        "count": 0,
        "updated": 1560155628
    },
    {
        "id": "d5c8c9f2-f9a1-4c57-74bb-3f93d78331ef",
        "data": [
            {
                "text": "I'd really like to know about how to get on the bus",
                "userDefined": false
            }
        ],
        "isTemplate": false,
        "count": 0,
        "updated": 1560155628
    },
    {
        "id": "9cf3be54-04d7-90cc-ee3e-2249488e8762",
        "data": [
            {
                "text": "I am searching for information about how to use buses",
                "userDefined": false
            }
        ],
        "isTemplate": false,
        "count": 0,
        "updated": 1560155628
    },
    {
        "id": "d8430325-85f3-6250-0622-3023f4543b76",
        "data": [
            {
                "text": "how do I use the bus",
                "userDefined": false
            }
        ],
        "isTemplate": false,
        "count": 0,
        "updated": 1560155628
    },
    {
        "id": "448e1650-abdc-c3ff-bddb-b68be8e59ec8",
        "data": [
            {
                "text": "I need info on how to use buses",
                "userDefined": false
            }
        ],
        "isTemplate": false,
        "count": 0,
        "updated": 1560155628
    },
    {
        "id": "83001c27-d5fc-aaf6-9b9d-3502aa944aa8",
        "data": [
            {
                "text": "I need info about how to use buses",
                "userDefined": false
            }
        ],
        "isTemplate": false,
        "count": 0,
        "updated": 1560155628
    },
    {
        "id": "5103e251-468c-6094-6da7-e985fff16dda",
        "data": [
            {
                "text": "I am searching for help about how to get on buses",
                "userDefined": false
            }
        ],
        "isTemplate": false,
        "count": 0,
        "updated": 1560155628
    },
    {
        "id": "6ed1e4cb-798a-074b-ac4d-f000b6b362af",
        "data": [
            {
                "text": "I need information on how to take buses",
                "userDefined": false
            }
        ],
        "isTemplate": false,
        "count": 0,
        "updated": 1560155628
    },
    {
        "id": "27cd623c-0792-7d02-1776-477aa3325ec3",
        "data": [
            {
                "text": "I would really want information about how to use buses",
                "userDefined": false
            }
        ],
        "isTemplate": false,
        "count": 0,
        "updated": 1560155628
    },
    {
        "id": "3471d0f4-73cc-dd45-2434-57f8cda8f413",
        "data": [
            {
                "text": "how do I take buses",
                "userDefined": false
            }
        ],
        "isTemplate": false,
        "count": 0,
        "updated": 1560155628
    },
    {
        "id": "d441a12e-6b1c-5bfb-a374-7b4e282d18a2",
        "data": [
            {
                "text": "I need to take the bus",
                "userDefined": false
            }
        ],
        "isTemplate": false,
        "count": 0,
        "updated": 1560155628
    },
    {
        "id": "b74accb6-5dfd-7b01-96f9-820049417637",
        "data": [
            {
                "text": "what about how to get on the coach",
                "userDefined": false
            }
        ],
        "isTemplate": false,
        "count": 0,
        "updated": 1560155628
    },
    {
        "id": "86177342-8f38-1e76-5d07-f9ea7202eb68",
        "data": [
            {
                "text": "where could I use buses",
                "userDefined": false
            }
        ],
        "isTemplate": false,
        "count": 0,
        "updated": 1560155628
    },
    {
        "id": "f548ee1b-084a-bf5e-c28e-dd8f24efcf5e",
        "data": [
            {
                "text": "I would really want to use buses",
                "userDefined": false
            }
        ],
        "isTemplate": false,
        "count": 0,
        "updated": 1560155628
    },
    {
        "id": "200c1b4e-42a9-6ea3-7b84-1db3829c1ecc",
        "data": [
            {
                "text": "who could support to take buses",
                "userDefined": false
            }
        ],
        "isTemplate": false,
        "count": 0,
        "updated": 1560155628
    },
    {
        "id": "e42dc40e-98db-ad77-e2fa-cf8095a55b61",
        "data": [
            {
                "text": "how do I use buses",
                "userDefined": false
            }
        ],
        "isTemplate": false,
        "count": 0,
        "updated": 1560155628
    },
    {
        "id": "a230821c-727f-7b55-73ca-aed2b0af2572",
        "data": [
            {
                "text": "I'd really want information about how to get on buses",
                "userDefined": false
            }
        ],
        "isTemplate": false,
        "count": 0,
        "updated": 1560155628
    },
    {
        "id": "26c3a730-4fc9-eb1f-a60c-7065925970b2",
        "data": [
            {
                "text": "info on how to take buses",
                "userDefined": false
            }
        ],
        "isTemplate": false,
        "count": 0,
        "updated": 1560155628
    },
    {
        "id": "0a0e78ea-964b-33d8-3fbb-2dac7cd74d80",
        "data": [
            {
                "text": "I'd love to be informed about how to use buses",
                "userDefined": false
            }
        ],
        "isTemplate": false,
        "count": 0,
        "updated": 1560155628
    },
    {
        "id": "4921f355-5f4e-9b99-617f-424542fdb577",
        "data": [
            {
                "text": "who do I need to ask to get on buses",
                "userDefined": false
            }
        ],
        "isTemplate": false,
        "count": 0,
        "updated": 1560155628
    },
    {
        "id": "a6f4ad3f-6799-a83a-ee51-91d17ea7eec4",
        "data": [
            {
                "text": "show me about how to use the bus",
                "userDefined": false
            }
        ],
        "isTemplate": false,
        "count": 0,
        "updated": 1560155628
    },
    {
        "id": "e46a4644-99a8-3bfb-85ff-59028a84f71d",
        "data": [
            {
                "text": "would you tell me about how to get on the coach",
                "userDefined": false
            }
        ],
        "isTemplate": false,
        "count": 0,
        "updated": 1560155628
    },
    {
        "id": "8ec3dce0-72bf-deb5-2d66-e62e3b80a949",
        "data": [
            {
                "text": "where to go to get on buses",
                "userDefined": false
            }
        ],
        "isTemplate": false,
        "count": 0,
        "updated": 1560155628
    },
    {
        "id": "19eac508-83d8-fa08-eebb-083196cb382d",
        "data": [
            {
                "text": "I need to get on the bus",
                "userDefined": false
            }
        ],
        "isTemplate": false,
        "count": 0,
        "updated": 1560155628
    },
    {
        "id": "135b54f2-80c2-8be1-0d3a-bf541659311a",
        "data": [
            {
                "text": "how to get on the bus",
                "userDefined": false
            }
        ],
        "isTemplate": false,
        "count": 0,
        "updated": 1560155628
    },
    {
        "id": "7781d72c-84c9-cb60-09ab-3614323139a8",
        "data": [
            {
                "text": "tell me about how to use buses",
                "userDefined": false
            }
        ],
        "isTemplate": false,
        "count": 0,
        "updated": 1560155628
    },
    {
        "id": "7339c90c-4d4d-5af5-012b-04bbb8ab3981",
        "data": [
            {
                "text": "I'd really want info about how to take buses",
                "userDefined": false
            }
        ],
        "isTemplate": false,
        "count": 0,
        "updated": 1560155628
    },
    {
        "id": "017efa99-8f9a-e25e-854d-8357bf807513",
        "data": [
            {
                "text": "what about how to take the coach",
                "userDefined": false
            }
        ],
        "isTemplate": false,
        "count": 0,
        "updated": 1560155628
    },
    {
        "id": "0f56997a-9e42-acbb-4779-0a8868d29ee1",
        "data": [
            {
                "text": "how is it possible to get on buses",
                "userDefined": false
            }
        ],
        "isTemplate": false,
        "count": 0,
        "updated": 1560155628
    },
    {
        "id": "b872e528-42a8-810e-d6c4-1978a5dbf997",
        "data": [
            {
                "text": "instructions about how to use buses",
                "userDefined": false
            }
        ],
        "isTemplate": false,
        "count": 0,
        "updated": 1560155628
    },
    {
        "id": "43acc547-8abb-8e0c-f6e8-6ab9f0a4963a",
        "data": [
            {
                "text": "I'd really like information on how to get on the bus",
                "userDefined": false
            }
        ],
        "isTemplate": false,
        "count": 0,
        "updated": 1560155628
    },
    {
        "id": "70984fb7-bcfd-a34a-6d55-dec17a26eee9",
        "data": [
            {
                "text": "I am searching for information about how to get on the bus",
                "userDefined": false
            }
        ],
        "isTemplate": false,
        "count": 0,
        "updated": 1560155628
    }
]