[
    {
        "id": "a5cc26c2-245e-03ca-c909-2146bb914b18",
        "data": [
            {
                "text": "what's the routine everyday life fees",
                "userDefined": false
            }
        ],
        "isTemplate": false,
        "count": 0,
        "updated": 1560155628
    },
    {
        "id": "960c9c93-4887-b17d-a68e-f978d2958009",
        "data": [
            {
                "text": "what does it cost to live in belgium",
                "userDefined": false
            }
        ],
        "isTemplate": false,
        "count": 0,
        "updated": 1560155628
    },
    {
        "id": "71ab6ea6-d7aa-5d2b-4084-a5525d8871f9",
        "data": [
            {
                "text": "what will be the price of an academic year",
                "userDefined": false
            }
        ],
        "isTemplate": false,
        "count": 0,
        "updated": 1560155628
    },
    {
        "id": "c8400d94-a19a-dcb4-bc4b-9d99609e3b29",
        "data": [
            {
                "text": "could you show me about frequent fees",
                "userDefined": false
            }
        ],
        "isTemplate": false,
        "count": 0,
        "updated": 1560155628
    },
    {
        "id": "d12e2823-ec74-31bc-e0b3-d80ce39bafa6",
        "data": [
            {
                "text": "what would be the cost of an academic year",
                "userDefined": false
            }
        ],
        "isTemplate": false,
        "count": 0,
        "updated": 1560155628
    },
    {
        "id": "1bfb4a63-c0be-e101-d588-fd9d645a6518",
        "data": [
            {
                "text": "what does it cost to stay in belgium",
                "userDefined": false
            }
        ],
        "isTemplate": false,
        "count": 0,
        "updated": 1560155628
    },
    {
        "id": "0faaedad-7418-0ee1-1c6e-0a29342c7aa5",
        "data": [
            {
                "text": "how much money would I need",
                "userDefined": false
            }
        ],
        "isTemplate": false,
        "count": 0,
        "updated": 1560155628
    },
    {
        "id": "0b0f4275-3a8f-6678-3891-8475aea6383b",
        "data": [
            {
                "text": "what is the cost of a year",
                "userDefined": false
            }
        ],
        "isTemplate": false,
        "count": 0,
        "updated": 1560155628
    },
    {
        "id": "34ae70ea-11f2-ebdf-f7bb-3ef5e6c41811",
        "data": [
            {
                "text": "how much do I need",
                "userDefined": false
            }
        ],
        "isTemplate": false,
        "count": 0,
        "updated": 1560155628
    },
    {
        "id": "fbd9adb5-5143-ad0a-7743-f7b7647892fd",
        "data": [
            {
                "text": "what will be the price of a year",
                "userDefined": false
            }
        ],
        "isTemplate": false,
        "count": 0,
        "updated": 1560155628
    },
    {
        "id": "ef1632c1-b98b-5850-68ba-c4130daf56c5",
        "data": [
            {
                "text": "I would really love to be informed about how much money should I prepare",
                "userDefined": false
            }
        ],
        "isTemplate": false,
        "count": 0,
        "updated": 1560155628
    },
    {
        "id": "af2cef95-e403-8acf-0df3-a7f774bdd030",
        "data": [
            {
                "text": "what does it cost to reside in belgium",
                "userDefined": false
            }
        ],
        "isTemplate": false,
        "count": 0,
        "updated": 1560155628
    },
    {
        "id": "0cee53dc-3ec2-6fa6-1eaf-40f4f0ea7fc5",
        "data": [
            {
                "text": "how much does it cost to stay in belgium",
                "userDefined": false
            }
        ],
        "isTemplate": false,
        "count": 0,
        "updated": 1560155628
    },
    {
        "id": "59920cb9-2729-aac5-405a-285fb75aadee",
        "data": [
            {
                "text": "what is the largest expenses I should expect",
                "userDefined": false
            }
        ],
        "isTemplate": false,
        "count": 0,
        "updated": 1560155628
    },
    {
        "id": "61ff9245-fa0d-60fb-e501-2d1e7006ddf0",
        "data": [
            {
                "text": "what should I have to plan",
                "userDefined": false
            }
        ],
        "isTemplate": false,
        "count": 0,
        "updated": 1560155628
    },
    {
        "id": "e4f245c3-166d-ec0b-d2a5-3d09585cff4f",
        "data": [
            {
                "text": "what should I prepare",
                "userDefined": false
            }
        ],
        "isTemplate": false,
        "count": 0,
        "updated": 1560155628
    },
    {
        "id": "2712b9bd-2690-2e91-22b7-13f2ebb83b4d",
        "data": [
            {
                "text": "what will be the biggest charges I would need to expect",
                "userDefined": false
            }
        ],
        "isTemplate": false,
        "count": 0,
        "updated": 1560155628
    },
    {
        "id": "acb48765-17a7-a613-ae62-a7248b956a03",
        "data": [
            {
                "text": "what's the price of a year",
                "userDefined": false
            }
        ],
        "isTemplate": false,
        "count": 0,
        "updated": 1560155628
    },
    {
        "id": "a114c256-f524-6cc6-37a4-1efe95954143",
        "data": [
            {
                "text": "is it overpriced residing in belgium",
                "userDefined": false
            }
        ],
        "isTemplate": false,
        "count": 0,
        "updated": 1560155628
    },
    {
        "id": "a4e8d5e3-4cca-b08d-9351-062c9499c4ff",
        "data": [
            {
                "text": "would you please show me about frequent costs",
                "userDefined": false
            }
        ],
        "isTemplate": false,
        "count": 0,
        "updated": 1560155628
    },
    {
        "id": "77bfc287-9d01-a9e9-9983-a2698e3f1208",
        "data": [
            {
                "text": "what's the most expensive expenses I will expect",
                "userDefined": false
            }
        ],
        "isTemplate": false,
        "count": 0,
        "updated": 1560155628
    },
    {
        "id": "a060bb85-c36f-eb4c-01d5-32b9217a53ca",
        "data": [
            {
                "text": "what would I need",
                "userDefined": false
            }
        ],
        "isTemplate": false,
        "count": 0,
        "updated": 1560155628
    },
    {
        "id": "98f8bccb-ac27-19cb-f533-9cec50f99dde",
        "data": [
            {
                "text": "how high-priced is it to reside in belgium",
                "userDefined": false
            }
        ],
        "isTemplate": false,
        "count": 0,
        "updated": 1560155628
    },
    {
        "id": "accc9380-e284-708f-c597-90b99971d2ea",
        "data": [
            {
                "text": "what would be the frequent life charges in belgium",
                "userDefined": false
            }
        ],
        "isTemplate": false,
        "count": 0,
        "updated": 1560155628
    },
    {
        "id": "b95d22de-8955-9b1e-33dc-1aec21a5cf1d",
        "data": [
            {
                "text": "would you please tell me about everyday life charges",
                "userDefined": false
            }
        ],
        "isTemplate": false,
        "count": 0,
        "updated": 1560155628
    },
    {
        "id": "beef64a6-a7d9-172e-ce52-a335db7695d8",
        "data": [
            {
                "text": "I'd really like to be informed about everyday life fees",
                "userDefined": false
            }
        ],
        "isTemplate": false,
        "count": 0,
        "updated": 1560155628
    },
    {
        "id": "78db9f69-332c-75b5-fc1e-947f59264d51",
        "data": [
            {
                "text": "is it high-priced to live in belgium",
                "userDefined": false
            }
        ],
        "isTemplate": false,
        "count": 0,
        "updated": 1560155628
    },
    {
        "id": "a0e12389-c0b9-b919-baeb-ce144b9d29cd",
        "data": [
            {
                "text": "what should I plan",
                "userDefined": false
            }
        ],
        "isTemplate": false,
        "count": 0,
        "updated": 1560155628
    },
    {
        "id": "a5482a4b-3964-827a-6b95-fc4c6f19213e",
        "data": [
            {
                "text": "is it costly to live in belgium",
                "userDefined": false
            }
        ],
        "isTemplate": false,
        "count": 0,
        "updated": 1560155628
    },
    {
        "id": "ee416493-9735-174e-7104-3b2cedf8d9f9",
        "data": [
            {
                "text": "would you please show me about life fees",
                "userDefined": false
            }
        ],
        "isTemplate": false,
        "count": 0,
        "updated": 1560155628
    },
    {
        "id": "0bcf5c84-826a-5099-22cd-46a9fa1e912c",
        "data": [
            {
                "text": "counsel on customary expenses",
                "userDefined": false
            }
        ],
        "isTemplate": false,
        "count": 0,
        "updated": 1560155628
    },
    {
        "id": "1159f75f-8002-9013-9c2b-cdd2df735329",
        "data": [
            {
                "text": "how much money does it cost to live in belgium",
                "userDefined": false
            }
        ],
        "isTemplate": false,
        "count": 0,
        "updated": 1560155628
    },
    {
        "id": "8dfa3c5b-9b1e-d75a-bcb3-cb7e0cb90de0",
        "data": [
            {
                "text": "how much would I budget",
                "userDefined": false
            }
        ],
        "isTemplate": false,
        "count": 0,
        "updated": 1560155628
    },
    {
        "id": "ee5a77ae-6dae-8b54-9b18-4eaaec7a88c4",
        "data": [
            {
                "text": "what'll be the largest costs I will have to expect",
                "userDefined": false
            }
        ],
        "isTemplate": false,
        "count": 0,
        "updated": 1560155628
    },
    {
        "id": "1847405a-4d6d-8bac-e357-61a9233ab670",
        "data": [
            {
                "text": "show me about everyday life costs",
                "userDefined": false
            }
        ],
        "isTemplate": false,
        "count": 0,
        "updated": 1560155628
    },
    {
        "id": "c3e4e385-f988-2f9a-fd1f-4647e68d2504",
        "data": [
            {
                "text": "what about what would I need",
                "userDefined": false
            }
        ],
        "isTemplate": false,
        "count": 0,
        "updated": 1560155628
    },
    {
        "id": "5bd20e76-ea7e-5214-9d58-ad8ef2abebb3",
        "data": [
            {
                "text": "how much should I prepare",
                "userDefined": false
            }
        ],
        "isTemplate": false,
        "count": 0,
        "updated": 1560155628
    },
    {
        "id": "1964f965-2924-f76c-36b0-dfdf24d5f0f2",
        "data": [
            {
                "text": "how much would I need to budget",
                "userDefined": false
            }
        ],
        "isTemplate": false,
        "count": 0,
        "updated": 1560155628
    },
    {
        "id": "389975c7-4f20-0f9b-01e6-c53060f55b2d",
        "data": [
            {
                "text": "information on what do I need",
                "userDefined": false
            }
        ],
        "isTemplate": false,
        "count": 0,
        "updated": 1560155628
    },
    {
        "id": "ecb0083c-b687-7585-8732-ee85a6e00242",
        "data": [
            {
                "text": "what is the price of an academic year",
                "userDefined": false
            }
        ],
        "isTemplate": false,
        "count": 0,
        "updated": 1560155628
    },
    {
        "id": "1855d184-1156-5ac0-d23b-8da8b700f76b",
        "data": [
            {
                "text": "what'd be the routine everyday life costs there",
                "userDefined": false
            }
        ],
        "isTemplate": false,
        "count": 0,
        "updated": 1560155628
    },
    {
        "id": "c324e82b-f897-bc15-7497-35992ec2af01",
        "data": [
            {
                "text": "how costly is it to reside in belgium",
                "userDefined": false
            }
        ],
        "isTemplate": false,
        "count": 0,
        "updated": 1560155628
    },
    {
        "id": "d2d56a4f-88e8-5bfa-858d-f2dae031ef64",
        "data": [
            {
                "text": "how much would I need",
                "userDefined": false
            }
        ],
        "isTemplate": false,
        "count": 0,
        "updated": 1560155628
    },
    {
        "id": "54f45b4b-2986-6451-bbbd-e312d533a44a",
        "data": [
            {
                "text": "I would really like to know about routine expenses",
                "userDefined": false
            }
        ],
        "isTemplate": false,
        "count": 0,
        "updated": 1560155628
    },
    {
        "id": "e87692ff-5026-ebfa-cb2f-65577e03ecd8",
        "data": [
            {
                "text": "show me about how much would I plan",
                "userDefined": false
            }
        ],
        "isTemplate": false,
        "count": 0,
        "updated": 1560155628
    },
    {
        "id": "0bbaec96-711b-9c8f-5d51-1c26726c1b4d",
        "data": [
            {
                "text": "is it costly residing in belgium",
                "userDefined": false
            }
        ],
        "isTemplate": false,
        "count": 0,
        "updated": 1560155628
    },
    {
        "id": "962641ac-54c0-521d-87a6-3752705d072b",
        "data": [
            {
                "text": "what'd be the biggest expenses I would expect at louvain la neuve",
                "userDefined": false
            }
        ],
        "isTemplate": false,
        "count": 0,
        "updated": 1560155628
    },
    {
        "id": "5196e750-5c99-979d-2175-7ff59dfb3171",
        "data": [
            {
                "text": "what is the largest fees I need to expect there",
                "userDefined": false
            }
        ],
        "isTemplate": false,
        "count": 0,
        "updated": 1560155628
    },
    {
        "id": "14db15ee-e665-7ee0-3cb2-2258f1a9f96f",
        "data": [
            {
                "text": "how much money does it cost to stay in belgium",
                "userDefined": false
            }
        ],
        "isTemplate": false,
        "count": 0,
        "updated": 1560155628
    },
    {
        "id": "0633cf7b-34f2-9e4c-f375-9e2e0ef7837b",
        "data": [
            {
                "text": "what about what do I need",
                "userDefined": false
            }
        ],
        "isTemplate": false,
        "count": 0,
        "updated": 1560155628
    },
    {
        "id": "39a9da58-f206-8a6e-8bad-d01d11785fae",
        "data": [
            {
                "text": "tell me about what should I prepare",
                "userDefined": false
            }
        ],
        "isTemplate": false,
        "count": 0,
        "updated": 1560155628
    },
    {
        "id": "a79d8597-335a-90ea-17d1-d1fe42a2f431",
        "data": [
            {
                "text": "I'd like to learn about everyday life costs",
                "userDefined": false
            }
        ],
        "isTemplate": false,
        "count": 0,
        "updated": 1560155628
    },
    {
        "id": "690bb3d5-aa6d-8f4a-72b7-fbbf2f75d158",
        "data": [
            {
                "text": "how expensive is it residing in belgium",
                "userDefined": false
            }
        ],
        "isTemplate": false,
        "count": 0,
        "updated": 1560155628
    },
    {
        "id": "3dc68f7a-9ca8-508d-8ff2-2cf6ea25167e",
        "data": [
            {
                "text": "what about customary charges",
                "userDefined": false
            }
        ],
        "isTemplate": false,
        "count": 0,
        "updated": 1560155628
    },
    {
        "id": "b5f5f3ad-3fde-6cd1-37e9-2334bd77c54c",
        "data": [
            {
                "text": "what about everyday fees",
                "userDefined": false
            }
        ],
        "isTemplate": false,
        "count": 0,
        "updated": 1560155628
    },
    {
        "id": "1b148903-cf82-48db-0067-88f6c6a7e6ca",
        "data": [
            {
                "text": "how much money will I budget",
                "userDefined": false
            }
        ],
        "isTemplate": false,
        "count": 0,
        "updated": 1560155628
    },
    {
        "id": "fce3ebd6-5516-3780-2135-1f31e4cecf82",
        "data": [
            {
                "text": "what is the largest charges I have to expect at UCL",
                "userDefined": false
            }
        ],
        "isTemplate": false,
        "count": 0,
        "updated": 1560155628
    },
    {
        "id": "1ede890d-3469-34cd-c026-19bb54b7b853",
        "data": [
            {
                "text": "counsel about how much money will I have to prepare",
                "userDefined": false
            }
        ],
        "isTemplate": false,
        "count": 0,
        "updated": 1560155628
    },
    {
        "id": "1fdf3c17-bd55-b7fe-46de-6351a1066a0d",
        "data": [
            {
                "text": "I'd want to know about what do I need",
                "userDefined": false
            }
        ],
        "isTemplate": false,
        "count": 0,
        "updated": 1560155628
    },
    {
        "id": "52f1dabf-2b8f-d04d-51be-02d03c91093d",
        "data": [
            {
                "text": "what'd be the most expensive costs I would need to expect at college",
                "userDefined": false
            }
        ],
        "isTemplate": false,
        "count": 0,
        "updated": 1560155628
    },
    {
        "id": "518c60ae-1927-4542-e1d4-ae2035046711",
        "data": [
            {
                "text": "what would be the biggest costs I should expect",
                "userDefined": false
            }
        ],
        "isTemplate": false,
        "count": 0,
        "updated": 1560155628
    },
    {
        "id": "af6875c5-e5ee-d553-c471-d03632a253f7",
        "data": [
            {
                "text": "info about how much would I need",
                "userDefined": false
            }
        ],
        "isTemplate": false,
        "count": 0,
        "updated": 1560155628
    },
    {
        "id": "d1fc6055-9c46-0a7b-9310-651b7827f933",
        "data": [
            {
                "text": "what do I need",
                "userDefined": false
            }
        ],
        "isTemplate": false,
        "count": 0,
        "updated": 1560155628
    },
    {
        "id": "ea87b381-a521-2f69-c739-53848886bb30",
        "data": [
            {
                "text": "what's the usual frequent fees there",
                "userDefined": false
            }
        ],
        "isTemplate": false,
        "count": 0,
        "updated": 1560155628
    },
    {
        "id": "1139692a-ee68-4383-6a96-12c9c8990e23",
        "data": [
            {
                "text": "counselling on life charges",
                "userDefined": false
            }
        ],
        "isTemplate": false,
        "count": 0,
        "updated": 1560155628
    },
    {
        "id": "6db39bff-6646-fe32-12b7-c4ae28e6bfd2",
        "data": [
            {
                "text": "show me about what should I have to budget",
                "userDefined": false
            }
        ],
        "isTemplate": false,
        "count": 0,
        "updated": 1560155628
    },
    {
        "id": "85b70c9e-fa0a-b143-08f5-3ec98cf71284",
        "data": [
            {
                "text": "is it expensive to live in belgium",
                "userDefined": false
            }
        ],
        "isTemplate": false,
        "count": 0,
        "updated": 1560155628
    },
    {
        "id": "da350fd6-1b2a-4642-836a-82047abf8815",
        "data": [
            {
                "text": "what'd be the largest charges I should expect there",
                "userDefined": false
            }
        ],
        "isTemplate": false,
        "count": 0,
        "updated": 1560155628
    },
    {
        "id": "23e99bf0-4397-e8a2-168f-f152fc34facc",
        "data": [
            {
                "text": "what is the largest costs I will expect in belgium",
                "userDefined": false
            }
        ],
        "isTemplate": false,
        "count": 0,
        "updated": 1560155628
    },
    {
        "id": "9b3c03fb-3ffc-c4d2-b56f-22b55ea7cf2a",
        "data": [
            {
                "text": "what'd be the usual everyday fees in belgium",
                "userDefined": false
            }
        ],
        "isTemplate": false,
        "count": 0,
        "updated": 1560155628
    },
    {
        "id": "e5bfa6f1-5f64-b3c5-84fb-2111c67bcce8",
        "data": [
            {
                "text": "enlightenment about everyday life expenses",
                "userDefined": false
            }
        ],
        "isTemplate": false,
        "count": 0,
        "updated": 1560155628
    },
    {
        "id": "aebfa47d-088e-d054-9433-aec16d3e32f4",
        "data": [
            {
                "text": "what would be the usual usual fees",
                "userDefined": false
            }
        ],
        "isTemplate": false,
        "count": 0,
        "updated": 1560155628
    },
    {
        "id": "f2302231-ae43-cfbe-3ee9-a5283ad8fad3",
        "data": [
            {
                "text": "instructions on what would I need",
                "userDefined": false
            }
        ],
        "isTemplate": false,
        "count": 0,
        "updated": 1560155628
    },
    {
        "id": "e83efa77-023b-109a-b6a8-70c9747b9641",
        "data": [
            {
                "text": "what is the cost of an academic year",
                "userDefined": false
            }
        ],
        "isTemplate": false,
        "count": 0,
        "updated": 1560155628
    },
    {
        "id": "9a744659-667f-09e0-1761-813ace4deebd",
        "data": [
            {
                "text": "what about life expenses",
                "userDefined": false
            }
        ],
        "isTemplate": false,
        "count": 0,
        "updated": 1560155628
    },
    {
        "id": "f3bfb39c-f52c-c848-13f8-501946914ece",
        "data": [
            {
                "text": "what is the customary life expenses at Louvain la Neuve",
                "userDefined": false
            }
        ],
        "isTemplate": false,
        "count": 0,
        "updated": 1560155628
    },
    {
        "id": "1d17c48d-cdcb-338d-d09d-4ea0cab6894e",
        "data": [
            {
                "text": "what's the largest fees I should expect",
                "userDefined": false
            }
        ],
        "isTemplate": false,
        "count": 0,
        "updated": 1560155628
    },
    {
        "id": "c857e59c-e066-fa87-79be-2d387349bd16",
        "data": [
            {
                "text": "what is the usual customary costs",
                "userDefined": false
            }
        ],
        "isTemplate": false,
        "count": 0,
        "updated": 1560155628
    },
    {
        "id": "bbe1ddb8-9d47-a77b-f2c3-7e9dbda00459",
        "data": [
            {
                "text": "what's the largest expenses I should expect",
                "userDefined": false
            }
        ],
        "isTemplate": false,
        "count": 0,
        "updated": 1560155628
    },
    {
        "id": "9a6ef7b5-0348-0abc-a7d6-bd11d46a9c5f",
        "data": [
            {
                "text": "would you be so kind and show me about life costs",
                "userDefined": false
            }
        ],
        "isTemplate": false,
        "count": 0,
        "updated": 1560155628
    },
    {
        "id": "de306737-dc62-1018-f873-7a11458426ff",
        "data": [
            {
                "text": "what is the largest charges I would have to expect at uclouvain",
                "userDefined": false
            }
        ],
        "isTemplate": false,
        "count": 0,
        "updated": 1560155628
    },
    {
        "id": "443e1ba1-bbd3-2a69-99cc-d3ce28483871",
        "data": [
            {
                "text": "I'd like to know about routine costs",
                "userDefined": false
            }
        ],
        "isTemplate": false,
        "count": 0,
        "updated": 1560155628
    },
    {
        "id": "eec68729-f258-6349-9c2b-dc9017dc041d",
        "data": [
            {
                "text": "how much money does it cost to reside in belgium",
                "userDefined": false
            }
        ],
        "isTemplate": false,
        "count": 0,
        "updated": 1560155628
    },
    {
        "id": "5924a5fb-953c-4037-30c5-7de6731b9fe9",
        "data": [
            {
                "text": "how much money do I need",
                "userDefined": false
            }
        ],
        "isTemplate": false,
        "count": 0,
        "updated": 1560155628
    },
    {
        "id": "1c6887e4-b274-dc54-f850-ca05a9cae396",
        "data": [
            {
                "text": "what is the routine everyday costs",
                "userDefined": false
            }
        ],
        "isTemplate": false,
        "count": 0,
        "updated": 1560155628
    },
    {
        "id": "ba650472-415a-0271-99e2-fd4589057e75",
        "data": [
            {
                "text": "what'll be the frequent customary expenses",
                "userDefined": false
            }
        ],
        "isTemplate": false,
        "count": 0,
        "updated": 1560155628
    },
    {
        "id": "4b14ba94-1248-9d45-9581-7647daf23ce2",
        "data": [
            {
                "text": "what's the usual everyday life expenses in Louv",
                "userDefined": false
            }
        ],
        "isTemplate": false,
        "count": 0,
        "updated": 1560155628
    },
    {
        "id": "f84bfa5c-1a9a-4fe8-54a0-b93efc599880",
        "data": [
            {
                "text": "what'd be the most expensive costs I need to expect at the uni",
                "userDefined": false
            }
        ],
        "isTemplate": false,
        "count": 0,
        "updated": 1560155628
    },
    {
        "id": "5c700d74-df48-17f1-b254-8a5007124796",
        "data": [
            {
                "text": "show me about how much do I need",
                "userDefined": false
            }
        ],
        "isTemplate": false,
        "count": 0,
        "updated": 1560155628
    },
    {
        "id": "38ecf866-b9e4-4cb0-abed-5f9c24eadc1f",
        "data": [
            {
                "text": "what will I need to plan",
                "userDefined": false
            }
        ],
        "isTemplate": false,
        "count": 0,
        "updated": 1560155628
    },
    {
        "id": "46cc4cee-4b08-c8b4-a63d-134b29bf2d3d",
        "data": [
            {
                "text": "what'll be the most expensive costs I would expect at Louvain",
                "userDefined": false
            }
        ],
        "isTemplate": false,
        "count": 0,
        "updated": 1560155628
    },
    {
        "id": "c896c0b8-a9ed-e6d2-15d7-00fcd83e9687",
        "data": [
            {
                "text": "is it overpriced to live in belgium",
                "userDefined": false
            }
        ],
        "isTemplate": false,
        "count": 0,
        "updated": 1560155628
    },
    {
        "id": "16311139-4a37-8161-600c-6b546347a895",
        "data": [
            {
                "text": "what'd be the price of a year",
                "userDefined": false
            }
        ],
        "isTemplate": false,
        "count": 0,
        "updated": 1560155628
    },
    {
        "id": "bec67cae-9aca-54c5-dfc9-578b5a2635b9",
        "data": [
            {
                "text": "what will be the frequent usual charges",
                "userDefined": false
            }
        ],
        "isTemplate": false,
        "count": 0,
        "updated": 1560155628
    },
    {
        "id": "bfbbd197-cdf8-db68-13c9-e452c5f39b8f",
        "data": [
            {
                "text": "how much does it cost to reside in belgium",
                "userDefined": false
            }
        ],
        "isTemplate": false,
        "count": 0,
        "updated": 1560155628
    },
    {
        "id": "7604779b-5cf8-5a50-b1df-b5747e23c8f9",
        "data": [
            {
                "text": "what's the cost of an academic year",
                "userDefined": false
            }
        ],
        "isTemplate": false,
        "count": 0,
        "updated": 1560155628
    },
    {
        "id": "f135fb35-a54a-11b0-625b-729e2186a0ca",
        "data": [
            {
                "text": "what is the price of a year",
                "userDefined": false
            }
        ],
        "isTemplate": false,
        "count": 0,
        "updated": 1560155628
    },
    {
        "id": "67363276-78eb-0774-b31d-aa6c2dc4d4df",
        "data": [
            {
                "text": "what'll be the cost of a year",
                "userDefined": false
            }
        ],
        "isTemplate": false,
        "count": 0,
        "updated": 1560155628
    },
    {
        "id": "ce6adf68-37d7-bfa4-6810-4d241625a0ee",
        "data": [
            {
                "text": "I'd like to know about usual fees",
                "userDefined": false
            }
        ],
        "isTemplate": false,
        "count": 0,
        "updated": 1560155628
    },
    {
        "id": "7b56229a-d128-5c99-2cfc-eb33b6d32e14",
        "data": [
            {
                "text": "what is the largest expenses I should expect in louvain",
                "userDefined": false
            }
        ],
        "isTemplate": false,
        "count": 0,
        "updated": 1560155628
    },
    {
        "id": "b7155059-96e4-e381-4e6d-dc4d4f3c64b6",
        "data": [
            {
                "text": "is it expensive to be in belgium",
                "userDefined": false
            }
        ],
        "isTemplate": false,
        "count": 0,
        "updated": 1560155628
    },
    {
        "id": "812c4a75-332b-414d-603b-f73f69c38dab",
        "data": [
            {
                "text": "I'd like to know about life fees",
                "userDefined": false
            }
        ],
        "isTemplate": false,
        "count": 0,
        "updated": 1560155628
    },
    {
        "id": "1cdf7550-3d2e-70a4-e9d6-bcca96046864",
        "data": [
            {
                "text": "what's the budget of a year",
                "userDefined": false
            }
        ],
        "isTemplate": false,
        "count": 0,
        "updated": 1560155628
    },
    {
        "id": "a325e818-2550-7cbe-e861-56a74099e465",
        "data": [
            {
                "text": "I'd really love to be informed about how much money would I need to plan",
                "userDefined": false
            }
        ],
        "isTemplate": false,
        "count": 0,
        "updated": 1560155628
    },
    {
        "id": "429585ec-4963-4899-c110-abfce21f1878",
        "data": [
            {
                "text": "what would be the routine usual charges at UCL",
                "userDefined": false
            }
        ],
        "isTemplate": false,
        "count": 0,
        "updated": 1560155628
    },
    {
        "id": "137e4a89-5aaa-ee51-0817-09deb92ad4ce",
        "data": [
            {
                "text": "I'd really want to know about routine expenses",
                "userDefined": false
            }
        ],
        "isTemplate": false,
        "count": 0,
        "updated": 1560155628
    },
    {
        "id": "cff2eb4b-8bdc-8f58-8830-360d831d734b",
        "data": [
            {
                "text": "what is the budget of a year",
                "userDefined": false
            }
        ],
        "isTemplate": false,
        "count": 0,
        "updated": 1560155628
    },
    {
        "id": "81b3a278-a93a-d439-48ac-265d66791f2c",
        "data": [
            {
                "text": "what's the biggest costs I would expect in belgium",
                "userDefined": false
            }
        ],
        "isTemplate": false,
        "count": 0,
        "updated": 1560155628
    },
    {
        "id": "161d4bb7-89ca-11ed-42bf-966a8ca848fd",
        "data": [
            {
                "text": "could you tell me about life fees",
                "userDefined": false
            }
        ],
        "isTemplate": false,
        "count": 0,
        "updated": 1560155628
    },
    {
        "id": "81aeef5c-8700-98d7-6267-a8c509af77f4",
        "data": [
            {
                "text": "how much do I have to plan",
                "userDefined": false
            }
        ],
        "isTemplate": false,
        "count": 0,
        "updated": 1560155628
    },
    {
        "id": "9cc7e258-206f-f545-f26d-c1be6355e314",
        "data": [
            {
                "text": "what'd be the biggest fees I should expect at Louv",
                "userDefined": false
            }
        ],
        "isTemplate": false,
        "count": 0,
        "updated": 1560155628
    },
    {
        "id": "ae2b769a-2e26-a0da-05c7-154e484cf67b",
        "data": [
            {
                "text": "how much will I prepare",
                "userDefined": false
            }
        ],
        "isTemplate": false,
        "count": 0,
        "updated": 1560155628
    },
    {
        "id": "dc1c39f1-715e-d368-001f-02adc48ff4b0",
        "data": [
            {
                "text": "is it high-priced living in belgium",
                "userDefined": false
            }
        ],
        "isTemplate": false,
        "count": 0,
        "updated": 1560155628
    },
    {
        "id": "794aa8b1-a2ea-458c-94d5-0a8f455baecf",
        "data": [
            {
                "text": "I'd really love to know about how much money would I need",
                "userDefined": false
            }
        ],
        "isTemplate": false,
        "count": 0,
        "updated": 1560155628
    },
    {
        "id": "7c7092de-ab41-a5a7-a307-da9de39fe773",
        "data": [
            {
                "text": "what'd be the budget of an academic year",
                "userDefined": false
            }
        ],
        "isTemplate": false,
        "count": 0,
        "updated": 1560155628
    },
    {
        "id": "4070c830-e982-4952-b2af-fe05423223f1",
        "data": [
            {
                "text": "I'd want to be informed about everyday fees",
                "userDefined": false
            }
        ],
        "isTemplate": false,
        "count": 0,
        "updated": 1560155628
    },
    {
        "id": "7985a99b-c441-8683-d309-aeab3c3d7da4",
        "data": [
            {
                "text": "what'd be the everyday life charges",
                "userDefined": false
            }
        ],
        "isTemplate": false,
        "count": 0,
        "updated": 1560155628
    },
    {
        "id": "80130594-51f6-6e5e-3b68-7af84f77f74c",
        "data": [
            {
                "text": "how costly is it to live in belgium",
                "userDefined": false
            }
        ],
        "isTemplate": false,
        "count": 0,
        "updated": 1560155628
    },
    {
        "id": "e5bc5113-3737-f341-f5e9-760b3ab17cf0",
        "data": [
            {
                "text": "what'll be the everyday routine charges at louvain-la-neuve",
                "userDefined": false
            }
        ],
        "isTemplate": false,
        "count": 0,
        "updated": 1560155628
    },
    {
        "id": "93915672-6b26-b183-a62b-70f5128a4102",
        "data": [
            {
                "text": "I want to be informed about what should I need to plan",
                "userDefined": false
            }
        ],
        "isTemplate": false,
        "count": 0,
        "updated": 1560155628
    }
]