[
    {
        "id": "cbdbf40f-aff6-eb17-2606-5ddd948187df",
        "data": [
            {
                "text": "what if I don't recycle the trash",
                "userDefined": false
            }
        ],
        "isTemplate": false,
        "count": 0,
        "updated": 1560155628
    },
    {
        "id": "80a6069e-50e9-3dc2-3090-b93320eed608",
        "data": [
            {
                "text": "I don't care about the rubbish collection",
                "userDefined": false
            }
        ],
        "isTemplate": false,
        "count": 0,
        "updated": 1560155628
    },
    {
        "id": "5b3e6aff-547e-b980-4e0c-e689586cabc2",
        "data": [
            {
                "text": "what will happen if I don't care about the garbage collection",
                "userDefined": false
            }
        ],
        "isTemplate": false,
        "count": 0,
        "updated": 1560155628
    },
    {
        "id": "0e79b8ef-16f4-2534-743b-fbe51d1fd724",
        "data": [
            {
                "text": "I wouldn't really want to recycle my trash",
                "userDefined": false
            }
        ],
        "isTemplate": false,
        "count": 0,
        "updated": 1560155628
    },
    {
        "id": "aba44981-3e89-bf2e-76a5-f7b8319e7b95",
        "data": [
            {
                "text": "what if I don't care about the environment",
                "userDefined": false
            }
        ],
        "isTemplate": false,
        "count": 0,
        "updated": 1560155628
    },
    {
        "id": "10aa6d6d-fa00-8292-8575-ad7868b3dc9a",
        "data": [
            {
                "text": "what could you do if I don't sort the waste",
                "userDefined": false
            }
        ],
        "isTemplate": false,
        "count": 0,
        "updated": 1560155628
    },
    {
        "id": "26147054-1cea-26a8-4d99-5e597f63c4ab",
        "data": [
            {
                "text": "what would happen when I don't recycle my garbage",
                "userDefined": false
            }
        ],
        "isTemplate": false,
        "count": 0,
        "updated": 1560155628
    },
    {
        "id": "295cd908-0c46-511f-577c-3b0a9a2ac0e5",
        "data": [
            {
                "text": "what exactly could happen if I don't care about the waste collection",
                "userDefined": false
            }
        ],
        "isTemplate": false,
        "count": 0,
        "updated": 1560155628
    },
    {
        "id": "5f1251fd-5e00-e804-f479-f27d94433096",
        "data": [
            {
                "text": "what if I don't sort the trash",
                "userDefined": false
            }
        ],
        "isTemplate": false,
        "count": 0,
        "updated": 1560155628
    },
    {
        "id": "27e527cd-8544-9527-5349-5a4da80ce34a",
        "data": [
            {
                "text": "what exactly would you do when I don't care about the rubbish collection",
                "userDefined": false
            }
        ],
        "isTemplate": false,
        "count": 0,
        "updated": 1560155628
    },
    {
        "id": "7039b6bc-27ba-71e7-8bdb-765387475ab9",
        "data": [
            {
                "text": "I don't want to sort my rubbish",
                "userDefined": false
            }
        ],
        "isTemplate": false,
        "count": 0,
        "updated": 1560155628
    },
    {
        "id": "04b9f353-19f4-ed86-f7e3-83f76b3892b8",
        "data": [
            {
                "text": "I don't care about the environment",
                "userDefined": false
            }
        ],
        "isTemplate": false,
        "count": 0,
        "updated": 1560155628
    },
    {
        "id": "6327b851-a320-dff1-c8c6-6052870333bb",
        "data": [
            {
                "text": "what if I don't recycle the waste",
                "userDefined": false
            }
        ],
        "isTemplate": false,
        "count": 0,
        "updated": 1560155628
    },
    {
        "id": "6f204e94-8571-c01e-cc6c-602308c64de6",
        "data": [
            {
                "text": "what could you do when I don't collect the trash",
                "userDefined": false
            }
        ],
        "isTemplate": false,
        "count": 0,
        "updated": 1560155628
    },
    {
        "id": "388df6a4-4e44-1aec-96a0-05196a32e6b5",
        "data": [
            {
                "text": "what could you do if I don't care about the environment",
                "userDefined": false
            }
        ],
        "isTemplate": false,
        "count": 0,
        "updated": 1560155628
    },
    {
        "id": "23dd094d-2664-7d79-a89f-f27481c87c00",
        "data": [
            {
                "text": "what if I don't sort my rubbish",
                "userDefined": false
            }
        ],
        "isTemplate": false,
        "count": 0,
        "updated": 1560155628
    },
    {
        "id": "0606dfb8-1581-2400-5e7f-e87ab91ba502",
        "data": [
            {
                "text": "what exactly could happen when I don't care about the environment",
                "userDefined": false
            }
        ],
        "isTemplate": false,
        "count": 0,
        "updated": 1560155628
    },
    {
        "id": "065f9e68-6107-6b5a-fbe8-f3f6ad436abe",
        "data": [
            {
                "text": "what would happen when I do not really want to collect the garbage",
                "userDefined": false
            }
        ],
        "isTemplate": false,
        "count": 0,
        "updated": 1560155628
    },
    {
        "id": "eac26d5f-ee75-064b-1871-db7c972dceae",
        "data": [
            {
                "text": "what if I don't collect my garbage",
                "userDefined": false
            }
        ],
        "isTemplate": false,
        "count": 0,
        "updated": 1560155628
    },
    {
        "id": "7989eefe-01d1-4b7a-6a0c-c56700ef27d7",
        "data": [
            {
                "text": "I wouldn't want to sort my trash",
                "userDefined": false
            }
        ],
        "isTemplate": false,
        "count": 0,
        "updated": 1560155628
    },
    {
        "id": "31050ed8-298a-6869-7d73-0f14b165ce31",
        "data": [
            {
                "text": "what will you do if I don't sort the rubbish",
                "userDefined": false
            }
        ],
        "isTemplate": false,
        "count": 0,
        "updated": 1560155628
    },
    {
        "id": "c9cd828a-8a06-9c81-eb96-d5135f64f325",
        "data": [
            {
                "text": "what exactly would happen when I don't collect my garbage",
                "userDefined": false
            }
        ],
        "isTemplate": false,
        "count": 0,
        "updated": 1560155628
    },
    {
        "id": "fc59218f-3d10-2feb-e920-f76152b40f61",
        "data": [
            {
                "text": "what if I don't sort the rubbish",
                "userDefined": false
            }
        ],
        "isTemplate": false,
        "count": 0,
        "updated": 1560155628
    },
    {
        "id": "ef63b61e-0702-9b35-b6c8-0b5a20236c60",
        "data": [
            {
                "text": "what exactly will you do when I don't collect the waste",
                "userDefined": false
            }
        ],
        "isTemplate": false,
        "count": 0,
        "updated": 1560155628
    },
    {
        "id": "ba94a135-b901-0d18-f5ad-5b209b1c31e7",
        "data": [
            {
                "text": "what would happen if I don't care about the environment",
                "userDefined": false
            }
        ],
        "isTemplate": false,
        "count": 0,
        "updated": 1560155628
    },
    {
        "id": "343c1a8a-a140-3242-1c70-3e2b139d5435",
        "data": [
            {
                "text": "I don't care about the garbage collection",
                "userDefined": false
            }
        ],
        "isTemplate": false,
        "count": 0,
        "updated": 1560155628
    },
    {
        "id": "0b4e91f7-c9e3-9427-3bad-356de3888137",
        "data": [
            {
                "text": "I wouldn't really want to sort the waste",
                "userDefined": false
            }
        ],
        "isTemplate": false,
        "count": 0,
        "updated": 1560155628
    },
    {
        "id": "2b983ce8-74d3-657e-5e28-0f24e34d2a16",
        "data": [
            {
                "text": "I don't really want to collect my waste",
                "userDefined": false
            }
        ],
        "isTemplate": false,
        "count": 0,
        "updated": 1560155628
    },
    {
        "id": "a14a9975-aabd-986d-0081-93643c7abf3e",
        "data": [
            {
                "text": "what if I wouldn't really want to sort the waste",
                "userDefined": false
            }
        ],
        "isTemplate": false,
        "count": 0,
        "updated": 1560155628
    },
    {
        "id": "ddaabe0e-726f-c09e-690c-c85c48238c7e",
        "data": [
            {
                "text": "what if I wouldn't want to collect my waste",
                "userDefined": false
            }
        ],
        "isTemplate": false,
        "count": 0,
        "updated": 1560155628
    },
    {
        "id": "cff9ae44-3a6d-2b89-776a-e9f16fad54d4",
        "data": [
            {
                "text": "what if I don't sort the garbage",
                "userDefined": false
            }
        ],
        "isTemplate": false,
        "count": 0,
        "updated": 1560155628
    },
    {
        "id": "e384b994-c0f5-3b2a-1a95-7e2e0b1946e0",
        "data": [
            {
                "text": "I don't want to sort my trash",
                "userDefined": false
            }
        ],
        "isTemplate": false,
        "count": 0,
        "updated": 1560155628
    },
    {
        "id": "fca5ce0a-ac6a-3589-fe2c-6d1fd5b138c4",
        "data": [
            {
                "text": "what would happen when I wouldn't really want to sort the rubbish",
                "userDefined": false
            }
        ],
        "isTemplate": false,
        "count": 0,
        "updated": 1560155628
    },
    {
        "id": "4f240958-ddf8-472d-0114-22a6db9ce939",
        "data": [
            {
                "text": "what exactly will you do if I wouldn't want to sort the garbage",
                "userDefined": false
            }
        ],
        "isTemplate": false,
        "count": 0,
        "updated": 1560155628
    },
    {
        "id": "5d1fff28-7095-faf1-ad4d-7be75d8c506b",
        "data": [
            {
                "text": "what exactly would you do when I don't collect the rubbish",
                "userDefined": false
            }
        ],
        "isTemplate": false,
        "count": 0,
        "updated": 1560155628
    },
    {
        "id": "f7bc19a6-08b8-c4c2-9192-090b0a89309f",
        "data": [
            {
                "text": "what exactly will happen when I don't recycle the waste",
                "userDefined": false
            }
        ],
        "isTemplate": false,
        "count": 0,
        "updated": 1560155628
    },
    {
        "id": "1d209790-4f71-ae48-ce8e-ca57d4681ba9",
        "data": [
            {
                "text": "what would happen when I don't collect the waste",
                "userDefined": false
            }
        ],
        "isTemplate": false,
        "count": 0,
        "updated": 1560155628
    },
    {
        "id": "5a527ec6-e0a8-a723-95df-f6474144d65a",
        "data": [
            {
                "text": "I do not really want to recycle my garbage",
                "userDefined": false
            }
        ],
        "isTemplate": false,
        "count": 0,
        "updated": 1560155628
    },
    {
        "id": "5fcdad35-4b68-cad3-03c9-cb0592c96e02",
        "data": [
            {
                "text": "I wouldn't really want to sort my waste",
                "userDefined": false
            }
        ],
        "isTemplate": false,
        "count": 0,
        "updated": 1560155628
    },
    {
        "id": "7f9abe80-c7b7-32c7-7a78-010ff6a038ab",
        "data": [
            {
                "text": "what if I don't care about the rubbish collection",
                "userDefined": false
            }
        ],
        "isTemplate": false,
        "count": 0,
        "updated": 1560155628
    },
    {
        "id": "aece3b40-4718-0dc8-6970-5c5880369038",
        "data": [
            {
                "text": "what could happen when I don't really want to recycle my garbage",
                "userDefined": false
            }
        ],
        "isTemplate": false,
        "count": 0,
        "updated": 1560155628
    },
    {
        "id": "78360406-31ae-91d6-0ef2-4e6e24b92817",
        "data": [
            {
                "text": "what would happen when I wouldn't really want to collect the garbage",
                "userDefined": false
            }
        ],
        "isTemplate": false,
        "count": 0,
        "updated": 1560155628
    },
    {
        "id": "28be9c8f-2d20-c33d-b276-187d772f9bb1",
        "data": [
            {
                "text": "what exactly will you do if I don't sort my trash",
                "userDefined": false
            }
        ],
        "isTemplate": false,
        "count": 0,
        "updated": 1560155628
    },
    {
        "id": "620ace86-c283-cbba-38f8-ddb7a7ac5fa3",
        "data": [
            {
                "text": "I do not really want to recycle my waste",
                "userDefined": false
            }
        ],
        "isTemplate": false,
        "count": 0,
        "updated": 1560155628
    },
    {
        "id": "49f5ad90-c889-4f6c-a41e-db4741f49fe3",
        "data": [
            {
                "text": "what if I don't want to sort the rubbish",
                "userDefined": false
            }
        ],
        "isTemplate": false,
        "count": 0,
        "updated": 1560155628
    },
    {
        "id": "ee11b7fc-075f-0109-476e-f84ae99a7a05",
        "data": [
            {
                "text": "what if I don't recycle my garbage",
                "userDefined": false
            }
        ],
        "isTemplate": false,
        "count": 0,
        "updated": 1560155628
    },
    {
        "id": "293441e2-3dc7-c805-5ed3-4de4ad5df17b",
        "data": [
            {
                "text": "what exactly will you do when I don't collect my garbage",
                "userDefined": false
            }
        ],
        "isTemplate": false,
        "count": 0,
        "updated": 1560155628
    },
    {
        "id": "d2e3440a-3853-10fc-de6b-ebb93f4b7605",
        "data": [
            {
                "text": "what exactly would happen if I don't collect my rubbish",
                "userDefined": false
            }
        ],
        "isTemplate": false,
        "count": 0,
        "updated": 1560155628
    },
    {
        "id": "8c82d218-b745-3dc8-f2ad-fd6edfb36b1e",
        "data": [
            {
                "text": "what exactly could happen if I don't sort my trash",
                "userDefined": false
            }
        ],
        "isTemplate": false,
        "count": 0,
        "updated": 1560155628
    },
    {
        "id": "2a1b4b5c-7ac9-8137-2ca6-f85ab448e262",
        "data": [
            {
                "text": "what if I do not want to recycle my waste",
                "userDefined": false
            }
        ],
        "isTemplate": false,
        "count": 0,
        "updated": 1560155628
    },
    {
        "id": "ce224fec-0929-3ac3-4e2b-1b73e66b5e2b",
        "data": [
            {
                "text": "I wouldn't want to sort my rubbish",
                "userDefined": false
            }
        ],
        "isTemplate": false,
        "count": 0,
        "updated": 1560155628
    },
    {
        "id": "b1c32707-a621-b154-5f6c-63d1d149e04f",
        "data": [
            {
                "text": "what if I don't want to sort the waste",
                "userDefined": false
            }
        ],
        "isTemplate": false,
        "count": 0,
        "updated": 1560155628
    },
    {
        "id": "9cc60626-ca5f-dbdd-999e-7a3742228681",
        "data": [
            {
                "text": "what if I wouldn't want to recycle the garbage",
                "userDefined": false
            }
        ],
        "isTemplate": false,
        "count": 0,
        "updated": 1560155628
    },
    {
        "id": "e4d613cf-f4ac-077d-3ce6-bb57abc43d8c",
        "data": [
            {
                "text": "what if I wouldn't want to sort my rubbish",
                "userDefined": false
            }
        ],
        "isTemplate": false,
        "count": 0,
        "updated": 1560155628
    },
    {
        "id": "51c93b55-0453-d6d2-727a-d8aa06eb1b5c",
        "data": [
            {
                "text": "what will you do if I don't recycle the waste",
                "userDefined": false
            }
        ],
        "isTemplate": false,
        "count": 0,
        "updated": 1560155628
    },
    {
        "id": "01251647-018b-4e43-ecf1-d880d892954e",
        "data": [
            {
                "text": "what could happen when I don't sort my garbage",
                "userDefined": false
            }
        ],
        "isTemplate": false,
        "count": 0,
        "updated": 1560155628
    },
    {
        "id": "42d430a2-dafe-6335-933a-138b31d1c063",
        "data": [
            {
                "text": "what if I don't collect my waste",
                "userDefined": false
            }
        ],
        "isTemplate": false,
        "count": 0,
        "updated": 1560155628
    },
    {
        "id": "5a012f8b-ca3d-fbb2-5da5-7b1c83763e91",
        "data": [
            {
                "text": "what will happen if I don't recycle the waste",
                "userDefined": false
            }
        ],
        "isTemplate": false,
        "count": 0,
        "updated": 1560155628
    },
    {
        "id": "d0cd76bb-5a98-f7d3-ca58-ddaa8ba8ab1b",
        "data": [
            {
                "text": "what could you do when I don't collect the rubbish",
                "userDefined": false
            }
        ],
        "isTemplate": false,
        "count": 0,
        "updated": 1560155628
    },
    {
        "id": "db7831e5-f67d-489a-315f-6d22f0a61b09",
        "data": [
            {
                "text": "what if I don't recycle my trash",
                "userDefined": false
            }
        ],
        "isTemplate": false,
        "count": 0,
        "updated": 1560155628
    },
    {
        "id": "6eb2ec4c-44c6-174e-514b-368e097ec0dc",
        "data": [
            {
                "text": "what if I don't care about the garbage collection",
                "userDefined": false
            }
        ],
        "isTemplate": false,
        "count": 0,
        "updated": 1560155628
    },
    {
        "id": "bdd27645-2d5a-bdc9-0f04-3ffb30d66d4d",
        "data": [
            {
                "text": "I wouldn't really want to collect my trash",
                "userDefined": false
            }
        ],
        "isTemplate": false,
        "count": 0,
        "updated": 1560155628
    },
    {
        "id": "83fb366e-0725-3653-23ea-cc72782da31d",
        "data": [
            {
                "text": "what will happen when I don't recycle the waste",
                "userDefined": false
            }
        ],
        "isTemplate": false,
        "count": 0,
        "updated": 1560155628
    },
    {
        "id": "52c31147-0ba8-f4ea-08a9-347daec6269c",
        "data": [
            {
                "text": "what exactly could you do if I wouldn't really want to sort my garbage",
                "userDefined": false
            }
        ],
        "isTemplate": false,
        "count": 0,
        "updated": 1560155628
    },
    {
        "id": "a5fb3a90-1076-c481-bd9e-a255ce43180f",
        "data": [
            {
                "text": "what exactly would you do when I don't care about the environment",
                "userDefined": false
            }
        ],
        "isTemplate": false,
        "count": 0,
        "updated": 1560155628
    },
    {
        "id": "caa256b3-fba2-999d-9696-fbf340add9b3",
        "data": [
            {
                "text": "what if I don't collect the garbage",
                "userDefined": false
            }
        ],
        "isTemplate": false,
        "count": 0,
        "updated": 1560155628
    },
    {
        "id": "d77bbb76-163a-172e-f5f4-c53bd9d4cd0d",
        "data": [
            {
                "text": "I don't care about the waste collection",
                "userDefined": false
            }
        ],
        "isTemplate": false,
        "count": 0,
        "updated": 1560155628
    },
    {
        "id": "71ec1ec8-c845-c57f-1499-73d4bba68e60",
        "data": [
            {
                "text": "I do not want to recycle the waste",
                "userDefined": false
            }
        ],
        "isTemplate": false,
        "count": 0,
        "updated": 1560155628
    },
    {
        "id": "311d5f8c-b579-ef4f-54c7-7969b5e918cf",
        "data": [
            {
                "text": "what if I don't sort my trash",
                "userDefined": false
            }
        ],
        "isTemplate": false,
        "count": 0,
        "updated": 1560155628
    },
    {
        "id": "90fb65a4-be31-806f-4dd3-def5a99603d8",
        "data": [
            {
                "text": "I do not want to recycle my waste",
                "userDefined": false
            }
        ],
        "isTemplate": false,
        "count": 0,
        "updated": 1560155628
    },
    {
        "id": "cefca0fe-b39c-65e6-f75d-a08ea9d556e3",
        "data": [
            {
                "text": "what if I don't really want to collect the trash",
                "userDefined": false
            }
        ],
        "isTemplate": false,
        "count": 0,
        "updated": 1560155628
    },
    {
        "id": "a83b315c-966f-3ad4-3790-8f42c43ecca9",
        "data": [
            {
                "text": "I wouldn't really want to recycle my waste",
                "userDefined": false
            }
        ],
        "isTemplate": false,
        "count": 0,
        "updated": 1560155628
    },
    {
        "id": "319436a1-8788-c4e4-47fc-228d9874c361",
        "data": [
            {
                "text": "what exactly would happen if I don't care about the trash collection",
                "userDefined": false
            }
        ],
        "isTemplate": false,
        "count": 0,
        "updated": 1560155628
    },
    {
        "id": "746c1450-3cc9-e909-573d-dde74d50582d",
        "data": [
            {
                "text": "what exactly will happen if I don't care about the trash collection",
                "userDefined": false
            }
        ],
        "isTemplate": false,
        "count": 0,
        "updated": 1560155628
    },
    {
        "id": "d42e5231-2493-78d9-2342-0b2e33e7ad5e",
        "data": [
            {
                "text": "what exactly would you do when I don't care about the trash collection",
                "userDefined": false
            }
        ],
        "isTemplate": false,
        "count": 0,
        "updated": 1560155628
    },
    {
        "id": "5c11128c-0f92-25b6-eacf-f5aa670b66b2",
        "data": [
            {
                "text": "what exactly could happen when I wouldn't really want to collect my trash",
                "userDefined": false
            }
        ],
        "isTemplate": false,
        "count": 0,
        "updated": 1560155628
    },
    {
        "id": "91c0dbae-9742-582e-d044-8c68b66e7d37",
        "data": [
            {
                "text": "what exactly could happen when I do not really want to recycle the trash",
                "userDefined": false
            }
        ],
        "isTemplate": false,
        "count": 0,
        "updated": 1560155628
    },
    {
        "id": "73ca541a-ba6c-d57c-ea6b-4af67d4ed531",
        "data": [
            {
                "text": "what will happen if I wouldn't really want to collect the rubbish",
                "userDefined": false
            }
        ],
        "isTemplate": false,
        "count": 0,
        "updated": 1560155628
    },
    {
        "id": "41e0caa6-bb5a-63a5-694a-77d3eb90da28",
        "data": [
            {
                "text": "what exactly could happen if I don't sort my garbage",
                "userDefined": false
            }
        ],
        "isTemplate": false,
        "count": 0,
        "updated": 1560155628
    },
    {
        "id": "477030e6-9f30-ddf6-0aee-55cb41e1cd39",
        "data": [
            {
                "text": "I don't really want to recycle the trash",
                "userDefined": false
            }
        ],
        "isTemplate": false,
        "count": 0,
        "updated": 1560155628
    },
    {
        "id": "b422083f-4a19-2946-c8e5-d3e9cd5183a1",
        "data": [
            {
                "text": "what if I wouldn't really want to sort my rubbish",
                "userDefined": false
            }
        ],
        "isTemplate": false,
        "count": 0,
        "updated": 1560155628
    },
    {
        "id": "238a62aa-f96e-b7fe-4ebc-8e4d9d550d69",
        "data": [
            {
                "text": "I don't want to collect my trash",
                "userDefined": false
            }
        ],
        "isTemplate": false,
        "count": 0,
        "updated": 1560155628
    },
    {
        "id": "ef416cff-64c0-779f-dba5-596c6e21a63b",
        "data": [
            {
                "text": "what exactly will happen when I don't recycle the garbage",
                "userDefined": false
            }
        ],
        "isTemplate": false,
        "count": 0,
        "updated": 1560155628
    },
    {
        "id": "d895a4cc-c03e-394e-0089-3ee302d50396",
        "data": [
            {
                "text": "I wouldn't really want to sort my trash",
                "userDefined": false
            }
        ],
        "isTemplate": false,
        "count": 0,
        "updated": 1560155628
    },
    {
        "id": "1dcd4610-f413-4131-6d60-de0a5dddc4d0",
        "data": [
            {
                "text": "what if I wouldn't really want to collect my garbage",
                "userDefined": false
            }
        ],
        "isTemplate": false,
        "count": 0,
        "updated": 1560155628
    },
    {
        "id": "e9b76897-5c12-2ab2-2c7b-d2a19a455aac",
        "data": [
            {
                "text": "what exactly could happen if I don't recycle my rubbish",
                "userDefined": false
            }
        ],
        "isTemplate": false,
        "count": 0,
        "updated": 1560155628
    },
    {
        "id": "735cf64a-918b-41bd-a443-47aa2c9d4242",
        "data": [
            {
                "text": "I don't really want to collect the garbage",
                "userDefined": false
            }
        ],
        "isTemplate": false,
        "count": 0,
        "updated": 1560155628
    },
    {
        "id": "7cd620e6-9b68-6bee-ddc4-0a7718d8e4b5",
        "data": [
            {
                "text": "what exactly will you do if I don't sort the waste",
                "userDefined": false
            }
        ],
        "isTemplate": false,
        "count": 0,
        "updated": 1560155628
    },
    {
        "id": "aff421a8-7e16-2ce3-ddd9-29f5362545ee",
        "data": [
            {
                "text": "what will happen if I don't collect the trash",
                "userDefined": false
            }
        ],
        "isTemplate": false,
        "count": 0,
        "updated": 1560155628
    },
    {
        "id": "b135f6f3-ca83-ba47-ad1e-cd3ce9a821ea",
        "data": [
            {
                "text": "what exactly will happen if I don't recycle the garbage",
                "userDefined": false
            }
        ],
        "isTemplate": false,
        "count": 0,
        "updated": 1560155628
    },
    {
        "id": "626465e4-c03c-b2b3-78de-f76ae4a837e3",
        "data": [
            {
                "text": "what if I don't really want to recycle my waste",
                "userDefined": false
            }
        ],
        "isTemplate": false,
        "count": 0,
        "updated": 1560155628
    },
    {
        "id": "c0c7cf8d-916c-7dd3-912d-62cb44e46bb7",
        "data": [
            {
                "text": "what if I don't recycle my waste",
                "userDefined": false
            }
        ],
        "isTemplate": false,
        "count": 0,
        "updated": 1560155628
    },
    {
        "id": "41be4cef-dc2a-7bd2-4dca-fc993d2133db",
        "data": [
            {
                "text": "what exactly will happen when I don't care about the trash collection",
                "userDefined": false
            }
        ],
        "isTemplate": false,
        "count": 0,
        "updated": 1560155628
    },
    {
        "id": "9bca8ecf-122f-64ee-48d2-3073fd32a5da",
        "data": [
            {
                "text": "what would you do when I don't sort my garbage",
                "userDefined": false
            }
        ],
        "isTemplate": false,
        "count": 0,
        "updated": 1560155628
    },
    {
        "id": "fd2b9fff-047a-0264-3580-a8b2dc1726c0",
        "data": [
            {
                "text": "I wouldn't really want to collect my rubbish",
                "userDefined": false
            }
        ],
        "isTemplate": false,
        "count": 0,
        "updated": 1560155628
    },
    {
        "id": "1382f90f-ec30-d247-9646-b394bb4aa42a",
        "data": [
            {
                "text": "what would happen if I don't sort the rubbish",
                "userDefined": false
            }
        ],
        "isTemplate": false,
        "count": 0,
        "updated": 1560155628
    },
    {
        "id": "e033a14e-366e-75eb-2d02-dcc00f022cc6",
        "data": [
            {
                "text": "what could you do if I don't sort the trash",
                "userDefined": false
            }
        ],
        "isTemplate": false,
        "count": 0,
        "updated": 1560155628
    },
    {
        "id": "bf2c5b42-7ae3-299b-bce9-31c655edec8d",
        "data": [
            {
                "text": "what if I wouldn't want to collect the rubbish",
                "userDefined": false
            }
        ],
        "isTemplate": false,
        "count": 0,
        "updated": 1560155628
    },
    {
        "id": "f202cb83-1b6e-23c6-cebb-f491802bb228",
        "data": [
            {
                "text": "what if I don't want to sort my trash",
                "userDefined": false
            }
        ],
        "isTemplate": false,
        "count": 0,
        "updated": 1560155628
    },
    {
        "id": "9f50e1cf-bcf1-90ec-989d-e76ca7583ad1",
        "data": [
            {
                "text": "I do not really want to collect my waste",
                "userDefined": false
            }
        ],
        "isTemplate": false,
        "count": 0,
        "updated": 1560155628
    },
    {
        "id": "9c8605a8-7e1a-2ac0-a8a1-9698c9bf7d5c",
        "data": [
            {
                "text": "what exactly will happen when I don't care about the environment",
                "userDefined": false
            }
        ],
        "isTemplate": false,
        "count": 0,
        "updated": 1560155628
    },
    {
        "id": "84c60763-87a0-bd6d-e12d-5a55c12fd814",
        "data": [
            {
                "text": "I wouldn't really want to collect my waste",
                "userDefined": false
            }
        ],
        "isTemplate": false,
        "count": 0,
        "updated": 1560155628
    },
    {
        "id": "72759855-a936-31dd-af78-5979f16a9ad5",
        "data": [
            {
                "text": "what exactly could you do if I don't care about the environment",
                "userDefined": false
            }
        ],
        "isTemplate": false,
        "count": 0,
        "updated": 1560155628
    },
    {
        "id": "0f110013-7788-4cf8-5703-47d512227a83",
        "data": [
            {
                "text": "what if I don't collect the waste",
                "userDefined": false
            }
        ],
        "isTemplate": false,
        "count": 0,
        "updated": 1560155628
    },
    {
        "id": "4e6d6d98-48d6-2e66-c1c3-f37c287a6344",
        "data": [
            {
                "text": "I don't want to recycle the trash",
                "userDefined": false
            }
        ],
        "isTemplate": false,
        "count": 0,
        "updated": 1560155628
    },
    {
        "id": "d7a4d3bc-299d-58cc-fc92-78232de598dc",
        "data": [
            {
                "text": "what exactly would you do if I don't care about the trash collection",
                "userDefined": false
            }
        ],
        "isTemplate": false,
        "count": 0,
        "updated": 1560155628
    },
    {
        "id": "fe41bcb1-504b-d215-b7d7-40d9848cfcaa",
        "data": [
            {
                "text": "what exactly could happen when I don't recycle my trash",
                "userDefined": false
            }
        ],
        "isTemplate": false,
        "count": 0,
        "updated": 1560155628
    },
    {
        "id": "67def61e-cf1c-f93d-8fa9-399f7fbec260",
        "data": [
            {
                "text": "what if I don't sort my waste",
                "userDefined": false
            }
        ],
        "isTemplate": false,
        "count": 0,
        "updated": 1560155628
    },
    {
        "id": "03fa946a-4fb1-6601-6e88-ba58b3d3d834",
        "data": [
            {
                "text": "what if I don't collect my rubbish",
                "userDefined": false
            }
        ],
        "isTemplate": false,
        "count": 0,
        "updated": 1560155628
    },
    {
        "id": "94d55646-58d5-4453-5030-6f8a4e911306",
        "data": [
            {
                "text": "what could you do when I don't care about the garbage collection",
                "userDefined": false
            }
        ],
        "isTemplate": false,
        "count": 0,
        "updated": 1560155628
    },
    {
        "id": "a110b1fa-b082-83df-2dfa-52af25695613",
        "data": [
            {
                "text": "what will you do when I don't care about the trash collection",
                "userDefined": false
            }
        ],
        "isTemplate": false,
        "count": 0,
        "updated": 1560155628
    },
    {
        "id": "6cf055da-4e7f-b15a-1585-4c9301791ded",
        "data": [
            {
                "text": "I wouldn't want to collect my waste",
                "userDefined": false
            }
        ],
        "isTemplate": false,
        "count": 0,
        "updated": 1560155628
    },
    {
        "id": "e685dbe0-8a34-72cf-e5bd-8cddf94fa331",
        "data": [
            {
                "text": "what could you do if I don't recycle the trash",
                "userDefined": false
            }
        ],
        "isTemplate": false,
        "count": 0,
        "updated": 1560155628
    },
    {
        "id": "0c44981e-2ede-ca20-e9d0-e07c4bf02dd7",
        "data": [
            {
                "text": "what exactly would happen when I don't recycle the garbage",
                "userDefined": false
            }
        ],
        "isTemplate": false,
        "count": 0,
        "updated": 1560155628
    },
    {
        "id": "bdf4b6ef-3758-f2b7-aaa4-3263e401a530",
        "data": [
            {
                "text": "I wouldn't want to collect the rubbish",
                "userDefined": false
            }
        ],
        "isTemplate": false,
        "count": 0,
        "updated": 1560155628
    },
    {
        "id": "ec257d74-59ba-d78b-a51b-a2bbd16cb59f",
        "data": [
            {
                "text": "I don't really want to sort the rubbish",
                "userDefined": false
            }
        ],
        "isTemplate": false,
        "count": 0,
        "updated": 1560155628
    },
    {
        "id": "045c3da7-12ce-4edb-0f50-99e9c24ec32c",
        "data": [
            {
                "text": "I wouldn't want to recycle my rubbish",
                "userDefined": false
            }
        ],
        "isTemplate": false,
        "count": 0,
        "updated": 1560155628
    },
    {
        "id": "d0d47f15-0a75-4ba5-ad5a-50d811f7db10",
        "data": [
            {
                "text": "I don't care about the trash collection",
                "userDefined": false
            }
        ],
        "isTemplate": false,
        "count": 0,
        "updated": 1560155628
    },
    {
        "id": "756e6a78-8165-9bd8-df0d-5f73b52c98e0",
        "data": [
            {
                "text": "what exactly could happen if I don't collect the rubbish",
                "userDefined": false
            }
        ],
        "isTemplate": false,
        "count": 0,
        "updated": 1560155628
    },
    {
        "id": "9f536407-aa6b-9a39-57ab-83644f90b6bc",
        "data": [
            {
                "text": "I don't want to recycle the garbage",
                "userDefined": false
            }
        ],
        "isTemplate": false,
        "count": 0,
        "updated": 1560155628
    }
]