[
    {
        "id": "e5208173-8cfc-3e47-0281-79995901fccd",
        "data": [
            {
                "text": "I'd love to learn more about language classes",
                "userDefined": false
            }
        ],
        "isTemplate": false,
        "count": 0,
        "updated": 1560155629
    },
    {
        "id": "a9b278fa-8aaf-b522-a66b-87dc82cdd731",
        "data": [
            {
                "text": "is there a recommendation session arranged by ilv language school",
                "userDefined": false
            }
        ],
        "isTemplate": false,
        "count": 0,
        "updated": 1560155629
    },
    {
        "id": "0d5156eb-dd2e-e04a-7276-3908879d991f",
        "data": [
            {
                "text": "I'd really love to know more about language classes",
                "userDefined": false
            }
        ],
        "isTemplate": false,
        "count": 0,
        "updated": 1560155629
    },
    {
        "id": "2705e5dc-de65-0a33-d608-3aa2d3c14e17",
        "data": [
            {
                "text": "where is the ILV info session",
                "userDefined": false
            }
        ],
        "isTemplate": false,
        "count": 0,
        "updated": 1560155629
    },
    {
        "id": "bd545a64-b5da-b2b7-1ec6-b557ea9cd7c0",
        "data": [
            {
                "text": "when is the ILV Language School language information session arranged",
                "userDefined": false
            }
        ],
        "isTemplate": false,
        "count": 0,
        "updated": 1560155629
    },
    {
        "id": "a83534aa-9db3-a9ab-ebcb-452c05031c5e",
        "data": [
            {
                "text": "would there be some kind of counseling event at institut des langues vivantes",
                "userDefined": false
            }
        ],
        "isTemplate": false,
        "count": 0,
        "updated": 1560155629
    },
    {
        "id": "fe8cf9c5-bc05-4a52-ebf5-2f25ef731c3e",
        "data": [
            {
                "text": "would you please tell me more about language classes",
                "userDefined": false
            }
        ],
        "isTemplate": false,
        "count": 0,
        "updated": 1560155629
    },
    {
        "id": "0fdc1785-9b7b-0914-bd3b-a2641fac56ee",
        "data": [
            {
                "text": "where is the institut des langues vivantes help event",
                "userDefined": false
            }
        ],
        "isTemplate": false,
        "count": 0,
        "updated": 1560155629
    },
    {
        "id": "41927a1f-1e30-ae0f-d6e9-a6210db9167c",
        "data": [
            {
                "text": "would there be some kind of tips event arranged by Institut des Langues Vivantes",
                "userDefined": false
            }
        ],
        "isTemplate": false,
        "count": 0,
        "updated": 1560155629
    },
    {
        "id": "cb364670-08ed-9c79-10a0-e80f68fd703e",
        "data": [
            {
                "text": "where is the Institut des Langues Vivantes dialect information session arranged",
                "userDefined": false
            }
        ],
        "isTemplate": false,
        "count": 0,
        "updated": 1560155629
    },
    {
        "id": "52aecc65-4b9b-5984-69b2-118826030dcd",
        "data": [
            {
                "text": "is there a information event at ILV",
                "userDefined": false
            }
        ],
        "isTemplate": false,
        "count": 0,
        "updated": 1560155629
    },
    {
        "id": "617cf559-9036-9a9f-27c9-16a86be2cfe1",
        "data": [
            {
                "text": "when is the ILV language counseling session arranged",
                "userDefined": false
            }
        ],
        "isTemplate": false,
        "count": 0,
        "updated": 1560155629
    },
    {
        "id": "17579065-2c43-a4f7-e3b1-dd618830d03e",
        "data": [
            {
                "text": "where is the institut des langues vivantes information event set up",
                "userDefined": false
            }
        ],
        "isTemplate": false,
        "count": 0,
        "updated": 1560155629
    },
    {
        "id": "e87778dd-e903-84ec-9a72-afc9b8d11005",
        "data": [
            {
                "text": "would there be some kind of info event organised by ilv",
                "userDefined": false
            }
        ],
        "isTemplate": false,
        "count": 0,
        "updated": 1560155629
    },
    {
        "id": "e497a4b9-4cf7-2012-27a6-e6241b1bd7a8",
        "data": [
            {
                "text": "is there some kind of information session at Institut des Langues Vivantes",
                "userDefined": false
            }
        ],
        "isTemplate": false,
        "count": 0,
        "updated": 1560155629
    },
    {
        "id": "275824ab-746a-98d3-c9b9-44f27eeca6b1",
        "data": [
            {
                "text": "where is the institut des langues vivantes piece of advice session",
                "userDefined": false
            }
        ],
        "isTemplate": false,
        "count": 0,
        "updated": 1560155629
    },
    {
        "id": "96b7b45c-362f-57ab-4891-cd8386631a01",
        "data": [
            {
                "text": "would there be a instruction session organised by ILV Language School",
                "userDefined": false
            }
        ],
        "isTemplate": false,
        "count": 0,
        "updated": 1560155629
    },
    {
        "id": "f2b40576-3d47-d4fc-6890-b2e4b719b295",
        "data": [
            {
                "text": "where is the ILV Language School language information session",
                "userDefined": false
            }
        ],
        "isTemplate": false,
        "count": 0,
        "updated": 1560155629
    },
    {
        "id": "e9f32731-5b27-2bdf-eead-8ba2dcac8d2d",
        "data": [
            {
                "text": "when is the Institut des Langues Vivantes language info session set up",
                "userDefined": false
            }
        ],
        "isTemplate": false,
        "count": 0,
        "updated": 1560155629
    },
    {
        "id": "c803fb52-c9ce-7461-cd3e-488065fdb8c7",
        "data": [
            {
                "text": "I'd really love to be informed more about language classes",
                "userDefined": false
            }
        ],
        "isTemplate": false,
        "count": 0,
        "updated": 1560155629
    },
    {
        "id": "b3af7553-2b1a-e32a-9118-9ebcdc214fca",
        "data": [
            {
                "text": "is there some kind of information session at ILV",
                "userDefined": false
            }
        ],
        "isTemplate": false,
        "count": 0,
        "updated": 1560155629
    },
    {
        "id": "3a288402-1d46-13bb-54da-e48b1cfbcad5",
        "data": [
            {
                "text": "I would really want to learn more about language classes",
                "userDefined": false
            }
        ],
        "isTemplate": false,
        "count": 0,
        "updated": 1560155629
    },
    {
        "id": "0722a7f0-e903-a061-a2c0-dd0dc7b09e7f",
        "data": [
            {
                "text": "where is the ILV Language School language info event arranged",
                "userDefined": false
            }
        ],
        "isTemplate": false,
        "count": 0,
        "updated": 1560155629
    },
    {
        "id": "dd6f0609-efad-b6f4-9c14-f6aca634da66",
        "data": [
            {
                "text": "would there be some kind of instruction session at institut des langues vivantes",
                "userDefined": false
            }
        ],
        "isTemplate": false,
        "count": 0,
        "updated": 1560155629
    },
    {
        "id": "92bda945-e299-0a58-2a4c-0c3b24fd2a59",
        "data": [
            {
                "text": "I would really want to learn more about language courses",
                "userDefined": false
            }
        ],
        "isTemplate": false,
        "count": 0,
        "updated": 1560155629
    },
    {
        "id": "ce6ca528-af78-671d-c294-84e2598a1dfc",
        "data": [
            {
                "text": "more information about language classes",
                "userDefined": false
            }
        ],
        "isTemplate": false,
        "count": 0,
        "updated": 1560155629
    },
    {
        "id": "500298de-805c-f32b-1fb1-1a940f28228a",
        "data": [
            {
                "text": "when is the Institut des Langues Vivantes language enlightenment event",
                "userDefined": false
            }
        ],
        "isTemplate": false,
        "count": 0,
        "updated": 1560155629
    },
    {
        "id": "7ea1f340-a316-ec80-ecde-6cef88e6708b",
        "data": [
            {
                "text": "would there be a tips event at institut des langues vivantes",
                "userDefined": false
            }
        ],
        "isTemplate": false,
        "count": 0,
        "updated": 1560155629
    },
    {
        "id": "1c62e417-4578-860e-2dd7-55184259f7d7",
        "data": [
            {
                "text": "would there be a information session at ILV Language School",
                "userDefined": false
            }
        ],
        "isTemplate": false,
        "count": 0,
        "updated": 1560155629
    },
    {
        "id": "5ff4ceba-a7b8-5a1d-b91c-e5781ad8aaa2",
        "data": [
            {
                "text": "is there some kind of direction event at ILV",
                "userDefined": false
            }
        ],
        "isTemplate": false,
        "count": 0,
        "updated": 1560155629
    },
    {
        "id": "ff88baff-8e12-d486-3d52-56de07cd66ce",
        "data": [
            {
                "text": "more recommendations about dialect classes",
                "userDefined": false
            }
        ],
        "isTemplate": false,
        "count": 0,
        "updated": 1560155629
    },
    {
        "id": "cf7d01c6-1eb8-bad5-7140-66f9abcf5eda",
        "data": [
            {
                "text": "would there be a info event at ilv",
                "userDefined": false
            }
        ],
        "isTemplate": false,
        "count": 0,
        "updated": 1560155629
    },
    {
        "id": "e810a76a-1b0b-638d-1aba-57010b81b110",
        "data": [
            {
                "text": "when is the institut des langues vivantes info event set up",
                "userDefined": false
            }
        ],
        "isTemplate": false,
        "count": 0,
        "updated": 1560155629
    },
    {
        "id": "526f30ce-6f27-a392-cf8f-7a8f6169f7df",
        "data": [
            {
                "text": "is there a information session organized by institut des langues vivantes",
                "userDefined": false
            }
        ],
        "isTemplate": false,
        "count": 0,
        "updated": 1560155629
    },
    {
        "id": "3357709d-bd6c-e4ba-977c-c33811d821e0",
        "data": [
            {
                "text": "I would really love to know more about language courses",
                "userDefined": false
            }
        ],
        "isTemplate": false,
        "count": 0,
        "updated": 1560155629
    },
    {
        "id": "0b7c3344-f6e4-af34-4711-e490bd8dc63c",
        "data": [
            {
                "text": "would there be some kind of info session set up by ILV Language School",
                "userDefined": false
            }
        ],
        "isTemplate": false,
        "count": 0,
        "updated": 1560155629
    },
    {
        "id": "7c5aa866-43eb-cfa4-4beb-a73e84a0f0a1",
        "data": [
            {
                "text": "when is the ilv dialect info event",
                "userDefined": false
            }
        ],
        "isTemplate": false,
        "count": 0,
        "updated": 1560155629
    },
    {
        "id": "5620a858-1e1a-ded6-a3e9-d252197e8b82",
        "data": [
            {
                "text": "is there some kind of info session organised by institut des langues vivantes",
                "userDefined": false
            }
        ],
        "isTemplate": false,
        "count": 0,
        "updated": 1560155629
    },
    {
        "id": "2493912c-4b53-27ff-b686-2a572b9e050b",
        "data": [
            {
                "text": "more information about language courses",
                "userDefined": false
            }
        ],
        "isTemplate": false,
        "count": 0,
        "updated": 1560155629
    },
    {
        "id": "7fc82567-5faa-eace-c227-833fe4ed409b",
        "data": [
            {
                "text": "is there some kind of info session at institut des langues vivantes",
                "userDefined": false
            }
        ],
        "isTemplate": false,
        "count": 0,
        "updated": 1560155629
    },
    {
        "id": "629b6c5b-6eb3-25fe-7bf1-b5d936be8e1a",
        "data": [
            {
                "text": "is there some kind of information session at institut des langues vivantes",
                "userDefined": false
            }
        ],
        "isTemplate": false,
        "count": 0,
        "updated": 1560155629
    },
    {
        "id": "d9639d30-f9b4-9c00-370c-afbcdfeba418",
        "data": [
            {
                "text": "where is the ilv language school language info event arranged",
                "userDefined": false
            }
        ],
        "isTemplate": false,
        "count": 0,
        "updated": 1560155629
    },
    {
        "id": "1814bbaf-c36b-ece0-5166-6ea13fcf33a7",
        "data": [
            {
                "text": "where is the institut des langues vivantes dialect information event organised",
                "userDefined": false
            }
        ],
        "isTemplate": false,
        "count": 0,
        "updated": 1560155629
    },
    {
        "id": "005fcb9c-f354-c74f-2fe6-91d3c0bc3350",
        "data": [
            {
                "text": "would you be so kind and tell me more about language courses",
                "userDefined": false
            }
        ],
        "isTemplate": false,
        "count": 0,
        "updated": 1560155629
    },
    {
        "id": "34584d76-a3d7-4062-d313-fbc34e9e1c79",
        "data": [
            {
                "text": "is there a information session arranged by institut des langues vivantes",
                "userDefined": false
            }
        ],
        "isTemplate": false,
        "count": 0,
        "updated": 1560155629
    },
    {
        "id": "66b35ca0-7202-70b9-dd19-d1f01f9b7202",
        "data": [
            {
                "text": "when is the institut des langues vivantes language information session arranged",
                "userDefined": false
            }
        ],
        "isTemplate": false,
        "count": 0,
        "updated": 1560155629
    },
    {
        "id": "e3949362-779d-9113-fede-cd89b5959499",
        "data": [
            {
                "text": "could you please show me more about language classes",
                "userDefined": false
            }
        ],
        "isTemplate": false,
        "count": 0,
        "updated": 1560155629
    },
    {
        "id": "a9bff237-b1f8-1705-62c0-9afda263dfcb",
        "data": [
            {
                "text": "when is the institut des langues vivantes language information session set up",
                "userDefined": false
            }
        ],
        "isTemplate": false,
        "count": 0,
        "updated": 1560155629
    },
    {
        "id": "a8fa0bd3-1d6c-a293-9450-e6d2fbbc4146",
        "data": [
            {
                "text": "would you be so kind and show me more about language courses",
                "userDefined": false
            }
        ],
        "isTemplate": false,
        "count": 0,
        "updated": 1560155629
    },
    {
        "id": "490b8cd2-d5be-51b0-3327-4be7b73d17ec",
        "data": [
            {
                "text": "would there be a instruction session arranged by institut des langues vivantes",
                "userDefined": false
            }
        ],
        "isTemplate": false,
        "count": 0,
        "updated": 1560155629
    },
    {
        "id": "3b7929b0-0e68-91b7-3876-03ef4db4d46f",
        "data": [
            {
                "text": "where is the institut des langues vivantes dialect information event set up",
                "userDefined": false
            }
        ],
        "isTemplate": false,
        "count": 0,
        "updated": 1560155629
    },
    {
        "id": "ba069218-f7aa-9ad0-4123-a836c113236c",
        "data": [
            {
                "text": "where is the ilv language school language info event organized",
                "userDefined": false
            }
        ],
        "isTemplate": false,
        "count": 0,
        "updated": 1560155629
    },
    {
        "id": "df984de1-d61b-41c8-468d-4250e5a6234c",
        "data": [
            {
                "text": "when is the Institut des Langues Vivantes dialect information session set up",
                "userDefined": false
            }
        ],
        "isTemplate": false,
        "count": 0,
        "updated": 1560155629
    },
    {
        "id": "fc352237-f9fb-c82f-0b1f-80bf55dcb374",
        "data": [
            {
                "text": "show me more about language courses",
                "userDefined": false
            }
        ],
        "isTemplate": false,
        "count": 0,
        "updated": 1560155629
    },
    {
        "id": "61317647-a462-e2da-a4a3-ba6ce11c0570",
        "data": [
            {
                "text": "where is the ilv language school information event",
                "userDefined": false
            }
        ],
        "isTemplate": false,
        "count": 0,
        "updated": 1560155629
    },
    {
        "id": "4a2fea22-2d4d-8730-6c19-e6ad6cff8150",
        "data": [
            {
                "text": "is there a info event at institut des langues vivantes",
                "userDefined": false
            }
        ],
        "isTemplate": false,
        "count": 0,
        "updated": 1560155629
    },
    {
        "id": "04b861b9-9703-e86f-64f7-43528c921589",
        "data": [
            {
                "text": "where is the ILV Language School dialect information event",
                "userDefined": false
            }
        ],
        "isTemplate": false,
        "count": 0,
        "updated": 1560155629
    },
    {
        "id": "c5d7ae35-acf4-528a-2ddb-2d6de928d82f",
        "data": [
            {
                "text": "more info on language classes",
                "userDefined": false
            }
        ],
        "isTemplate": false,
        "count": 0,
        "updated": 1560155629
    },
    {
        "id": "6dbf2599-2568-19b5-688e-59407df8997a",
        "data": [
            {
                "text": "when is the ILV Language School language info event",
                "userDefined": false
            }
        ],
        "isTemplate": false,
        "count": 0,
        "updated": 1560155629
    },
    {
        "id": "04f46252-0e2d-1ec3-0c47-7c9da82b9d33",
        "data": [
            {
                "text": "I would really love to know more about language classes",
                "userDefined": false
            }
        ],
        "isTemplate": false,
        "count": 0,
        "updated": 1560155629
    },
    {
        "id": "c694384d-d3e0-90cc-cbe1-ef944d6eff89",
        "data": [
            {
                "text": "more information on language courses",
                "userDefined": false
            }
        ],
        "isTemplate": false,
        "count": 0,
        "updated": 1560155629
    },
    {
        "id": "650599d3-645c-7003-e634-880ae58442e9",
        "data": [
            {
                "text": "when is the institut des langues vivantes info session arranged",
                "userDefined": false
            }
        ],
        "isTemplate": false,
        "count": 0,
        "updated": 1560155629
    },
    {
        "id": "43ec4693-1735-7067-6007-d4be8ff7d431",
        "data": [
            {
                "text": "is there a help event at ilv",
                "userDefined": false
            }
        ],
        "isTemplate": false,
        "count": 0,
        "updated": 1560155629
    },
    {
        "id": "376e8faa-902a-1138-a971-596b592522aa",
        "data": [
            {
                "text": "is there some kind of info session organized by ILV",
                "userDefined": false
            }
        ],
        "isTemplate": false,
        "count": 0,
        "updated": 1560155629
    },
    {
        "id": "ea3dc381-b921-e915-83df-d252cb4651c2",
        "data": [
            {
                "text": "tell me more about language courses",
                "userDefined": false
            }
        ],
        "isTemplate": false,
        "count": 0,
        "updated": 1560155629
    },
    {
        "id": "fa3ce99e-5d8b-7d00-6382-84c041f8bb79",
        "data": [
            {
                "text": "would there be some kind of help session at ILV Language School",
                "userDefined": false
            }
        ],
        "isTemplate": false,
        "count": 0,
        "updated": 1560155629
    },
    {
        "id": "d8228834-c6a3-d546-4120-01e57a525d9b",
        "data": [
            {
                "text": "would there be a information session organised by Institut des Langues Vivantes",
                "userDefined": false
            }
        ],
        "isTemplate": false,
        "count": 0,
        "updated": 1560155629
    },
    {
        "id": "921a88d9-11f2-b89b-0e49-f19f4aa16e28",
        "data": [
            {
                "text": "would there be a info event at ILV",
                "userDefined": false
            }
        ],
        "isTemplate": false,
        "count": 0,
        "updated": 1560155629
    },
    {
        "id": "b626262a-11b9-eb22-1459-ea4c68c5a5e4",
        "data": [
            {
                "text": "is there a direction event arranged by institut des langues vivantes",
                "userDefined": false
            }
        ],
        "isTemplate": false,
        "count": 0,
        "updated": 1560155629
    },
    {
        "id": "747bb801-5a0d-6ac8-af02-c212a7f2f763",
        "data": [
            {
                "text": "more info on language courses",
                "userDefined": false
            }
        ],
        "isTemplate": false,
        "count": 0,
        "updated": 1560155629
    },
    {
        "id": "4ec4d91d-0e64-b0a4-497f-ccb3512a1646",
        "data": [
            {
                "text": "would there be some kind of info session set up by ilv",
                "userDefined": false
            }
        ],
        "isTemplate": false,
        "count": 0,
        "updated": 1560155629
    },
    {
        "id": "0fbdbede-d197-5db6-42e1-bf2b3f2cddd4",
        "data": [
            {
                "text": "would there be a info session set up by ILV Language School",
                "userDefined": false
            }
        ],
        "isTemplate": false,
        "count": 0,
        "updated": 1560155629
    },
    {
        "id": "4fe9fe29-5f21-8377-da21-dd8fe3e4c589",
        "data": [
            {
                "text": "would there be a direction event at Institut des Langues Vivantes",
                "userDefined": false
            }
        ],
        "isTemplate": false,
        "count": 0,
        "updated": 1560155629
    },
    {
        "id": "3624404c-2bbf-bffd-ce7f-d3c1c410737b",
        "data": [
            {
                "text": "where is the ILV counsel session",
                "userDefined": false
            }
        ],
        "isTemplate": false,
        "count": 0,
        "updated": 1560155629
    },
    {
        "id": "7bae4b1d-f2f2-51c4-7cc2-4026e4668924",
        "data": [
            {
                "text": "where is the ilv language school information session",
                "userDefined": false
            }
        ],
        "isTemplate": false,
        "count": 0,
        "updated": 1560155629
    },
    {
        "id": "d090c914-809c-0918-70c5-7d1eb67d2d4d",
        "data": [
            {
                "text": "I'd want to learn more about language courses",
                "userDefined": false
            }
        ],
        "isTemplate": false,
        "count": 0,
        "updated": 1560155629
    },
    {
        "id": "b79eecfe-4b0a-0391-917c-2f51c587056f",
        "data": [
            {
                "text": "can you please show me more about language classes",
                "userDefined": false
            }
        ],
        "isTemplate": false,
        "count": 0,
        "updated": 1560155629
    },
    {
        "id": "8fcf05b7-cee7-76d6-0b1f-4df96ed78f88",
        "data": [
            {
                "text": "where is the ILV information session set up",
                "userDefined": false
            }
        ],
        "isTemplate": false,
        "count": 0,
        "updated": 1560155629
    },
    {
        "id": "8e60b2d0-2425-13f5-28be-7c43077aef72",
        "data": [
            {
                "text": "would there be some kind of information session at Institut des Langues Vivantes",
                "userDefined": false
            }
        ],
        "isTemplate": false,
        "count": 0,
        "updated": 1560155629
    },
    {
        "id": "80e9c934-3223-e80b-4015-8c551d2b8709",
        "data": [
            {
                "text": "show me more about language classes",
                "userDefined": false
            }
        ],
        "isTemplate": false,
        "count": 0,
        "updated": 1560155629
    },
    {
        "id": "5e01e276-c12c-1c27-adfe-9eee72bfbf06",
        "data": [
            {
                "text": "I'd like to be informed more about language classes",
                "userDefined": false
            }
        ],
        "isTemplate": false,
        "count": 0,
        "updated": 1560155629
    },
    {
        "id": "a7b6ae5d-787a-c46d-9a00-cc0e1c786f02",
        "data": [
            {
                "text": "when is the institut des langues vivantes dialect information session arranged",
                "userDefined": false
            }
        ],
        "isTemplate": false,
        "count": 0,
        "updated": 1560155629
    },
    {
        "id": "d76deace-fb18-9668-7808-a6ae31e2702b",
        "data": [
            {
                "text": "would there be some kind of info session at ILV Language School",
                "userDefined": false
            }
        ],
        "isTemplate": false,
        "count": 0,
        "updated": 1560155629
    },
    {
        "id": "9731b6da-1c35-bddb-d835-78f4a92e407b",
        "data": [
            {
                "text": "when is the institut des langues vivantes language information event",
                "userDefined": false
            }
        ],
        "isTemplate": false,
        "count": 0,
        "updated": 1560155629
    },
    {
        "id": "6e857b2e-7293-d819-0b6e-ed110dc1942f",
        "data": [
            {
                "text": "when is the ilv information session organized",
                "userDefined": false
            }
        ],
        "isTemplate": false,
        "count": 0,
        "updated": 1560155629
    },
    {
        "id": "9caf2750-22b1-8fb9-c813-2ee8bf1b5ac1",
        "data": [
            {
                "text": "is there a instructions event arranged by Institut des Langues Vivantes",
                "userDefined": false
            }
        ],
        "isTemplate": false,
        "count": 0,
        "updated": 1560155629
    },
    {
        "id": "1e5af6e2-05e3-ca90-ab84-a163ec2d4266",
        "data": [
            {
                "text": "would there be a direction event organized by ILV Language School",
                "userDefined": false
            }
        ],
        "isTemplate": false,
        "count": 0,
        "updated": 1560155629
    },
    {
        "id": "4d4ae529-e063-0a26-96ff-2aec84ddf32d",
        "data": [
            {
                "text": "is there a information session set up by Institut des Langues Vivantes",
                "userDefined": false
            }
        ],
        "isTemplate": false,
        "count": 0,
        "updated": 1560155629
    },
    {
        "id": "067ffc25-6a33-1f84-0b67-e2e69768159b",
        "data": [
            {
                "text": "is there some kind of info event arranged by Institut des Langues Vivantes",
                "userDefined": false
            }
        ],
        "isTemplate": false,
        "count": 0,
        "updated": 1560155629
    },
    {
        "id": "1c13111c-2798-b467-38bc-7c03a4435231",
        "data": [
            {
                "text": "is there a direction event at ilv language school",
                "userDefined": false
            }
        ],
        "isTemplate": false,
        "count": 0,
        "updated": 1560155629
    },
    {
        "id": "1caec7f0-1840-0aeb-9ec9-1e4269a0e022",
        "data": [
            {
                "text": "is there a information event at Institut des Langues Vivantes",
                "userDefined": false
            }
        ],
        "isTemplate": false,
        "count": 0,
        "updated": 1560155629
    },
    {
        "id": "095ec73e-cff7-e12d-41be-74cc3e779b29",
        "data": [
            {
                "text": "would there be a info event organised by ILV Language School",
                "userDefined": false
            }
        ],
        "isTemplate": false,
        "count": 0,
        "updated": 1560155629
    },
    {
        "id": "f0019a97-3663-7e63-0ee9-1a790df21dc5",
        "data": [
            {
                "text": "when is the ILV enlightenment session arranged",
                "userDefined": false
            }
        ],
        "isTemplate": false,
        "count": 0,
        "updated": 1560155629
    },
    {
        "id": "f647d602-b0a6-de78-9a89-8809b6784338",
        "data": [
            {
                "text": "is there a info session arranged by institut des langues vivantes",
                "userDefined": false
            }
        ],
        "isTemplate": false,
        "count": 0,
        "updated": 1560155629
    },
    {
        "id": "d939e0e2-f363-c18d-9956-71593ac11749",
        "data": [
            {
                "text": "would there be a information event set up by institut des langues vivantes",
                "userDefined": false
            }
        ],
        "isTemplate": false,
        "count": 0,
        "updated": 1560155629
    },
    {
        "id": "6380f5c5-b13d-3609-b0f7-558a63b7fd2f",
        "data": [
            {
                "text": "is there a info event set up by ilv language school",
                "userDefined": false
            }
        ],
        "isTemplate": false,
        "count": 0,
        "updated": 1560155629
    },
    {
        "id": "c55857ed-05b4-2586-54d4-6350a7ca023d",
        "data": [
            {
                "text": "I'd want to be informed more about language classes",
                "userDefined": false
            }
        ],
        "isTemplate": false,
        "count": 0,
        "updated": 1560155629
    },
    {
        "id": "44eebbd3-a8aa-0b79-f979-c5bbe24e88ad",
        "data": [
            {
                "text": "would there be a info event at institut des langues vivantes",
                "userDefined": false
            }
        ],
        "isTemplate": false,
        "count": 0,
        "updated": 1560155629
    },
    {
        "id": "c6ada3b3-80a0-007d-fe55-1ce9d2a3ef3a",
        "data": [
            {
                "text": "when is the ilv dialect information session",
                "userDefined": false
            }
        ],
        "isTemplate": false,
        "count": 0,
        "updated": 1560155629
    },
    {
        "id": "b1cdd941-697e-5b56-7ced-35407f39c222",
        "data": [
            {
                "text": "when is the ILV direction event set up",
                "userDefined": false
            }
        ],
        "isTemplate": false,
        "count": 0,
        "updated": 1560155629
    },
    {
        "id": "399d9918-25c1-915d-1408-f2bc1cd91c4e",
        "data": [
            {
                "text": "would you be so kind and show me more about language classes",
                "userDefined": false
            }
        ],
        "isTemplate": false,
        "count": 0,
        "updated": 1560155629
    },
    {
        "id": "9544a8af-884a-974b-f34c-52474af8a9ca",
        "data": [
            {
                "text": "more info about language courses",
                "userDefined": false
            }
        ],
        "isTemplate": false,
        "count": 0,
        "updated": 1560155629
    },
    {
        "id": "441e79f3-67ab-f523-a79e-cb5c7a08d01c",
        "data": [
            {
                "text": "more information about dialect courses",
                "userDefined": false
            }
        ],
        "isTemplate": false,
        "count": 0,
        "updated": 1560155629
    },
    {
        "id": "df7d3feb-3642-308d-edf1-fc2885b0e03c",
        "data": [
            {
                "text": "where is the Institut des Langues Vivantes info event",
                "userDefined": false
            }
        ],
        "isTemplate": false,
        "count": 0,
        "updated": 1560155629
    },
    {
        "id": "a0f6d629-836e-59df-c813-e2f9484e14a0",
        "data": [
            {
                "text": "I'd love to know more about dialect courses",
                "userDefined": false
            }
        ],
        "isTemplate": false,
        "count": 0,
        "updated": 1560155629
    },
    {
        "id": "7819a288-c6b3-5116-70d1-7de8a180665c",
        "data": [
            {
                "text": "where is the ILV Language School language info session",
                "userDefined": false
            }
        ],
        "isTemplate": false,
        "count": 0,
        "updated": 1560155629
    },
    {
        "id": "61f0f6f7-aa7d-7df2-9e3a-2b0cc1fb0173",
        "data": [
            {
                "text": "I'd really like to learn more about language classes",
                "userDefined": false
            }
        ],
        "isTemplate": false,
        "count": 0,
        "updated": 1560155629
    },
    {
        "id": "6b4d67da-dbd4-478c-de2c-cea1ed7b1af6",
        "data": [
            {
                "text": "would there be some kind of information event at institut des langues vivantes",
                "userDefined": false
            }
        ],
        "isTemplate": false,
        "count": 0,
        "updated": 1560155629
    },
    {
        "id": "9893abeb-c333-f795-2b6d-932c7e166439",
        "data": [
            {
                "text": "more direction about language classes",
                "userDefined": false
            }
        ],
        "isTemplate": false,
        "count": 0,
        "updated": 1560155629
    },
    {
        "id": "06c5e0b4-9e0c-09d5-652c-8fdbcd68ca7b",
        "data": [
            {
                "text": "is there some kind of aid session at ILV Language School",
                "userDefined": false
            }
        ],
        "isTemplate": false,
        "count": 0,
        "updated": 1560155629
    },
    {
        "id": "f652466c-b64f-f736-eec3-f73d7742a55f",
        "data": [
            {
                "text": "where is the ILV language direction session",
                "userDefined": false
            }
        ],
        "isTemplate": false,
        "count": 0,
        "updated": 1560155629
    },
    {
        "id": "34119895-7e72-dc0f-2d50-ae1c72265e7d",
        "data": [
            {
                "text": "when is the Institut des Langues Vivantes language advice event",
                "userDefined": false
            }
        ],
        "isTemplate": false,
        "count": 0,
        "updated": 1560155629
    },
    {
        "id": "676e3b8d-ba58-b9d6-490a-34917b4c7115",
        "data": [
            {
                "text": "I want to learn more about dialect courses",
                "userDefined": false
            }
        ],
        "isTemplate": false,
        "count": 0,
        "updated": 1560155629
    },
    {
        "id": "4e2deee6-6a6c-52a3-61f3-33cb7545b02c",
        "data": [
            {
                "text": "I want to be informed more about language classes",
                "userDefined": false
            }
        ],
        "isTemplate": false,
        "count": 0,
        "updated": 1560155629
    },
    {
        "id": "51ffd2bd-5acc-4872-2740-f904a39e64bf",
        "data": [
            {
                "text": "I want to learn more about language classes",
                "userDefined": false
            }
        ],
        "isTemplate": false,
        "count": 0,
        "updated": 1560155629
    },
    {
        "id": "c3e966c1-1187-3ba1-e232-34cc4f2b5fc3",
        "data": [
            {
                "text": "where is the ILV information session organized",
                "userDefined": false
            }
        ],
        "isTemplate": false,
        "count": 0,
        "updated": 1560155629
    },
    {
        "id": "89276f4d-b921-9e22-471a-83bb96a0452c",
        "data": [
            {
                "text": "is there some kind of guidance session organized by Institut des Langues Vivantes",
                "userDefined": false
            }
        ],
        "isTemplate": false,
        "count": 0,
        "updated": 1560155629
    },
    {
        "id": "dff185a7-493a-8e9d-012c-ccf8dd0d9b1a",
        "data": [
            {
                "text": "would you be so kind and show me more about dialect classes",
                "userDefined": false
            }
        ],
        "isTemplate": false,
        "count": 0,
        "updated": 1560155629
    },
    {
        "id": "6506afb6-511a-d00a-4324-f17fc5f25581",
        "data": [
            {
                "text": "I'd really like to be informed more about language classes",
                "userDefined": false
            }
        ],
        "isTemplate": false,
        "count": 0,
        "updated": 1560155629
    },
    {
        "id": "659c48c7-5c19-1d95-b9a7-773a79771050",
        "data": [
            {
                "text": "I would like to learn more about language courses",
                "userDefined": false
            }
        ],
        "isTemplate": false,
        "count": 0,
        "updated": 1560155629
    }
]