[
    {
        "id": "aa48e3e0-a384-48fa-2f06-19786e705512",
        "data": [
            {
                "text": "who should I get in touch with to acquire info about rooms",
                "userDefined": false
            }
        ],
        "isTemplate": false,
        "count": 0,
        "updated": 1560155628
    },
    {
        "id": "6d0e58fa-de8c-454a-b07b-052762ab55f6",
        "data": [
            {
                "text": "would there be a advice service for kot support",
                "userDefined": false
            }
        ],
        "isTemplate": false,
        "count": 0,
        "updated": 1560155628
    },
    {
        "id": "1754c344-40d5-de4d-b738-583aef012777",
        "data": [
            {
                "text": "explain syello",
                "userDefined": false
            }
        ],
        "isTemplate": false,
        "count": 0,
        "updated": 1560155628
    },
    {
        "id": "3b3d009c-30fb-e717-3e41-529b4914c451",
        "data": [
            {
                "text": "I'd really want to know what syello means",
                "userDefined": false
            }
        ],
        "isTemplate": false,
        "count": 0,
        "updated": 1560155628
    },
    {
        "id": "23fd83e6-9969-a78a-aa29-34515f0d7e7d",
        "data": [
            {
                "text": "would there be a aid service for kot advice",
                "userDefined": false
            }
        ],
        "isTemplate": false,
        "count": 0,
        "updated": 1560155628
    },
    {
        "id": "60d571cf-1d7a-1e11-6633-c9a367c47805",
        "data": [
            {
                "text": "I need to acquire information about accommodations",
                "userDefined": false
            }
        ],
        "isTemplate": false,
        "count": 0,
        "updated": 1560155628
    },
    {
        "id": "95a31b89-7789-c50b-1aa4-f1fb8c225342",
        "data": [
            {
                "text": "would there be a aid service for room support",
                "userDefined": false
            }
        ],
        "isTemplate": false,
        "count": 0,
        "updated": 1560155628
    },
    {
        "id": "2ad47124-f233-179a-0d3d-27a46da29f4b",
        "data": [
            {
                "text": "I need advice about rooms",
                "userDefined": false
            }
        ],
        "isTemplate": false,
        "count": 0,
        "updated": 1560155628
    },
    {
        "id": "a47a670f-cbec-44a2-8d71-48dc4de5bf02",
        "data": [
            {
                "text": "what does syello mean",
                "userDefined": false
            }
        ],
        "isTemplate": false,
        "count": 0,
        "updated": 1560155628
    },
    {
        "id": "712d6c04-4889-74ed-a755-4ef112e639ba",
        "data": [
            {
                "text": "is there a advice service for place problems",
                "userDefined": false
            }
        ],
        "isTemplate": false,
        "count": 0,
        "updated": 1560155628
    },
    {
        "id": "c1a48bf7-256f-bd7d-138a-02749c1f3faa",
        "data": [
            {
                "text": "I need to obtain help about housings",
                "userDefined": false
            }
        ],
        "isTemplate": false,
        "count": 0,
        "updated": 1560155628
    },
    {
        "id": "e43766fb-1c47-627b-389a-020e82f672cb",
        "data": [
            {
                "text": "I need to obtain advice about housings",
                "userDefined": false
            }
        ],
        "isTemplate": false,
        "count": 0,
        "updated": 1560155628
    },
    {
        "id": "51d531fe-fe17-d251-2990-ec62505e12e6",
        "data": [
            {
                "text": "I need assistance about rooms problems",
                "userDefined": false
            }
        ],
        "isTemplate": false,
        "count": 0,
        "updated": 1560155628
    },
    {
        "id": "f594b477-6ea0-f6a0-a9a2-cf9c1c25d118",
        "data": [
            {
                "text": "describe what syello is",
                "userDefined": false
            }
        ],
        "isTemplate": false,
        "count": 0,
        "updated": 1560155628
    },
    {
        "id": "e242565e-76ff-5456-30ae-ec076ed406b2",
        "data": [
            {
                "text": "I would really like to know what syello means",
                "userDefined": false
            }
        ],
        "isTemplate": false,
        "count": 0,
        "updated": 1560155628
    },
    {
        "id": "e8beeb41-fc34-9885-4660-c30ef9f1efaa",
        "data": [
            {
                "text": "is there a help service for accommodation advice",
                "userDefined": false
            }
        ],
        "isTemplate": false,
        "count": 0,
        "updated": 1560155628
    },
    {
        "id": "50b40e68-3e6f-5450-42aa-115a0533a311",
        "data": [
            {
                "text": "I want the meaning of syello",
                "userDefined": false
            }
        ],
        "isTemplate": false,
        "count": 0,
        "updated": 1560155628
    },
    {
        "id": "6fb11ee8-7e05-4f62-d33d-3e4234497239",
        "data": [
            {
                "text": "would there be a aid service for place problems",
                "userDefined": false
            }
        ],
        "isTemplate": false,
        "count": 0,
        "updated": 1560155628
    },
    {
        "id": "79020d6d-cc11-4a3b-42b4-426cf8a2c137",
        "data": [
            {
                "text": "how would I receive guidance about places",
                "userDefined": false
            }
        ],
        "isTemplate": false,
        "count": 0,
        "updated": 1560155628
    },
    {
        "id": "286d4263-443e-b714-2cbe-1593dd348e9d",
        "data": [
            {
                "text": "how do I obtain help about places",
                "userDefined": false
            }
        ],
        "isTemplate": false,
        "count": 0,
        "updated": 1560155628
    },
    {
        "id": "abf2738c-ac30-d2bb-8323-cec5ba4417de",
        "data": [
            {
                "text": "I need advice about places problems",
                "userDefined": false
            }
        ],
        "isTemplate": false,
        "count": 0,
        "updated": 1560155628
    },
    {
        "id": "bf6b9685-5731-ec92-b63e-8e1d62437f3c",
        "data": [
            {
                "text": "I am looking for guidance about rooms problems",
                "userDefined": false
            }
        ],
        "isTemplate": false,
        "count": 0,
        "updated": 1560155628
    },
    {
        "id": "c29199bb-ac16-d647-c5c6-1d5b6bb3ee4b",
        "data": [
            {
                "text": "is there a assistance service for room support",
                "userDefined": false
            }
        ],
        "isTemplate": false,
        "count": 0,
        "updated": 1560155628
    },
    {
        "id": "dbbef0fb-62f9-33aa-0687-90e9b29fbdd6",
        "data": [
            {
                "text": "how to acquire guidance about places",
                "userDefined": false
            }
        ],
        "isTemplate": false,
        "count": 0,
        "updated": 1560155628
    },
    {
        "id": "b5993318-3d4f-fbf1-88db-91943fe3aaed",
        "data": [
            {
                "text": "describe what syello means",
                "userDefined": false
            }
        ],
        "isTemplate": false,
        "count": 0,
        "updated": 1560155628
    },
    {
        "id": "08bd9e6f-00fa-a05a-23e5-2d952ea34e6a",
        "data": [
            {
                "text": "where is it possible to acquire help about places",
                "userDefined": false
            }
        ],
        "isTemplate": false,
        "count": 0,
        "updated": 1560155628
    },
    {
        "id": "1283d67f-8e43-eb33-b341-a6b0556f4ab7",
        "data": [
            {
                "text": "information about what syello actually means",
                "userDefined": false
            }
        ],
        "isTemplate": false,
        "count": 0,
        "updated": 1560155628
    },
    {
        "id": "2f7916cf-6cb7-3f6d-58d1-7e9d0a387abc",
        "data": [
            {
                "text": "would there be a aid service for kot support",
                "userDefined": false
            }
        ],
        "isTemplate": false,
        "count": 0,
        "updated": 1560155628
    },
    {
        "id": "af96fb21-78aa-ecf7-afc4-75658246d80a",
        "data": [
            {
                "text": "describe syello please",
                "userDefined": false
            }
        ],
        "isTemplate": false,
        "count": 0,
        "updated": 1560155628
    },
    {
        "id": "51695b71-710d-b5f3-e33d-4f4c7d269850",
        "data": [
            {
                "text": "I am searching for advice for accommodations problems",
                "userDefined": false
            }
        ],
        "isTemplate": false,
        "count": 0,
        "updated": 1560155628
    },
    {
        "id": "7163f24c-5748-a16c-d55a-c03a1f6af562",
        "data": [
            {
                "text": "is there a advice service for place advice",
                "userDefined": false
            }
        ],
        "isTemplate": false,
        "count": 0,
        "updated": 1560155628
    },
    {
        "id": "f95ad8d1-b6e0-aaf4-e58b-341da4682143",
        "data": [
            {
                "text": "would there be a assistance service for place problems",
                "userDefined": false
            }
        ],
        "isTemplate": false,
        "count": 0,
        "updated": 1560155628
    },
    {
        "id": "3a3af0b4-2e9b-124d-2f05-b955fda8f9d7",
        "data": [
            {
                "text": "I need to get assistance about rooms",
                "userDefined": false
            }
        ],
        "isTemplate": false,
        "count": 0,
        "updated": 1560155628
    },
    {
        "id": "97ccd160-4d50-61a9-aa91-725339f042ce",
        "data": [
            {
                "text": "would there be a advice service for accommodation advice",
                "userDefined": false
            }
        ],
        "isTemplate": false,
        "count": 0,
        "updated": 1560155628
    },
    {
        "id": "d1d7f232-b971-a35a-fcc7-ac0825d6ae64",
        "data": [
            {
                "text": "is there a guidance service for room advice",
                "userDefined": false
            }
        ],
        "isTemplate": false,
        "count": 0,
        "updated": 1560155628
    },
    {
        "id": "00e269d9-2c89-1abc-d1a2-d9716d093387",
        "data": [
            {
                "text": "is there a guidance service for place problems",
                "userDefined": false
            }
        ],
        "isTemplate": false,
        "count": 0,
        "updated": 1560155628
    },
    {
        "id": "e19479dd-7bee-1e4e-2f75-908e369be40e",
        "data": [
            {
                "text": "where should I go to get info about accommodations",
                "userDefined": false
            }
        ],
        "isTemplate": false,
        "count": 0,
        "updated": 1560155628
    },
    {
        "id": "dbcb360e-98a9-db4f-23f5-c9746a12547d",
        "data": [
            {
                "text": "where would I receive advice about housings",
                "userDefined": false
            }
        ],
        "isTemplate": false,
        "count": 0,
        "updated": 1560155628
    },
    {
        "id": "45c0e57a-b55a-ff03-f8f5-2653c648833b",
        "data": [
            {
                "text": "how do I get advice about kots",
                "userDefined": false
            }
        ],
        "isTemplate": false,
        "count": 0,
        "updated": 1560155628
    },
    {
        "id": "4face0d8-9e14-0f3f-c5f5-86cdd6848bdf",
        "data": [
            {
                "text": "I'd really love the meaning of syello",
                "userDefined": false
            }
        ],
        "isTemplate": false,
        "count": 0,
        "updated": 1560155628
    },
    {
        "id": "87ca1706-4f1e-1cf0-94f9-ba8502e85878",
        "data": [
            {
                "text": "explain what syello stands for please",
                "userDefined": false
            }
        ],
        "isTemplate": false,
        "count": 0,
        "updated": 1560155628
    },
    {
        "id": "5017025b-fdd9-2e69-724b-4ec14fd237da",
        "data": [
            {
                "text": "how do I obtain advice about rooms",
                "userDefined": false
            }
        ],
        "isTemplate": false,
        "count": 0,
        "updated": 1560155628
    },
    {
        "id": "a3ebecab-8fc3-1648-269b-73c2c5a54904",
        "data": [
            {
                "text": "advice on what syello means",
                "userDefined": false
            }
        ],
        "isTemplate": false,
        "count": 0,
        "updated": 1560155628
    },
    {
        "id": "c02e8db0-7038-1bf4-e37b-e25b7fe6ec2d",
        "data": [
            {
                "text": "I need assistance for places problems",
                "userDefined": false
            }
        ],
        "isTemplate": false,
        "count": 0,
        "updated": 1560155628
    },
    {
        "id": "840d8006-9e7a-05cf-d3cf-d4ca9aa646cc",
        "data": [
            {
                "text": "what does syello stand for",
                "userDefined": false
            }
        ],
        "isTemplate": false,
        "count": 0,
        "updated": 1560155628
    },
    {
        "id": "d2c66a69-5fe9-4af4-09af-efbbb162d0d7",
        "data": [
            {
                "text": "is there a guidance service for room problems",
                "userDefined": false
            }
        ],
        "isTemplate": false,
        "count": 0,
        "updated": 1560155628
    },
    {
        "id": "52d52b5f-5eb4-efde-865e-6e345843ee53",
        "data": [
            {
                "text": "I need to receive pieces of advice about kots",
                "userDefined": false
            }
        ],
        "isTemplate": false,
        "count": 0,
        "updated": 1560155628
    },
    {
        "id": "71a4f66c-9120-f24d-69bf-2e468c072685",
        "data": [
            {
                "text": "I need to acquire support about housings",
                "userDefined": false
            }
        ],
        "isTemplate": false,
        "count": 0,
        "updated": 1560155628
    },
    {
        "id": "7621570e-402e-8ea0-c6d8-0a1258bf7300",
        "data": [
            {
                "text": "I'd like to know what syello means",
                "userDefined": false
            }
        ],
        "isTemplate": false,
        "count": 0,
        "updated": 1560155628
    },
    {
        "id": "42d1233f-390e-21f4-237b-c62ba57028c6",
        "data": [
            {
                "text": "describe what syello stands for",
                "userDefined": false
            }
        ],
        "isTemplate": false,
        "count": 0,
        "updated": 1560155628
    },
    {
        "id": "cd06046c-c628-54c4-1e35-2969947bbe07",
        "data": [
            {
                "text": "I am looking for advice for kots problems",
                "userDefined": false
            }
        ],
        "isTemplate": false,
        "count": 0,
        "updated": 1560155628
    },
    {
        "id": "5532fdbe-c6da-c0b6-83e8-293358ad45c3",
        "data": [
            {
                "text": "is there a assistance service for place support",
                "userDefined": false
            }
        ],
        "isTemplate": false,
        "count": 0,
        "updated": 1560155628
    },
    {
        "id": "d46e2638-33e8-d8f8-3ef4-fb59021af316",
        "data": [
            {
                "text": "would there be a advice service for room problems",
                "userDefined": false
            }
        ],
        "isTemplate": false,
        "count": 0,
        "updated": 1560155628
    },
    {
        "id": "8b15d2af-bbe3-c2f8-f384-a8b5e46ef79e",
        "data": [
            {
                "text": "would there be a aid service for place support",
                "userDefined": false
            }
        ],
        "isTemplate": false,
        "count": 0,
        "updated": 1560155628
    },
    {
        "id": "bbc8913e-3879-0619-3e9f-dd95ab314cbb",
        "data": [
            {
                "text": "would there be a support service for accommodation problems",
                "userDefined": false
            }
        ],
        "isTemplate": false,
        "count": 0,
        "updated": 1560155628
    },
    {
        "id": "162a5d5d-3fea-6073-9c07-34d3b1f02451",
        "data": [
            {
                "text": "I am looking for advice about places",
                "userDefined": false
            }
        ],
        "isTemplate": false,
        "count": 0,
        "updated": 1560155628
    },
    {
        "id": "b6ccc890-e5d0-3360-ad2c-47eae3c6dc23",
        "data": [
            {
                "text": "how is it possible to receive assistance about housings",
                "userDefined": false
            }
        ],
        "isTemplate": false,
        "count": 0,
        "updated": 1560155628
    },
    {
        "id": "11f7bc20-3f99-50ab-161d-bcda9bc92bb8",
        "data": [
            {
                "text": "I would love assistance about accommodations",
                "userDefined": false
            }
        ],
        "isTemplate": false,
        "count": 0,
        "updated": 1560155628
    },
    {
        "id": "8e292ad9-43b4-4287-b6fc-9663ac976916",
        "data": [
            {
                "text": "what to do to obtain counseling about places",
                "userDefined": false
            }
        ],
        "isTemplate": false,
        "count": 0,
        "updated": 1560155628
    },
    {
        "id": "c10e382f-2f77-26a1-e930-92516c1604ee",
        "data": [
            {
                "text": "I would love support about places problems",
                "userDefined": false
            }
        ],
        "isTemplate": false,
        "count": 0,
        "updated": 1560155628
    },
    {
        "id": "a52203fb-dcae-bcf6-5b6c-8a23898687d0",
        "data": [
            {
                "text": "how can I get info about accommodations",
                "userDefined": false
            }
        ],
        "isTemplate": false,
        "count": 0,
        "updated": 1560155628
    },
    {
        "id": "eb1bcbb5-58bd-e151-9e98-eeb105bef7c0",
        "data": [
            {
                "text": "I'd really like to obtain help about accommodations",
                "userDefined": false
            }
        ],
        "isTemplate": false,
        "count": 0,
        "updated": 1560155628
    },
    {
        "id": "165a1da2-473e-c0e5-68d2-30210fcc4987",
        "data": [
            {
                "text": "I need to obtain direction about kots",
                "userDefined": false
            }
        ],
        "isTemplate": false,
        "count": 0,
        "updated": 1560155628
    },
    {
        "id": "12d781f9-01b3-fe01-1a2d-1935a56a97a7",
        "data": [
            {
                "text": "I'd like advice about rooms problems",
                "userDefined": false
            }
        ],
        "isTemplate": false,
        "count": 0,
        "updated": 1560155628
    },
    {
        "id": "9a660986-a55e-960a-704b-7cc011da6475",
        "data": [
            {
                "text": "how do we get help about kots",
                "userDefined": false
            }
        ],
        "isTemplate": false,
        "count": 0,
        "updated": 1560155628
    },
    {
        "id": "c75688ab-a2d7-86ba-03dd-ea4c7aa8284a",
        "data": [
            {
                "text": "would there be a assistance service for room problems",
                "userDefined": false
            }
        ],
        "isTemplate": false,
        "count": 0,
        "updated": 1560155628
    },
    {
        "id": "86ed90c9-62ff-fd59-f363-a5515c0707a2",
        "data": [
            {
                "text": "I would like support about accommodations",
                "userDefined": false
            }
        ],
        "isTemplate": false,
        "count": 0,
        "updated": 1560155628
    },
    {
        "id": "2a109afe-a261-8283-a304-aaafa1a698bf",
        "data": [
            {
                "text": "would there be a advice service for place support",
                "userDefined": false
            }
        ],
        "isTemplate": false,
        "count": 0,
        "updated": 1560155628
    },
    {
        "id": "c3ac06be-1def-1f8d-6379-4e8204adec35",
        "data": [
            {
                "text": "I'd like assistance for accommodations problems",
                "userDefined": false
            }
        ],
        "isTemplate": false,
        "count": 0,
        "updated": 1560155628
    },
    {
        "id": "517fb9f0-95d9-f2b6-1139-29cdfe144905",
        "data": [
            {
                "text": "I'd love aid about rooms problems",
                "userDefined": false
            }
        ],
        "isTemplate": false,
        "count": 0,
        "updated": 1560155628
    },
    {
        "id": "2a21ba5d-9d90-1d58-5ef9-ada77362a221",
        "data": [
            {
                "text": "I am searching for assistance for places problems",
                "userDefined": false
            }
        ],
        "isTemplate": false,
        "count": 0,
        "updated": 1560155628
    },
    {
        "id": "05d4e9de-637e-bb7b-1b6c-63b9bd0fa700",
        "data": [
            {
                "text": "is there a support service for kot support",
                "userDefined": false
            }
        ],
        "isTemplate": false,
        "count": 0,
        "updated": 1560155628
    },
    {
        "id": "f5009e92-afb2-c533-d2c2-f2d4bb57063a",
        "data": [
            {
                "text": "what should I have to do to acquire information about places",
                "userDefined": false
            }
        ],
        "isTemplate": false,
        "count": 0,
        "updated": 1560155628
    },
    {
        "id": "5cf06b99-2376-abd3-537a-41e93b929edc",
        "data": [
            {
                "text": "I am looking for guidance for kots problems",
                "userDefined": false
            }
        ],
        "isTemplate": false,
        "count": 0,
        "updated": 1560155628
    },
    {
        "id": "4084f87e-aa07-58a9-77fa-92d823253a2c",
        "data": [
            {
                "text": "is there a support service for accommodation support",
                "userDefined": false
            }
        ],
        "isTemplate": false,
        "count": 0,
        "updated": 1560155628
    },
    {
        "id": "708ecfc7-e9e4-af0c-7f54-5f86ea5cc5ef",
        "data": [
            {
                "text": "I'd love to know what syello means",
                "userDefined": false
            }
        ],
        "isTemplate": false,
        "count": 0,
        "updated": 1560155628
    },
    {
        "id": "4c8e8fde-b764-a4a2-18b1-2bae71d1a201",
        "data": [
            {
                "text": "I want to know what syello is",
                "userDefined": false
            }
        ],
        "isTemplate": false,
        "count": 0,
        "updated": 1560155628
    },
    {
        "id": "bf1db70a-1777-134a-e08e-b645620bc797",
        "data": [
            {
                "text": "is there a assistance service for housing support",
                "userDefined": false
            }
        ],
        "isTemplate": false,
        "count": 0,
        "updated": 1560155628
    },
    {
        "id": "8aad0b25-ab30-65c2-3cdf-3be8a77b357f",
        "data": [
            {
                "text": "where can I get information about kots",
                "userDefined": false
            }
        ],
        "isTemplate": false,
        "count": 0,
        "updated": 1560155628
    },
    {
        "id": "e80de9ed-bbf6-9f83-de39-46631e8aab61",
        "data": [
            {
                "text": "I want support about accommodations problems",
                "userDefined": false
            }
        ],
        "isTemplate": false,
        "count": 0,
        "updated": 1560155628
    },
    {
        "id": "87a0fb87-a3b3-ee60-d171-ad62e052560b",
        "data": [
            {
                "text": "I need to get aid about accommodations",
                "userDefined": false
            }
        ],
        "isTemplate": false,
        "count": 0,
        "updated": 1560155628
    },
    {
        "id": "a1200fb0-62dc-07d6-b6a1-cefab8ab3c30",
        "data": [
            {
                "text": "who would support to acquire recommendations about housings",
                "userDefined": false
            }
        ],
        "isTemplate": false,
        "count": 0,
        "updated": 1560155628
    },
    {
        "id": "302b36e3-0fbf-ad10-56c5-085552b163dd",
        "data": [
            {
                "text": "would there be a assistance service for accommodation problems",
                "userDefined": false
            }
        ],
        "isTemplate": false,
        "count": 0,
        "updated": 1560155628
    },
    {
        "id": "f232f112-61ef-86ea-93ba-2cab346b7f17",
        "data": [
            {
                "text": "would there be a aid service for accommodation support",
                "userDefined": false
            }
        ],
        "isTemplate": false,
        "count": 0,
        "updated": 1560155628
    },
    {
        "id": "ac758959-0803-2a3f-588c-4e6bd707ff9b",
        "data": [
            {
                "text": "is there a help service for place advice",
                "userDefined": false
            }
        ],
        "isTemplate": false,
        "count": 0,
        "updated": 1560155628
    },
    {
        "id": "fdd63053-7729-7bc4-a78f-f113a9068523",
        "data": [
            {
                "text": "I'd really want to acquire advice about places",
                "userDefined": false
            }
        ],
        "isTemplate": false,
        "count": 0,
        "updated": 1560155628
    },
    {
        "id": "cd610d3f-5525-8cce-c6bb-364c736851c2",
        "data": [
            {
                "text": "I need assistance for places",
                "userDefined": false
            }
        ],
        "isTemplate": false,
        "count": 0,
        "updated": 1560155628
    },
    {
        "id": "d747e7b2-d14a-221b-3e0e-8514e727426b",
        "data": [
            {
                "text": "I would love guidance for housings",
                "userDefined": false
            }
        ],
        "isTemplate": false,
        "count": 0,
        "updated": 1560155628
    },
    {
        "id": "98a7f142-91fb-9cf1-35dc-b94b95196013",
        "data": [
            {
                "text": "I would really want the meaning of syello",
                "userDefined": false
            }
        ],
        "isTemplate": false,
        "count": 0,
        "updated": 1560155628
    },
    {
        "id": "504b9f9b-9b9b-362b-fb63-921f2cb589fc",
        "data": [
            {
                "text": "how to receive info about kots",
                "userDefined": false
            }
        ],
        "isTemplate": false,
        "count": 0,
        "updated": 1560155628
    },
    {
        "id": "4ac05d9e-15b9-ea36-17db-8bea91166a23",
        "data": [
            {
                "text": "I need advice for rooms problems",
                "userDefined": false
            }
        ],
        "isTemplate": false,
        "count": 0,
        "updated": 1560155628
    },
    {
        "id": "e96313bf-c95e-57e1-0fc4-bc28ca9d78f2",
        "data": [
            {
                "text": "I am searching for advice about kots",
                "userDefined": false
            }
        ],
        "isTemplate": false,
        "count": 0,
        "updated": 1560155628
    },
    {
        "id": "59d7bc3e-1f3f-18f3-50f7-97cafb8bfb33",
        "data": [
            {
                "text": "where is it possible for me to receive information about housings",
                "userDefined": false
            }
        ],
        "isTemplate": false,
        "count": 0,
        "updated": 1560155628
    },
    {
        "id": "8dab3d90-a76a-10d4-8f5f-15e977b28417",
        "data": [
            {
                "text": "how do I get support about kots",
                "userDefined": false
            }
        ],
        "isTemplate": false,
        "count": 0,
        "updated": 1560155628
    },
    {
        "id": "4d0b3723-1fbf-344a-87d9-f28f4e9fbbd7",
        "data": [
            {
                "text": "I am searching for guidance for housings problems",
                "userDefined": false
            }
        ],
        "isTemplate": false,
        "count": 0,
        "updated": 1560155628
    },
    {
        "id": "6b897649-f43f-8ff3-e62c-b0d5cdc143b6",
        "data": [
            {
                "text": "I would really love to receive info about accommodations",
                "userDefined": false
            }
        ],
        "isTemplate": false,
        "count": 0,
        "updated": 1560155628
    },
    {
        "id": "e309fc46-64c0-3eaa-d088-d4414336fa21",
        "data": [
            {
                "text": "I need aid for accommodations",
                "userDefined": false
            }
        ],
        "isTemplate": false,
        "count": 0,
        "updated": 1560155628
    },
    {
        "id": "64f4cdd2-96b7-26c6-0304-32856e2c0d89",
        "data": [
            {
                "text": "I need the definition of syello",
                "userDefined": false
            }
        ],
        "isTemplate": false,
        "count": 0,
        "updated": 1560155628
    },
    {
        "id": "b615cdd5-d346-a603-72b2-ff79605c743c",
        "data": [
            {
                "text": "what is syello",
                "userDefined": false
            }
        ],
        "isTemplate": false,
        "count": 0,
        "updated": 1560155628
    },
    {
        "id": "a88af67b-f470-4526-bb6f-5bff82bd28b5",
        "data": [
            {
                "text": "I would like advice about accommodations",
                "userDefined": false
            }
        ],
        "isTemplate": false,
        "count": 0,
        "updated": 1560155628
    },
    {
        "id": "a6e07550-188a-dbc6-66d7-6f93181bbce1",
        "data": [
            {
                "text": "would there be a support service for housing support",
                "userDefined": false
            }
        ],
        "isTemplate": false,
        "count": 0,
        "updated": 1560155628
    },
    {
        "id": "747e97c9-d83b-4233-4fd1-a3752c3d2420",
        "data": [
            {
                "text": "I am looking for aid for housings problems",
                "userDefined": false
            }
        ],
        "isTemplate": false,
        "count": 0,
        "updated": 1560155628
    },
    {
        "id": "91e700c6-8bd3-326f-25aa-ed4b60f388e1",
        "data": [
            {
                "text": "I need aid about housings problems",
                "userDefined": false
            }
        ],
        "isTemplate": false,
        "count": 0,
        "updated": 1560155628
    },
    {
        "id": "7e31f858-b22e-9ca3-f902-ef1234da481d",
        "data": [
            {
                "text": "I'd really want to acquire guidance about housings",
                "userDefined": false
            }
        ],
        "isTemplate": false,
        "count": 0,
        "updated": 1560155628
    },
    {
        "id": "77dc9358-2b16-9cbf-79e3-902b46b80018",
        "data": [
            {
                "text": "I need help for kots problems",
                "userDefined": false
            }
        ],
        "isTemplate": false,
        "count": 0,
        "updated": 1560155628
    },
    {
        "id": "6df72ef5-ce00-6409-1160-ebbfbc79246e",
        "data": [
            {
                "text": "I'd really want to receive assistance about rooms",
                "userDefined": false
            }
        ],
        "isTemplate": false,
        "count": 0,
        "updated": 1560155628
    },
    {
        "id": "15f05830-c154-0179-a86c-8bb1c36873f0",
        "data": [
            {
                "text": "I need the meaning of syello",
                "userDefined": false
            }
        ],
        "isTemplate": false,
        "count": 0,
        "updated": 1560155628
    },
    {
        "id": "06f907c8-fd99-c1d6-a904-7a92daaab080",
        "data": [
            {
                "text": "I need guidance for rooms problems",
                "userDefined": false
            }
        ],
        "isTemplate": false,
        "count": 0,
        "updated": 1560155628
    },
    {
        "id": "c02202ca-ec6f-015f-de00-a5a08892ef49",
        "data": [
            {
                "text": "I'd really love to get information about rooms",
                "userDefined": false
            }
        ],
        "isTemplate": false,
        "count": 0,
        "updated": 1560155628
    },
    {
        "id": "1251fae9-131c-810f-97b0-cb4f9c49aeb2",
        "data": [
            {
                "text": "is there a support service for room problems",
                "userDefined": false
            }
        ],
        "isTemplate": false,
        "count": 0,
        "updated": 1560155628
    },
    {
        "id": "959899c8-2065-962f-1c11-7ffb89aae342",
        "data": [
            {
                "text": "is there a aid service for housing support",
                "userDefined": false
            }
        ],
        "isTemplate": false,
        "count": 0,
        "updated": 1560155628
    },
    {
        "id": "8dda91d0-85fe-31cc-b6e9-0222e6802e22",
        "data": [
            {
                "text": "I need to get information about rooms",
                "userDefined": false
            }
        ],
        "isTemplate": false,
        "count": 0,
        "updated": 1560155628
    },
    {
        "id": "7bb712ec-4fd2-cc05-ac43-bb9cdf2ae43e",
        "data": [
            {
                "text": "is there a support service for place advice",
                "userDefined": false
            }
        ],
        "isTemplate": false,
        "count": 0,
        "updated": 1560155628
    },
    {
        "id": "f77ae136-8a5c-7b21-c3fa-1e62f0a33e27",
        "data": [
            {
                "text": "I'd like assistance for places problems",
                "userDefined": false
            }
        ],
        "isTemplate": false,
        "count": 0,
        "updated": 1560155628
    },
    {
        "id": "99544ecb-02a9-7881-658d-4991320dea48",
        "data": [
            {
                "text": "I need to acquire aid about places",
                "userDefined": false
            }
        ],
        "isTemplate": false,
        "count": 0,
        "updated": 1560155628
    },
    {
        "id": "1b0c8dd0-bdac-3429-0897-52cc52d7726b",
        "data": [
            {
                "text": "I'd like support for kots",
                "userDefined": false
            }
        ],
        "isTemplate": false,
        "count": 0,
        "updated": 1560155628
    },
    {
        "id": "a431a03d-9dab-a3fc-9e95-c96746ad11c5",
        "data": [
            {
                "text": "I need to get information about housings",
                "userDefined": false
            }
        ],
        "isTemplate": false,
        "count": 0,
        "updated": 1560155628
    },
    {
        "id": "c5d7d31a-fb21-072b-f4ee-ab99e08b798a",
        "data": [
            {
                "text": "would there be a advice service for place advice",
                "userDefined": false
            }
        ],
        "isTemplate": false,
        "count": 0,
        "updated": 1560155628
    },
    {
        "id": "05525dc2-fa6f-956e-5ff6-70bf4346c166",
        "data": [
            {
                "text": "how to obtain help about kots",
                "userDefined": false
            }
        ],
        "isTemplate": false,
        "count": 0,
        "updated": 1560155628
    },
    {
        "id": "fba89439-da83-f523-c802-898197f75ef3",
        "data": [
            {
                "text": "how do we obtain aid about places",
                "userDefined": false
            }
        ],
        "isTemplate": false,
        "count": 0,
        "updated": 1560155628
    }
]