[
    {
        "id": "559eb693-43b0-74f5-02d6-2f16b88bf6de",
        "data": [
            {
                "text": "is it likeable in belgium",
                "userDefined": false
            }
        ],
        "isTemplate": false,
        "count": 0,
        "updated": 1560155628
    },
    {
        "id": "5927558c-c2c3-7722-25ce-5d3281c08f07",
        "data": [
            {
                "text": "would I love living in belgium",
                "userDefined": false
            }
        ],
        "isTemplate": false,
        "count": 0,
        "updated": 1560155628
    },
    {
        "id": "f35d2959-324a-b61e-7b54-8762c4012f53",
        "data": [
            {
                "text": "would I love living at UCL",
                "userDefined": false
            }
        ],
        "isTemplate": false,
        "count": 0,
        "updated": 1560155628
    },
    {
        "id": "3f5655da-3ee7-5ad7-9724-f07105ce4862",
        "data": [
            {
                "text": "will I like being in belgium",
                "userDefined": false
            }
        ],
        "isTemplate": false,
        "count": 0,
        "updated": 1560155628
    },
    {
        "id": "32b5f2ba-70b5-0737-ddac-baa70f7e3241",
        "data": [
            {
                "text": "would I like to reside at louv",
                "userDefined": false
            }
        ],
        "isTemplate": false,
        "count": 0,
        "updated": 1560155628
    },
    {
        "id": "ea69da48-c3fc-2d7d-7d93-a98fe15875d5",
        "data": [
            {
                "text": "is it nice in Louv",
                "userDefined": false
            }
        ],
        "isTemplate": false,
        "count": 0,
        "updated": 1560155628
    },
    {
        "id": "c6f2daf4-7d6c-75c9-c72d-52761f86b2f3",
        "data": [
            {
                "text": "is it neat in belgium",
                "userDefined": false
            }
        ],
        "isTemplate": false,
        "count": 0,
        "updated": 1560155628
    },
    {
        "id": "4e5c7446-376c-8a44-4091-6b4d61e9d543",
        "data": [
            {
                "text": "would I love belgium",
                "userDefined": false
            }
        ],
        "isTemplate": false,
        "count": 0,
        "updated": 1560155628
    },
    {
        "id": "79329349-2f9d-1bcb-19b9-3fd5053e12c7",
        "data": [
            {
                "text": "will I like to reside at Louvain-la-Neuve",
                "userDefined": false
            }
        ],
        "isTemplate": false,
        "count": 0,
        "updated": 1560155628
    },
    {
        "id": "3261436b-a891-0efa-55f0-7e77a39a392c",
        "data": [
            {
                "text": "will I love to live in belgium",
                "userDefined": false
            }
        ],
        "isTemplate": false,
        "count": 0,
        "updated": 1560155628
    },
    {
        "id": "b2075604-254f-6f54-555a-4b414cebb54e",
        "data": [
            {
                "text": "is it neat there",
                "userDefined": false
            }
        ],
        "isTemplate": false,
        "count": 0,
        "updated": 1560155628
    },
    {
        "id": "9b30b3c3-8aee-96ab-4d13-cdcbdc240573",
        "data": [
            {
                "text": "would I love residing in belgium",
                "userDefined": false
            }
        ],
        "isTemplate": false,
        "count": 0,
        "updated": 1560155628
    },
    {
        "id": "887f6de6-7110-7f3a-7d65-331273255e8a",
        "data": [
            {
                "text": "is it nice in belgium",
                "userDefined": false
            }
        ],
        "isTemplate": false,
        "count": 0,
        "updated": 1560155628
    },
    {
        "id": "bf1e8edb-b153-ca4d-7de9-a0ce373cb8fc",
        "data": [
            {
                "text": "will I love belgium",
                "userDefined": false
            }
        ],
        "isTemplate": false,
        "count": 0,
        "updated": 1560155628
    },
    {
        "id": "593c4716-d685-ac25-9a96-20d376ceaa26",
        "data": [
            {
                "text": "would I like belgium",
                "userDefined": false
            }
        ],
        "isTemplate": false,
        "count": 0,
        "updated": 1560155628
    },
    {
        "id": "72c105e8-a431-2950-ad0b-8de4ea856099",
        "data": [
            {
                "text": "would I like to be at Louvain-la-Neuve",
                "userDefined": false
            }
        ],
        "isTemplate": false,
        "count": 0,
        "updated": 1560155628
    },
    {
        "id": "dc0a2c59-da83-0b79-0f30-59347f5494a1",
        "data": [
            {
                "text": "will I like belgium",
                "userDefined": false
            }
        ],
        "isTemplate": false,
        "count": 0,
        "updated": 1560155628
    },
    {
        "id": "d9cced39-acc8-19fe-aadd-406809f276d3",
        "data": [
            {
                "text": "is it neat at UCLouvain",
                "userDefined": false
            }
        ],
        "isTemplate": false,
        "count": 0,
        "updated": 1560155628
    },
    {
        "id": "047a6787-d79c-961f-b22b-3116e7bfa462",
        "data": [
            {
                "text": "will I like to live at the uni",
                "userDefined": false
            }
        ],
        "isTemplate": false,
        "count": 0,
        "updated": 1560155628
    },
    {
        "id": "505ea9e1-3649-bc40-a5b0-44196f5b76b7",
        "data": [
            {
                "text": "would I like residing in belgium",
                "userDefined": false
            }
        ],
        "isTemplate": false,
        "count": 0,
        "updated": 1560155628
    },
    {
        "id": "58b690fb-8d8a-2ab5-6c7c-24a99784d0d1",
        "data": [
            {
                "text": "will I love residing at college",
                "userDefined": false
            }
        ],
        "isTemplate": false,
        "count": 0,
        "updated": 1560155628
    },
    {
        "id": "b708c0eb-8867-026d-ba2a-ddd30d837452",
        "data": [
            {
                "text": "would I like to live in belgium",
                "userDefined": false
            }
        ],
        "isTemplate": false,
        "count": 0,
        "updated": 1560155628
    },
    {
        "id": "b5a9622b-9528-c704-59df-71026bb8257a",
        "data": [
            {
                "text": "is it nice there",
                "userDefined": false
            }
        ],
        "isTemplate": false,
        "count": 0,
        "updated": 1560155628
    },
    {
        "id": "b4eb2f69-537e-0049-cfc2-dd0841f084ca",
        "data": [
            {
                "text": "is it neat in Louvain",
                "userDefined": false
            }
        ],
        "isTemplate": false,
        "count": 0,
        "updated": 1560155628
    },
    {
        "id": "9425ae8e-2e94-44bb-712d-2ae4648b67c9",
        "data": [
            {
                "text": "would I like living in belgium",
                "userDefined": false
            }
        ],
        "isTemplate": false,
        "count": 0,
        "updated": 1560155628
    },
    {
        "id": "1461fcaf-2886-350f-ece4-44fd59be0fd0",
        "data": [
            {
                "text": "is it likeable at uni",
                "userDefined": false
            }
        ],
        "isTemplate": false,
        "count": 0,
        "updated": 1560155628
    },
    {
        "id": "59dfcc02-4a3b-4248-14d5-ba2418329391",
        "data": [
            {
                "text": "will I like to be there",
                "userDefined": false
            }
        ],
        "isTemplate": false,
        "count": 0,
        "updated": 1560155628
    },
    {
        "id": "653522b9-d29c-445d-abb8-1deb461b4345",
        "data": [
            {
                "text": "will I like residing there",
                "userDefined": false
            }
        ],
        "isTemplate": false,
        "count": 0,
        "updated": 1560155628
    },
    {
        "id": "66d43332-9de1-abf2-6373-99174d1efd87",
        "data": [
            {
                "text": "is it likeable at UCLouvain",
                "userDefined": false
            }
        ],
        "isTemplate": false,
        "count": 0,
        "updated": 1560155628
    },
    {
        "id": "eb169605-d657-7692-d0dc-63b6277c8a09",
        "data": [
            {
                "text": "would I love to reside there",
                "userDefined": false
            }
        ],
        "isTemplate": false,
        "count": 0,
        "updated": 1560155628
    },
    {
        "id": "3c61a791-7215-0007-f764-1e660f241371",
        "data": [
            {
                "text": "would I like residing at UCL",
                "userDefined": false
            }
        ],
        "isTemplate": false,
        "count": 0,
        "updated": 1560155628
    },
    {
        "id": "6efc8413-f09b-9274-5236-9d74b3a30488",
        "data": [
            {
                "text": "would I like to reside in belgium",
                "userDefined": false
            }
        ],
        "isTemplate": false,
        "count": 0,
        "updated": 1560155628
    },
    {
        "id": "79e002f6-b71a-0f11-aa16-a6e87ac75c00",
        "data": [
            {
                "text": "would I like to live at college",
                "userDefined": false
            }
        ],
        "isTemplate": false,
        "count": 0,
        "updated": 1560155628
    },
    {
        "id": "ab3cc005-6557-f4da-f68d-3e2a2cf1b785",
        "data": [
            {
                "text": "would I like living at the college",
                "userDefined": false
            }
        ],
        "isTemplate": false,
        "count": 0,
        "updated": 1560155628
    },
    {
        "id": "e6466cd5-b629-086f-7482-1c5c8d249ea9",
        "data": [
            {
                "text": "will I love being in lln",
                "userDefined": false
            }
        ],
        "isTemplate": false,
        "count": 0,
        "updated": 1560155628
    },
    {
        "id": "c2f45e32-8db8-fde4-918b-a234cdf6af1e",
        "data": [
            {
                "text": "will I like to reside in belgium",
                "userDefined": false
            }
        ],
        "isTemplate": false,
        "count": 0,
        "updated": 1560155628
    },
    {
        "id": "883bc95e-c452-f495-dbea-2ab507399d01",
        "data": [
            {
                "text": "will I like residing in belgium",
                "userDefined": false
            }
        ],
        "isTemplate": false,
        "count": 0,
        "updated": 1560155628
    },
    {
        "id": "ee19225b-5987-0816-f0a4-781b6a2479c8",
        "data": [
            {
                "text": "is it nice in louvain",
                "userDefined": false
            }
        ],
        "isTemplate": false,
        "count": 0,
        "updated": 1560155628
    },
    {
        "id": "ad1f3c7c-e097-0b86-2702-2a341ddff0c6",
        "data": [
            {
                "text": "will I like to reside at university",
                "userDefined": false
            }
        ],
        "isTemplate": false,
        "count": 0,
        "updated": 1560155628
    },
    {
        "id": "9835fd66-aad8-f7e6-cb89-6041a10a5671",
        "data": [
            {
                "text": "will I like to live at louv",
                "userDefined": false
            }
        ],
        "isTemplate": false,
        "count": 0,
        "updated": 1560155628
    },
    {
        "id": "6857aea0-85c0-aa4e-0d22-9f7ca979e2ba",
        "data": [
            {
                "text": "will I love residing in belgium",
                "userDefined": false
            }
        ],
        "isTemplate": false,
        "count": 0,
        "updated": 1560155628
    },
    {
        "id": "55371e37-4042-059c-4707-2eefd88c180b",
        "data": [
            {
                "text": "will I love to reside in belgium",
                "userDefined": false
            }
        ],
        "isTemplate": false,
        "count": 0,
        "updated": 1560155628
    },
    {
        "id": "ccd973c8-68aa-9c7b-e6d4-78a144e5451d",
        "data": [
            {
                "text": "will I like living in belgium",
                "userDefined": false
            }
        ],
        "isTemplate": false,
        "count": 0,
        "updated": 1560155628
    },
    {
        "id": "d7b93bd3-2eef-29c6-c3df-8c058308c481",
        "data": [
            {
                "text": "is it neat at the university",
                "userDefined": false
            }
        ],
        "isTemplate": false,
        "count": 0,
        "updated": 1560155628
    },
    {
        "id": "1f6d7dc8-b7a2-b1af-7fcc-a30836d9aa27",
        "data": [
            {
                "text": "is it likeable there",
                "userDefined": false
            }
        ],
        "isTemplate": false,
        "count": 0,
        "updated": 1560155628
    },
    {
        "id": "0745f68e-2bb5-2193-a5a9-b81a045f8fed",
        "data": [
            {
                "text": "will I like to live in belgium",
                "userDefined": false
            }
        ],
        "isTemplate": false,
        "count": 0,
        "updated": 1560155628
    },
    {
        "id": "029aea69-7508-6f8d-5887-99f38484a498",
        "data": [
            {
                "text": "will I love being in belgium",
                "userDefined": false
            }
        ],
        "isTemplate": false,
        "count": 0,
        "updated": 1560155628
    },
    {
        "id": "0f7d3bac-2c64-0124-5da1-c363f05e9018",
        "data": [
            {
                "text": "would I like to reside there",
                "userDefined": false
            }
        ],
        "isTemplate": false,
        "count": 0,
        "updated": 1560155628
    },
    {
        "id": "11d86294-27eb-6b64-4841-412b478b7162",
        "data": [
            {
                "text": "will I love living in belgium",
                "userDefined": false
            }
        ],
        "isTemplate": false,
        "count": 0,
        "updated": 1560155628
    },
    {
        "id": "0f6bdcce-3688-1079-9b7f-9edade719924",
        "data": [
            {
                "text": "is it neat at UCL",
                "userDefined": false
            }
        ],
        "isTemplate": false,
        "count": 0,
        "updated": 1560155628
    },
    {
        "id": "17a6c4ad-652c-3d23-bd9f-c783a906d7cd",
        "data": [
            {
                "text": "will I love to reside at ucl",
                "userDefined": false
            }
        ],
        "isTemplate": false,
        "count": 0,
        "updated": 1560155628
    },
    {
        "id": "2bee286a-d807-6344-dd06-5d1d8aff459b",
        "data": [
            {
                "text": "would I like to reside in louv",
                "userDefined": false
            }
        ],
        "isTemplate": false,
        "count": 0,
        "updated": 1560155628
    },
    {
        "id": "0028de50-815c-0500-6503-3f5ea3ecc0d6",
        "data": [
            {
                "text": "will I love being at uclouvain",
                "userDefined": false
            }
        ],
        "isTemplate": false,
        "count": 0,
        "updated": 1560155628
    },
    {
        "id": "256e2683-145d-0c48-537f-f3f1997b58a1",
        "data": [
            {
                "text": "would I love to live in belgium",
                "userDefined": false
            }
        ],
        "isTemplate": false,
        "count": 0,
        "updated": 1560155628
    },
    {
        "id": "69c9d45e-f5b7-7c72-f81f-7ace9eeb4a3f",
        "data": [
            {
                "text": "is it nice in Louvain",
                "userDefined": false
            }
        ],
        "isTemplate": false,
        "count": 0,
        "updated": 1560155628
    },
    {
        "id": "fe73d47f-4f61-fd14-3597-8f4b6828953c",
        "data": [
            {
                "text": "is it nice in Louvain-la-Neuve",
                "userDefined": false
            }
        ],
        "isTemplate": false,
        "count": 0,
        "updated": 1560155628
    },
    {
        "id": "dbde45de-b2b9-fb34-938d-d0729b18596f",
        "data": [
            {
                "text": "would I love living at ucl",
                "userDefined": false
            }
        ],
        "isTemplate": false,
        "count": 0,
        "updated": 1560155628
    },
    {
        "id": "9787b2e2-ad16-2a57-f95b-0f4960844369",
        "data": [
            {
                "text": "is it neat at Louv",
                "userDefined": false
            }
        ],
        "isTemplate": false,
        "count": 0,
        "updated": 1560155628
    },
    {
        "id": "fcfbd481-bd06-2647-effc-95d13bf67b6d",
        "data": [
            {
                "text": "is it nice at ucl",
                "userDefined": false
            }
        ],
        "isTemplate": false,
        "count": 0,
        "updated": 1560155628
    },
    {
        "id": "c8a207f9-1f40-1b14-acd2-b12ef706b876",
        "data": [
            {
                "text": "would I love to be in belgium",
                "userDefined": false
            }
        ],
        "isTemplate": false,
        "count": 0,
        "updated": 1560155628
    },
    {
        "id": "bb25b15e-8fb3-41f5-c1f0-7a661e2f1806",
        "data": [
            {
                "text": "would I love to live there",
                "userDefined": false
            }
        ],
        "isTemplate": false,
        "count": 0,
        "updated": 1560155628
    },
    {
        "id": "2a42cf19-2299-bc74-44ff-7570ceaff49c",
        "data": [
            {
                "text": "would I like to be in belgium",
                "userDefined": false
            }
        ],
        "isTemplate": false,
        "count": 0,
        "updated": 1560155628
    },
    {
        "id": "7ba77a2a-f542-d2cd-fda2-d898d8e99623",
        "data": [
            {
                "text": "would I love to live at louv",
                "userDefined": false
            }
        ],
        "isTemplate": false,
        "count": 0,
        "updated": 1560155628
    },
    {
        "id": "c026c967-6b88-95e9-26b7-7f4bb23ac20e",
        "data": [
            {
                "text": "will I like to live there",
                "userDefined": false
            }
        ],
        "isTemplate": false,
        "count": 0,
        "updated": 1560155628
    },
    {
        "id": "9a5daee4-9ba0-7f14-a098-005ccea38a9f",
        "data": [
            {
                "text": "is it nice at uclouvain",
                "userDefined": false
            }
        ],
        "isTemplate": false,
        "count": 0,
        "updated": 1560155628
    },
    {
        "id": "c4f2225a-057e-6637-91b7-b0564c36f186",
        "data": [
            {
                "text": "is it likeable at Louv",
                "userDefined": false
            }
        ],
        "isTemplate": false,
        "count": 0,
        "updated": 1560155628
    },
    {
        "id": "3ffbff90-80ad-504b-8f04-3e1295a94fb7",
        "data": [
            {
                "text": "is it neat at the uni",
                "userDefined": false
            }
        ],
        "isTemplate": false,
        "count": 0,
        "updated": 1560155628
    },
    {
        "id": "39b712d8-222b-d18e-1e00-225a8dcee774",
        "data": [
            {
                "text": "would I love living there",
                "userDefined": false
            }
        ],
        "isTemplate": false,
        "count": 0,
        "updated": 1560155628
    },
    {
        "id": "91f62027-7198-f53f-495c-e3bcc1335dee",
        "data": [
            {
                "text": "will I love to live there",
                "userDefined": false
            }
        ],
        "isTemplate": false,
        "count": 0,
        "updated": 1560155628
    },
    {
        "id": "01aec010-203e-08e9-fe98-08082a073c88",
        "data": [
            {
                "text": "is it nice at LLN",
                "userDefined": false
            }
        ],
        "isTemplate": false,
        "count": 0,
        "updated": 1560155628
    },
    {
        "id": "ed6707bf-cb2b-752f-73d0-546599cad06c",
        "data": [
            {
                "text": "will I love residing at louvain-la-neuve",
                "userDefined": false
            }
        ],
        "isTemplate": false,
        "count": 0,
        "updated": 1560155628
    },
    {
        "id": "0dbec79d-7cb9-e22e-38ea-aaab347d6bdb",
        "data": [
            {
                "text": "will I love residing at louv",
                "userDefined": false
            }
        ],
        "isTemplate": false,
        "count": 0,
        "updated": 1560155628
    },
    {
        "id": "d8bf48f1-972d-6045-cf93-9d444f771f42",
        "data": [
            {
                "text": "would I love being in belgium",
                "userDefined": false
            }
        ],
        "isTemplate": false,
        "count": 0,
        "updated": 1560155628
    },
    {
        "id": "4ee2e5d5-874d-b8c9-4cfc-84ddd458a5c0",
        "data": [
            {
                "text": "would I love to reside at louvain la neuve",
                "userDefined": false
            }
        ],
        "isTemplate": false,
        "count": 0,
        "updated": 1560155628
    },
    {
        "id": "e584e250-caa5-91fc-568c-1aeca2b76c54",
        "data": [
            {
                "text": "would I like living there",
                "userDefined": false
            }
        ],
        "isTemplate": false,
        "count": 0,
        "updated": 1560155628
    },
    {
        "id": "5b8d12c7-1d9f-7a9b-6f26-c80df865b27a",
        "data": [
            {
                "text": "will I love to be in belgium",
                "userDefined": false
            }
        ],
        "isTemplate": false,
        "count": 0,
        "updated": 1560155628
    },
    {
        "id": "a14c5983-6783-481f-9bc5-94bbdde0f465",
        "data": [
            {
                "text": "is it nice at the uni",
                "userDefined": false
            }
        ],
        "isTemplate": false,
        "count": 0,
        "updated": 1560155628
    },
    {
        "id": "81621013-cc5e-5c90-c462-e9e4faa843d9",
        "data": [
            {
                "text": "would I like to be at ucl",
                "userDefined": false
            }
        ],
        "isTemplate": false,
        "count": 0,
        "updated": 1560155628
    },
    {
        "id": "ecdb6d0e-b969-45d3-433e-eaf1b5a6f0b8",
        "data": [
            {
                "text": "would I like to live there",
                "userDefined": false
            }
        ],
        "isTemplate": false,
        "count": 0,
        "updated": 1560155628
    },
    {
        "id": "d94bb738-508b-ba10-ed71-33c0ef96ee6b",
        "data": [
            {
                "text": "would I love to reside in belgium",
                "userDefined": false
            }
        ],
        "isTemplate": false,
        "count": 0,
        "updated": 1560155628
    },
    {
        "id": "b29f43e6-5ea5-efcd-b477-442aa6b36ae3",
        "data": [
            {
                "text": "is it nice at college",
                "userDefined": false
            }
        ],
        "isTemplate": false,
        "count": 0,
        "updated": 1560155628
    },
    {
        "id": "c1de796b-fa5a-4b86-a96e-841d2ea4d19a",
        "data": [
            {
                "text": "will I like living at college",
                "userDefined": false
            }
        ],
        "isTemplate": false,
        "count": 0,
        "updated": 1560155628
    },
    {
        "id": "64db7b94-9a91-e524-a354-a9c037be1d63",
        "data": [
            {
                "text": "is it neat in louvain la neuve",
                "userDefined": false
            }
        ],
        "isTemplate": false,
        "count": 0,
        "updated": 1560155628
    },
    {
        "id": "1c3b74ed-bbf7-6c8a-2022-5b9a4ae20512",
        "data": [
            {
                "text": "would I love residing at Louvain-la-Neuve",
                "userDefined": false
            }
        ],
        "isTemplate": false,
        "count": 0,
        "updated": 1560155628
    },
    {
        "id": "07bac6d4-fb89-4dbf-ef5e-3f41b6989fb9",
        "data": [
            {
                "text": "is it nice at UCLouvain",
                "userDefined": false
            }
        ],
        "isTemplate": false,
        "count": 0,
        "updated": 1560155628
    },
    {
        "id": "9a41211e-57ec-75af-a533-6995aaff3e01",
        "data": [
            {
                "text": "is it nice in louv",
                "userDefined": false
            }
        ],
        "isTemplate": false,
        "count": 0,
        "updated": 1560155628
    },
    {
        "id": "463d5734-c1ff-bada-df08-fd26a3f8e660",
        "data": [
            {
                "text": "will I love living at louvain",
                "userDefined": false
            }
        ],
        "isTemplate": false,
        "count": 0,
        "updated": 1560155628
    },
    {
        "id": "bd956725-dd2b-06c4-f75f-0c21df0d9b32",
        "data": [
            {
                "text": "is it nice at UCL",
                "userDefined": false
            }
        ],
        "isTemplate": false,
        "count": 0,
        "updated": 1560155628
    },
    {
        "id": "879e52fd-ab7d-6baf-4ad5-bbb5ea254037",
        "data": [
            {
                "text": "will I like residing at Louv",
                "userDefined": false
            }
        ],
        "isTemplate": false,
        "count": 0,
        "updated": 1560155628
    },
    {
        "id": "411ad4be-0a7c-5f66-3d75-01eebe7a750d",
        "data": [
            {
                "text": "would I love to live in louvain-la-neuve",
                "userDefined": false
            }
        ],
        "isTemplate": false,
        "count": 0,
        "updated": 1560155628
    },
    {
        "id": "f980da1b-02bc-9745-a1d3-43fdcf3d46c9",
        "data": [
            {
                "text": "is it neat at louv",
                "userDefined": false
            }
        ],
        "isTemplate": false,
        "count": 0,
        "updated": 1560155628
    },
    {
        "id": "b1dc3003-f106-03ea-879a-9dbe6daa3899",
        "data": [
            {
                "text": "would I like to reside in LLN",
                "userDefined": false
            }
        ],
        "isTemplate": false,
        "count": 0,
        "updated": 1560155628
    },
    {
        "id": "f28d93d2-0ed6-ab95-3e67-9148445edc2c",
        "data": [
            {
                "text": "is it neat at louvain-la-neuve",
                "userDefined": false
            }
        ],
        "isTemplate": false,
        "count": 0,
        "updated": 1560155628
    },
    {
        "id": "1a0a96ae-0e71-0f0e-9c19-77bb33a77639",
        "data": [
            {
                "text": "is it neat in Louv",
                "userDefined": false
            }
        ],
        "isTemplate": false,
        "count": 0,
        "updated": 1560155628
    },
    {
        "id": "785d26fb-d564-490a-3e20-88bde9f2a5e2",
        "data": [
            {
                "text": "would I like to live at louv",
                "userDefined": false
            }
        ],
        "isTemplate": false,
        "count": 0,
        "updated": 1560155628
    },
    {
        "id": "5df93e60-87fe-d0ff-d2a9-9455ff7f08dc",
        "data": [
            {
                "text": "will I like to reside there",
                "userDefined": false
            }
        ],
        "isTemplate": false,
        "count": 0,
        "updated": 1560155628
    },
    {
        "id": "bdb70367-5304-7f59-26ba-3d1f9a65f1eb",
        "data": [
            {
                "text": "will I like to live at UCLouvain",
                "userDefined": false
            }
        ],
        "isTemplate": false,
        "count": 0,
        "updated": 1560155628
    },
    {
        "id": "0ffdf800-04c5-3441-d22d-61e648452582",
        "data": [
            {
                "text": "will I like to live at louvain la neuve",
                "userDefined": false
            }
        ],
        "isTemplate": false,
        "count": 0,
        "updated": 1560155628
    },
    {
        "id": "1e565a45-6428-085d-4726-b9e2014a606e",
        "data": [
            {
                "text": "will I love to live at UCL",
                "userDefined": false
            }
        ],
        "isTemplate": false,
        "count": 0,
        "updated": 1560155628
    },
    {
        "id": "f94ca2b3-63d7-a206-7919-be987ebd7cb3",
        "data": [
            {
                "text": "would I like living at uclouvain",
                "userDefined": false
            }
        ],
        "isTemplate": false,
        "count": 0,
        "updated": 1560155628
    },
    {
        "id": "52912ad6-0c85-67c4-989c-c3ac9fd3d6d7",
        "data": [
            {
                "text": "is it nice at Louvain la Neuve",
                "userDefined": false
            }
        ],
        "isTemplate": false,
        "count": 0,
        "updated": 1560155628
    },
    {
        "id": "c09a96f8-08bf-a0ce-eda6-767049d57a1f",
        "data": [
            {
                "text": "would I like residing in louvain",
                "userDefined": false
            }
        ],
        "isTemplate": false,
        "count": 0,
        "updated": 1560155628
    },
    {
        "id": "3592540f-bdb9-26f3-bcac-d2debc87a91e",
        "data": [
            {
                "text": "would I love to reside at Louvain-la-Neuve",
                "userDefined": false
            }
        ],
        "isTemplate": false,
        "count": 0,
        "updated": 1560155628
    },
    {
        "id": "58aaaafc-6e75-e16d-3578-02175674fdcb",
        "data": [
            {
                "text": "will I love to reside at uclouvain",
                "userDefined": false
            }
        ],
        "isTemplate": false,
        "count": 0,
        "updated": 1560155628
    },
    {
        "id": "d48a9029-dad1-9d01-ec5c-22b346356ffb",
        "data": [
            {
                "text": "is it likeable in LLN",
                "userDefined": false
            }
        ],
        "isTemplate": false,
        "count": 0,
        "updated": 1560155628
    },
    {
        "id": "4c432bd8-db5a-d925-0c5e-51348b86146c",
        "data": [
            {
                "text": "would I like being in belgium",
                "userDefined": false
            }
        ],
        "isTemplate": false,
        "count": 0,
        "updated": 1560155628
    },
    {
        "id": "4ed98651-320a-febe-b33c-aae32675bd71",
        "data": [
            {
                "text": "is it likeable at louvain la neuve",
                "userDefined": false
            }
        ],
        "isTemplate": false,
        "count": 0,
        "updated": 1560155628
    },
    {
        "id": "48622923-d535-b5e1-1bc5-5c2cd6036de1",
        "data": [
            {
                "text": "will I love residing there",
                "userDefined": false
            }
        ],
        "isTemplate": false,
        "count": 0,
        "updated": 1560155628
    },
    {
        "id": "90716ab9-4c2a-4555-6dd8-0255c54b785c",
        "data": [
            {
                "text": "will I love to reside in Louvain-la-Neuve",
                "userDefined": false
            }
        ],
        "isTemplate": false,
        "count": 0,
        "updated": 1560155628
    },
    {
        "id": "15771726-8b31-3d3c-9682-7b5f817d4cf1",
        "data": [
            {
                "text": "is it nice at the university",
                "userDefined": false
            }
        ],
        "isTemplate": false,
        "count": 0,
        "updated": 1560155628
    },
    {
        "id": "402014af-b4cf-a1a1-dd0b-97044b28b8c7",
        "data": [
            {
                "text": "will I like to live in louvain",
                "userDefined": false
            }
        ],
        "isTemplate": false,
        "count": 0,
        "updated": 1560155628
    },
    {
        "id": "95778a81-2e9b-c3b2-67ad-8320498c673e",
        "data": [
            {
                "text": "is it nice in lln",
                "userDefined": false
            }
        ],
        "isTemplate": false,
        "count": 0,
        "updated": 1560155628
    },
    {
        "id": "86b7de88-d68f-de0e-96ba-c677664e1481",
        "data": [
            {
                "text": "is it likeable at Louvain",
                "userDefined": false
            }
        ],
        "isTemplate": false,
        "count": 0,
        "updated": 1560155628
    },
    {
        "id": "9071e602-58bc-ad8b-a52d-544f4586bfd2",
        "data": [
            {
                "text": "will I like residing at the uni",
                "userDefined": false
            }
        ],
        "isTemplate": false,
        "count": 0,
        "updated": 1560155628
    },
    {
        "id": "b313f829-fd25-6ddd-0d06-514c5b688418",
        "data": [
            {
                "text": "is it neat in louvain-la-neuve",
                "userDefined": false
            }
        ],
        "isTemplate": false,
        "count": 0,
        "updated": 1560155628
    },
    {
        "id": "87fdc9ad-a951-4b78-1502-a8947fd3fa52",
        "data": [
            {
                "text": "will I like living at the college",
                "userDefined": false
            }
        ],
        "isTemplate": false,
        "count": 0,
        "updated": 1560155628
    },
    {
        "id": "b59dc8bb-910a-1119-1c5f-7188ec11edde",
        "data": [
            {
                "text": "would I love being there",
                "userDefined": false
            }
        ],
        "isTemplate": false,
        "count": 0,
        "updated": 1560155628
    },
    {
        "id": "b1c5d08e-f3fb-cb67-82f8-84dbc3387141",
        "data": [
            {
                "text": "is it likeable at ucl",
                "userDefined": false
            }
        ],
        "isTemplate": false,
        "count": 0,
        "updated": 1560155628
    },
    {
        "id": "ddf43a73-6b46-8d8c-4364-3edd8091ec16",
        "data": [
            {
                "text": "is it likeable in Louvain la Neuve",
                "userDefined": false
            }
        ],
        "isTemplate": false,
        "count": 0,
        "updated": 1560155628
    },
    {
        "id": "b50ce04d-3868-983a-80bb-546206be613f",
        "data": [
            {
                "text": "would I like to reside at Louvain-la-Neuve",
                "userDefined": false
            }
        ],
        "isTemplate": false,
        "count": 0,
        "updated": 1560155628
    }
]