[
    {
        "id": "6bda6e60-2e13-f5e5-5b56-0685cabf7662",
        "data": [
            {
                "text": "should I acquire a job authorization",
                "userDefined": false
            }
        ],
        "isTemplate": false,
        "count": 0,
        "updated": 1560155628
    },
    {
        "id": "992432c4-5582-04b5-80ef-744262a8eeb5",
        "data": [
            {
                "text": "should I get a job permit",
                "userDefined": false
            }
        ],
        "isTemplate": false,
        "count": 0,
        "updated": 1560155628
    },
    {
        "id": "e45f88d6-1439-5a3e-aae8-ebd53373de0e",
        "data": [
            {
                "text": "will I receive a job authorization",
                "userDefined": false
            }
        ],
        "isTemplate": false,
        "count": 0,
        "updated": 1560155628
    },
    {
        "id": "4f1b04fb-ce4d-e068-509b-3cd2e3cb7bee",
        "data": [
            {
                "text": "I'd want to know about work permit",
                "userDefined": false
            }
        ],
        "isTemplate": false,
        "count": 0,
        "updated": 1560155628
    },
    {
        "id": "b2888311-a27f-e0f4-6116-edf0768e20b7",
        "data": [
            {
                "text": "would I get a work permit",
                "userDefined": false
            }
        ],
        "isTemplate": false,
        "count": 0,
        "updated": 1560155628
    },
    {
        "id": "c6cab70d-0d56-2ba6-8b44-eda5a86bff7e",
        "data": [
            {
                "text": "would I have to obtain a work license",
                "userDefined": false
            }
        ],
        "isTemplate": false,
        "count": 0,
        "updated": 1560155628
    },
    {
        "id": "de4ddb8a-c9d5-bdf8-e3e1-1fda06bfd9e2",
        "data": [
            {
                "text": "job permit",
                "userDefined": false
            }
        ],
        "isTemplate": false,
        "count": 0,
        "updated": 1560155628
    },
    {
        "id": "d75794c5-bb3e-74af-c2ec-f01b85a78f48",
        "data": [
            {
                "text": "I would love to be informed about work authorization",
                "userDefined": false
            }
        ],
        "isTemplate": false,
        "count": 0,
        "updated": 1560155628
    },
    {
        "id": "bec0ddce-afca-5d55-aa6f-2fb02d16b2ad",
        "data": [
            {
                "text": "show me about work permit",
                "userDefined": false
            }
        ],
        "isTemplate": false,
        "count": 0,
        "updated": 1560155628
    },
    {
        "id": "46e0e637-8fa8-e453-c7e7-4c7fdd854d68",
        "data": [
            {
                "text": "do I have to acquire a job permit",
                "userDefined": false
            }
        ],
        "isTemplate": false,
        "count": 0,
        "updated": 1560155628
    },
    {
        "id": "229fd4dd-599b-de53-4e1c-daf3d9e928bd",
        "data": [
            {
                "text": "job authorization please",
                "userDefined": false
            }
        ],
        "isTemplate": false,
        "count": 0,
        "updated": 1560155628
    },
    {
        "id": "46cc9996-b068-90ac-f620-9f46ad076bb6",
        "data": [
            {
                "text": "would you please tell me about job authorization",
                "userDefined": false
            }
        ],
        "isTemplate": false,
        "count": 0,
        "updated": 1560155628
    },
    {
        "id": "debddeaf-3317-cd5f-6489-45a0582f0aad",
        "data": [
            {
                "text": "do I have to get a job authorization",
                "userDefined": false
            }
        ],
        "isTemplate": false,
        "count": 0,
        "updated": 1560155628
    },
    {
        "id": "54b6a793-6dc8-fe10-1d8b-467f7c879714",
        "data": [
            {
                "text": "will I obtain a job license",
                "userDefined": false
            }
        ],
        "isTemplate": false,
        "count": 0,
        "updated": 1560155628
    },
    {
        "id": "2322d612-a905-f746-2593-5bc51fc65b7a",
        "data": [
            {
                "text": "tell me about job license please",
                "userDefined": false
            }
        ],
        "isTemplate": false,
        "count": 0,
        "updated": 1560155628
    },
    {
        "id": "80257a50-546e-b98f-82f6-5813145a3238",
        "data": [
            {
                "text": "I want to know about work license",
                "userDefined": false
            }
        ],
        "isTemplate": false,
        "count": 0,
        "updated": 1560155628
    },
    {
        "id": "7bf51417-51b9-78ea-8006-0d8fb94dd050",
        "data": [
            {
                "text": "should I acquire a job permit",
                "userDefined": false
            }
        ],
        "isTemplate": false,
        "count": 0,
        "updated": 1560155628
    },
    {
        "id": "b0979176-bc33-e4cd-2b1d-5c2146a1ad68",
        "data": [
            {
                "text": "I want to know about work authorization",
                "userDefined": false
            }
        ],
        "isTemplate": false,
        "count": 0,
        "updated": 1560155628
    },
    {
        "id": "837c1a3b-9fe8-a9dd-d43e-9348f4853c91",
        "data": [
            {
                "text": "work authorization",
                "userDefined": false
            }
        ],
        "isTemplate": false,
        "count": 0,
        "updated": 1560155628
    },
    {
        "id": "08cc645b-c1ab-f09a-1e9e-26bfb671db77",
        "data": [
            {
                "text": "will I receive a work license",
                "userDefined": false
            }
        ],
        "isTemplate": false,
        "count": 0,
        "updated": 1560155628
    },
    {
        "id": "0cfa9c11-5f46-cc3d-e408-58b8b1e8b89d",
        "data": [
            {
                "text": "I'd really like to learn about work license please",
                "userDefined": false
            }
        ],
        "isTemplate": false,
        "count": 0,
        "updated": 1560155628
    },
    {
        "id": "1496d815-6e90-52ef-b4ed-5deefb8f5363",
        "data": [
            {
                "text": "should I obtain a work license",
                "userDefined": false
            }
        ],
        "isTemplate": false,
        "count": 0,
        "updated": 1560155628
    },
    {
        "id": "5ac54510-8cb7-45fd-5d7c-76362ca0c055",
        "data": [
            {
                "text": "would you be so kind and show me about work license please",
                "userDefined": false
            }
        ],
        "isTemplate": false,
        "count": 0,
        "updated": 1560155628
    },
    {
        "id": "24efd959-2662-4211-4b34-f6293a55d81a",
        "data": [
            {
                "text": "work permit please",
                "userDefined": false
            }
        ],
        "isTemplate": false,
        "count": 0,
        "updated": 1560155628
    },
    {
        "id": "0d4f9ec9-fddd-88af-e713-b43d1dd56a0a",
        "data": [
            {
                "text": "do I need to acquire a job authorization",
                "userDefined": false
            }
        ],
        "isTemplate": false,
        "count": 0,
        "updated": 1560155628
    },
    {
        "id": "ea6e4387-e1c8-4f8c-2dfe-e19a851a9dd5",
        "data": [
            {
                "text": "would you please tell me about job permit",
                "userDefined": false
            }
        ],
        "isTemplate": false,
        "count": 0,
        "updated": 1560155628
    },
    {
        "id": "1f7b1881-84f0-4ce7-74be-d8b1e858e8fb",
        "data": [
            {
                "text": "what about work permit please",
                "userDefined": false
            }
        ],
        "isTemplate": false,
        "count": 0,
        "updated": 1560155628
    },
    {
        "id": "296f3dbd-ccfd-6d4e-59a9-65cc78128938",
        "data": [
            {
                "text": "would I need to acquire a work permit",
                "userDefined": false
            }
        ],
        "isTemplate": false,
        "count": 0,
        "updated": 1560155628
    },
    {
        "id": "3475034c-2f1f-f47b-c759-42d2608b5bfa",
        "data": [
            {
                "text": "would you be so kind and show me about work authorization please",
                "userDefined": false
            }
        ],
        "isTemplate": false,
        "count": 0,
        "updated": 1560155628
    },
    {
        "id": "f0ca039b-cb43-eceb-7f8f-0a969e9c7fe7",
        "data": [
            {
                "text": "will I need to acquire a work license",
                "userDefined": false
            }
        ],
        "isTemplate": false,
        "count": 0,
        "updated": 1560155628
    },
    {
        "id": "ba68c805-236b-99bd-f2f9-ef779967b436",
        "data": [
            {
                "text": "would you be so kind and tell me about work permit please",
                "userDefined": false
            }
        ],
        "isTemplate": false,
        "count": 0,
        "updated": 1560155628
    },
    {
        "id": "a99fb936-be34-bebf-6ef7-369fb25e2c78",
        "data": [
            {
                "text": "do I need to get a job authorization",
                "userDefined": false
            }
        ],
        "isTemplate": false,
        "count": 0,
        "updated": 1560155628
    },
    {
        "id": "449052a7-0f09-511a-d488-3cbbeaa22afc",
        "data": [
            {
                "text": "job authorization",
                "userDefined": false
            }
        ],
        "isTemplate": false,
        "count": 0,
        "updated": 1560155628
    },
    {
        "id": "a16d18b9-7581-fc43-2d78-f495107d52e3",
        "data": [
            {
                "text": "would I obtain a job permit",
                "userDefined": false
            }
        ],
        "isTemplate": false,
        "count": 0,
        "updated": 1560155628
    },
    {
        "id": "42fc225b-3ec9-e700-bd06-58c37185b2e3",
        "data": [
            {
                "text": "would I have to get a job permit",
                "userDefined": false
            }
        ],
        "isTemplate": false,
        "count": 0,
        "updated": 1560155628
    },
    {
        "id": "7a986425-008e-73f1-457c-015d66671ec4",
        "data": [
            {
                "text": "should I get a work license",
                "userDefined": false
            }
        ],
        "isTemplate": false,
        "count": 0,
        "updated": 1560155628
    },
    {
        "id": "80aff0fd-e57b-531c-3761-1aac7085a8a9",
        "data": [
            {
                "text": "would I have to acquire a job authorization",
                "userDefined": false
            }
        ],
        "isTemplate": false,
        "count": 0,
        "updated": 1560155628
    },
    {
        "id": "7afc5691-32fa-e850-94ec-4a41f1003bbf",
        "data": [
            {
                "text": "do I have to acquire a work authorization",
                "userDefined": false
            }
        ],
        "isTemplate": false,
        "count": 0,
        "updated": 1560155628
    },
    {
        "id": "e6704ac0-cab4-d9ab-0087-0afa09982986",
        "data": [
            {
                "text": "should I receive a work permit",
                "userDefined": false
            }
        ],
        "isTemplate": false,
        "count": 0,
        "updated": 1560155628
    },
    {
        "id": "cae93950-3157-13c3-90e3-1655199148ef",
        "data": [
            {
                "text": "should I obtain a job permit",
                "userDefined": false
            }
        ],
        "isTemplate": false,
        "count": 0,
        "updated": 1560155628
    },
    {
        "id": "4cc9dc1b-4371-ba19-8e0a-b7014e733e70",
        "data": [
            {
                "text": "do I need to receive a job license",
                "userDefined": false
            }
        ],
        "isTemplate": false,
        "count": 0,
        "updated": 1560155628
    },
    {
        "id": "82e330bc-4f29-100b-8029-396c6e9452d3",
        "data": [
            {
                "text": "what about work license please",
                "userDefined": false
            }
        ],
        "isTemplate": false,
        "count": 0,
        "updated": 1560155628
    },
    {
        "id": "7aef952e-9ea7-5dd2-a16c-5c89ce20f397",
        "data": [
            {
                "text": "direction on work permit",
                "userDefined": false
            }
        ],
        "isTemplate": false,
        "count": 0,
        "updated": 1560155628
    },
    {
        "id": "f5585e3e-493b-3164-23d6-53b9244625c7",
        "data": [
            {
                "text": "would I get a job authorization",
                "userDefined": false
            }
        ],
        "isTemplate": false,
        "count": 0,
        "updated": 1560155628
    },
    {
        "id": "8a446cc7-7c06-391b-b6b1-fa602c7800a2",
        "data": [
            {
                "text": "do I need to receive a job authorization",
                "userDefined": false
            }
        ],
        "isTemplate": false,
        "count": 0,
        "updated": 1560155628
    },
    {
        "id": "bf4d26f3-ddcb-1381-a8af-48f87afde068",
        "data": [
            {
                "text": "job license",
                "userDefined": false
            }
        ],
        "isTemplate": false,
        "count": 0,
        "updated": 1560155628
    },
    {
        "id": "8ee0e783-d30a-0a4d-ae42-55dd7cee5a37",
        "data": [
            {
                "text": "will I acquire a job license",
                "userDefined": false
            }
        ],
        "isTemplate": false,
        "count": 0,
        "updated": 1560155628
    },
    {
        "id": "a2192dce-17e5-89af-1e94-87cef3bc59b2",
        "data": [
            {
                "text": "should I obtain a work permit",
                "userDefined": false
            }
        ],
        "isTemplate": false,
        "count": 0,
        "updated": 1560155628
    },
    {
        "id": "ec85c9d1-9d59-c431-4ca4-c02c5ceed2c3",
        "data": [
            {
                "text": "do I have to get a work authorization",
                "userDefined": false
            }
        ],
        "isTemplate": false,
        "count": 0,
        "updated": 1560155628
    },
    {
        "id": "74339e87-02c4-84cc-778c-61d5029ca517",
        "data": [
            {
                "text": "should I obtain a job authorization",
                "userDefined": false
            }
        ],
        "isTemplate": false,
        "count": 0,
        "updated": 1560155628
    },
    {
        "id": "c822fa1c-fafc-73d1-d16c-8080da150540",
        "data": [
            {
                "text": "would you be so kind and tell me about work authorization please",
                "userDefined": false
            }
        ],
        "isTemplate": false,
        "count": 0,
        "updated": 1560155628
    },
    {
        "id": "3d7e7322-7c9a-4742-4af5-af8482608fac",
        "data": [
            {
                "text": "would I have to receive a work license",
                "userDefined": false
            }
        ],
        "isTemplate": false,
        "count": 0,
        "updated": 1560155628
    },
    {
        "id": "23354245-e809-22ca-3c53-cb86368aecd3",
        "data": [
            {
                "text": "work license please",
                "userDefined": false
            }
        ],
        "isTemplate": false,
        "count": 0,
        "updated": 1560155628
    },
    {
        "id": "dd093284-bce3-bb15-04c4-126ad41ef752",
        "data": [
            {
                "text": "will I have to acquire a work license",
                "userDefined": false
            }
        ],
        "isTemplate": false,
        "count": 0,
        "updated": 1560155628
    },
    {
        "id": "ec378485-13c6-8a27-1da6-bed8acaa3c3f",
        "data": [
            {
                "text": "would I receive a work authorization",
                "userDefined": false
            }
        ],
        "isTemplate": false,
        "count": 0,
        "updated": 1560155628
    },
    {
        "id": "6f4dc368-0c3f-ad6b-2186-149bad69c48b",
        "data": [
            {
                "text": "will I have to obtain a work authorization",
                "userDefined": false
            }
        ],
        "isTemplate": false,
        "count": 0,
        "updated": 1560155628
    },
    {
        "id": "06cb7280-7fac-db47-05b9-3c6b78cc83a2",
        "data": [
            {
                "text": "should I receive a job permit",
                "userDefined": false
            }
        ],
        "isTemplate": false,
        "count": 0,
        "updated": 1560155628
    },
    {
        "id": "f9889fa7-afe9-13d0-3132-11f61e0e0674",
        "data": [
            {
                "text": "should I acquire a work permit",
                "userDefined": false
            }
        ],
        "isTemplate": false,
        "count": 0,
        "updated": 1560155628
    },
    {
        "id": "5dbb4da8-d660-c959-2cd2-9d60fc774583",
        "data": [
            {
                "text": "do I need to obtain a work authorization",
                "userDefined": false
            }
        ],
        "isTemplate": false,
        "count": 0,
        "updated": 1560155628
    },
    {
        "id": "a74d67de-5395-9ed1-822a-30766f464fc8",
        "data": [
            {
                "text": "do I need to obtain a job permit",
                "userDefined": false
            }
        ],
        "isTemplate": false,
        "count": 0,
        "updated": 1560155628
    },
    {
        "id": "a33b4293-5a4a-3a88-9d7c-b41cbf1d3aee",
        "data": [
            {
                "text": "would I receive a job permit",
                "userDefined": false
            }
        ],
        "isTemplate": false,
        "count": 0,
        "updated": 1560155628
    },
    {
        "id": "047c1f86-c2ea-3be4-6263-215de5e2bac2",
        "data": [
            {
                "text": "would I get a job license",
                "userDefined": false
            }
        ],
        "isTemplate": false,
        "count": 0,
        "updated": 1560155628
    },
    {
        "id": "17332605-f15e-d613-ad51-a2abe22f3f26",
        "data": [
            {
                "text": "information on job permit",
                "userDefined": false
            }
        ],
        "isTemplate": false,
        "count": 0,
        "updated": 1560155628
    },
    {
        "id": "d7e3929e-b604-20e5-b929-e8a2073f5bf2",
        "data": [
            {
                "text": "information about work license please",
                "userDefined": false
            }
        ],
        "isTemplate": false,
        "count": 0,
        "updated": 1560155628
    },
    {
        "id": "bda2a537-c954-5801-e831-1ff50d4462a2",
        "data": [
            {
                "text": "work authorization please",
                "userDefined": false
            }
        ],
        "isTemplate": false,
        "count": 0,
        "updated": 1560155628
    },
    {
        "id": "226e1fc7-7270-b812-7c2d-ccdddc465f3b",
        "data": [
            {
                "text": "do I have to receive a job license",
                "userDefined": false
            }
        ],
        "isTemplate": false,
        "count": 0,
        "updated": 1560155628
    },
    {
        "id": "f1bce0f3-0699-745d-f84b-e338c822fa55",
        "data": [
            {
                "text": "will I obtain a work authorization",
                "userDefined": false
            }
        ],
        "isTemplate": false,
        "count": 0,
        "updated": 1560155628
    },
    {
        "id": "f3a7da20-c30e-e589-bb5e-b60bbf308f96",
        "data": [
            {
                "text": "should I need to receive a job authorization",
                "userDefined": false
            }
        ],
        "isTemplate": false,
        "count": 0,
        "updated": 1560155628
    },
    {
        "id": "31132af4-178b-f616-32a2-9e24626fd3cb",
        "data": [
            {
                "text": "should I obtain a job license",
                "userDefined": false
            }
        ],
        "isTemplate": false,
        "count": 0,
        "updated": 1560155628
    },
    {
        "id": "c1ff6c1d-6093-bbe1-ba2f-5e27e4c8e73c",
        "data": [
            {
                "text": "will I obtain a work license",
                "userDefined": false
            }
        ],
        "isTemplate": false,
        "count": 0,
        "updated": 1560155628
    },
    {
        "id": "0201c11a-d9a7-ef8d-bd29-54e7c80bd0ba",
        "data": [
            {
                "text": "will I obtain a work permit",
                "userDefined": false
            }
        ],
        "isTemplate": false,
        "count": 0,
        "updated": 1560155628
    },
    {
        "id": "c5d3a394-2914-ef08-30d6-5ed0b6eaac39",
        "data": [
            {
                "text": "would I have to get a job authorization",
                "userDefined": false
            }
        ],
        "isTemplate": false,
        "count": 0,
        "updated": 1560155628
    },
    {
        "id": "8233aa4f-277a-bb51-d4c5-36de1185862d",
        "data": [
            {
                "text": "job permit please",
                "userDefined": false
            }
        ],
        "isTemplate": false,
        "count": 0,
        "updated": 1560155628
    },
    {
        "id": "0732245b-a70b-d345-e068-68daf35e4f79",
        "data": [
            {
                "text": "should I have to receive a job permit",
                "userDefined": false
            }
        ],
        "isTemplate": false,
        "count": 0,
        "updated": 1560155628
    },
    {
        "id": "4c665381-4755-75d8-4a12-33ea06c9bd3d",
        "data": [
            {
                "text": "job license please",
                "userDefined": false
            }
        ],
        "isTemplate": false,
        "count": 0,
        "updated": 1560155628
    },
    {
        "id": "a6b0756f-e786-a898-6dcc-387b43059ce0",
        "data": [
            {
                "text": "should I receive a job authorization",
                "userDefined": false
            }
        ],
        "isTemplate": false,
        "count": 0,
        "updated": 1560155628
    },
    {
        "id": "852c75a5-402b-d1e8-70f0-c1261471584c",
        "data": [
            {
                "text": "will I acquire a work permit",
                "userDefined": false
            }
        ],
        "isTemplate": false,
        "count": 0,
        "updated": 1560155628
    },
    {
        "id": "7f2d8757-a5ad-c111-85f1-db6712971e36",
        "data": [
            {
                "text": "should I obtain a work authorization",
                "userDefined": false
            }
        ],
        "isTemplate": false,
        "count": 0,
        "updated": 1560155628
    },
    {
        "id": "bf709a4b-961b-b614-4fe2-984c8c137ca1",
        "data": [
            {
                "text": "I'd really love to know about job authorization",
                "userDefined": false
            }
        ],
        "isTemplate": false,
        "count": 0,
        "updated": 1560155628
    },
    {
        "id": "747098a7-9cc4-7604-2d4f-8dab7b80babb",
        "data": [
            {
                "text": "what about job license please",
                "userDefined": false
            }
        ],
        "isTemplate": false,
        "count": 0,
        "updated": 1560155628
    },
    {
        "id": "6a39cb82-80a6-4a12-b794-d9726baafb19",
        "data": [
            {
                "text": "should I need to acquire a job authorization",
                "userDefined": false
            }
        ],
        "isTemplate": false,
        "count": 0,
        "updated": 1560155628
    },
    {
        "id": "1c3b6477-4e98-3c98-2872-65e73f6ce3e4",
        "data": [
            {
                "text": "info about job license",
                "userDefined": false
            }
        ],
        "isTemplate": false,
        "count": 0,
        "updated": 1560155628
    },
    {
        "id": "7200f733-7e49-bca9-15d2-08ff2479d782",
        "data": [
            {
                "text": "work license",
                "userDefined": false
            }
        ],
        "isTemplate": false,
        "count": 0,
        "updated": 1560155628
    },
    {
        "id": "3d24e246-6186-ec70-0296-5f2886c46062",
        "data": [
            {
                "text": "do I have to get a job license",
                "userDefined": false
            }
        ],
        "isTemplate": false,
        "count": 0,
        "updated": 1560155628
    },
    {
        "id": "4e38c7ee-ad6e-5fcc-8134-33feb1cfc369",
        "data": [
            {
                "text": "should I need to receive a work permit",
                "userDefined": false
            }
        ],
        "isTemplate": false,
        "count": 0,
        "updated": 1560155628
    },
    {
        "id": "e928834c-6c84-fc13-a12a-d0463d548682",
        "data": [
            {
                "text": "will I have to get a work authorization",
                "userDefined": false
            }
        ],
        "isTemplate": false,
        "count": 0,
        "updated": 1560155628
    },
    {
        "id": "7dc2b124-4eab-7b6d-308f-1466126fe06d",
        "data": [
            {
                "text": "would you be so kind and show me about job license please",
                "userDefined": false
            }
        ],
        "isTemplate": false,
        "count": 0,
        "updated": 1560155628
    },
    {
        "id": "db3af4bd-21d8-0c3e-3477-4e84fcfb3b07",
        "data": [
            {
                "text": "should I have to get a work authorization",
                "userDefined": false
            }
        ],
        "isTemplate": false,
        "count": 0,
        "updated": 1560155628
    },
    {
        "id": "17f99b84-d65d-3b1b-1da1-52ec0c1b9a0b",
        "data": [
            {
                "text": "what about job license",
                "userDefined": false
            }
        ],
        "isTemplate": false,
        "count": 0,
        "updated": 1560155628
    },
    {
        "id": "23f8098c-4dd0-9384-d747-10a896b8c8b5",
        "data": [
            {
                "text": "I would love to know about job authorization",
                "userDefined": false
            }
        ],
        "isTemplate": false,
        "count": 0,
        "updated": 1560155628
    },
    {
        "id": "99d8d78b-0619-127d-b584-a95525b38eea",
        "data": [
            {
                "text": "tip on work authorization",
                "userDefined": false
            }
        ],
        "isTemplate": false,
        "count": 0,
        "updated": 1560155628
    },
    {
        "id": "a7525d2e-7cd5-5d7c-d816-665233e9d07b",
        "data": [
            {
                "text": "do I have to obtain a job authorization",
                "userDefined": false
            }
        ],
        "isTemplate": false,
        "count": 0,
        "updated": 1560155628
    },
    {
        "id": "7213a510-b1dd-0936-b4a0-d9e710071d86",
        "data": [
            {
                "text": "would I obtain a work license",
                "userDefined": false
            }
        ],
        "isTemplate": false,
        "count": 0,
        "updated": 1560155628
    },
    {
        "id": "d4a40a96-0aed-9219-e993-325b8214f74c",
        "data": [
            {
                "text": "would I obtain a job license",
                "userDefined": false
            }
        ],
        "isTemplate": false,
        "count": 0,
        "updated": 1560155628
    },
    {
        "id": "4c7d29b2-2e14-875b-b5a1-b8257750a29d",
        "data": [
            {
                "text": "what about work authorization please",
                "userDefined": false
            }
        ],
        "isTemplate": false,
        "count": 0,
        "updated": 1560155628
    },
    {
        "id": "46a8fe8c-4550-aeae-ee39-ffc8ee67f5da",
        "data": [
            {
                "text": "should I acquire a work license",
                "userDefined": false
            }
        ],
        "isTemplate": false,
        "count": 0,
        "updated": 1560155628
    },
    {
        "id": "0d18986d-0d9e-9be1-9f87-363b3b05b5fd",
        "data": [
            {
                "text": "should I need to get a work authorization",
                "userDefined": false
            }
        ],
        "isTemplate": false,
        "count": 0,
        "updated": 1560155628
    },
    {
        "id": "398171fe-2777-42be-fc15-dee4604064ba",
        "data": [
            {
                "text": "do I need to receive a work permit",
                "userDefined": false
            }
        ],
        "isTemplate": false,
        "count": 0,
        "updated": 1560155628
    },
    {
        "id": "fec86114-8582-368e-4f31-31471949de30",
        "data": [
            {
                "text": "will I have to obtain a work permit",
                "userDefined": false
            }
        ],
        "isTemplate": false,
        "count": 0,
        "updated": 1560155628
    },
    {
        "id": "1699db1b-e134-e033-d422-61665280ce55",
        "data": [
            {
                "text": "would I have to receive a work permit",
                "userDefined": false
            }
        ],
        "isTemplate": false,
        "count": 0,
        "updated": 1560155628
    },
    {
        "id": "978ee642-19ed-7472-1b73-f7bc1670e3fa",
        "data": [
            {
                "text": "do I have to acquire a work license",
                "userDefined": false
            }
        ],
        "isTemplate": false,
        "count": 0,
        "updated": 1560155628
    },
    {
        "id": "b8744209-5c04-75ec-0812-c18d962358b6",
        "data": [
            {
                "text": "should I have to receive a work permit",
                "userDefined": false
            }
        ],
        "isTemplate": false,
        "count": 0,
        "updated": 1560155628
    },
    {
        "id": "a81b6edb-1761-2a3e-698d-470728970f7d",
        "data": [
            {
                "text": "do I need to acquire a job license",
                "userDefined": false
            }
        ],
        "isTemplate": false,
        "count": 0,
        "updated": 1560155628
    },
    {
        "id": "1f99f7c7-6a36-b492-3660-d93be9d4b44b",
        "data": [
            {
                "text": "should I have to acquire a job authorization",
                "userDefined": false
            }
        ],
        "isTemplate": false,
        "count": 0,
        "updated": 1560155628
    },
    {
        "id": "83b2376c-895f-b1c0-12f4-13900d61759e",
        "data": [
            {
                "text": "information about job permit",
                "userDefined": false
            }
        ],
        "isTemplate": false,
        "count": 0,
        "updated": 1560155628
    },
    {
        "id": "dfe6c221-7344-ba77-2248-710a0e8dd197",
        "data": [
            {
                "text": "should I need to obtain a job permit",
                "userDefined": false
            }
        ],
        "isTemplate": false,
        "count": 0,
        "updated": 1560155628
    },
    {
        "id": "5e139d8d-e3c2-faa6-2f85-887d25d084cf",
        "data": [
            {
                "text": "show me about job license please",
                "userDefined": false
            }
        ],
        "isTemplate": false,
        "count": 0,
        "updated": 1560155628
    },
    {
        "id": "b067bdaa-b065-1d6f-2c7b-92cd23ad9cd8",
        "data": [
            {
                "text": "will I need to acquire a job license",
                "userDefined": false
            }
        ],
        "isTemplate": false,
        "count": 0,
        "updated": 1560155628
    },
    {
        "id": "7a549c67-4753-3ebf-cc6d-9cfd900773fe",
        "data": [
            {
                "text": "will I have to obtain a work license",
                "userDefined": false
            }
        ],
        "isTemplate": false,
        "count": 0,
        "updated": 1560155628
    },
    {
        "id": "da80a49a-0335-986c-03e4-e0f10648c402",
        "data": [
            {
                "text": "I would really want to know about job license",
                "userDefined": false
            }
        ],
        "isTemplate": false,
        "count": 0,
        "updated": 1560155628
    },
    {
        "id": "33122318-208f-760e-3a66-5e3ae2058526",
        "data": [
            {
                "text": "would I receive a work license",
                "userDefined": false
            }
        ],
        "isTemplate": false,
        "count": 0,
        "updated": 1560155628
    },
    {
        "id": "9393eb26-2dcf-2c69-f1cb-64eceab609e2",
        "data": [
            {
                "text": "work permit",
                "userDefined": false
            }
        ],
        "isTemplate": false,
        "count": 0,
        "updated": 1560155628
    },
    {
        "id": "0c040ae4-3213-582f-9fbc-c7c70878414e",
        "data": [
            {
                "text": "would I have to receive a job license",
                "userDefined": false
            }
        ],
        "isTemplate": false,
        "count": 0,
        "updated": 1560155628
    },
    {
        "id": "fd50244d-934b-90f9-ef43-5266a3336391",
        "data": [
            {
                "text": "what about job permit",
                "userDefined": false
            }
        ],
        "isTemplate": false,
        "count": 0,
        "updated": 1560155628
    },
    {
        "id": "e5c73f87-b049-a9a9-3794-16cd096778d7",
        "data": [
            {
                "text": "would I acquire a job authorization",
                "userDefined": false
            }
        ],
        "isTemplate": false,
        "count": 0,
        "updated": 1560155628
    },
    {
        "id": "214051a4-a0db-2794-9b30-d052a1325608",
        "data": [
            {
                "text": "will I acquire a job permit",
                "userDefined": false
            }
        ],
        "isTemplate": false,
        "count": 0,
        "updated": 1560155628
    },
    {
        "id": "c6a70c44-b6b2-6423-678c-eaff643e182a",
        "data": [
            {
                "text": "I would really like to learn about work permit please",
                "userDefined": false
            }
        ],
        "isTemplate": false,
        "count": 0,
        "updated": 1560155628
    },
    {
        "id": "a42a4d43-4835-89fa-71ad-77ffd149fd86",
        "data": [
            {
                "text": "will I get a job permit",
                "userDefined": false
            }
        ],
        "isTemplate": false,
        "count": 0,
        "updated": 1560155628
    },
    {
        "id": "c88ccbeb-f2f2-f44e-7649-bfe6de7a4949",
        "data": [
            {
                "text": "do I have to receive a job permit",
                "userDefined": false
            }
        ],
        "isTemplate": false,
        "count": 0,
        "updated": 1560155628
    },
    {
        "id": "a49f2e67-0f85-8383-fb5b-358f80f32d31",
        "data": [
            {
                "text": "should I get a job license",
                "userDefined": false
            }
        ],
        "isTemplate": false,
        "count": 0,
        "updated": 1560155628
    }
]