[
    {
        "id": "dff48247-263f-4931-b51a-0217c03edf33",
        "data": [
            {
                "text": "what exactly could happen when I didn't make an rendez-vous for an exit inventory right before leaving",
                "userDefined": false
            }
        ],
        "isTemplate": false,
        "count": 0,
        "updated": 1560155628
    },
    {
        "id": "42f36d46-39c3-c5f7-8046-ece487d6abba",
        "data": [
            {
                "text": "what exactly would you do when graduate didn't request an exit inventory on departure",
                "userDefined": false
            }
        ],
        "isTemplate": false,
        "count": 0,
        "updated": 1560155628
    },
    {
        "id": "d955d790-fcee-0e0a-65cc-4b5aefbae627",
        "data": [
            {
                "text": "what if I didn't make an rendez-vous for an exit inventory right before leaving",
                "userDefined": false
            }
        ],
        "isTemplate": false,
        "count": 0,
        "updated": 1560155628
    },
    {
        "id": "86ae2f99-4363-0a8b-eb7f-636f21daad4b",
        "data": [
            {
                "text": "what if pupils didn't come to a departure inventory right before leaving",
                "userDefined": false
            }
        ],
        "isTemplate": false,
        "count": 0,
        "updated": 1560155628
    },
    {
        "id": "ed5903c8-1a54-b0f9-7bfc-29b9fdb73058",
        "data": [
            {
                "text": "what exactly would you do when I don't make an rendez-vous for an exit inventory before leaving",
                "userDefined": false
            }
        ],
        "isTemplate": false,
        "count": 0,
        "updated": 1560155628
    },
    {
        "id": "4aac3f46-3e18-f0c5-bcbf-08b66acc7333",
        "data": [
            {
                "text": "what if students couldn't request a departure inventory",
                "userDefined": false
            }
        ],
        "isTemplate": false,
        "count": 0,
        "updated": 1560155628
    },
    {
        "id": "68ea6d85-5101-3244-99f3-4e3c4f11f8ad",
        "data": [
            {
                "text": "what if I couldn't come to an exit inventory",
                "userDefined": false
            }
        ],
        "isTemplate": false,
        "count": 0,
        "updated": 1560155628
    },
    {
        "id": "477abc2f-94ef-b96b-ffc7-6735a52f7d5e",
        "data": [
            {
                "text": "what if I don't make an rendez-vous for an exit inventory right before leaving",
                "userDefined": false
            }
        ],
        "isTemplate": false,
        "count": 0,
        "updated": 1560155628
    },
    {
        "id": "2bdd6052-5f5d-3f3d-8c76-69101e5d24df",
        "data": [
            {
                "text": "what exactly will you do when I don't make an appointment for a departure inventory right before leaving",
                "userDefined": false
            }
        ],
        "isTemplate": false,
        "count": 0,
        "updated": 1560155628
    },
    {
        "id": "384244b1-0b07-a901-8cc3-f0105fc25832",
        "data": [
            {
                "text": "what exactly would happen when I couldn't request a departure inventory right before leaving",
                "userDefined": false
            }
        ],
        "isTemplate": false,
        "count": 0,
        "updated": 1560155628
    },
    {
        "id": "c7494d02-05ce-9857-0b5d-194ff332e41e",
        "data": [
            {
                "text": "what if I couldn't have an exit inventory",
                "userDefined": false
            }
        ],
        "isTemplate": false,
        "count": 0,
        "updated": 1560155628
    },
    {
        "id": "6355b67f-2747-3941-451c-7de91c19735d",
        "data": [
            {
                "text": "what if I don't come to a departure inventory",
                "userDefined": false
            }
        ],
        "isTemplate": false,
        "count": 0,
        "updated": 1560155628
    },
    {
        "id": "7273aa4f-f178-c669-6993-51c99664a928",
        "data": [
            {
                "text": "what exactly will you do if I didn't make an appointment for an exit inventory on departure",
                "userDefined": false
            }
        ],
        "isTemplate": false,
        "count": 0,
        "updated": 1560155628
    },
    {
        "id": "c641d545-a3e5-e5ef-b95a-ad9d406286ca",
        "data": [
            {
                "text": "what if I didn't make an rendez-vous for an exit inventory upon my departure",
                "userDefined": false
            }
        ],
        "isTemplate": false,
        "count": 0,
        "updated": 1560155628
    },
    {
        "id": "8868eb7c-b56a-5a48-621f-4413685e2683",
        "data": [
            {
                "text": "what exactly could you do if undergraduate didn't request a departure inventory",
                "userDefined": false
            }
        ],
        "isTemplate": false,
        "count": 0,
        "updated": 1560155628
    },
    {
        "id": "56bf3810-c2be-8979-3364-c59030dec6dd",
        "data": [
            {
                "text": "what exactly could you do when I didn't come to an exit inventory",
                "userDefined": false
            }
        ],
        "isTemplate": false,
        "count": 0,
        "updated": 1560155628
    },
    {
        "id": "d78dedaa-8d67-4e4c-4b27-e650f25cd173",
        "data": [
            {
                "text": "what would happen when undergraduate didn't have a departure inventory",
                "userDefined": false
            }
        ],
        "isTemplate": false,
        "count": 0,
        "updated": 1560155628
    },
    {
        "id": "d63a2fcb-f824-7957-bc93-7a28bad3661b",
        "data": [
            {
                "text": "what if I don't request an exit inventory",
                "userDefined": false
            }
        ],
        "isTemplate": false,
        "count": 0,
        "updated": 1560155628
    },
    {
        "id": "17b9a0e0-98e9-a182-4df9-7fa32867fa8f",
        "data": [
            {
                "text": "what could you do if I couldn't make an rendez-vous for an exit inventory right before leaving",
                "userDefined": false
            }
        ],
        "isTemplate": false,
        "count": 0,
        "updated": 1560155628
    },
    {
        "id": "42c90ef4-089f-937d-3b58-5ff4757496bd",
        "data": [
            {
                "text": "what exactly would happen when I don't make an appointment for a departure inventory right before leaving",
                "userDefined": false
            }
        ],
        "isTemplate": false,
        "count": 0,
        "updated": 1560155628
    },
    {
        "id": "8d679d6c-4393-06ea-39e8-0a177da32c15",
        "data": [
            {
                "text": "what will happen when I couldn't make an appointment for a departure inventory right before I will leave",
                "userDefined": false
            }
        ],
        "isTemplate": false,
        "count": 0,
        "updated": 1560155628
    },
    {
        "id": "80c0fd11-da40-5d4d-063c-9c0f67d1c10a",
        "data": [
            {
                "text": "what exactly could happen if I didn't make an appointment for a departure inventory before leaving",
                "userDefined": false
            }
        ],
        "isTemplate": false,
        "count": 0,
        "updated": 1560155628
    },
    {
        "id": "8851c3e3-58b9-c0dc-5d64-71af3f27b495",
        "data": [
            {
                "text": "what could happen if I couldn't have an exit inventory upon my departure",
                "userDefined": false
            }
        ],
        "isTemplate": false,
        "count": 0,
        "updated": 1560155628
    },
    {
        "id": "7c0e1c2f-ba24-e383-f7e5-008c40f9f2b8",
        "data": [
            {
                "text": "what if I didn't request an exit inventory right before leaving",
                "userDefined": false
            }
        ],
        "isTemplate": false,
        "count": 0,
        "updated": 1560155628
    },
    {
        "id": "8d182e67-2dfb-3259-14b2-baacd29e0706",
        "data": [
            {
                "text": "what if pupils don't have a departure inventory before leaving",
                "userDefined": false
            }
        ],
        "isTemplate": false,
        "count": 0,
        "updated": 1560155628
    },
    {
        "id": "8fa853d9-7dac-cccb-715b-61b25b925663",
        "data": [
            {
                "text": "what exactly would happen if I couldn't make an appointment for an exit inventory right before I will leave",
                "userDefined": false
            }
        ],
        "isTemplate": false,
        "count": 0,
        "updated": 1560155628
    },
    {
        "id": "97ea1a83-719b-05b1-1010-f6889374c983",
        "data": [
            {
                "text": "what if pupils didn't request a departure inventory before I leave",
                "userDefined": false
            }
        ],
        "isTemplate": false,
        "count": 0,
        "updated": 1560155628
    },
    {
        "id": "5cd12cae-1ff4-005f-650f-ad34b6683d3d",
        "data": [
            {
                "text": "what if I didn't have a departure inventory right before leaving",
                "userDefined": false
            }
        ],
        "isTemplate": false,
        "count": 0,
        "updated": 1560155628
    },
    {
        "id": "1d9236c8-8320-a8f6-a24e-e9a1c433dfa0",
        "data": [
            {
                "text": "what would you do when I couldn't make an rendez-vous for an exit inventory right before I will leave",
                "userDefined": false
            }
        ],
        "isTemplate": false,
        "count": 0,
        "updated": 1560155628
    },
    {
        "id": "7b2d8e53-5ba3-88cc-5d96-e1905ba6f759",
        "data": [
            {
                "text": "what if undergraduate couldn't have a departure inventory before I leave",
                "userDefined": false
            }
        ],
        "isTemplate": false,
        "count": 0,
        "updated": 1560155628
    },
    {
        "id": "aad89d0a-48bb-47d7-2fbd-bb155272c057",
        "data": [
            {
                "text": "what exactly would you do if undergraduates don't come to an exit inventory before I leave",
                "userDefined": false
            }
        ],
        "isTemplate": false,
        "count": 0,
        "updated": 1560155628
    },
    {
        "id": "7e394bf3-41a2-1eae-efe4-228a108e3a09",
        "data": [
            {
                "text": "what could you do if I didn't make an appointment for a departure inventory right before leaving",
                "userDefined": false
            }
        ],
        "isTemplate": false,
        "count": 0,
        "updated": 1560155628
    },
    {
        "id": "651f13b6-b65c-693f-dc35-84a519db13fb",
        "data": [
            {
                "text": "what could you do if graduates couldn't request an exit inventory",
                "userDefined": false
            }
        ],
        "isTemplate": false,
        "count": 0,
        "updated": 1560155628
    },
    {
        "id": "becf6645-43de-1830-1c34-14895c3eaf74",
        "data": [
            {
                "text": "what if I don't make an appointment for an exit inventory on departure",
                "userDefined": false
            }
        ],
        "isTemplate": false,
        "count": 0,
        "updated": 1560155628
    },
    {
        "id": "fa512d70-432d-41f0-9ace-00f2dc5ba63e",
        "data": [
            {
                "text": "what exactly could happen if graduate couldn't request a departure inventory upon my departure",
                "userDefined": false
            }
        ],
        "isTemplate": false,
        "count": 0,
        "updated": 1560155628
    },
    {
        "id": "cb5b79aa-8969-fb12-3277-d0b2bd0ea80a",
        "data": [
            {
                "text": "what if graduates didn't request an exit inventory before I leave",
                "userDefined": false
            }
        ],
        "isTemplate": false,
        "count": 0,
        "updated": 1560155628
    },
    {
        "id": "f37ac012-f4cb-917d-582b-0fa41fe7ceb0",
        "data": [
            {
                "text": "what exactly will you do when I couldn't come to a departure inventory",
                "userDefined": false
            }
        ],
        "isTemplate": false,
        "count": 0,
        "updated": 1560155628
    },
    {
        "id": "8132bfaa-ae28-3eab-8f78-a731e11177d0",
        "data": [
            {
                "text": "what if I didn't make an rendez-vous for an exit inventory before leaving",
                "userDefined": false
            }
        ],
        "isTemplate": false,
        "count": 0,
        "updated": 1560155628
    },
    {
        "id": "6ab41eba-e1d6-5602-b219-524b027b55b8",
        "data": [
            {
                "text": "what could happen when pupils didn't have an exit inventory before I leave",
                "userDefined": false
            }
        ],
        "isTemplate": false,
        "count": 0,
        "updated": 1560155628
    },
    {
        "id": "f9e60496-74b7-5326-0b57-3a59133c8f4e",
        "data": [
            {
                "text": "what exactly could you do when I didn't make an appointment for a departure inventory right before I will leave",
                "userDefined": false
            }
        ],
        "isTemplate": false,
        "count": 0,
        "updated": 1560155628
    },
    {
        "id": "6defd0b2-bd67-1f47-c3ec-dc8077c329ed",
        "data": [
            {
                "text": "what would you do when I couldn't make an rendez-vous for a departure inventory right before I will leave",
                "userDefined": false
            }
        ],
        "isTemplate": false,
        "count": 0,
        "updated": 1560155628
    },
    {
        "id": "391322cc-1aef-45f0-b404-0da335dc7045",
        "data": [
            {
                "text": "what exactly could you do when I didn't make an appointment for a departure inventory before I leave",
                "userDefined": false
            }
        ],
        "isTemplate": false,
        "count": 0,
        "updated": 1560155628
    },
    {
        "id": "642ea609-4360-f36a-629d-bf3f5cd14e1c",
        "data": [
            {
                "text": "what if I couldn't make an rendez-vous for an exit inventory right before I will leave",
                "userDefined": false
            }
        ],
        "isTemplate": false,
        "count": 0,
        "updated": 1560155628
    },
    {
        "id": "335346f9-baf5-6700-c306-b50fae224724",
        "data": [
            {
                "text": "what would happen when I don't come to an exit inventory",
                "userDefined": false
            }
        ],
        "isTemplate": false,
        "count": 0,
        "updated": 1560155628
    },
    {
        "id": "df48b067-9eda-cabc-c8e7-609a79baf829",
        "data": [
            {
                "text": "what if I couldn't make an rendez-vous for a departure inventory on departure",
                "userDefined": false
            }
        ],
        "isTemplate": false,
        "count": 0,
        "updated": 1560155628
    },
    {
        "id": "c87904f3-f231-e6df-1f56-ec74c93aed68",
        "data": [
            {
                "text": "what if I don't make an appointment for an exit inventory upon my departure",
                "userDefined": false
            }
        ],
        "isTemplate": false,
        "count": 0,
        "updated": 1560155628
    },
    {
        "id": "fae1620e-c993-7656-7739-2d6afb24f1aa",
        "data": [
            {
                "text": "what if I couldn't make an rendez-vous for a departure inventory right before leaving",
                "userDefined": false
            }
        ],
        "isTemplate": false,
        "count": 0,
        "updated": 1560155628
    },
    {
        "id": "e4522f3b-62ca-fa51-e9bb-44135b23b00b",
        "data": [
            {
                "text": "what exactly would you do if I don't make an appointment for a departure inventory on departure",
                "userDefined": false
            }
        ],
        "isTemplate": false,
        "count": 0,
        "updated": 1560155628
    },
    {
        "id": "6a7d5592-6e2f-e5fa-7039-1b330b0b2d3f",
        "data": [
            {
                "text": "what could happen when I don't have an exit inventory before leaving",
                "userDefined": false
            }
        ],
        "isTemplate": false,
        "count": 0,
        "updated": 1560155628
    },
    {
        "id": "02ea6dc3-399a-5be9-bca6-98be390e37ad",
        "data": [
            {
                "text": "what if undergraduates don't request an exit inventory before I leave",
                "userDefined": false
            }
        ],
        "isTemplate": false,
        "count": 0,
        "updated": 1560155628
    },
    {
        "id": "c116d59c-7505-a662-6c11-d09d8cd0f08b",
        "data": [
            {
                "text": "what if I don't make an appointment for a departure inventory upon my departure",
                "userDefined": false
            }
        ],
        "isTemplate": false,
        "count": 0,
        "updated": 1560155628
    },
    {
        "id": "1faf8205-a1a3-ad55-4ace-539cf1c6e9c8",
        "data": [
            {
                "text": "what if undergraduate didn't have an exit inventory",
                "userDefined": false
            }
        ],
        "isTemplate": false,
        "count": 0,
        "updated": 1560155628
    },
    {
        "id": "327455c2-8a69-9171-d074-8e5f065e046c",
        "data": [
            {
                "text": "what exactly will happen if students didn't have an exit inventory",
                "userDefined": false
            }
        ],
        "isTemplate": false,
        "count": 0,
        "updated": 1560155628
    },
    {
        "id": "7cd827b7-4d56-7c2f-f409-17bc5e97b3d9",
        "data": [
            {
                "text": "what will you do if I couldn't make an rendez-vous for an exit inventory right before leaving",
                "userDefined": false
            }
        ],
        "isTemplate": false,
        "count": 0,
        "updated": 1560155628
    },
    {
        "id": "5215170c-e1f6-a929-e978-1eb417f22c62",
        "data": [
            {
                "text": "what could happen if I didn't request an exit inventory",
                "userDefined": false
            }
        ],
        "isTemplate": false,
        "count": 0,
        "updated": 1560155628
    },
    {
        "id": "cc9a99f2-2b90-4301-5b12-f41b80e61de0",
        "data": [
            {
                "text": "what would happen when students didn't request a departure inventory",
                "userDefined": false
            }
        ],
        "isTemplate": false,
        "count": 0,
        "updated": 1560155628
    },
    {
        "id": "7fd9b07f-9656-bcf8-b5a5-8a00a5323684",
        "data": [
            {
                "text": "what would you do if I couldn't make an appointment for a departure inventory before I leave",
                "userDefined": false
            }
        ],
        "isTemplate": false,
        "count": 0,
        "updated": 1560155628
    },
    {
        "id": "df183777-4065-d2f4-1ed5-04d8654c6fcd",
        "data": [
            {
                "text": "what would happen when I don't make an rendez-vous for a departure inventory right before leaving",
                "userDefined": false
            }
        ],
        "isTemplate": false,
        "count": 0,
        "updated": 1560155628
    },
    {
        "id": "657cd89b-756a-1948-084b-c7170065e639",
        "data": [
            {
                "text": "what could happen when I didn't make an rendez-vous for an exit inventory upon my departure",
                "userDefined": false
            }
        ],
        "isTemplate": false,
        "count": 0,
        "updated": 1560155628
    },
    {
        "id": "fa200d68-1f55-4a51-4da4-4ab90e3334c4",
        "data": [
            {
                "text": "what if I didn't have an exit inventory",
                "userDefined": false
            }
        ],
        "isTemplate": false,
        "count": 0,
        "updated": 1560155628
    },
    {
        "id": "fc0cf49a-acc3-41f6-156d-84a07eb7ff03",
        "data": [
            {
                "text": "what will happen if I couldn't request an exit inventory upon my departure",
                "userDefined": false
            }
        ],
        "isTemplate": false,
        "count": 0,
        "updated": 1560155628
    },
    {
        "id": "da2ae4a6-eb2f-d8d6-c469-8e0fbc4486cb",
        "data": [
            {
                "text": "what if I couldn't make an rendez-vous for a departure inventory upon my departure",
                "userDefined": false
            }
        ],
        "isTemplate": false,
        "count": 0,
        "updated": 1560155628
    },
    {
        "id": "52fc1303-3704-84b6-afae-ff788aed6562",
        "data": [
            {
                "text": "what could you do if student didn't have a departure inventory",
                "userDefined": false
            }
        ],
        "isTemplate": false,
        "count": 0,
        "updated": 1560155628
    },
    {
        "id": "4e27054f-e5cf-0830-9084-854a1c4e923c",
        "data": [
            {
                "text": "what could happen when I don't make an appointment for an exit inventory upon my departure",
                "userDefined": false
            }
        ],
        "isTemplate": false,
        "count": 0,
        "updated": 1560155628
    },
    {
        "id": "5d166b14-3942-16d8-19b4-df5131fedd29",
        "data": [
            {
                "text": "what would you do when I couldn't have an exit inventory",
                "userDefined": false
            }
        ],
        "isTemplate": false,
        "count": 0,
        "updated": 1560155628
    },
    {
        "id": "c3aaa1e8-355e-6247-0b3a-d5d2164b8c01",
        "data": [
            {
                "text": "what if I couldn't have a departure inventory before I leave",
                "userDefined": false
            }
        ],
        "isTemplate": false,
        "count": 0,
        "updated": 1560155628
    },
    {
        "id": "eb073e52-a7f5-fdb0-853d-10a099ec0e28",
        "data": [
            {
                "text": "what if I couldn't make an appointment for an exit inventory right before leaving",
                "userDefined": false
            }
        ],
        "isTemplate": false,
        "count": 0,
        "updated": 1560155628
    },
    {
        "id": "f0e21834-05ad-834c-4600-6d37cb1c335f",
        "data": [
            {
                "text": "what would happen when I couldn't come to an exit inventory",
                "userDefined": false
            }
        ],
        "isTemplate": false,
        "count": 0,
        "updated": 1560155628
    },
    {
        "id": "3319ed0d-4f71-16fc-988d-074c44e09962",
        "data": [
            {
                "text": "what if I don't make an appointment for an exit inventory before I leave",
                "userDefined": false
            }
        ],
        "isTemplate": false,
        "count": 0,
        "updated": 1560155628
    },
    {
        "id": "0b0ddf06-08fa-90dd-4352-5c0f8eeebe02",
        "data": [
            {
                "text": "what if I don't make an rendez-vous for a departure inventory upon my departure",
                "userDefined": false
            }
        ],
        "isTemplate": false,
        "count": 0,
        "updated": 1560155628
    },
    {
        "id": "eff43f4c-878f-7dd4-83ce-9736a1928b36",
        "data": [
            {
                "text": "what if I didn't have a departure inventory upon my departure",
                "userDefined": false
            }
        ],
        "isTemplate": false,
        "count": 0,
        "updated": 1560155628
    },
    {
        "id": "64e06138-a2fb-3c02-f718-ed75f6cf6cec",
        "data": [
            {
                "text": "what exactly will you do if I don't make an rendez-vous for an exit inventory right before leaving",
                "userDefined": false
            }
        ],
        "isTemplate": false,
        "count": 0,
        "updated": 1560155628
    },
    {
        "id": "d89dd48f-f31e-df32-978e-432498169b0d",
        "data": [
            {
                "text": "what if students don't have a departure inventory",
                "userDefined": false
            }
        ],
        "isTemplate": false,
        "count": 0,
        "updated": 1560155628
    },
    {
        "id": "369fc663-ff01-3d5c-620b-e9b8f84060f3",
        "data": [
            {
                "text": "what exactly would happen if I don't request an exit inventory before I leave",
                "userDefined": false
            }
        ],
        "isTemplate": false,
        "count": 0,
        "updated": 1560155628
    },
    {
        "id": "3b3bc927-dac8-0d4c-53be-bb5ce319f314",
        "data": [
            {
                "text": "what exactly could you do if I didn't have a departure inventory",
                "userDefined": false
            }
        ],
        "isTemplate": false,
        "count": 0,
        "updated": 1560155628
    },
    {
        "id": "8f65a28e-a42c-cc2d-5b3e-79434f8e8d83",
        "data": [
            {
                "text": "what if student don't have a departure inventory",
                "userDefined": false
            }
        ],
        "isTemplate": false,
        "count": 0,
        "updated": 1560155628
    },
    {
        "id": "4a4f9c47-cf1d-9c9a-b351-4aafae784ad7",
        "data": [
            {
                "text": "what if I don't make an rendez-vous for a departure inventory right before I would leave",
                "userDefined": false
            }
        ],
        "isTemplate": false,
        "count": 0,
        "updated": 1560155628
    },
    {
        "id": "07fde96c-0e4a-5d07-572d-ef33f8f625f1",
        "data": [
            {
                "text": "what if I don't make an rendez-vous for a departure inventory before I leave",
                "userDefined": false
            }
        ],
        "isTemplate": false,
        "count": 0,
        "updated": 1560155628
    },
    {
        "id": "37000d27-9891-64da-d0be-8397609e393a",
        "data": [
            {
                "text": "what if undergraduates didn't have an exit inventory",
                "userDefined": false
            }
        ],
        "isTemplate": false,
        "count": 0,
        "updated": 1560155628
    },
    {
        "id": "f07d7393-c9e0-21ee-d2fa-bfee1e468995",
        "data": [
            {
                "text": "what exactly could happen when I didn't request an exit inventory before I leave",
                "userDefined": false
            }
        ],
        "isTemplate": false,
        "count": 0,
        "updated": 1560155628
    },
    {
        "id": "b14f60cc-2bb9-3993-b207-4f3952d4f9f3",
        "data": [
            {
                "text": "what would happen if I couldn't make an rendez-vous for a departure inventory right before I would leave",
                "userDefined": false
            }
        ],
        "isTemplate": false,
        "count": 0,
        "updated": 1560155628
    },
    {
        "id": "ea30705d-8f07-f31e-0472-249676cf2702",
        "data": [
            {
                "text": "what if pupils don't come to a departure inventory",
                "userDefined": false
            }
        ],
        "isTemplate": false,
        "count": 0,
        "updated": 1560155628
    },
    {
        "id": "d89b1296-ef73-46b1-e485-a4b627d5234e",
        "data": [
            {
                "text": "what if I don't make an appointment for an exit inventory right before I would leave",
                "userDefined": false
            }
        ],
        "isTemplate": false,
        "count": 0,
        "updated": 1560155628
    },
    {
        "id": "5f20cf3a-8ba5-e9db-4b2b-e228d263670e",
        "data": [
            {
                "text": "what could happen if I couldn't make an rendez-vous for a departure inventory right before I would leave",
                "userDefined": false
            }
        ],
        "isTemplate": false,
        "count": 0,
        "updated": 1560155628
    },
    {
        "id": "3dfb295b-5370-35ac-8bb9-3ba4ae5cf60b",
        "data": [
            {
                "text": "what exactly would you do if I didn't make an appointment for a departure inventory right before I will leave",
                "userDefined": false
            }
        ],
        "isTemplate": false,
        "count": 0,
        "updated": 1560155628
    },
    {
        "id": "12911693-7c0e-cc01-1579-af3d495ac144",
        "data": [
            {
                "text": "what if I don't make an rendez-vous for an exit inventory before I leave",
                "userDefined": false
            }
        ],
        "isTemplate": false,
        "count": 0,
        "updated": 1560155628
    },
    {
        "id": "ecf026f3-9b19-5548-44c9-eaafc47775fd",
        "data": [
            {
                "text": "what exactly would happen if students couldn't request an exit inventory right before leaving",
                "userDefined": false
            }
        ],
        "isTemplate": false,
        "count": 0,
        "updated": 1560155628
    },
    {
        "id": "02d3de14-73ae-9ac2-d1f7-9b1e285d5b1c",
        "data": [
            {
                "text": "what if pupil couldn't have a departure inventory",
                "userDefined": false
            }
        ],
        "isTemplate": false,
        "count": 0,
        "updated": 1560155628
    },
    {
        "id": "2ce03e37-ffe4-8706-b5be-558ad2399717",
        "data": [
            {
                "text": "what exactly could happen when I didn't request a departure inventory upon my departure",
                "userDefined": false
            }
        ],
        "isTemplate": false,
        "count": 0,
        "updated": 1560155628
    },
    {
        "id": "1b7575a5-ade8-6941-1013-44215d4cc811",
        "data": [
            {
                "text": "what would happen if I couldn't make an appointment for a departure inventory on departure",
                "userDefined": false
            }
        ],
        "isTemplate": false,
        "count": 0,
        "updated": 1560155628
    },
    {
        "id": "0bc8625a-4fa4-e1d7-3657-c2b41d9c25b5",
        "data": [
            {
                "text": "what exactly will you do if I couldn't make an rendez-vous for a departure inventory before leaving",
                "userDefined": false
            }
        ],
        "isTemplate": false,
        "count": 0,
        "updated": 1560155628
    },
    {
        "id": "44fd376b-8e18-2d09-01d0-b1c1610f11fb",
        "data": [
            {
                "text": "what would you do if student didn't come to a departure inventory before I leave",
                "userDefined": false
            }
        ],
        "isTemplate": false,
        "count": 0,
        "updated": 1560155628
    },
    {
        "id": "5ef9b087-b49c-83f6-f9dd-95acf1dd4f41",
        "data": [
            {
                "text": "what if I don't have a departure inventory",
                "userDefined": false
            }
        ],
        "isTemplate": false,
        "count": 0,
        "updated": 1560155628
    },
    {
        "id": "fa3935d4-13c4-038f-b307-2c5ce7a91b5c",
        "data": [
            {
                "text": "what exactly could happen if student don't come to a departure inventory right before leaving",
                "userDefined": false
            }
        ],
        "isTemplate": false,
        "count": 0,
        "updated": 1560155628
    },
    {
        "id": "4176e567-5055-412d-3d07-568da2408d77",
        "data": [
            {
                "text": "what if I don't make an appointment for an exit inventory right before leaving",
                "userDefined": false
            }
        ],
        "isTemplate": false,
        "count": 0,
        "updated": 1560155628
    },
    {
        "id": "64857fa7-ac4b-a9f0-dee4-0e08df5a422d",
        "data": [
            {
                "text": "what if I don't make an appointment for a departure inventory on departure",
                "userDefined": false
            }
        ],
        "isTemplate": false,
        "count": 0,
        "updated": 1560155628
    },
    {
        "id": "cd46a714-e7d6-c6ef-d778-0ecc2264daa7",
        "data": [
            {
                "text": "what exactly would you do if I couldn't have a departure inventory on departure",
                "userDefined": false
            }
        ],
        "isTemplate": false,
        "count": 0,
        "updated": 1560155628
    },
    {
        "id": "7bdee320-87ce-682f-c861-913a6638e248",
        "data": [
            {
                "text": "what if pupil didn't request an exit inventory",
                "userDefined": false
            }
        ],
        "isTemplate": false,
        "count": 0,
        "updated": 1560155628
    },
    {
        "id": "23f6b288-9b12-f384-6683-bd412f995af9",
        "data": [
            {
                "text": "what could you do if I couldn't have an exit inventory",
                "userDefined": false
            }
        ],
        "isTemplate": false,
        "count": 0,
        "updated": 1560155628
    },
    {
        "id": "36870627-674d-b28f-49f7-63a6ae66fe82",
        "data": [
            {
                "text": "what will happen if students didn't have a departure inventory before I leave",
                "userDefined": false
            }
        ],
        "isTemplate": false,
        "count": 0,
        "updated": 1560155628
    },
    {
        "id": "37de38e4-fd7a-4e56-74d8-d6545b0b5726",
        "data": [
            {
                "text": "what could happen if I don't make an rendez-vous for a departure inventory right before I would leave",
                "userDefined": false
            }
        ],
        "isTemplate": false,
        "count": 0,
        "updated": 1560155628
    },
    {
        "id": "cdf029b1-ac5a-2ede-7d1f-177677993028",
        "data": [
            {
                "text": "what if I didn't make an appointment for a departure inventory right before I will leave",
                "userDefined": false
            }
        ],
        "isTemplate": false,
        "count": 0,
        "updated": 1560155628
    },
    {
        "id": "a1b93f9d-f9e1-2701-205c-81d869ee0e62",
        "data": [
            {
                "text": "what if pupils don't have an exit inventory before I leave",
                "userDefined": false
            }
        ],
        "isTemplate": false,
        "count": 0,
        "updated": 1560155628
    },
    {
        "id": "6d9774d4-1f74-729b-0c88-3ff13a2d1e0d",
        "data": [
            {
                "text": "what if I couldn't make an appointment for a departure inventory on departure",
                "userDefined": false
            }
        ],
        "isTemplate": false,
        "count": 0,
        "updated": 1560155628
    },
    {
        "id": "82ee4879-b4ff-5940-fe17-01f2b13dd18e",
        "data": [
            {
                "text": "what if I didn't come to a departure inventory",
                "userDefined": false
            }
        ],
        "isTemplate": false,
        "count": 0,
        "updated": 1560155628
    },
    {
        "id": "81de7537-c0c2-e1ec-cd00-be3afb177e7c",
        "data": [
            {
                "text": "what exactly will happen when I don't make an appointment for a departure inventory upon my departure",
                "userDefined": false
            }
        ],
        "isTemplate": false,
        "count": 0,
        "updated": 1560155628
    },
    {
        "id": "0a5a8379-afcc-d0e4-bc1a-e3b22903a27f",
        "data": [
            {
                "text": "what would you do when I couldn't come to an exit inventory",
                "userDefined": false
            }
        ],
        "isTemplate": false,
        "count": 0,
        "updated": 1560155628
    },
    {
        "id": "51d1a38e-7acc-70a9-ce02-a9703463ed72",
        "data": [
            {
                "text": "what exactly would happen when pupils couldn't have a departure inventory right before leaving",
                "userDefined": false
            }
        ],
        "isTemplate": false,
        "count": 0,
        "updated": 1560155628
    },
    {
        "id": "ddd032cd-671e-824f-777e-d62126bbd51a",
        "data": [
            {
                "text": "what if I don't come to a departure inventory right before leaving",
                "userDefined": false
            }
        ],
        "isTemplate": false,
        "count": 0,
        "updated": 1560155628
    },
    {
        "id": "97c2762a-ad64-efce-27f1-cd370e658264",
        "data": [
            {
                "text": "what exactly will you do when students didn't have a departure inventory before I leave",
                "userDefined": false
            }
        ],
        "isTemplate": false,
        "count": 0,
        "updated": 1560155628
    },
    {
        "id": "98eca38d-ccff-9853-1afa-1dfea280023a",
        "data": [
            {
                "text": "what exactly would you do when I didn't make an appointment for a departure inventory before I leave",
                "userDefined": false
            }
        ],
        "isTemplate": false,
        "count": 0,
        "updated": 1560155628
    },
    {
        "id": "00f06546-0f04-6b2d-ec65-aa407dd4e4d7",
        "data": [
            {
                "text": "what if I didn't make an appointment for a departure inventory before I leave",
                "userDefined": false
            }
        ],
        "isTemplate": false,
        "count": 0,
        "updated": 1560155628
    },
    {
        "id": "453f7fe5-c909-4a43-3403-a53a332669e9",
        "data": [
            {
                "text": "what exactly could you do when I didn't make an appointment for an exit inventory before I leave",
                "userDefined": false
            }
        ],
        "isTemplate": false,
        "count": 0,
        "updated": 1560155628
    },
    {
        "id": "0e8e6ca1-4ec5-e9d4-dffe-2ce01b177735",
        "data": [
            {
                "text": "what if I didn't have an exit inventory right before leaving",
                "userDefined": false
            }
        ],
        "isTemplate": false,
        "count": 0,
        "updated": 1560155628
    },
    {
        "id": "e9e63af5-0123-8872-307c-d2566e7af3d8",
        "data": [
            {
                "text": "what exactly could happen if I couldn't request a departure inventory",
                "userDefined": false
            }
        ],
        "isTemplate": false,
        "count": 0,
        "updated": 1560155628
    },
    {
        "id": "f47be050-0366-1b30-43be-cab29a34793a",
        "data": [
            {
                "text": "what exactly would you do when pupils couldn't request a departure inventory before I leave",
                "userDefined": false
            }
        ],
        "isTemplate": false,
        "count": 0,
        "updated": 1560155628
    },
    {
        "id": "df8e8f58-a855-64d0-edad-414fb9fdc1e2",
        "data": [
            {
                "text": "what will you do if I couldn't come to an exit inventory right before I will leave",
                "userDefined": false
            }
        ],
        "isTemplate": false,
        "count": 0,
        "updated": 1560155628
    },
    {
        "id": "457e1bfd-d193-4fb6-0bfb-1fefbe81ac46",
        "data": [
            {
                "text": "what if I couldn't request an exit inventory",
                "userDefined": false
            }
        ],
        "isTemplate": false,
        "count": 0,
        "updated": 1560155628
    },
    {
        "id": "6242d6ce-d628-13d8-0114-83bd08aa0094",
        "data": [
            {
                "text": "what if I didn't request a departure inventory before I leave",
                "userDefined": false
            }
        ],
        "isTemplate": false,
        "count": 0,
        "updated": 1560155628
    },
    {
        "id": "efe0db95-b8e7-b046-a05d-9304f2b85d7a",
        "data": [
            {
                "text": "what exactly will happen if pupils didn't have an exit inventory before leaving",
                "userDefined": false
            }
        ],
        "isTemplate": false,
        "count": 0,
        "updated": 1560155628
    }
]