[
    {
        "id": "6b325ef4-9c8f-ae4c-966a-03bbd7f741e6",
        "data": [
            {
                "text": "who would assist if I'd really want to register into a course at ILV",
                "userDefined": false
            }
        ],
        "isTemplate": false,
        "count": 0,
        "updated": 1560155629
    },
    {
        "id": "1042f82c-b650-8744-7f5f-2ecc38b8eabc",
        "data": [
            {
                "text": "what do I have to do when I would like to register into a course at ILV",
                "userDefined": false
            }
        ],
        "isTemplate": false,
        "count": 0,
        "updated": 1560155629
    },
    {
        "id": "e3d84476-67cd-5414-7b50-1ec197eea08e",
        "data": [
            {
                "text": "I'd really like to join to a class at Institut des Langues Vivantes",
                "userDefined": false
            }
        ],
        "isTemplate": false,
        "count": 0,
        "updated": 1560155629
    },
    {
        "id": "65fb9997-61a2-15b0-22b0-518de89f84ed",
        "data": [
            {
                "text": "where do I have to go when I would really like to register into a course at ILV",
                "userDefined": false
            }
        ],
        "isTemplate": false,
        "count": 0,
        "updated": 1560155629
    },
    {
        "id": "139a576d-3ac6-a47c-fc21-fbd48ad25ec2",
        "data": [
            {
                "text": "I'd like to enrol for a class at ILV",
                "userDefined": false
            }
        ],
        "isTemplate": false,
        "count": 0,
        "updated": 1560155629
    },
    {
        "id": "538eb861-f4a0-b9dc-2a2b-9db603d3955a",
        "data": [
            {
                "text": "who would I get in touch with to join to a course at ilv language school",
                "userDefined": false
            }
        ],
        "isTemplate": false,
        "count": 0,
        "updated": 1560155629
    },
    {
        "id": "d0a2250a-e07e-5986-2ec7-4593f24b112e",
        "data": [
            {
                "text": "I'd want to sign up at a course at ILV Language School",
                "userDefined": false
            }
        ],
        "isTemplate": false,
        "count": 0,
        "updated": 1560155629
    },
    {
        "id": "1b25410f-1df0-1e0b-308c-7f9ba70ce7e9",
        "data": [
            {
                "text": "I would really want to register into a course at ILV",
                "userDefined": false
            }
        ],
        "isTemplate": false,
        "count": 0,
        "updated": 1560155629
    },
    {
        "id": "81cb4b05-275c-0bc4-48db-590b15c16ee2",
        "data": [
            {
                "text": "I would really like to register into a course at ILV where to go",
                "userDefined": false
            }
        ],
        "isTemplate": false,
        "count": 0,
        "updated": 1560155629
    },
    {
        "id": "411ceb61-6793-3705-0e55-537bd61e4a65",
        "data": [
            {
                "text": "what should I need to do if I'd really love to register into a course at ILV",
                "userDefined": false
            }
        ],
        "isTemplate": false,
        "count": 0,
        "updated": 1560155629
    },
    {
        "id": "43af7dcb-8f36-5623-61bc-e471410cc0c1",
        "data": [
            {
                "text": "I need to join at a class at institut des langues vivantes",
                "userDefined": false
            }
        ],
        "isTemplate": false,
        "count": 0,
        "updated": 1560155629
    },
    {
        "id": "e9d6455c-6925-f515-3602-255df9155908",
        "data": [
            {
                "text": "where can I enroll to a course at ILV",
                "userDefined": false
            }
        ],
        "isTemplate": false,
        "count": 0,
        "updated": 1560155629
    },
    {
        "id": "84072160-1c0a-9ecd-d685-d8a14422b386",
        "data": [
            {
                "text": "I would love to register into a course at ILV, what to do",
                "userDefined": false
            }
        ],
        "isTemplate": false,
        "count": 0,
        "updated": 1560155629
    },
    {
        "id": "433bb619-19d4-1f06-42e2-c58ac510f60f",
        "data": [
            {
                "text": "how to join to a class at Institut des Langues Vivantes",
                "userDefined": false
            }
        ],
        "isTemplate": false,
        "count": 0,
        "updated": 1560155629
    },
    {
        "id": "9841064e-8321-ee90-e4dd-f176a64f3805",
        "data": [
            {
                "text": "how do I enrol to a course at ILV",
                "userDefined": false
            }
        ],
        "isTemplate": false,
        "count": 0,
        "updated": 1560155629
    },
    {
        "id": "3b8357a5-d84a-32ae-c525-c1ec536f87fd",
        "data": [
            {
                "text": "I need to sign up for a course at institut des langues vivantes",
                "userDefined": false
            }
        ],
        "isTemplate": false,
        "count": 0,
        "updated": 1560155629
    },
    {
        "id": "04c31f8c-a941-5759-1636-9f2d526ea0e9",
        "data": [
            {
                "text": "I'd want to enrol at a course at ILV",
                "userDefined": false
            }
        ],
        "isTemplate": false,
        "count": 0,
        "updated": 1560155629
    },
    {
        "id": "770d8f06-2483-dea3-a3e4-42708d08d866",
        "data": [
            {
                "text": "what would I have to do when I want to register into a course at ILV",
                "userDefined": false
            }
        ],
        "isTemplate": false,
        "count": 0,
        "updated": 1560155629
    },
    {
        "id": "e4bd8630-0a47-35ed-92dd-79511bbe4cbd",
        "data": [
            {
                "text": "how do I join to a class at ILV Language School",
                "userDefined": false
            }
        ],
        "isTemplate": false,
        "count": 0,
        "updated": 1560155629
    },
    {
        "id": "ddaf6a24-eaca-8ffc-9e76-8d32fc1090d9",
        "data": [
            {
                "text": "where would I register for a class at ilv language school",
                "userDefined": false
            }
        ],
        "isTemplate": false,
        "count": 0,
        "updated": 1560155629
    },
    {
        "id": "98c5abea-cc96-dc11-ca33-d1d98e0cbb5c",
        "data": [
            {
                "text": "how do we sign up to a course at ilv",
                "userDefined": false
            }
        ],
        "isTemplate": false,
        "count": 0,
        "updated": 1560155629
    },
    {
        "id": "8e2f23a6-e931-890a-549c-8798aa938b67",
        "data": [
            {
                "text": "who is it possible to tell when I would really love to register into a course at ILV",
                "userDefined": false
            }
        ],
        "isTemplate": false,
        "count": 0,
        "updated": 1560155629
    },
    {
        "id": "4ac3fa40-f402-55fd-7a15-4cbae379f703",
        "data": [
            {
                "text": "what to do when I'd like to register into a course at ILV",
                "userDefined": false
            }
        ],
        "isTemplate": false,
        "count": 0,
        "updated": 1560155629
    },
    {
        "id": "5d955729-6250-8886-55cb-f81e8c2b1b69",
        "data": [
            {
                "text": "I would really want to register into a course at ILV what should I have to do",
                "userDefined": false
            }
        ],
        "isTemplate": false,
        "count": 0,
        "updated": 1560155629
    },
    {
        "id": "074665b5-a216-c0b2-fc89-92b8c6b0df46",
        "data": [
            {
                "text": "how could I enrol to a class at Institut des Langues Vivantes",
                "userDefined": false
            }
        ],
        "isTemplate": false,
        "count": 0,
        "updated": 1560155629
    },
    {
        "id": "2a83ccd8-ff41-9356-57cc-21bc9c330fed",
        "data": [
            {
                "text": "I'd really like to sign up to a course at Institut des Langues Vivantes",
                "userDefined": false
            }
        ],
        "isTemplate": false,
        "count": 0,
        "updated": 1560155629
    },
    {
        "id": "9a50a3e9-51b5-b88a-443c-af1a5eb362e8",
        "data": [
            {
                "text": "where would I enroll at a course at Institut des Langues Vivantes",
                "userDefined": false
            }
        ],
        "isTemplate": false,
        "count": 0,
        "updated": 1560155629
    },
    {
        "id": "02b0795f-2971-5d54-3d6d-444220ad546b",
        "data": [
            {
                "text": "how to register at a course at institut des langues vivantes",
                "userDefined": false
            }
        ],
        "isTemplate": false,
        "count": 0,
        "updated": 1560155629
    },
    {
        "id": "a8c37f79-d31b-efc9-0245-2ef64fb22e1f",
        "data": [
            {
                "text": "where do I have to go when I want to register into a course at ILV",
                "userDefined": false
            }
        ],
        "isTemplate": false,
        "count": 0,
        "updated": 1560155629
    },
    {
        "id": "1fe0a24d-fb58-fd39-6310-d81847ae52ac",
        "data": [
            {
                "text": "how to register at a class at Institut des Langues Vivantes",
                "userDefined": false
            }
        ],
        "isTemplate": false,
        "count": 0,
        "updated": 1560155629
    },
    {
        "id": "ad122da1-f9f7-654e-de24-624b9c32174a",
        "data": [
            {
                "text": "I'd really want to register into a course at ILV",
                "userDefined": false
            }
        ],
        "isTemplate": false,
        "count": 0,
        "updated": 1560155629
    },
    {
        "id": "dff15ad9-939f-4901-5e12-453e93b7c5fb",
        "data": [
            {
                "text": "how to join to a course at ILV",
                "userDefined": false
            }
        ],
        "isTemplate": false,
        "count": 0,
        "updated": 1560155629
    },
    {
        "id": "6eb18911-bb35-636d-2226-90431275487b",
        "data": [
            {
                "text": "who do I need to contact if I'd really love to register into a course at ILV",
                "userDefined": false
            }
        ],
        "isTemplate": false,
        "count": 0,
        "updated": 1560155629
    },
    {
        "id": "5d4ba6ad-e952-0aae-cbeb-dbe5ad6ed27d",
        "data": [
            {
                "text": "how to join for a course at ILV",
                "userDefined": false
            }
        ],
        "isTemplate": false,
        "count": 0,
        "updated": 1560155629
    },
    {
        "id": "bf4cb073-2bda-6e7a-45f8-b549b26e2998",
        "data": [
            {
                "text": "I'd really like to register into a course at ILV",
                "userDefined": false
            }
        ],
        "isTemplate": false,
        "count": 0,
        "updated": 1560155629
    },
    {
        "id": "2a3cd225-9787-55ae-0ead-97d4bb094224",
        "data": [
            {
                "text": "how do I enroll for a course at ILV",
                "userDefined": false
            }
        ],
        "isTemplate": false,
        "count": 0,
        "updated": 1560155629
    },
    {
        "id": "4831f925-1d57-9596-1562-26bc15e954e7",
        "data": [
            {
                "text": "where to go when I'd love to register into a course at ILV",
                "userDefined": false
            }
        ],
        "isTemplate": false,
        "count": 0,
        "updated": 1560155629
    },
    {
        "id": "5f88f6c2-3a3e-7bab-7317-ebf702bd70b8",
        "data": [
            {
                "text": "I need to sign up into a course at institut des langues vivantes",
                "userDefined": false
            }
        ],
        "isTemplate": false,
        "count": 0,
        "updated": 1560155629
    },
    {
        "id": "148f9058-d9ff-d18f-bd4d-71ebf8815b0a",
        "data": [
            {
                "text": "I would really love to register into a course at ILV",
                "userDefined": false
            }
        ],
        "isTemplate": false,
        "count": 0,
        "updated": 1560155629
    },
    {
        "id": "20c81c0e-e6d5-cd5e-fcba-f5ab67ca8027",
        "data": [
            {
                "text": "I'd really like to enroll into a class at ILV Language School",
                "userDefined": false
            }
        ],
        "isTemplate": false,
        "count": 0,
        "updated": 1560155629
    },
    {
        "id": "71b4fa16-f965-119e-befc-629493b89e90",
        "data": [
            {
                "text": "where to go when I would like to register into a course at ILV",
                "userDefined": false
            }
        ],
        "isTemplate": false,
        "count": 0,
        "updated": 1560155629
    },
    {
        "id": "6de8a514-bd7f-c499-e30c-bad45d5fac2d",
        "data": [
            {
                "text": "I would really want to register into a course at ILV what should I need to do",
                "userDefined": false
            }
        ],
        "isTemplate": false,
        "count": 0,
        "updated": 1560155629
    },
    {
        "id": "a74d1dbc-d9e8-1808-1ce8-cc8dacfc78d9",
        "data": [
            {
                "text": "how do I join into a course at ilv",
                "userDefined": false
            }
        ],
        "isTemplate": false,
        "count": 0,
        "updated": 1560155629
    },
    {
        "id": "c4eb2b6b-fea7-efd4-4f24-07b6949d5a86",
        "data": [
            {
                "text": "where to go to register to a class at ilv language school",
                "userDefined": false
            }
        ],
        "isTemplate": false,
        "count": 0,
        "updated": 1560155629
    },
    {
        "id": "9c97bceb-7c72-e25d-96d5-7371f3d3b402",
        "data": [
            {
                "text": "I need to register to a course at institut des langues vivantes",
                "userDefined": false
            }
        ],
        "isTemplate": false,
        "count": 0,
        "updated": 1560155629
    },
    {
        "id": "46d2078b-6a7b-2e77-1cfd-d5abab94c97c",
        "data": [
            {
                "text": "how to enroll to a course at ILV Language School",
                "userDefined": false
            }
        ],
        "isTemplate": false,
        "count": 0,
        "updated": 1560155629
    },
    {
        "id": "f272b728-c781-663c-7e9f-7fb43fb5fb68",
        "data": [
            {
                "text": "how to join to a course at ILV Language School",
                "userDefined": false
            }
        ],
        "isTemplate": false,
        "count": 0,
        "updated": 1560155629
    },
    {
        "id": "c33dd246-202a-8b87-d74f-d73b7f71c95c",
        "data": [
            {
                "text": "I'd want to register into a course at ILV",
                "userDefined": false
            }
        ],
        "isTemplate": false,
        "count": 0,
        "updated": 1560155629
    },
    {
        "id": "c3ed1a9b-d177-794f-b884-9d99ded964fc",
        "data": [
            {
                "text": "I'd love to register into a course at ILV",
                "userDefined": false
            }
        ],
        "isTemplate": false,
        "count": 0,
        "updated": 1560155629
    },
    {
        "id": "6b2f0a92-87c1-ee00-1254-ffe856031a97",
        "data": [
            {
                "text": "I need to register for a course at institut des langues vivantes",
                "userDefined": false
            }
        ],
        "isTemplate": false,
        "count": 0,
        "updated": 1560155629
    },
    {
        "id": "3900bb7f-f2b3-8f38-49c0-17ad58824261",
        "data": [
            {
                "text": "how to join for a class at ILV",
                "userDefined": false
            }
        ],
        "isTemplate": false,
        "count": 0,
        "updated": 1560155629
    },
    {
        "id": "2d7af885-415e-374c-1877-87e81b5dacdd",
        "data": [
            {
                "text": "I'd like to sign up into a class at institut des langues vivantes",
                "userDefined": false
            }
        ],
        "isTemplate": false,
        "count": 0,
        "updated": 1560155629
    },
    {
        "id": "d8d71037-e344-ff50-a648-f3ce0a5f59a9",
        "data": [
            {
                "text": "I would like to register into a course at ILV",
                "userDefined": false
            }
        ],
        "isTemplate": false,
        "count": 0,
        "updated": 1560155629
    },
    {
        "id": "b04c6e2a-aa02-798b-0b74-0a4d0c683e24",
        "data": [
            {
                "text": "I'd like to register into a course at ILV",
                "userDefined": false
            }
        ],
        "isTemplate": false,
        "count": 0,
        "updated": 1560155629
    },
    {
        "id": "a7751eb0-e079-79c9-b5dd-efdf4c7a9b38",
        "data": [
            {
                "text": "who would I ask to register into a class at ilv language school",
                "userDefined": false
            }
        ],
        "isTemplate": false,
        "count": 0,
        "updated": 1560155629
    },
    {
        "id": "03339bcd-324b-c5cc-4bd9-555cf6d42c8e",
        "data": [
            {
                "text": "who can aid to enrol to a course at ILV",
                "userDefined": false
            }
        ],
        "isTemplate": false,
        "count": 0,
        "updated": 1560155629
    },
    {
        "id": "20f70f8e-de79-c3a3-0e2c-b3d54deb0612",
        "data": [
            {
                "text": "how to register to a course at ilv",
                "userDefined": false
            }
        ],
        "isTemplate": false,
        "count": 0,
        "updated": 1560155629
    },
    {
        "id": "77f0009c-f8b1-d5fb-71e1-6193a3058fe4",
        "data": [
            {
                "text": "I need to register to a course at ilv language school",
                "userDefined": false
            }
        ],
        "isTemplate": false,
        "count": 0,
        "updated": 1560155629
    },
    {
        "id": "35a66674-143d-61a7-75bc-4864137388bb",
        "data": [
            {
                "text": "who can I reach if I'd like to register into a course at ILV",
                "userDefined": false
            }
        ],
        "isTemplate": false,
        "count": 0,
        "updated": 1560155629
    },
    {
        "id": "2ea9ef12-2e0c-6906-761e-11e4fe201ab3",
        "data": [
            {
                "text": "I'd really like to enrol at a course at Institut des Langues Vivantes",
                "userDefined": false
            }
        ],
        "isTemplate": false,
        "count": 0,
        "updated": 1560155629
    },
    {
        "id": "ad00e17f-8e7b-598d-1789-6e841843b96b",
        "data": [
            {
                "text": "how do we sign up into a course at institut des langues vivantes",
                "userDefined": false
            }
        ],
        "isTemplate": false,
        "count": 0,
        "updated": 1560155629
    },
    {
        "id": "28336864-2c0d-acf5-16ab-b6f1f20118bd",
        "data": [
            {
                "text": "I want to register into a course at ILV where should I need to go",
                "userDefined": false
            }
        ],
        "isTemplate": false,
        "count": 0,
        "updated": 1560155629
    },
    {
        "id": "38ee8385-2122-879a-1c5c-a4cd6c593edb",
        "data": [
            {
                "text": "I want to register into a course at ILV",
                "userDefined": false
            }
        ],
        "isTemplate": false,
        "count": 0,
        "updated": 1560155629
    },
    {
        "id": "3a3e1f4d-6617-854f-952c-5e94e8eaeb14",
        "data": [
            {
                "text": "how is it possible for me to join at a class at ilv",
                "userDefined": false
            }
        ],
        "isTemplate": false,
        "count": 0,
        "updated": 1560155629
    },
    {
        "id": "e0d3e553-e92f-e13f-07ad-36bca06516e3",
        "data": [
            {
                "text": "what should I need to do if I want to register into a course at ILV",
                "userDefined": false
            }
        ],
        "isTemplate": false,
        "count": 0,
        "updated": 1560155629
    },
    {
        "id": "204b9e3b-15b1-1821-a472-d2db9beadbac",
        "data": [
            {
                "text": "how to register into a course at ILV Language School",
                "userDefined": false
            }
        ],
        "isTemplate": false,
        "count": 0,
        "updated": 1560155629
    },
    {
        "id": "b60ed304-2b37-3582-0429-e3abc0f8050a",
        "data": [
            {
                "text": "I would love to register into a course at ILV where to go",
                "userDefined": false
            }
        ],
        "isTemplate": false,
        "count": 0,
        "updated": 1560155629
    },
    {
        "id": "e11d0a9e-92d1-6373-7f06-4debcaab2985",
        "data": [
            {
                "text": "who should I get in touch with when I'd like to register into a course at ILV",
                "userDefined": false
            }
        ],
        "isTemplate": false,
        "count": 0,
        "updated": 1560155629
    },
    {
        "id": "f5beef9a-c405-003f-9b3a-a0fb0188751d",
        "data": [
            {
                "text": "how to register to a course at ILV Language School",
                "userDefined": false
            }
        ],
        "isTemplate": false,
        "count": 0,
        "updated": 1560155629
    },
    {
        "id": "6d568c6c-3a27-5ae2-adb7-16ec61fc3e38",
        "data": [
            {
                "text": "I need to join into a course at ilv",
                "userDefined": false
            }
        ],
        "isTemplate": false,
        "count": 0,
        "updated": 1560155629
    },
    {
        "id": "239c0695-ce85-ddbd-6004-69ce45e8b030",
        "data": [
            {
                "text": "I need to enroll to a course at ilv",
                "userDefined": false
            }
        ],
        "isTemplate": false,
        "count": 0,
        "updated": 1560155629
    },
    {
        "id": "e4074643-5c84-cabd-8eee-dad9bda94657",
        "data": [
            {
                "text": "how do I register at a course at ilv",
                "userDefined": false
            }
        ],
        "isTemplate": false,
        "count": 0,
        "updated": 1560155629
    },
    {
        "id": "5baa75d5-e372-caf0-fd70-d77af69b5c38",
        "data": [
            {
                "text": "how could I enroll into a class at institut des langues vivantes",
                "userDefined": false
            }
        ],
        "isTemplate": false,
        "count": 0,
        "updated": 1560155629
    },
    {
        "id": "a2f34dcc-2521-81ba-e325-bf7c4e0f4cbd",
        "data": [
            {
                "text": "who is it possible for me to get in touch with to enroll to a class at ILV",
                "userDefined": false
            }
        ],
        "isTemplate": false,
        "count": 0,
        "updated": 1560155629
    },
    {
        "id": "db495e13-0c03-50a2-4225-e2c8f0da10ee",
        "data": [
            {
                "text": "who do I need to get in touch with to join for a course at ILV",
                "userDefined": false
            }
        ],
        "isTemplate": false,
        "count": 0,
        "updated": 1560155629
    },
    {
        "id": "f006210b-5351-09f4-0c31-9fc8cecd2cc6",
        "data": [
            {
                "text": "I'd really love to register into a course at ILV where do I have to go",
                "userDefined": false
            }
        ],
        "isTemplate": false,
        "count": 0,
        "updated": 1560155629
    },
    {
        "id": "27db8a8e-19a3-dfd6-64e1-e8cad5d9184e",
        "data": [
            {
                "text": "I need to join at a course at ILV",
                "userDefined": false
            }
        ],
        "isTemplate": false,
        "count": 0,
        "updated": 1560155629
    },
    {
        "id": "0f70bfaa-2e68-14f7-5423-9a84c29905d3",
        "data": [
            {
                "text": "how to join to a class at ilv",
                "userDefined": false
            }
        ],
        "isTemplate": false,
        "count": 0,
        "updated": 1560155629
    },
    {
        "id": "f2d347e6-3054-d522-3960-e468c90766c2",
        "data": [
            {
                "text": "who could aid when I'd really like to register into a course at ILV",
                "userDefined": false
            }
        ],
        "isTemplate": false,
        "count": 0,
        "updated": 1560155629
    },
    {
        "id": "e0ec91cb-4cad-6065-00d7-5516b1d351a3",
        "data": [
            {
                "text": "I would really want to join into a class at ILV Language School",
                "userDefined": false
            }
        ],
        "isTemplate": false,
        "count": 0,
        "updated": 1560155629
    },
    {
        "id": "a49588db-6ab6-b186-38eb-f28661511112",
        "data": [
            {
                "text": "I'd really love to register into a course at ILV where to go",
                "userDefined": false
            }
        ],
        "isTemplate": false,
        "count": 0,
        "updated": 1560155629
    },
    {
        "id": "e0b4ac09-9edb-896d-bba9-781601d513bf",
        "data": [
            {
                "text": "I'd really love to register into a course at ILV where will I go",
                "userDefined": false
            }
        ],
        "isTemplate": false,
        "count": 0,
        "updated": 1560155629
    },
    {
        "id": "e404347e-8a6b-58e7-8293-0ab3d90b17b0",
        "data": [
            {
                "text": "how to sign up into a class at institut des langues vivantes",
                "userDefined": false
            }
        ],
        "isTemplate": false,
        "count": 0,
        "updated": 1560155629
    },
    {
        "id": "3df19519-6276-6425-e168-6fbaaa73be2c",
        "data": [
            {
                "text": "I'd really want to register into a course at ILV who would support",
                "userDefined": false
            }
        ],
        "isTemplate": false,
        "count": 0,
        "updated": 1560155629
    },
    {
        "id": "259e7992-3caf-381f-2cee-6943a1f90872",
        "data": [
            {
                "text": "how to sign up for a class at institut des langues vivantes",
                "userDefined": false
            }
        ],
        "isTemplate": false,
        "count": 0,
        "updated": 1560155629
    },
    {
        "id": "47a0a6eb-9448-19a8-622e-1fc64020db61",
        "data": [
            {
                "text": "how do I register to a class at ILV",
                "userDefined": false
            }
        ],
        "isTemplate": false,
        "count": 0,
        "updated": 1560155629
    },
    {
        "id": "c01b8db6-4839-692f-e58a-20c97d60946d",
        "data": [
            {
                "text": "I would really like to register into a course at ILV, what to do",
                "userDefined": false
            }
        ],
        "isTemplate": false,
        "count": 0,
        "updated": 1560155629
    },
    {
        "id": "2009331c-5e33-4dc5-9d47-52e5a9d11c41",
        "data": [
            {
                "text": "where is it possible to enrol for a class at ilv",
                "userDefined": false
            }
        ],
        "isTemplate": false,
        "count": 0,
        "updated": 1560155629
    },
    {
        "id": "2e9c812b-bb2c-e3de-9ca5-499cd39a2f27",
        "data": [
            {
                "text": "I need to join at a class at ilv language school",
                "userDefined": false
            }
        ],
        "isTemplate": false,
        "count": 0,
        "updated": 1560155629
    },
    {
        "id": "81083803-baf5-08c3-8fd4-0fe9ab0b01c0",
        "data": [
            {
                "text": "what to do when I'd really want to register into a course at ILV",
                "userDefined": false
            }
        ],
        "isTemplate": false,
        "count": 0,
        "updated": 1560155629
    },
    {
        "id": "95a28717-f733-c322-8520-10db3e21f8b3",
        "data": [
            {
                "text": "how to register to a class at ILV",
                "userDefined": false
            }
        ],
        "isTemplate": false,
        "count": 0,
        "updated": 1560155629
    },
    {
        "id": "60a108a9-aa04-66fb-cae0-4d37a7ceda10",
        "data": [
            {
                "text": "I'd like to register into a course at ILV who would aid",
                "userDefined": false
            }
        ],
        "isTemplate": false,
        "count": 0,
        "updated": 1560155629
    },
    {
        "id": "a95fd682-91e9-27d2-9555-b20bc72d15bc",
        "data": [
            {
                "text": "I'd really love to register into a course at ILV what will I do",
                "userDefined": false
            }
        ],
        "isTemplate": false,
        "count": 0,
        "updated": 1560155629
    },
    {
        "id": "2cfed413-629d-e641-07a6-ad01b966ee1e",
        "data": [
            {
                "text": "how do I join at a course at ILV",
                "userDefined": false
            }
        ],
        "isTemplate": false,
        "count": 0,
        "updated": 1560155629
    },
    {
        "id": "2519ad68-9a71-fe0d-ee1b-8248f17758e0",
        "data": [
            {
                "text": "where do I have to go to enroll to a class at Institut des Langues Vivantes",
                "userDefined": false
            }
        ],
        "isTemplate": false,
        "count": 0,
        "updated": 1560155629
    },
    {
        "id": "c160c28d-e4d1-3c57-2767-8bd3da0cd0ee",
        "data": [
            {
                "text": "I would love to register into a course at ILV who could I get in touch with",
                "userDefined": false
            }
        ],
        "isTemplate": false,
        "count": 0,
        "updated": 1560155629
    },
    {
        "id": "c979dd28-82b5-a446-e68b-d3e9ee155985",
        "data": [
            {
                "text": "I would like to register into a course at ILV where to go",
                "userDefined": false
            }
        ],
        "isTemplate": false,
        "count": 0,
        "updated": 1560155629
    },
    {
        "id": "6fbb2df1-055d-94c8-d47a-dabedab30618",
        "data": [
            {
                "text": "how do I sign up into a course at Institut des Langues Vivantes",
                "userDefined": false
            }
        ],
        "isTemplate": false,
        "count": 0,
        "updated": 1560155629
    },
    {
        "id": "2aca4cfb-6a9c-3176-fd77-841ba7b8e9f5",
        "data": [
            {
                "text": "how to enroll for a course at Institut des Langues Vivantes",
                "userDefined": false
            }
        ],
        "isTemplate": false,
        "count": 0,
        "updated": 1560155629
    },
    {
        "id": "ba3c1b6e-1f64-5db5-11e3-aa2ecf772fc4",
        "data": [
            {
                "text": "I want to register into a course at ILV what should I do",
                "userDefined": false
            }
        ],
        "isTemplate": false,
        "count": 0,
        "updated": 1560155629
    },
    {
        "id": "95d9898f-049c-4881-32ba-aebaca778b44",
        "data": [
            {
                "text": "I'd like to register into a course at ILV where should I go",
                "userDefined": false
            }
        ],
        "isTemplate": false,
        "count": 0,
        "updated": 1560155629
    },
    {
        "id": "2d07de21-ba14-f1b7-e7e1-ff011f1edc6a",
        "data": [
            {
                "text": "what to do to sign up at a course at institut des langues vivantes",
                "userDefined": false
            }
        ],
        "isTemplate": false,
        "count": 0,
        "updated": 1560155629
    },
    {
        "id": "0581e9b9-f79a-2881-0710-e6393a205e11",
        "data": [
            {
                "text": "where to go to join at a course at ILV Language School",
                "userDefined": false
            }
        ],
        "isTemplate": false,
        "count": 0,
        "updated": 1560155629
    },
    {
        "id": "50220e98-a94f-d28b-a8fa-d2dcc819d6c5",
        "data": [
            {
                "text": "how to join to a class at institut des langues vivantes",
                "userDefined": false
            }
        ],
        "isTemplate": false,
        "count": 0,
        "updated": 1560155629
    },
    {
        "id": "7612a9d3-a8a6-f927-54d6-d294126a8dbf",
        "data": [
            {
                "text": "I need to join at a course at institut des langues vivantes",
                "userDefined": false
            }
        ],
        "isTemplate": false,
        "count": 0,
        "updated": 1560155629
    },
    {
        "id": "9a0cb2b0-4cbc-49c1-6179-9947a9703653",
        "data": [
            {
                "text": "I want to register into a course at ILV, where should I go",
                "userDefined": false
            }
        ],
        "isTemplate": false,
        "count": 0,
        "updated": 1560155629
    },
    {
        "id": "f51bc80c-c447-a127-55af-1e81e763d18b",
        "data": [
            {
                "text": "I'd like to register into a course at ILV, who would assist",
                "userDefined": false
            }
        ],
        "isTemplate": false,
        "count": 0,
        "updated": 1560155629
    },
    {
        "id": "86485764-2940-9e17-78da-1fd6cc381c5a",
        "data": [
            {
                "text": "what to do to register at a class at ilv language school",
                "userDefined": false
            }
        ],
        "isTemplate": false,
        "count": 0,
        "updated": 1560155629
    },
    {
        "id": "1f259bc7-8c5c-f778-496a-3b4a4594fee7",
        "data": [
            {
                "text": "where to go to sign up into a class at ILV",
                "userDefined": false
            }
        ],
        "isTemplate": false,
        "count": 0,
        "updated": 1560155629
    },
    {
        "id": "e84be676-7777-e676-c45e-69175d4627aa",
        "data": [
            {
                "text": "I'd want to register into a course at ILV, where do I need to go",
                "userDefined": false
            }
        ],
        "isTemplate": false,
        "count": 0,
        "updated": 1560155629
    },
    {
        "id": "ec71de76-1629-2d63-4939-332f7f04331c",
        "data": [
            {
                "text": "I would really love to register at a class at Institut des Langues Vivantes",
                "userDefined": false
            }
        ],
        "isTemplate": false,
        "count": 0,
        "updated": 1560155629
    },
    {
        "id": "0e2d1464-93a9-0d9a-02e4-4e1546596e9d",
        "data": [
            {
                "text": "how to register into a class at ilv",
                "userDefined": false
            }
        ],
        "isTemplate": false,
        "count": 0,
        "updated": 1560155629
    },
    {
        "id": "61149b8d-8a09-27bf-6d0f-51990b540cfa",
        "data": [
            {
                "text": "who can I get in touch with to join at a course at institut des langues vivantes",
                "userDefined": false
            }
        ],
        "isTemplate": false,
        "count": 0,
        "updated": 1560155629
    },
    {
        "id": "e92a1d87-b907-8d21-46e0-e17c66c1383a",
        "data": [
            {
                "text": "I need to enroll for a class at ILV",
                "userDefined": false
            }
        ],
        "isTemplate": false,
        "count": 0,
        "updated": 1560155629
    },
    {
        "id": "60772708-a03a-ce97-df14-cc5315e13b7c",
        "data": [
            {
                "text": "I would really want to enroll at a class at ilv language school",
                "userDefined": false
            }
        ],
        "isTemplate": false,
        "count": 0,
        "updated": 1560155629
    },
    {
        "id": "cd4c23d5-5e96-a269-e57a-8d5c73dcbf61",
        "data": [
            {
                "text": "how to join into a course at Institut des Langues Vivantes",
                "userDefined": false
            }
        ],
        "isTemplate": false,
        "count": 0,
        "updated": 1560155629
    },
    {
        "id": "df335b10-3da8-a7a3-0e24-89cefb347471",
        "data": [
            {
                "text": "how to join to a class at ILV Language School",
                "userDefined": false
            }
        ],
        "isTemplate": false,
        "count": 0,
        "updated": 1560155629
    },
    {
        "id": "8fe79c3c-cd20-0e66-4551-08606c6ef03e",
        "data": [
            {
                "text": "I'd really like to register into a course at ILV what do I have to do",
                "userDefined": false
            }
        ],
        "isTemplate": false,
        "count": 0,
        "updated": 1560155629
    },
    {
        "id": "da930095-6a7e-be3f-cc39-247e8889969b",
        "data": [
            {
                "text": "I would really love to register into a course at ilv language school",
                "userDefined": false
            }
        ],
        "isTemplate": false,
        "count": 0,
        "updated": 1560155629
    },
    {
        "id": "d27c18c4-89aa-6971-4f9d-d2cfb1a3a9a9",
        "data": [
            {
                "text": "how to sign up at a course at Institut des Langues Vivantes",
                "userDefined": false
            }
        ],
        "isTemplate": false,
        "count": 0,
        "updated": 1560155629
    }
]