[
    {
        "id": "f7d14e92-9f21-f4c8-bce6-ed7d0315c531",
        "data": [
            {
                "text": "am I allowed to practise a religion in belgium",
                "userDefined": false
            }
        ],
        "isTemplate": false,
        "count": 0,
        "updated": 1560155628
    },
    {
        "id": "b45bb276-e609-7376-695a-13e4d9e66e78",
        "data": [
            {
                "text": "would I profess my  religion in belgium",
                "userDefined": false
            }
        ],
        "isTemplate": false,
        "count": 0,
        "updated": 1560155628
    },
    {
        "id": "a2dd6654-11bf-ee3c-7e03-7c32a81d9230",
        "data": [
            {
                "text": "am I allowed to have a religious beliefs in belgium",
                "userDefined": false
            }
        ],
        "isTemplate": false,
        "count": 0,
        "updated": 1560155628
    },
    {
        "id": "c4731d54-c289-e273-b569-430c26a4dbbb",
        "data": [
            {
                "text": "am I permitted to have my own spirituality in belgium",
                "userDefined": false
            }
        ],
        "isTemplate": false,
        "count": 0,
        "updated": 1560155628
    },
    {
        "id": "126a5075-3fca-0762-95b0-19c81c465389",
        "data": [
            {
                "text": "am I allowed to have my own religion in belgium",
                "userDefined": false
            }
        ],
        "isTemplate": false,
        "count": 0,
        "updated": 1560155628
    },
    {
        "id": "75cb7475-2604-a511-bcea-962bdae8c304",
        "data": [
            {
                "text": "is it forbidden to have my  spirituality in belgium",
                "userDefined": false
            }
        ],
        "isTemplate": false,
        "count": 0,
        "updated": 1560155628
    },
    {
        "id": "e7d43b8b-c370-702b-d30a-7b0d92d2f51c",
        "data": [
            {
                "text": "is it possible to profess my own religious beliefs in belgium",
                "userDefined": false
            }
        ],
        "isTemplate": false,
        "count": 0,
        "updated": 1560155628
    },
    {
        "id": "35f6c7d7-cf6e-e59f-4b5a-7ea3a2cfbd03",
        "data": [
            {
                "text": "do I have the right to profess a religion in belgium",
                "userDefined": false
            }
        ],
        "isTemplate": false,
        "count": 0,
        "updated": 1560155628
    },
    {
        "id": "74c094d0-6e65-0835-48df-7d64d36e5ab4",
        "data": [
            {
                "text": "could I have a beliefs in belgium",
                "userDefined": false
            }
        ],
        "isTemplate": false,
        "count": 0,
        "updated": 1560155628
    },
    {
        "id": "a0027a80-d3cd-3f97-63d5-6659f172522b",
        "data": [
            {
                "text": "do I have the right to have a spirituality in belgium",
                "userDefined": false
            }
        ],
        "isTemplate": false,
        "count": 0,
        "updated": 1560155628
    },
    {
        "id": "c8724a25-8112-8e94-c13c-ab76696e006b",
        "data": [
            {
                "text": "am I allowed to have my  religion in belgium",
                "userDefined": false
            }
        ],
        "isTemplate": false,
        "count": 0,
        "updated": 1560155628
    },
    {
        "id": "6e85ccf5-4a84-c756-1595-5e3f5f1961a4",
        "data": [
            {
                "text": "am I permitted to profess a spirituality in belgium",
                "userDefined": false
            }
        ],
        "isTemplate": false,
        "count": 0,
        "updated": 1560155628
    },
    {
        "id": "2ba2dbe0-54fe-f832-10b5-00cf1d99cef8",
        "data": [
            {
                "text": "am I allowed to practise my  spirituality in belgium",
                "userDefined": false
            }
        ],
        "isTemplate": false,
        "count": 0,
        "updated": 1560155628
    },
    {
        "id": "bd93d53b-3c67-8bef-af68-144ef83b9efb",
        "data": [
            {
                "text": "can I profess my own religion in belgium",
                "userDefined": false
            }
        ],
        "isTemplate": false,
        "count": 0,
        "updated": 1560155628
    },
    {
        "id": "4148d5b5-9c4e-f9cb-0331-b9468ba9a6f7",
        "data": [
            {
                "text": "is it banned to practise a religious beliefs in belgium",
                "userDefined": false
            }
        ],
        "isTemplate": false,
        "count": 0,
        "updated": 1560155628
    },
    {
        "id": "93ccc858-f55d-c02d-05c7-9d4e76c12d6d",
        "data": [
            {
                "text": "do I have the right to have my  religion in belgium",
                "userDefined": false
            }
        ],
        "isTemplate": false,
        "count": 0,
        "updated": 1560155628
    },
    {
        "id": "53037d3c-aea0-a3d5-582f-b88dad9417bf",
        "data": [
            {
                "text": "am I allowed to profess my  spirituality in belgium",
                "userDefined": false
            }
        ],
        "isTemplate": false,
        "count": 0,
        "updated": 1560155628
    },
    {
        "id": "e7f99f48-d9c8-d894-2381-30f520e98d76",
        "data": [
            {
                "text": "am I allowed to have my own ritual in belgium",
                "userDefined": false
            }
        ],
        "isTemplate": false,
        "count": 0,
        "updated": 1560155628
    },
    {
        "id": "f3d945ec-1ec6-e43b-79d3-aa11bae6bde7",
        "data": [
            {
                "text": "do I have the right to have my own religious beliefs in belgium",
                "userDefined": false
            }
        ],
        "isTemplate": false,
        "count": 0,
        "updated": 1560155628
    },
    {
        "id": "541a70e9-9b82-f605-02ce-fce270139578",
        "data": [
            {
                "text": "is it possible to profess my own religion in belgium",
                "userDefined": false
            }
        ],
        "isTemplate": false,
        "count": 0,
        "updated": 1560155628
    },
    {
        "id": "6409ce79-c95a-bc36-cb87-9ab71900b106",
        "data": [
            {
                "text": "is it possible to have a religion in belgium",
                "userDefined": false
            }
        ],
        "isTemplate": false,
        "count": 0,
        "updated": 1560155628
    },
    {
        "id": "4c033443-6d71-a837-322a-6a76ed7d6a17",
        "data": [
            {
                "text": "is it not allowed to profess a religion in belgium",
                "userDefined": false
            }
        ],
        "isTemplate": false,
        "count": 0,
        "updated": 1560155628
    },
    {
        "id": "a44373ad-0f7b-0c33-70fc-fa87ff668f28",
        "data": [
            {
                "text": "is it proscribed to profess a religion in belgium",
                "userDefined": false
            }
        ],
        "isTemplate": false,
        "count": 0,
        "updated": 1560155628
    },
    {
        "id": "94d1c62f-19e4-727a-c165-b0e19aaaec2f",
        "data": [
            {
                "text": "is it allowed to practise a religion in belgium",
                "userDefined": false
            }
        ],
        "isTemplate": false,
        "count": 0,
        "updated": 1560155628
    },
    {
        "id": "4f7695bc-d377-b678-d5c1-34f474b443dd",
        "data": [
            {
                "text": "is it forbidden to practise a religion in belgium",
                "userDefined": false
            }
        ],
        "isTemplate": false,
        "count": 0,
        "updated": 1560155628
    },
    {
        "id": "015325a0-d554-08d4-9307-092cd0558493",
        "data": [
            {
                "text": "is it possible for me to have a religion in belgium",
                "userDefined": false
            }
        ],
        "isTemplate": false,
        "count": 0,
        "updated": 1560155628
    },
    {
        "id": "ac16187c-ceb5-dfc5-c0e9-5e78810a9014",
        "data": [
            {
                "text": "would I profess my own religious beliefs in belgium",
                "userDefined": false
            }
        ],
        "isTemplate": false,
        "count": 0,
        "updated": 1560155628
    },
    {
        "id": "68c24d35-8599-ec75-f5c7-fd9fb9b5cf78",
        "data": [
            {
                "text": "do I have the rights to have my own spirituality in belgium",
                "userDefined": false
            }
        ],
        "isTemplate": false,
        "count": 0,
        "updated": 1560155628
    },
    {
        "id": "0df6ba15-0e55-9012-a4de-a950aabd697a",
        "data": [
            {
                "text": "is it possible for me to practise a religious beliefs in belgium",
                "userDefined": false
            }
        ],
        "isTemplate": false,
        "count": 0,
        "updated": 1560155628
    },
    {
        "id": "e80d5bc8-85d1-f2ce-dfa4-a274eed38f3e",
        "data": [
            {
                "text": "is it off limits to have my  spirituality in belgium",
                "userDefined": false
            }
        ],
        "isTemplate": false,
        "count": 0,
        "updated": 1560155628
    },
    {
        "id": "484db29f-dab0-7f4d-547b-6d046f33bab0",
        "data": [
            {
                "text": "is it permitted to have my own religion in belgium",
                "userDefined": false
            }
        ],
        "isTemplate": false,
        "count": 0,
        "updated": 1560155628
    },
    {
        "id": "dcddeeda-6ada-f20f-7c7c-30a62147470c",
        "data": [
            {
                "text": "am I permitted to practise my  religion in belgium",
                "userDefined": false
            }
        ],
        "isTemplate": false,
        "count": 0,
        "updated": 1560155628
    },
    {
        "id": "67597ef4-79f9-1ea2-103e-939ef85a164b",
        "data": [
            {
                "text": "is it allowed to practise a religious beliefs in belgium",
                "userDefined": false
            }
        ],
        "isTemplate": false,
        "count": 0,
        "updated": 1560155628
    },
    {
        "id": "da04ae03-c9a1-3d3c-d887-6af2adbcb38f",
        "data": [
            {
                "text": "is it off limits to profess a spirituality in belgium",
                "userDefined": false
            }
        ],
        "isTemplate": false,
        "count": 0,
        "updated": 1560155628
    },
    {
        "id": "ebf00aee-7121-9ef5-8402-77bfcd297fbf",
        "data": [
            {
                "text": "is it banned to profess my own spirituality in belgium",
                "userDefined": false
            }
        ],
        "isTemplate": false,
        "count": 0,
        "updated": 1560155628
    },
    {
        "id": "d13b63b4-275a-26f9-e6a8-5fa065729fb6",
        "data": [
            {
                "text": "can I practise my own ritual in belgium",
                "userDefined": false
            }
        ],
        "isTemplate": false,
        "count": 0,
        "updated": 1560155628
    },
    {
        "id": "0e6144b0-f259-7581-2542-8bec62aee593",
        "data": [
            {
                "text": "is it possible for me to practise my own ritual in belgium",
                "userDefined": false
            }
        ],
        "isTemplate": false,
        "count": 0,
        "updated": 1560155628
    },
    {
        "id": "5682e9df-56be-d4f1-a132-01af9e0125b1",
        "data": [
            {
                "text": "am I allowed to have my own beliefs in belgium",
                "userDefined": false
            }
        ],
        "isTemplate": false,
        "count": 0,
        "updated": 1560155628
    },
    {
        "id": "1852a7d7-92c5-8bf8-40d4-9d289d6ffb45",
        "data": [
            {
                "text": "do I have the rights to profess a spirituality in belgium",
                "userDefined": false
            }
        ],
        "isTemplate": false,
        "count": 0,
        "updated": 1560155628
    },
    {
        "id": "61d33c7b-9f01-7c70-c5c4-e65debf69c7d",
        "data": [
            {
                "text": "do I have the rights to have my own religion in belgium",
                "userDefined": false
            }
        ],
        "isTemplate": false,
        "count": 0,
        "updated": 1560155628
    },
    {
        "id": "22b2dac1-06e5-a9ba-c7c3-77160cb38604",
        "data": [
            {
                "text": "is it possible for me to have my own religion in belgium",
                "userDefined": false
            }
        ],
        "isTemplate": false,
        "count": 0,
        "updated": 1560155628
    },
    {
        "id": "f9136c11-22c2-ff01-35d1-80dd1af6f91f",
        "data": [
            {
                "text": "am I allowed to profess my own spirituality in belgium",
                "userDefined": false
            }
        ],
        "isTemplate": false,
        "count": 0,
        "updated": 1560155628
    },
    {
        "id": "7a6abedc-0a84-acb0-f715-aa5db8b040d6",
        "data": [
            {
                "text": "am I permitted to profess my own beliefs in belgium",
                "userDefined": false
            }
        ],
        "isTemplate": false,
        "count": 0,
        "updated": 1560155628
    },
    {
        "id": "48824824-1841-dfdd-57c6-020b2b788f94",
        "data": [
            {
                "text": "do I have the right to profess a ritual in belgium",
                "userDefined": false
            }
        ],
        "isTemplate": false,
        "count": 0,
        "updated": 1560155628
    },
    {
        "id": "d66ec5fe-a9d0-342b-92b1-f02034845b48",
        "data": [
            {
                "text": "is it permitted to practise my  religion in belgium",
                "userDefined": false
            }
        ],
        "isTemplate": false,
        "count": 0,
        "updated": 1560155628
    },
    {
        "id": "47ae45aa-8cff-65bd-6d09-da0d7606859a",
        "data": [
            {
                "text": "is it banned to practise a beliefs in belgium",
                "userDefined": false
            }
        ],
        "isTemplate": false,
        "count": 0,
        "updated": 1560155628
    },
    {
        "id": "bf61277e-b419-4d29-22c5-b6fced0cb1a8",
        "data": [
            {
                "text": "can I have a spirituality in belgium",
                "userDefined": false
            }
        ],
        "isTemplate": false,
        "count": 0,
        "updated": 1560155628
    },
    {
        "id": "bc0278c5-c5f8-e6fa-e4d5-581b8fe509b2",
        "data": [
            {
                "text": "am I permitted to have a ritual in belgium",
                "userDefined": false
            }
        ],
        "isTemplate": false,
        "count": 0,
        "updated": 1560155628
    },
    {
        "id": "8e03506f-0e95-8b3b-0496-7b427fdbaf26",
        "data": [
            {
                "text": "am I allowed to practise my own religion in belgium",
                "userDefined": false
            }
        ],
        "isTemplate": false,
        "count": 0,
        "updated": 1560155628
    },
    {
        "id": "bfa0e013-4e2f-e05a-915d-62fad6471222",
        "data": [
            {
                "text": "is it permitted to practise a religion in belgium",
                "userDefined": false
            }
        ],
        "isTemplate": false,
        "count": 0,
        "updated": 1560155628
    },
    {
        "id": "942deaa6-46df-7ed2-1df5-e40bda37387a",
        "data": [
            {
                "text": "is it allowed to practise my  religion in belgium",
                "userDefined": false
            }
        ],
        "isTemplate": false,
        "count": 0,
        "updated": 1560155628
    },
    {
        "id": "2620190f-9d9a-234b-8e1b-3826b084551d",
        "data": [
            {
                "text": "do I have the rights to have my  spirituality in belgium",
                "userDefined": false
            }
        ],
        "isTemplate": false,
        "count": 0,
        "updated": 1560155628
    },
    {
        "id": "c1a051b7-9683-07b2-bcbc-5d9f12271d30",
        "data": [
            {
                "text": "is it possible to profess my  religious beliefs in belgium",
                "userDefined": false
            }
        ],
        "isTemplate": false,
        "count": 0,
        "updated": 1560155628
    },
    {
        "id": "9529a845-4ad7-5037-c6c7-88c4b1b8eab2",
        "data": [
            {
                "text": "do I have the rights to practise my own religion in belgium",
                "userDefined": false
            }
        ],
        "isTemplate": false,
        "count": 0,
        "updated": 1560155628
    },
    {
        "id": "8fe80230-3768-d9cc-3269-dee4b12fdfa1",
        "data": [
            {
                "text": "is it permitted to practise a ritual in belgium",
                "userDefined": false
            }
        ],
        "isTemplate": false,
        "count": 0,
        "updated": 1560155628
    },
    {
        "id": "c17bf056-d96e-5985-63ee-90a8b31c97ce",
        "data": [
            {
                "text": "do I have the rights to practise a religion in belgium",
                "userDefined": false
            }
        ],
        "isTemplate": false,
        "count": 0,
        "updated": 1560155628
    },
    {
        "id": "2c6047ce-0a5c-9c1b-0590-763f5c951958",
        "data": [
            {
                "text": "would I profess a spirituality in belgium",
                "userDefined": false
            }
        ],
        "isTemplate": false,
        "count": 0,
        "updated": 1560155628
    },
    {
        "id": "49827434-dfa9-0d3d-8bdf-b5480e65c478",
        "data": [
            {
                "text": "would I profess my  spirituality in belgium",
                "userDefined": false
            }
        ],
        "isTemplate": false,
        "count": 0,
        "updated": 1560155628
    },
    {
        "id": "f3b3bd30-96fa-5250-306a-aa272e2818b9",
        "data": [
            {
                "text": "do I have the right to have my own spirituality in belgium",
                "userDefined": false
            }
        ],
        "isTemplate": false,
        "count": 0,
        "updated": 1560155628
    },
    {
        "id": "0bf9fc74-440c-4001-9627-afa0a33ae4c6",
        "data": [
            {
                "text": "am I allowed to practise a spirituality in belgium",
                "userDefined": false
            }
        ],
        "isTemplate": false,
        "count": 0,
        "updated": 1560155628
    },
    {
        "id": "c3c4fc25-72e7-646f-6ce8-3426b4110eee",
        "data": [
            {
                "text": "would I practise a spirituality in belgium",
                "userDefined": false
            }
        ],
        "isTemplate": false,
        "count": 0,
        "updated": 1560155628
    },
    {
        "id": "868c4a04-9237-06e1-4f9d-743f10aa2216",
        "data": [
            {
                "text": "do I have the right to practise my own religion in belgium",
                "userDefined": false
            }
        ],
        "isTemplate": false,
        "count": 0,
        "updated": 1560155628
    },
    {
        "id": "499c12d9-cc23-5326-2ca4-7b28d66fb68b",
        "data": [
            {
                "text": "is it possible to profess my  religion in belgium",
                "userDefined": false
            }
        ],
        "isTemplate": false,
        "count": 0,
        "updated": 1560155628
    },
    {
        "id": "2c3bf2d0-c64c-eafc-6830-f1a702d9c771",
        "data": [
            {
                "text": "is it proscribed to practise my own religion in belgium",
                "userDefined": false
            }
        ],
        "isTemplate": false,
        "count": 0,
        "updated": 1560155628
    },
    {
        "id": "0dbbda8b-e762-0b0b-1447-7da92830b6f0",
        "data": [
            {
                "text": "is it forbidden to have my own religion in belgium",
                "userDefined": false
            }
        ],
        "isTemplate": false,
        "count": 0,
        "updated": 1560155628
    },
    {
        "id": "e1935622-1739-4516-a7d8-c36a74f99240",
        "data": [
            {
                "text": "am I allowed to have a beliefs in belgium",
                "userDefined": false
            }
        ],
        "isTemplate": false,
        "count": 0,
        "updated": 1560155628
    },
    {
        "id": "6716c5d9-2330-06b5-53c5-265314679f64",
        "data": [
            {
                "text": "is it proscribed to have a religion in belgium",
                "userDefined": false
            }
        ],
        "isTemplate": false,
        "count": 0,
        "updated": 1560155628
    },
    {
        "id": "ec353bc9-fa1b-3e85-55a5-84aaec3a159c",
        "data": [
            {
                "text": "would I have my  spirituality in belgium",
                "userDefined": false
            }
        ],
        "isTemplate": false,
        "count": 0,
        "updated": 1560155628
    },
    {
        "id": "ca96e939-8d78-2749-c9d2-2e84fb8ca509",
        "data": [
            {
                "text": "is it possible for me to have my  religion in belgium",
                "userDefined": false
            }
        ],
        "isTemplate": false,
        "count": 0,
        "updated": 1560155628
    },
    {
        "id": "ee0cd3c5-d8b1-c8e0-bcee-8656a788d0ad",
        "data": [
            {
                "text": "is it not permitted to practise a religion in belgium",
                "userDefined": false
            }
        ],
        "isTemplate": false,
        "count": 0,
        "updated": 1560155628
    }
]