[
    {
        "id": "d82336cb-933e-0bc9-c3ab-be5c40fd1ae3",
        "data": [
            {
                "text": "what's the academic quadrimestre like",
                "userDefined": false
            }
        ],
        "isTemplate": false,
        "count": 0,
        "updated": 1560155629
    },
    {
        "id": "04c0fe90-859b-745d-2da2-bcb474df9ffa",
        "data": [
            {
                "text": "how is 1 quadrimester organized",
                "userDefined": false
            }
        ],
        "isTemplate": false,
        "count": 0,
        "updated": 1560155629
    },
    {
        "id": "663e1a63-fc87-f438-5667-15d213ec19c4",
        "data": [
            {
                "text": "how is one term divided",
                "userDefined": false
            }
        ],
        "isTemplate": false,
        "count": 0,
        "updated": 1560155629
    },
    {
        "id": "35bfa440-0412-bb9b-7935-47239f421d97",
        "data": [
            {
                "text": "how is 1 semestre arranged",
                "userDefined": false
            }
        ],
        "isTemplate": false,
        "count": 0,
        "updated": 1560155629
    },
    {
        "id": "83fb8f6d-72bd-c009-25fb-4ff71dc8035b",
        "data": [
            {
                "text": "what's one semestre like",
                "userDefined": false
            }
        ],
        "isTemplate": false,
        "count": 0,
        "updated": 1560155629
    },
    {
        "id": "493eb879-fd18-e5e1-ef7f-dd6ad13bb7d8",
        "data": [
            {
                "text": "what is the arrangement of one term",
                "userDefined": false
            }
        ],
        "isTemplate": false,
        "count": 0,
        "updated": 1560155629
    },
    {
        "id": "35f458c8-7232-e24d-f985-44a9852c2082",
        "data": [
            {
                "text": "how is one semester divided",
                "userDefined": false
            }
        ],
        "isTemplate": false,
        "count": 0,
        "updated": 1560155629
    },
    {
        "id": "3b0315af-c202-9f63-7ff9-30e19c79a3c6",
        "data": [
            {
                "text": "what is the standard management of 2 quadrimestre",
                "userDefined": false
            }
        ],
        "isTemplate": false,
        "count": 0,
        "updated": 1560155629
    },
    {
        "id": "af786046-ce66-19bb-3cc3-8a95ff5404e0",
        "data": [
            {
                "text": "how is 1 term divided",
                "userDefined": false
            }
        ],
        "isTemplate": false,
        "count": 0,
        "updated": 1560155629
    },
    {
        "id": "9348ee5a-edf4-6c87-a4f0-ce9cb7c540e0",
        "data": [
            {
                "text": "what'll be one academic quadrimester like",
                "userDefined": false
            }
        ],
        "isTemplate": false,
        "count": 0,
        "updated": 1560155629
    },
    {
        "id": "355e4ae6-6e56-f4c5-4ea1-bc3a078b782e",
        "data": [
            {
                "text": "what's the typical arrangement of 1 semestre",
                "userDefined": false
            }
        ],
        "isTemplate": false,
        "count": 0,
        "updated": 1560155629
    },
    {
        "id": "907293d1-06f1-e425-26ef-52ff466cf1cd",
        "data": [
            {
                "text": "what will be the academic term like",
                "userDefined": false
            }
        ],
        "isTemplate": false,
        "count": 0,
        "updated": 1560155629
    },
    {
        "id": "63ce7dc0-2320-53ad-1996-38e61f7d7ac0",
        "data": [
            {
                "text": "what will be one academic quadrimester like",
                "userDefined": false
            }
        ],
        "isTemplate": false,
        "count": 0,
        "updated": 1560155629
    },
    {
        "id": "b98f9fc1-7dfa-8550-7e01-160c0dc2fef5",
        "data": [
            {
                "text": "what will be a academic semestre like",
                "userDefined": false
            }
        ],
        "isTemplate": false,
        "count": 0,
        "updated": 1560155629
    },
    {
        "id": "81fd0f9f-1eda-3d5e-f5e0-a8a4e0e7da66",
        "data": [
            {
                "text": "what would be 1 academic quadrimester like",
                "userDefined": false
            }
        ],
        "isTemplate": false,
        "count": 0,
        "updated": 1560155629
    },
    {
        "id": "92615bb4-01d1-acef-0ed8-7968382357a4",
        "data": [
            {
                "text": "what is the standard management of one semester",
                "userDefined": false
            }
        ],
        "isTemplate": false,
        "count": 0,
        "updated": 1560155629
    },
    {
        "id": "67ad2a73-809f-7f76-6c99-4ce2c63dfbe7",
        "data": [
            {
                "text": "how is the academic quadrimestre set up",
                "userDefined": false
            }
        ],
        "isTemplate": false,
        "count": 0,
        "updated": 1560155629
    },
    {
        "id": "8da7ddbd-3db2-1646-5b60-88f29e74fac9",
        "data": [
            {
                "text": "what's a academic term like",
                "userDefined": false
            }
        ],
        "isTemplate": false,
        "count": 0,
        "updated": 1560155629
    },
    {
        "id": "a09c9386-377b-8c9f-b16d-ae84cd4211ed",
        "data": [
            {
                "text": "how is the academic term divided",
                "userDefined": false
            }
        ],
        "isTemplate": false,
        "count": 0,
        "updated": 1560155629
    },
    {
        "id": "9c2985c5-2fb7-5ad8-1a10-e7aaf9463390",
        "data": [
            {
                "text": "how is the term divided",
                "userDefined": false
            }
        ],
        "isTemplate": false,
        "count": 0,
        "updated": 1560155629
    },
    {
        "id": "e080ec3f-6cbb-1709-3cf1-f94d4dd18fa3",
        "data": [
            {
                "text": "what'd be one academic quadrimestre like",
                "userDefined": false
            }
        ],
        "isTemplate": false,
        "count": 0,
        "updated": 1560155629
    },
    {
        "id": "dcdfbf25-7f23-484c-af52-c223170b6945",
        "data": [
            {
                "text": "what is the management of one semestre",
                "userDefined": false
            }
        ],
        "isTemplate": false,
        "count": 0,
        "updated": 1560155629
    },
    {
        "id": "c36f4577-328d-88d9-249b-61d545fef961",
        "data": [
            {
                "text": "what will be the academic quadrimestre like",
                "userDefined": false
            }
        ],
        "isTemplate": false,
        "count": 0,
        "updated": 1560155629
    },
    {
        "id": "fbbad992-3bca-c3ec-976d-eb6c90eb53b9",
        "data": [
            {
                "text": "what would be the organisation of one semestre in belgium",
                "userDefined": false
            }
        ],
        "isTemplate": false,
        "count": 0,
        "updated": 1560155629
    },
    {
        "id": "2037c97a-cc50-cc83-3fc7-c5615cd67639",
        "data": [
            {
                "text": "what will be 1 quadrimestre like",
                "userDefined": false
            }
        ],
        "isTemplate": false,
        "count": 0,
        "updated": 1560155629
    },
    {
        "id": "f360c2c3-03d3-61c1-cd70-2ac00f51f6ef",
        "data": [
            {
                "text": "how is one quadrimestre arranged",
                "userDefined": false
            }
        ],
        "isTemplate": false,
        "count": 0,
        "updated": 1560155629
    },
    {
        "id": "aabcde8e-ea3a-3c51-17e9-2fa85db6ad57",
        "data": [
            {
                "text": "what is the organization of a term in belgium",
                "userDefined": false
            }
        ],
        "isTemplate": false,
        "count": 0,
        "updated": 1560155629
    },
    {
        "id": "a6a0ba32-edb0-e24f-7fbd-fe9f525b57f8",
        "data": [
            {
                "text": "what will be the typical management of a quadrimestre",
                "userDefined": false
            }
        ],
        "isTemplate": false,
        "count": 0,
        "updated": 1560155629
    },
    {
        "id": "d173c1e9-ddde-5a3c-2959-8748c985099e",
        "data": [
            {
                "text": "what will be one academic quadrimestre like",
                "userDefined": false
            }
        ],
        "isTemplate": false,
        "count": 0,
        "updated": 1560155629
    },
    {
        "id": "339c03d6-d329-eba6-ef45-54cb3505dfc7",
        "data": [
            {
                "text": "how is one academic quadrimester divided",
                "userDefined": false
            }
        ],
        "isTemplate": false,
        "count": 0,
        "updated": 1560155629
    },
    {
        "id": "e6a11bf5-2127-858d-8db6-c9870a000e5b",
        "data": [
            {
                "text": "what would be the typical management of 2 term",
                "userDefined": false
            }
        ],
        "isTemplate": false,
        "count": 0,
        "updated": 1560155629
    },
    {
        "id": "fcac226c-5030-1e12-5be3-99e10b7d49f3",
        "data": [
            {
                "text": "what would be a term like",
                "userDefined": false
            }
        ],
        "isTemplate": false,
        "count": 0,
        "updated": 1560155629
    },
    {
        "id": "a8a24a83-bfd3-a880-06c5-a7b6d4212989",
        "data": [
            {
                "text": "what'll be a academic term like",
                "userDefined": false
            }
        ],
        "isTemplate": false,
        "count": 0,
        "updated": 1560155629
    },
    {
        "id": "1af17adf-afb2-cc7b-db7f-267972e18ea8",
        "data": [
            {
                "text": "what's one academic semestre like",
                "userDefined": false
            }
        ],
        "isTemplate": false,
        "count": 0,
        "updated": 1560155629
    },
    {
        "id": "68316158-afa4-5319-cf33-57797068c56f",
        "data": [
            {
                "text": "what would be the management of a semester",
                "userDefined": false
            }
        ],
        "isTemplate": false,
        "count": 0,
        "updated": 1560155629
    },
    {
        "id": "785f713f-b417-fabb-95d9-bfb5d789baca",
        "data": [
            {
                "text": "what's the standard arrangement of one quadrimestre",
                "userDefined": false
            }
        ],
        "isTemplate": false,
        "count": 0,
        "updated": 1560155629
    },
    {
        "id": "d1f117d6-6c08-3a0d-7ed5-ede27acda009",
        "data": [
            {
                "text": "how is a term arranged",
                "userDefined": false
            }
        ],
        "isTemplate": false,
        "count": 0,
        "updated": 1560155629
    },
    {
        "id": "2a284047-aef0-17c2-746f-d4a46a31ab26",
        "data": [
            {
                "text": "how is 1 quadrimester divided",
                "userDefined": false
            }
        ],
        "isTemplate": false,
        "count": 0,
        "updated": 1560155629
    },
    {
        "id": "01f82d83-c993-ff63-accf-e5140e919ff7",
        "data": [
            {
                "text": "how is a academic semester arranged",
                "userDefined": false
            }
        ],
        "isTemplate": false,
        "count": 0,
        "updated": 1560155629
    },
    {
        "id": "6c40e361-eb3a-419e-3d54-9293968861c9",
        "data": [
            {
                "text": "what's the semestre like",
                "userDefined": false
            }
        ],
        "isTemplate": false,
        "count": 0,
        "updated": 1560155629
    },
    {
        "id": "0fdf94f5-4547-2f29-cc74-53f8d1b4f5ef",
        "data": [
            {
                "text": "what'll be a term like",
                "userDefined": false
            }
        ],
        "isTemplate": false,
        "count": 0,
        "updated": 1560155629
    },
    {
        "id": "2cfbc479-88ba-0ed1-edf8-46a0ff0381de",
        "data": [
            {
                "text": "how is the academic semester divided",
                "userDefined": false
            }
        ],
        "isTemplate": false,
        "count": 0,
        "updated": 1560155629
    },
    {
        "id": "29a807e0-9a16-ee49-a6c5-0a13a5848734",
        "data": [
            {
                "text": "what is the management of one quadrimester",
                "userDefined": false
            }
        ],
        "isTemplate": false,
        "count": 0,
        "updated": 1560155629
    },
    {
        "id": "7e626a58-c0e6-afdb-4661-d18bdc312704",
        "data": [
            {
                "text": "how is the term organised",
                "userDefined": false
            }
        ],
        "isTemplate": false,
        "count": 0,
        "updated": 1560155629
    },
    {
        "id": "2b594c29-0e8e-b421-05d2-0a4c2908f808",
        "data": [
            {
                "text": "what'll be the organization of 1 term at UCLouvain",
                "userDefined": false
            }
        ],
        "isTemplate": false,
        "count": 0,
        "updated": 1560155629
    },
    {
        "id": "c3adcb03-c600-aefa-0546-1d2a9d64b790",
        "data": [
            {
                "text": "what'd be one quadrimestre like",
                "userDefined": false
            }
        ],
        "isTemplate": false,
        "count": 0,
        "updated": 1560155629
    },
    {
        "id": "7e8224fb-9b76-4023-f6be-8f5dea700731",
        "data": [
            {
                "text": "what's a term like",
                "userDefined": false
            }
        ],
        "isTemplate": false,
        "count": 0,
        "updated": 1560155629
    },
    {
        "id": "d4635a9a-66c4-4eb3-fdf6-504586792518",
        "data": [
            {
                "text": "what is the usual organisation of a quadrimestre",
                "userDefined": false
            }
        ],
        "isTemplate": false,
        "count": 0,
        "updated": 1560155629
    },
    {
        "id": "057dad5a-a554-39d5-1b24-e08645a0fdb6",
        "data": [
            {
                "text": "what'd be the academic semester like",
                "userDefined": false
            }
        ],
        "isTemplate": false,
        "count": 0,
        "updated": 1560155629
    },
    {
        "id": "1329644f-ac7c-819a-89a4-7431d2ab626b",
        "data": [
            {
                "text": "how is one academic semestre set up",
                "userDefined": false
            }
        ],
        "isTemplate": false,
        "count": 0,
        "updated": 1560155629
    }
]