[
    {
        "id": "0cd79eb9-4349-0d69-d6a4-d9e34ffdd8bb",
        "data": [
            {
                "text": "what kind of fees would I have to expect there",
                "userDefined": false
            }
        ],
        "isTemplate": false,
        "count": 0,
        "updated": 1560155628
    },
    {
        "id": "0005fc4c-a457-2fd3-e81f-230e29952b0a",
        "data": [
            {
                "text": "price of a newspaper",
                "userDefined": false
            }
        ],
        "isTemplate": false,
        "count": 0,
        "updated": 1560155628
    },
    {
        "id": "d5c67497-f214-acf5-438a-37283c1de57d",
        "data": [
            {
                "text": "how expensive is 1 liter of milk",
                "userDefined": false
            }
        ],
        "isTemplate": false,
        "count": 0,
        "updated": 1560155628
    },
    {
        "id": "3f44338d-667c-5d2e-6b8d-4bbb915cf80e",
        "data": [
            {
                "text": "how costly are the customary everyday life costs there",
                "userDefined": false
            }
        ],
        "isTemplate": false,
        "count": 0,
        "updated": 1560155628
    },
    {
        "id": "4781cbfb-3c15-1110-15fb-77761dc9ae35",
        "data": [
            {
                "text": "how expensive are the routine living costs at UCLouvain",
                "userDefined": false
            }
        ],
        "isTemplate": false,
        "count": 0,
        "updated": 1560155628
    },
    {
        "id": "64f663b8-3121-d9c0-eadd-e87813d025da",
        "data": [
            {
                "text": "what kind of costs should I need to expect in belgium",
                "userDefined": false
            }
        ],
        "isTemplate": false,
        "count": 0,
        "updated": 1560155628
    },
    {
        "id": "d99f72f0-bf85-248a-c91c-986c8614a531",
        "data": [
            {
                "text": "how overpriced are the usual everyday life charges in belgium",
                "userDefined": false
            }
        ],
        "isTemplate": false,
        "count": 0,
        "updated": 1560155628
    },
    {
        "id": "61f83cfd-3c64-c08d-73ea-9662f72bc89b",
        "data": [
            {
                "text": "what actually are routine expenses there",
                "userDefined": false
            }
        ],
        "isTemplate": false,
        "count": 0,
        "updated": 1560155628
    },
    {
        "id": "bc721fc7-a8ed-dc41-c20f-b795fc98cd91",
        "data": [
            {
                "text": "what kind of expenses should I expect",
                "userDefined": false
            }
        ],
        "isTemplate": false,
        "count": 0,
        "updated": 1560155628
    },
    {
        "id": "a0568e97-000d-fe71-5a8b-c990363bf1c2",
        "data": [
            {
                "text": "how high-priced are the customary living fees at lln",
                "userDefined": false
            }
        ],
        "isTemplate": false,
        "count": 0,
        "updated": 1560155628
    },
    {
        "id": "f43b734b-361e-8a7f-582b-13a0f6d3c24a",
        "data": [
            {
                "text": "cost of bread",
                "userDefined": false
            }
        ],
        "isTemplate": false,
        "count": 0,
        "updated": 1560155628
    },
    {
        "id": "edabd064-3f18-3367-fbd6-fdd148c972f5",
        "data": [
            {
                "text": "how expensive is chocolate",
                "userDefined": false
            }
        ],
        "isTemplate": false,
        "count": 0,
        "updated": 1560155628
    },
    {
        "id": "d6018b27-1014-8303-e01b-e419920b0c1f",
        "data": [
            {
                "text": "what exactly are frequent charges in belgium",
                "userDefined": false
            }
        ],
        "isTemplate": false,
        "count": 0,
        "updated": 1560155628
    },
    {
        "id": "c7bc6004-2bd4-38bf-1725-2a292d6f7a3a",
        "data": [
            {
                "text": "how overpriced is one litre of milk",
                "userDefined": false
            }
        ],
        "isTemplate": false,
        "count": 0,
        "updated": 1560155628
    },
    {
        "id": "a601cd31-1576-e5e4-1e4d-a67c8d0901cc",
        "data": [
            {
                "text": "how expensive is a sandwich",
                "userDefined": false
            }
        ],
        "isTemplate": false,
        "count": 0,
        "updated": 1560155628
    },
    {
        "id": "8632e2c2-62a1-e61f-f78a-b9c6c17f6898",
        "data": [
            {
                "text": "price of bread",
                "userDefined": false
            }
        ],
        "isTemplate": false,
        "count": 0,
        "updated": 1560155628
    },
    {
        "id": "19b6024a-c2c6-0dee-ecc8-50ae18943757",
        "data": [
            {
                "text": "what exactly are everyday costs",
                "userDefined": false
            }
        ],
        "isTemplate": false,
        "count": 0,
        "updated": 1560155628
    },
    {
        "id": "8d20e1ae-6e26-9e61-0639-a08401234f0a",
        "data": [
            {
                "text": "what exactly are customary expenses",
                "userDefined": false
            }
        ],
        "isTemplate": false,
        "count": 0,
        "updated": 1560155628
    },
    {
        "id": "2eb4797c-362e-2a3b-ad16-a4a342a3485f",
        "data": [
            {
                "text": "how high-priced are the frequent life charges there",
                "userDefined": false
            }
        ],
        "isTemplate": false,
        "count": 0,
        "updated": 1560155628
    },
    {
        "id": "dd025257-7852-50ae-8e34-a83ffc8a4558",
        "data": [
            {
                "text": "what kind of costs should I have to expect",
                "userDefined": false
            }
        ],
        "isTemplate": false,
        "count": 0,
        "updated": 1560155628
    },
    {
        "id": "3545c34b-a254-4913-63bd-153793e9cc24",
        "data": [
            {
                "text": "what in fact are routine charges in Louvain-la-Neuve",
                "userDefined": false
            }
        ],
        "isTemplate": false,
        "count": 0,
        "updated": 1560155628
    },
    {
        "id": "95c4c837-8772-a0d9-0cae-aab64a571f7e",
        "data": [
            {
                "text": "how high-priced are the everyday living expenses at university",
                "userDefined": false
            }
        ],
        "isTemplate": false,
        "count": 0,
        "updated": 1560155628
    },
    {
        "id": "d143439a-8ec1-6b9a-882d-a19e7e03e575",
        "data": [
            {
                "text": "what in fact are everyday fees in belgium",
                "userDefined": false
            }
        ],
        "isTemplate": false,
        "count": 0,
        "updated": 1560155628
    },
    {
        "id": "568de069-bb67-dcfd-de0d-d6b0a079ca81",
        "data": [
            {
                "text": "how overpriced is a sandwich",
                "userDefined": false
            }
        ],
        "isTemplate": false,
        "count": 0,
        "updated": 1560155628
    },
    {
        "id": "b7387dd5-0b93-482f-52e4-210ef8e3f23b",
        "data": [
            {
                "text": "what kind of charges do I need to expect",
                "userDefined": false
            }
        ],
        "isTemplate": false,
        "count": 0,
        "updated": 1560155628
    },
    {
        "id": "5d3f6e6f-8ea6-03f4-4c16-c8b8a4a79ea9",
        "data": [
            {
                "text": "what in fact are routine costs",
                "userDefined": false
            }
        ],
        "isTemplate": false,
        "count": 0,
        "updated": 1560155628
    },
    {
        "id": "515a1968-0c14-2bb4-1978-7e06e9ec7a52",
        "data": [
            {
                "text": "how costly are the routine living expenses at uni",
                "userDefined": false
            }
        ],
        "isTemplate": false,
        "count": 0,
        "updated": 1560155628
    },
    {
        "id": "faa2014d-7425-02ca-a1d4-b4f322f3bc34",
        "data": [
            {
                "text": "cost of a  coffee",
                "userDefined": false
            }
        ],
        "isTemplate": false,
        "count": 0,
        "updated": 1560155628
    },
    {
        "id": "40978297-d517-bfe0-24d0-3ea197629d5f",
        "data": [
            {
                "text": "what type of expenses would I expect at UCLouvain",
                "userDefined": false
            }
        ],
        "isTemplate": false,
        "count": 0,
        "updated": 1560155628
    },
    {
        "id": "dd607e92-1637-a3f6-c5a6-6881ce2acb66",
        "data": [
            {
                "text": "what exactly are frequent expenses",
                "userDefined": false
            }
        ],
        "isTemplate": false,
        "count": 0,
        "updated": 1560155628
    },
    {
        "id": "8f23a56a-d096-abda-f89a-9d97c7f71da2",
        "data": [
            {
                "text": "what sort of fees should I need to expect",
                "userDefined": false
            }
        ],
        "isTemplate": false,
        "count": 0,
        "updated": 1560155628
    },
    {
        "id": "f7a0dfa9-a2d2-3236-be4d-9c10b250874b",
        "data": [
            {
                "text": "what sort of fees should I expect in Louvain la Neuve",
                "userDefined": false
            }
        ],
        "isTemplate": false,
        "count": 0,
        "updated": 1560155628
    },
    {
        "id": "1a33fae8-e968-7266-b998-ec9df2760692",
        "data": [
            {
                "text": "how costly is a sandwich",
                "userDefined": false
            }
        ],
        "isTemplate": false,
        "count": 0,
        "updated": 1560155628
    },
    {
        "id": "df5b4040-6794-f64d-fc94-c224bc6cf5b0",
        "data": [
            {
                "text": "cost of one litre of milk",
                "userDefined": false
            }
        ],
        "isTemplate": false,
        "count": 0,
        "updated": 1560155628
    },
    {
        "id": "411db695-b141-18b1-38d2-fd4090f1d5bb",
        "data": [
            {
                "text": "how expensive are the customary life expenses in LLN",
                "userDefined": false
            }
        ],
        "isTemplate": false,
        "count": 0,
        "updated": 1560155628
    },
    {
        "id": "2907184d-6e23-a54b-a2d8-a180ed05d4de",
        "data": [
            {
                "text": "what sort of costs will I expect at uclouvain",
                "userDefined": false
            }
        ],
        "isTemplate": false,
        "count": 0,
        "updated": 1560155628
    },
    {
        "id": "8df5a730-fba6-3a69-8060-5cb11bbf3a34",
        "data": [
            {
                "text": "what in fact are frequent costs",
                "userDefined": false
            }
        ],
        "isTemplate": false,
        "count": 0,
        "updated": 1560155628
    },
    {
        "id": "efdd3795-5ac6-3ec3-8e66-296803262570",
        "data": [
            {
                "text": "cost of a pint of beer",
                "userDefined": false
            }
        ],
        "isTemplate": false,
        "count": 0,
        "updated": 1560155628
    },
    {
        "id": "fb2e75b7-0059-f8c1-b9be-3bc2eb1b2b25",
        "data": [
            {
                "text": "how high-priced are the frequent living charges in louvain-la-neuve",
                "userDefined": false
            }
        ],
        "isTemplate": false,
        "count": 0,
        "updated": 1560155628
    },
    {
        "id": "f6ff1642-2543-d1ce-4eca-9ba5e75e5599",
        "data": [
            {
                "text": "how costly are the customary life fees there",
                "userDefined": false
            }
        ],
        "isTemplate": false,
        "count": 0,
        "updated": 1560155628
    },
    {
        "id": "9a4a2476-4dd4-f412-09bd-45d9c227214f",
        "data": [
            {
                "text": "what exactly are everyday charges at ucl",
                "userDefined": false
            }
        ],
        "isTemplate": false,
        "count": 0,
        "updated": 1560155628
    },
    {
        "id": "a865517c-3e81-694f-8e50-95548d5379aa",
        "data": [
            {
                "text": "what kind of expenses will I expect",
                "userDefined": false
            }
        ],
        "isTemplate": false,
        "count": 0,
        "updated": 1560155628
    },
    {
        "id": "46a09621-3109-80dc-c84a-fda9a7917f87",
        "data": [
            {
                "text": "how overpriced are the frequent life fees in Louv",
                "userDefined": false
            }
        ],
        "isTemplate": false,
        "count": 0,
        "updated": 1560155628
    },
    {
        "id": "3f503b90-e7c0-25ce-3d64-1931f607e8c2",
        "data": [
            {
                "text": "what exactly are frequent expenses there",
                "userDefined": false
            }
        ],
        "isTemplate": false,
        "count": 0,
        "updated": 1560155628
    },
    {
        "id": "8549b44a-9640-af61-b7e2-2871fa4ba331",
        "data": [
            {
                "text": "cost of a sandwich",
                "userDefined": false
            }
        ],
        "isTemplate": false,
        "count": 0,
        "updated": 1560155628
    },
    {
        "id": "d304a47b-e895-e71f-defa-8ed14b28bc88",
        "data": [
            {
                "text": "how costly is a  beer",
                "userDefined": false
            }
        ],
        "isTemplate": false,
        "count": 0,
        "updated": 1560155628
    },
    {
        "id": "e1c4e0d9-d61a-e99c-2c43-4309d2922142",
        "data": [
            {
                "text": "what actually are everyday charges there",
                "userDefined": false
            }
        ],
        "isTemplate": false,
        "count": 0,
        "updated": 1560155628
    },
    {
        "id": "f3cdbcef-63c2-511f-782e-f54723067b3e",
        "data": [
            {
                "text": "how high-priced is a newspaper",
                "userDefined": false
            }
        ],
        "isTemplate": false,
        "count": 0,
        "updated": 1560155628
    },
    {
        "id": "93a8cb67-6839-122d-fe17-39478d159585",
        "data": [
            {
                "text": "how expensive are the customary everyday life costs at Louv",
                "userDefined": false
            }
        ],
        "isTemplate": false,
        "count": 0,
        "updated": 1560155628
    },
    {
        "id": "26c18810-5255-c01b-58d3-7f5eb85f6099",
        "data": [
            {
                "text": "what actually are routine fees at louvain la neuve",
                "userDefined": false
            }
        ],
        "isTemplate": false,
        "count": 0,
        "updated": 1560155628
    },
    {
        "id": "d2060629-f3a0-74de-b643-0760aa592ebd",
        "data": [
            {
                "text": "what exactly are usual expenses at Louvain la Neuve",
                "userDefined": false
            }
        ],
        "isTemplate": false,
        "count": 0,
        "updated": 1560155628
    },
    {
        "id": "82484550-b4ce-43dd-65e2-bdba34295025",
        "data": [
            {
                "text": "how overpriced is bread",
                "userDefined": false
            }
        ],
        "isTemplate": false,
        "count": 0,
        "updated": 1560155628
    },
    {
        "id": "e8471af4-92eb-5f69-4727-ce133f245583",
        "data": [
            {
                "text": "how expensive are the frequent life fees there",
                "userDefined": false
            }
        ],
        "isTemplate": false,
        "count": 0,
        "updated": 1560155628
    },
    {
        "id": "48bbae70-e2b2-c55a-b65c-40903974d4b5",
        "data": [
            {
                "text": "how high-priced are the routine living fees at LLN",
                "userDefined": false
            }
        ],
        "isTemplate": false,
        "count": 0,
        "updated": 1560155628
    },
    {
        "id": "7645862f-04ca-036b-a2a1-4425d598f718",
        "data": [
            {
                "text": "what in fact are frequent costs in belgium",
                "userDefined": false
            }
        ],
        "isTemplate": false,
        "count": 0,
        "updated": 1560155628
    },
    {
        "id": "417be70a-ef43-b949-9ea6-2f2b6e00da06",
        "data": [
            {
                "text": "what exactly are customary fees in belgium",
                "userDefined": false
            }
        ],
        "isTemplate": false,
        "count": 0,
        "updated": 1560155628
    },
    {
        "id": "21400eed-1109-58ec-683d-4ec73c5c1d7a",
        "data": [
            {
                "text": "how overpriced are the customary living charges at louvain-la-neuve",
                "userDefined": false
            }
        ],
        "isTemplate": false,
        "count": 0,
        "updated": 1560155628
    },
    {
        "id": "04ca5844-faa4-f75b-4130-7aa78b2d620e",
        "data": [
            {
                "text": "cost of a newspaper",
                "userDefined": false
            }
        ],
        "isTemplate": false,
        "count": 0,
        "updated": 1560155628
    },
    {
        "id": "5eed63b9-5ae0-c39c-d3a3-27f8e5bb4405",
        "data": [
            {
                "text": "how high-priced is chocolate",
                "userDefined": false
            }
        ],
        "isTemplate": false,
        "count": 0,
        "updated": 1560155628
    },
    {
        "id": "f3a477aa-f1c0-1d31-a283-28be5453cf60",
        "data": [
            {
                "text": "price of a sandwich",
                "userDefined": false
            }
        ],
        "isTemplate": false,
        "count": 0,
        "updated": 1560155628
    },
    {
        "id": "10627237-d6d1-c799-df0a-1779906c4a86",
        "data": [
            {
                "text": "what exactly are usual costs",
                "userDefined": false
            }
        ],
        "isTemplate": false,
        "count": 0,
        "updated": 1560155628
    },
    {
        "id": "42843b17-5956-8f9e-f867-34544b8ce91e",
        "data": [
            {
                "text": "how expensive are the routine living charges there",
                "userDefined": false
            }
        ],
        "isTemplate": false,
        "count": 0,
        "updated": 1560155628
    },
    {
        "id": "7abce4b6-e032-f898-ffe3-00bbf8afa87a",
        "data": [
            {
                "text": "how costly is a newspaper",
                "userDefined": false
            }
        ],
        "isTemplate": false,
        "count": 0,
        "updated": 1560155628
    },
    {
        "id": "9f37179b-47f2-2c19-0e07-3f1813284e88",
        "data": [
            {
                "text": "how high-priced are the frequent everyday life costs at ucl",
                "userDefined": false
            }
        ],
        "isTemplate": false,
        "count": 0,
        "updated": 1560155628
    },
    {
        "id": "4989524a-c460-99da-33f3-54bed960e238",
        "data": [
            {
                "text": "what kind of fees should I expect in belgium",
                "userDefined": false
            }
        ],
        "isTemplate": false,
        "count": 0,
        "updated": 1560155628
    },
    {
        "id": "658983be-05f0-6af6-dfd2-b5d79b437701",
        "data": [
            {
                "text": "what in fact are frequent fees",
                "userDefined": false
            }
        ],
        "isTemplate": false,
        "count": 0,
        "updated": 1560155628
    },
    {
        "id": "6e1098ce-f048-0936-4fe2-5c18f1a669a3",
        "data": [
            {
                "text": "price of a package of coffee",
                "userDefined": false
            }
        ],
        "isTemplate": false,
        "count": 0,
        "updated": 1560155628
    },
    {
        "id": "f04e4c26-63b8-d4e1-1cb2-179cb0888927",
        "data": [
            {
                "text": "how high-priced is a  coffee",
                "userDefined": false
            }
        ],
        "isTemplate": false,
        "count": 0,
        "updated": 1560155628
    },
    {
        "id": "e6654249-2b20-235a-83ab-2bd119ef4e10",
        "data": [
            {
                "text": "what kind of costs do I have to expect there",
                "userDefined": false
            }
        ],
        "isTemplate": false,
        "count": 0,
        "updated": 1560155628
    },
    {
        "id": "925871c6-c2b5-2683-8b5c-f27a20fcdb24",
        "data": [
            {
                "text": "how expensive is a newspaper",
                "userDefined": false
            }
        ],
        "isTemplate": false,
        "count": 0,
        "updated": 1560155628
    },
    {
        "id": "f9c5d0f2-49ed-7a2c-195e-57cfaf82d54e",
        "data": [
            {
                "text": "what actually are frequent expenses in belgium",
                "userDefined": false
            }
        ],
        "isTemplate": false,
        "count": 0,
        "updated": 1560155628
    },
    {
        "id": "f2902ec9-4a2e-a052-6f4c-a9cb826b5c40",
        "data": [
            {
                "text": "how costly are the customary life fees in louvain la neuve",
                "userDefined": false
            }
        ],
        "isTemplate": false,
        "count": 0,
        "updated": 1560155628
    },
    {
        "id": "32f9118e-a45a-06c8-9add-98dc6cd8ef00",
        "data": [
            {
                "text": "how overpriced are the everyday life charges at LLN",
                "userDefined": false
            }
        ],
        "isTemplate": false,
        "count": 0,
        "updated": 1560155628
    },
    {
        "id": "7c93ff20-ef89-0446-2959-dd692fd7466c",
        "data": [
            {
                "text": "how high-priced is a  beer",
                "userDefined": false
            }
        ],
        "isTemplate": false,
        "count": 0,
        "updated": 1560155628
    },
    {
        "id": "a9e2326c-b025-29c8-c96a-ff2ad2920b57",
        "data": [
            {
                "text": "what kind of fees do I need to expect",
                "userDefined": false
            }
        ],
        "isTemplate": false,
        "count": 0,
        "updated": 1560155628
    },
    {
        "id": "56bebb6b-4513-2e7d-ce95-b894c07edc49",
        "data": [
            {
                "text": "what sort of expenses should I expect at the university",
                "userDefined": false
            }
        ],
        "isTemplate": false,
        "count": 0,
        "updated": 1560155628
    },
    {
        "id": "58f7101d-5aef-fe6f-9ffa-f8a94cd2d70c",
        "data": [
            {
                "text": "how expensive is one litre of milk",
                "userDefined": false
            }
        ],
        "isTemplate": false,
        "count": 0,
        "updated": 1560155628
    },
    {
        "id": "7f40b4b2-c4ea-0032-f174-3b0ddcc8a2ef",
        "data": [
            {
                "text": "what in fact are customary costs",
                "userDefined": false
            }
        ],
        "isTemplate": false,
        "count": 0,
        "updated": 1560155628
    },
    {
        "id": "8772267a-beaa-b92a-8155-bc36b5671e94",
        "data": [
            {
                "text": "what in fact are frequent fees there",
                "userDefined": false
            }
        ],
        "isTemplate": false,
        "count": 0,
        "updated": 1560155628
    },
    {
        "id": "4deec642-2e63-52c4-622f-1cd8043d1e38",
        "data": [
            {
                "text": "what kind of charges would I expect at ucl",
                "userDefined": false
            }
        ],
        "isTemplate": false,
        "count": 0,
        "updated": 1560155628
    },
    {
        "id": "cc6f1ae6-6439-60ae-c9f4-16165cfe0754",
        "data": [
            {
                "text": "what kind of expenses will I need to expect there",
                "userDefined": false
            }
        ],
        "isTemplate": false,
        "count": 0,
        "updated": 1560155628
    },
    {
        "id": "539cfb38-e900-b9a1-95ce-986118dd60bb",
        "data": [
            {
                "text": "what sort of expenses will I need to expect",
                "userDefined": false
            }
        ],
        "isTemplate": false,
        "count": 0,
        "updated": 1560155628
    },
    {
        "id": "b847b782-c548-3c7f-3b6d-4a6c0fab2e40",
        "data": [
            {
                "text": "what in fact are everyday costs there",
                "userDefined": false
            }
        ],
        "isTemplate": false,
        "count": 0,
        "updated": 1560155628
    },
    {
        "id": "665e5199-d71b-2180-427e-5fc9e303befd",
        "data": [
            {
                "text": "what actually are routine expenses at UCL",
                "userDefined": false
            }
        ],
        "isTemplate": false,
        "count": 0,
        "updated": 1560155628
    },
    {
        "id": "c691bd65-a312-7e31-79ca-6c591bdec0f4",
        "data": [
            {
                "text": "how costly are the frequent living fees at louvain-la-neuve",
                "userDefined": false
            }
        ],
        "isTemplate": false,
        "count": 0,
        "updated": 1560155628
    },
    {
        "id": "69f5391f-711e-4c4d-c618-fcb490822ce9",
        "data": [
            {
                "text": "what actually are usual fees in belgium",
                "userDefined": false
            }
        ],
        "isTemplate": false,
        "count": 0,
        "updated": 1560155628
    },
    {
        "id": "5e11175a-3dbf-1ea5-983d-dd05ed0647cf",
        "data": [
            {
                "text": "what kind of charges will I expect in louvain la neuve",
                "userDefined": false
            }
        ],
        "isTemplate": false,
        "count": 0,
        "updated": 1560155628
    },
    {
        "id": "2f265430-592e-bb07-63a2-a3ba3c38865a",
        "data": [
            {
                "text": "what exactly are everyday fees",
                "userDefined": false
            }
        ],
        "isTemplate": false,
        "count": 0,
        "updated": 1560155628
    },
    {
        "id": "ad6ec661-128e-0655-ca16-8e2471da86f0",
        "data": [
            {
                "text": "what actually are routine costs",
                "userDefined": false
            }
        ],
        "isTemplate": false,
        "count": 0,
        "updated": 1560155628
    },
    {
        "id": "74d81dcd-8274-296b-07e8-3f4e7df50ba2",
        "data": [
            {
                "text": "what type of expenses should I expect in belgium",
                "userDefined": false
            }
        ],
        "isTemplate": false,
        "count": 0,
        "updated": 1560155628
    },
    {
        "id": "b1d16f2e-c914-2417-ed24-95c3591b075c",
        "data": [
            {
                "text": "how overpriced are the usual living charges in Louvain la Neuve",
                "userDefined": false
            }
        ],
        "isTemplate": false,
        "count": 0,
        "updated": 1560155628
    },
    {
        "id": "60ac6640-3985-2877-9e3a-b2d8ad677537",
        "data": [
            {
                "text": "cost of a  beer",
                "userDefined": false
            }
        ],
        "isTemplate": false,
        "count": 0,
        "updated": 1560155628
    },
    {
        "id": "80a18e09-c181-16be-94b9-0af77cb7f698",
        "data": [
            {
                "text": "what type of costs would I have to expect in belgium",
                "userDefined": false
            }
        ],
        "isTemplate": false,
        "count": 0,
        "updated": 1560155628
    },
    {
        "id": "754986cd-a2ea-78a2-1367-8e5552873f07",
        "data": [
            {
                "text": "what type of expenses do I need to expect",
                "userDefined": false
            }
        ],
        "isTemplate": false,
        "count": 0,
        "updated": 1560155628
    },
    {
        "id": "aaed61ab-7c77-1bcd-e28e-edb1266e3483",
        "data": [
            {
                "text": "price of a  beer",
                "userDefined": false
            }
        ],
        "isTemplate": false,
        "count": 0,
        "updated": 1560155628
    },
    {
        "id": "a076c113-aca3-8cae-8195-e988d9ddd77d",
        "data": [
            {
                "text": "cost of 1 liter of milk",
                "userDefined": false
            }
        ],
        "isTemplate": false,
        "count": 0,
        "updated": 1560155628
    },
    {
        "id": "22672e88-4145-a10a-d364-f16468d00741",
        "data": [
            {
                "text": "how costly are the everyday living expenses there",
                "userDefined": false
            }
        ],
        "isTemplate": false,
        "count": 0,
        "updated": 1560155628
    },
    {
        "id": "cd848b08-33e0-5b0c-5a4e-b7da449f9f43",
        "data": [
            {
                "text": "what exactly are everyday expenses",
                "userDefined": false
            }
        ],
        "isTemplate": false,
        "count": 0,
        "updated": 1560155628
    },
    {
        "id": "cd65e076-9fc9-0eaa-388a-26bdd2456592",
        "data": [
            {
                "text": "what kind of costs should I expect there",
                "userDefined": false
            }
        ],
        "isTemplate": false,
        "count": 0,
        "updated": 1560155628
    },
    {
        "id": "a69547f2-3a05-7307-8146-c2a7d16019d9",
        "data": [
            {
                "text": "what exactly are everyday costs in Louvain la Neuve",
                "userDefined": false
            }
        ],
        "isTemplate": false,
        "count": 0,
        "updated": 1560155628
    },
    {
        "id": "49240185-2965-c0c0-1f7f-678737bec0e7",
        "data": [
            {
                "text": "what actually are routine expenses",
                "userDefined": false
            }
        ],
        "isTemplate": false,
        "count": 0,
        "updated": 1560155628
    },
    {
        "id": "e02f8bd1-96a5-0e45-e7f7-aab343d45be6",
        "data": [
            {
                "text": "what exactly are customary costs",
                "userDefined": false
            }
        ],
        "isTemplate": false,
        "count": 0,
        "updated": 1560155628
    },
    {
        "id": "2b776762-21e0-3eb4-647b-1b27c7b0898d",
        "data": [
            {
                "text": "how high-priced are the frequent everyday life fees at UCLouvain",
                "userDefined": false
            }
        ],
        "isTemplate": false,
        "count": 0,
        "updated": 1560155628
    },
    {
        "id": "0f038732-e16a-dc6f-da6e-8ecb20591bc0",
        "data": [
            {
                "text": "how expensive are the usual life expenses in belgium",
                "userDefined": false
            }
        ],
        "isTemplate": false,
        "count": 0,
        "updated": 1560155628
    },
    {
        "id": "3cca4bba-9137-b8e0-6742-2bf7cb0cbc68",
        "data": [
            {
                "text": "how overpriced are the everyday life costs in LLN",
                "userDefined": false
            }
        ],
        "isTemplate": false,
        "count": 0,
        "updated": 1560155628
    },
    {
        "id": "3896aa9d-693b-add9-8e59-ae45d843d98e",
        "data": [
            {
                "text": "how high-priced are the everyday living fees in LLN",
                "userDefined": false
            }
        ],
        "isTemplate": false,
        "count": 0,
        "updated": 1560155628
    },
    {
        "id": "6d31ecff-a470-a32f-b597-862ef96e5a51",
        "data": [
            {
                "text": "price of one litre of milk",
                "userDefined": false
            }
        ],
        "isTemplate": false,
        "count": 0,
        "updated": 1560155628
    },
    {
        "id": "fc0a2d44-25be-bae9-72a2-6a2bbf44fffe",
        "data": [
            {
                "text": "what in fact are usual fees at the college",
                "userDefined": false
            }
        ],
        "isTemplate": false,
        "count": 0,
        "updated": 1560155628
    },
    {
        "id": "3b65f8ee-a869-f98f-a7a0-f60d1a09451a",
        "data": [
            {
                "text": "how high-priced are the frequent living fees at LLN",
                "userDefined": false
            }
        ],
        "isTemplate": false,
        "count": 0,
        "updated": 1560155628
    },
    {
        "id": "4ebc5a92-12cf-c80e-00b8-935f6d01a3e9",
        "data": [
            {
                "text": "what kind of costs will I expect",
                "userDefined": false
            }
        ],
        "isTemplate": false,
        "count": 0,
        "updated": 1560155628
    },
    {
        "id": "02ad1273-ec9e-5bb8-62ef-b95219656565",
        "data": [
            {
                "text": "what type of fees do I have to expect",
                "userDefined": false
            }
        ],
        "isTemplate": false,
        "count": 0,
        "updated": 1560155628
    },
    {
        "id": "eb642660-2a34-282d-869f-27de364bf4e7",
        "data": [
            {
                "text": "what actually are usual charges",
                "userDefined": false
            }
        ],
        "isTemplate": false,
        "count": 0,
        "updated": 1560155628
    },
    {
        "id": "52dead35-c19d-5330-02c4-44ff20c02047",
        "data": [
            {
                "text": "what in fact are frequent fees in Louvain",
                "userDefined": false
            }
        ],
        "isTemplate": false,
        "count": 0,
        "updated": 1560155628
    },
    {
        "id": "3a9db740-ba88-014d-6e5e-c2ee6c60796e",
        "data": [
            {
                "text": "what in fact are customary expenses at louvain-la-neuve",
                "userDefined": false
            }
        ],
        "isTemplate": false,
        "count": 0,
        "updated": 1560155628
    },
    {
        "id": "058c0703-3906-deb8-1695-4d1afdf74513",
        "data": [
            {
                "text": "how costly is 1 liter of milk",
                "userDefined": false
            }
        ],
        "isTemplate": false,
        "count": 0,
        "updated": 1560155628
    },
    {
        "id": "3555de37-e89e-9ef3-dd70-9cb14a5ee2e5",
        "data": [
            {
                "text": "how overpriced are the customary life expenses in LLN",
                "userDefined": false
            }
        ],
        "isTemplate": false,
        "count": 0,
        "updated": 1560155628
    },
    {
        "id": "e26d10ae-0fb4-34a4-2551-7a4d45a5fd33",
        "data": [
            {
                "text": "what kind of charges should I expect in belgium",
                "userDefined": false
            }
        ],
        "isTemplate": false,
        "count": 0,
        "updated": 1560155628
    },
    {
        "id": "6b368dfe-d5b0-6711-cb02-682f85c50f5e",
        "data": [
            {
                "text": "what kind of charges should I need to expect there",
                "userDefined": false
            }
        ],
        "isTemplate": false,
        "count": 0,
        "updated": 1560155628
    },
    {
        "id": "3455eeaf-4758-b32c-3091-23db53fc3f54",
        "data": [
            {
                "text": "what in fact are usual expenses",
                "userDefined": false
            }
        ],
        "isTemplate": false,
        "count": 0,
        "updated": 1560155628
    },
    {
        "id": "a7364895-9f85-7715-f68f-e70d7348b386",
        "data": [
            {
                "text": "how costly are the routine everyday life costs at uclouvain",
                "userDefined": false
            }
        ],
        "isTemplate": false,
        "count": 0,
        "updated": 1560155628
    }
]