[
    {
        "id": "546f31fe-86af-9957-9dbc-923170f9de6d",
        "data": [
            {
                "text": "what about kots in practice",
                "userDefined": false
            }
        ],
        "isTemplate": false,
        "count": 0,
        "updated": 1560155628
    },
    {
        "id": "a555c0ee-a90e-af3d-8109-bcde123b3ebc",
        "data": [
            {
                "text": "practical information on places",
                "userDefined": false
            }
        ],
        "isTemplate": false,
        "count": 0,
        "updated": 1560155628
    },
    {
        "id": "6f21371a-a894-63e5-1d9d-c3025be4944f",
        "data": [
            {
                "text": "I would really want useful information about rooms",
                "userDefined": false
            }
        ],
        "isTemplate": false,
        "count": 0,
        "updated": 1560155628
    },
    {
        "id": "fcf44070-9996-b684-688f-b2a0955d7f85",
        "data": [
            {
                "text": "what about places in practice",
                "userDefined": false
            }
        ],
        "isTemplate": false,
        "count": 0,
        "updated": 1560155628
    },
    {
        "id": "fadc7270-d5ac-d9ea-d879-ba67758f6ad9",
        "data": [
            {
                "text": "I need useful info about accommodations",
                "userDefined": false
            }
        ],
        "isTemplate": false,
        "count": 0,
        "updated": 1560155628
    },
    {
        "id": "a3ae4689-7616-1b98-487c-b633262c61ee",
        "data": [
            {
                "text": "I'd like to obtain practical info on accommodations",
                "userDefined": false
            }
        ],
        "isTemplate": false,
        "count": 0,
        "updated": 1560155628
    },
    {
        "id": "3e687cdd-e682-3535-1f67-639af4e324fc",
        "data": [
            {
                "text": "where should I go to obtain practical information on kots",
                "userDefined": false
            }
        ],
        "isTemplate": false,
        "count": 0,
        "updated": 1560155628
    },
    {
        "id": "09af3af1-70cc-91ad-9cd6-7a5df9e3c355",
        "data": [
            {
                "text": "I would love useful information about kots",
                "userDefined": false
            }
        ],
        "isTemplate": false,
        "count": 0,
        "updated": 1560155628
    },
    {
        "id": "e128200c-bd83-e973-6258-c67d012f2e80",
        "data": [
            {
                "text": "who should I contact to acquire practical info on housings",
                "userDefined": false
            }
        ],
        "isTemplate": false,
        "count": 0,
        "updated": 1560155628
    },
    {
        "id": "071e879e-6f3f-44b3-4b20-3f2e394f549c",
        "data": [
            {
                "text": "what about accommodations in practice",
                "userDefined": false
            }
        ],
        "isTemplate": false,
        "count": 0,
        "updated": 1560155628
    },
    {
        "id": "1193a178-f0fa-c9a9-c09e-093ba20e08e4",
        "data": [
            {
                "text": "practical recommendations about housings",
                "userDefined": false
            }
        ],
        "isTemplate": false,
        "count": 0,
        "updated": 1560155628
    },
    {
        "id": "38adde0c-2dff-b746-df53-3bd63526641b",
        "data": [
            {
                "text": "I am looking for useful guidance about rooms",
                "userDefined": false
            }
        ],
        "isTemplate": false,
        "count": 0,
        "updated": 1560155628
    },
    {
        "id": "3a72c539-c198-2177-fa0c-24671ca2c154",
        "data": [
            {
                "text": "what do I need to do to get practical instructions about places",
                "userDefined": false
            }
        ],
        "isTemplate": false,
        "count": 0,
        "updated": 1560155628
    },
    {
        "id": "d10ee38b-76e1-5d9a-27e4-c30a1f568848",
        "data": [
            {
                "text": "how to obtain practical information about places",
                "userDefined": false
            }
        ],
        "isTemplate": false,
        "count": 0,
        "updated": 1560155628
    },
    {
        "id": "687a08db-125e-a89c-6e64-40d68f47f66b",
        "data": [
            {
                "text": "practical information on rooms",
                "userDefined": false
            }
        ],
        "isTemplate": false,
        "count": 0,
        "updated": 1560155628
    },
    {
        "id": "3b71aa93-f846-0d39-dde7-a24fa8bc47a0",
        "data": [
            {
                "text": "practical info on rooms",
                "userDefined": false
            }
        ],
        "isTemplate": false,
        "count": 0,
        "updated": 1560155628
    },
    {
        "id": "accd4a9a-7aca-2260-1ed9-2df06da21a96",
        "data": [
            {
                "text": "where would I acquire practical information on accommodations",
                "userDefined": false
            }
        ],
        "isTemplate": false,
        "count": 0,
        "updated": 1560155628
    },
    {
        "id": "27e85d9d-02c0-7705-c000-60f667daa127",
        "data": [
            {
                "text": "I need to acquire practical aid on housings",
                "userDefined": false
            }
        ],
        "isTemplate": false,
        "count": 0,
        "updated": 1560155628
    },
    {
        "id": "308e6655-54fb-2d7a-c84b-8819d2cee65f",
        "data": [
            {
                "text": "practical info about housings",
                "userDefined": false
            }
        ],
        "isTemplate": false,
        "count": 0,
        "updated": 1560155628
    },
    {
        "id": "7c4a5ed7-79b5-4e75-8611-ad78175d4fb3",
        "data": [
            {
                "text": "how would I get practical info about places",
                "userDefined": false
            }
        ],
        "isTemplate": false,
        "count": 0,
        "updated": 1560155628
    },
    {
        "id": "ae283971-6a9d-73c4-af92-7e579ecb7ea5",
        "data": [
            {
                "text": "I am searching for useful direction about kots",
                "userDefined": false
            }
        ],
        "isTemplate": false,
        "count": 0,
        "updated": 1560155628
    },
    {
        "id": "8783629a-4239-71fa-9526-fa0ff6960aa3",
        "data": [
            {
                "text": "I am searching for useful information about kots",
                "userDefined": false
            }
        ],
        "isTemplate": false,
        "count": 0,
        "updated": 1560155628
    },
    {
        "id": "9665b17c-5bc3-fd00-c7d3-625e91679ccf",
        "data": [
            {
                "text": "practical advice about places",
                "userDefined": false
            }
        ],
        "isTemplate": false,
        "count": 0,
        "updated": 1560155628
    },
    {
        "id": "cee8c684-8568-8ee6-8129-26a69f07ef55",
        "data": [
            {
                "text": "practical aid on places",
                "userDefined": false
            }
        ],
        "isTemplate": false,
        "count": 0,
        "updated": 1560155628
    },
    {
        "id": "a3c8f7b4-4b42-1744-7e91-c7c8208b975c",
        "data": [
            {
                "text": "I need useful aid about accommodations",
                "userDefined": false
            }
        ],
        "isTemplate": false,
        "count": 0,
        "updated": 1560155628
    },
    {
        "id": "f02e11ba-68e4-dea1-b910-04dcd5e13aa0",
        "data": [
            {
                "text": "how is it possible for me to obtain practical info on housings",
                "userDefined": false
            }
        ],
        "isTemplate": false,
        "count": 0,
        "updated": 1560155628
    },
    {
        "id": "e6a7a088-9b81-9947-e602-98fc50dbaefe",
        "data": [
            {
                "text": "how is it possible for me to obtain practical information on rooms",
                "userDefined": false
            }
        ],
        "isTemplate": false,
        "count": 0,
        "updated": 1560155628
    },
    {
        "id": "8269f68e-0685-55f5-03fc-7716982a1ec8",
        "data": [
            {
                "text": "practical info about accommodations",
                "userDefined": false
            }
        ],
        "isTemplate": false,
        "count": 0,
        "updated": 1560155628
    },
    {
        "id": "ad42de63-94c6-11b4-2d5f-0133896363b8",
        "data": [
            {
                "text": "I would really want useful counseling about kots",
                "userDefined": false
            }
        ],
        "isTemplate": false,
        "count": 0,
        "updated": 1560155628
    },
    {
        "id": "dae3956a-c863-015a-72a1-a7d8be8fe2fb",
        "data": [
            {
                "text": "who would help to get practical guidance on accommodations",
                "userDefined": false
            }
        ],
        "isTemplate": false,
        "count": 0,
        "updated": 1560155628
    },
    {
        "id": "89ec1843-c9e0-5319-b0e6-e154ac5c8d24",
        "data": [
            {
                "text": "practical help about places",
                "userDefined": false
            }
        ],
        "isTemplate": false,
        "count": 0,
        "updated": 1560155628
    },
    {
        "id": "c73bf7f3-65ef-673b-a131-0cf5fcc1ed07",
        "data": [
            {
                "text": "who would I call to acquire practical info on housings",
                "userDefined": false
            }
        ],
        "isTemplate": false,
        "count": 0,
        "updated": 1560155628
    },
    {
        "id": "6f2dab01-90a8-889b-010a-20f525941919",
        "data": [
            {
                "text": "I'd really want useful info about places",
                "userDefined": false
            }
        ],
        "isTemplate": false,
        "count": 0,
        "updated": 1560155628
    },
    {
        "id": "05200fa7-ab62-bb31-756b-d87cc076e866",
        "data": [
            {
                "text": "I would like useful info about accommodations",
                "userDefined": false
            }
        ],
        "isTemplate": false,
        "count": 0,
        "updated": 1560155628
    },
    {
        "id": "e856e46e-af26-7e67-af15-c4da21c35333",
        "data": [
            {
                "text": "I'd want useful info about housings",
                "userDefined": false
            }
        ],
        "isTemplate": false,
        "count": 0,
        "updated": 1560155628
    },
    {
        "id": "31cb6464-8054-0733-c696-232386446080",
        "data": [
            {
                "text": "practical guidance on kots",
                "userDefined": false
            }
        ],
        "isTemplate": false,
        "count": 0,
        "updated": 1560155628
    },
    {
        "id": "5a16850b-4924-e291-7da9-4f07ad236051",
        "data": [
            {
                "text": "I'd want useful info about accommodations",
                "userDefined": false
            }
        ],
        "isTemplate": false,
        "count": 0,
        "updated": 1560155628
    },
    {
        "id": "69a3b715-57dc-5306-8edc-6d9d50eea540",
        "data": [
            {
                "text": "I'd want useful tips about accommodations",
                "userDefined": false
            }
        ],
        "isTemplate": false,
        "count": 0,
        "updated": 1560155628
    },
    {
        "id": "f0d94299-60ab-219d-4f1c-b56f79ffddc4",
        "data": [
            {
                "text": "I would love useful info about housings",
                "userDefined": false
            }
        ],
        "isTemplate": false,
        "count": 0,
        "updated": 1560155628
    },
    {
        "id": "746bda32-f6be-6fdd-6e87-48bd6a34c826",
        "data": [
            {
                "text": "I need useful information about rooms",
                "userDefined": false
            }
        ],
        "isTemplate": false,
        "count": 0,
        "updated": 1560155628
    },
    {
        "id": "d266f544-f6b0-9eb2-c76f-8bb194d7150d",
        "data": [
            {
                "text": "I'd really want to obtain practical help about kots",
                "userDefined": false
            }
        ],
        "isTemplate": false,
        "count": 0,
        "updated": 1560155628
    },
    {
        "id": "41146b3a-3546-4df8-aa8d-073751aab6be",
        "data": [
            {
                "text": "I need useful info about kots",
                "userDefined": false
            }
        ],
        "isTemplate": false,
        "count": 0,
        "updated": 1560155628
    },
    {
        "id": "43cf7c3c-0c15-32bd-87b8-09249e299d1c",
        "data": [
            {
                "text": "I am searching for useful info about kots",
                "userDefined": false
            }
        ],
        "isTemplate": false,
        "count": 0,
        "updated": 1560155628
    },
    {
        "id": "b3677eae-15b4-20da-b6d9-e733d779f96e",
        "data": [
            {
                "text": "I'd like useful info about accommodations",
                "userDefined": false
            }
        ],
        "isTemplate": false,
        "count": 0,
        "updated": 1560155628
    },
    {
        "id": "895dd62f-0db6-ca93-6110-18c2304e1383",
        "data": [
            {
                "text": "what about housings in practice",
                "userDefined": false
            }
        ],
        "isTemplate": false,
        "count": 0,
        "updated": 1560155628
    },
    {
        "id": "4211ff04-f0eb-0695-5851-b17fd1bc1b2f",
        "data": [
            {
                "text": "I am looking for useful enlightenment about places",
                "userDefined": false
            }
        ],
        "isTemplate": false,
        "count": 0,
        "updated": 1560155628
    },
    {
        "id": "5abc841d-971d-edc8-5c9c-b8b85848329c",
        "data": [
            {
                "text": "practical info on places",
                "userDefined": false
            }
        ],
        "isTemplate": false,
        "count": 0,
        "updated": 1560155628
    },
    {
        "id": "2f840cab-d25f-71b2-6a41-949e46f14f1a",
        "data": [
            {
                "text": "I'd really love useful info about kots",
                "userDefined": false
            }
        ],
        "isTemplate": false,
        "count": 0,
        "updated": 1560155628
    },
    {
        "id": "ca7dc8c9-7b33-df3c-3fe8-a377e0f66a48",
        "data": [
            {
                "text": "what should I do to acquire practical info about kots",
                "userDefined": false
            }
        ],
        "isTemplate": false,
        "count": 0,
        "updated": 1560155628
    },
    {
        "id": "aef390bd-b651-7e4d-51e8-33b3983a8ac1",
        "data": [
            {
                "text": "who could I get in touch with to receive practical information on housings",
                "userDefined": false
            }
        ],
        "isTemplate": false,
        "count": 0,
        "updated": 1560155628
    },
    {
        "id": "f69231ff-1b2a-afaa-4f7e-33076d7fa008",
        "data": [
            {
                "text": "how to acquire practical information about rooms",
                "userDefined": false
            }
        ],
        "isTemplate": false,
        "count": 0,
        "updated": 1560155628
    },
    {
        "id": "72535b1f-4d16-53ef-9599-d748d4744923",
        "data": [
            {
                "text": "how could I acquire practical info about places",
                "userDefined": false
            }
        ],
        "isTemplate": false,
        "count": 0,
        "updated": 1560155628
    },
    {
        "id": "31e42186-2788-c00a-81fd-795f0cd586b1",
        "data": [
            {
                "text": "I need to get practical information on rooms",
                "userDefined": false
            }
        ],
        "isTemplate": false,
        "count": 0,
        "updated": 1560155628
    },
    {
        "id": "a458cd65-f83f-8d83-e524-63f4694f2151",
        "data": [
            {
                "text": "I'd really want useful information about rooms",
                "userDefined": false
            }
        ],
        "isTemplate": false,
        "count": 0,
        "updated": 1560155628
    },
    {
        "id": "81b19baa-7e84-5eb4-3f80-26bf4c222a44",
        "data": [
            {
                "text": "practical information about housings",
                "userDefined": false
            }
        ],
        "isTemplate": false,
        "count": 0,
        "updated": 1560155628
    },
    {
        "id": "16e1f709-f4da-4485-d9ea-21b8fdfd03ec",
        "data": [
            {
                "text": "I want to receive practical help on rooms",
                "userDefined": false
            }
        ],
        "isTemplate": false,
        "count": 0,
        "updated": 1560155628
    },
    {
        "id": "9bba291c-3763-2de3-9b73-5b26e34f1217",
        "data": [
            {
                "text": "practical advice about rooms",
                "userDefined": false
            }
        ],
        "isTemplate": false,
        "count": 0,
        "updated": 1560155628
    },
    {
        "id": "6af333b1-231b-a8d7-fed5-7ef3e6c0abc8",
        "data": [
            {
                "text": "I need useful instruction about accommodations",
                "userDefined": false
            }
        ],
        "isTemplate": false,
        "count": 0,
        "updated": 1560155628
    },
    {
        "id": "84d9e6a8-16c8-4f58-770e-e4b0f400688d",
        "data": [
            {
                "text": "I'd like to obtain practical info about kots",
                "userDefined": false
            }
        ],
        "isTemplate": false,
        "count": 0,
        "updated": 1560155628
    },
    {
        "id": "ad66b091-b392-1564-ab3f-50164b7d2e67",
        "data": [
            {
                "text": "I want useful tip about rooms",
                "userDefined": false
            }
        ],
        "isTemplate": false,
        "count": 0,
        "updated": 1560155628
    },
    {
        "id": "0abf7e5c-3cbf-be38-48b2-dd9089fde70b",
        "data": [
            {
                "text": "practical info about rooms",
                "userDefined": false
            }
        ],
        "isTemplate": false,
        "count": 0,
        "updated": 1560155628
    },
    {
        "id": "9194a07b-04d6-547a-d14f-82e6237d9c41",
        "data": [
            {
                "text": "I need useful info about rooms",
                "userDefined": false
            }
        ],
        "isTemplate": false,
        "count": 0,
        "updated": 1560155628
    },
    {
        "id": "fdc5385f-9cdb-7f05-3840-fe402b15f771",
        "data": [
            {
                "text": "how do I obtain practical tips on kots",
                "userDefined": false
            }
        ],
        "isTemplate": false,
        "count": 0,
        "updated": 1560155628
    },
    {
        "id": "19bf8977-d26c-7d23-4649-4371cb49a725",
        "data": [
            {
                "text": "I would love to obtain practical counselling on accommodations",
                "userDefined": false
            }
        ],
        "isTemplate": false,
        "count": 0,
        "updated": 1560155628
    },
    {
        "id": "ad0f0eca-e5cf-b4d0-ee3f-4d98c8894773",
        "data": [
            {
                "text": "I need useful guidance about housings",
                "userDefined": false
            }
        ],
        "isTemplate": false,
        "count": 0,
        "updated": 1560155628
    },
    {
        "id": "8d199925-db01-fa70-1456-b05ba87a74c8",
        "data": [
            {
                "text": "practical info on accommodations",
                "userDefined": false
            }
        ],
        "isTemplate": false,
        "count": 0,
        "updated": 1560155628
    },
    {
        "id": "528ac7a9-47f2-b531-9ba0-a10c81d84f57",
        "data": [
            {
                "text": "practical guidance on places",
                "userDefined": false
            }
        ],
        "isTemplate": false,
        "count": 0,
        "updated": 1560155628
    },
    {
        "id": "93359852-a17c-e3ee-dca2-bf2fe4d6780e",
        "data": [
            {
                "text": "practical direction about rooms",
                "userDefined": false
            }
        ],
        "isTemplate": false,
        "count": 0,
        "updated": 1560155628
    },
    {
        "id": "09e58d5a-6b4f-a5ce-9191-b72973eb46fe",
        "data": [
            {
                "text": "what about rooms in practice",
                "userDefined": false
            }
        ],
        "isTemplate": false,
        "count": 0,
        "updated": 1560155628
    },
    {
        "id": "ac69de8a-c954-4634-9696-037a33ee473f",
        "data": [
            {
                "text": "I would really like to obtain practical aid about places",
                "userDefined": false
            }
        ],
        "isTemplate": false,
        "count": 0,
        "updated": 1560155628
    },
    {
        "id": "206e1f31-41d4-d5c6-81bd-a6d03b6d45c8",
        "data": [
            {
                "text": "I am looking for useful info about places",
                "userDefined": false
            }
        ],
        "isTemplate": false,
        "count": 0,
        "updated": 1560155628
    },
    {
        "id": "987bbaf5-ffea-621a-0517-521d89c25deb",
        "data": [
            {
                "text": "practical guidance on accommodations",
                "userDefined": false
            }
        ],
        "isTemplate": false,
        "count": 0,
        "updated": 1560155628
    },
    {
        "id": "fdf53096-4fdb-be14-eb92-9f47cf28bc2e",
        "data": [
            {
                "text": "how could I obtain practical info about rooms",
                "userDefined": false
            }
        ],
        "isTemplate": false,
        "count": 0,
        "updated": 1560155628
    },
    {
        "id": "d52488e5-ecbf-a618-ab18-96c9c748e38c",
        "data": [
            {
                "text": "practical instruction on kots",
                "userDefined": false
            }
        ],
        "isTemplate": false,
        "count": 0,
        "updated": 1560155628
    },
    {
        "id": "5ca69783-b8c7-bf16-64c3-a0d4b09e36ce",
        "data": [
            {
                "text": "I need to receive practical info about kots",
                "userDefined": false
            }
        ],
        "isTemplate": false,
        "count": 0,
        "updated": 1560155628
    },
    {
        "id": "86df4da5-6ca6-0a91-29ef-4a2a6aa19f62",
        "data": [
            {
                "text": "where is it possible for me to get practical information about housings",
                "userDefined": false
            }
        ],
        "isTemplate": false,
        "count": 0,
        "updated": 1560155628
    },
    {
        "id": "60282c41-fca6-1d83-007d-b0d81b6842b0",
        "data": [
            {
                "text": "I need to get practical information about rooms",
                "userDefined": false
            }
        ],
        "isTemplate": false,
        "count": 0,
        "updated": 1560155628
    },
    {
        "id": "30ba2ec7-9ecd-54f4-f9a8-7ef879fc7556",
        "data": [
            {
                "text": "I need useful information about places",
                "userDefined": false
            }
        ],
        "isTemplate": false,
        "count": 0,
        "updated": 1560155628
    },
    {
        "id": "8eb4562d-e4b6-0037-8e17-0debbcfdfc1e",
        "data": [
            {
                "text": "practical information about accommodations",
                "userDefined": false
            }
        ],
        "isTemplate": false,
        "count": 0,
        "updated": 1560155628
    },
    {
        "id": "8bae7dcb-389d-d404-668d-683ceaaa0aac",
        "data": [
            {
                "text": "practical help on kots",
                "userDefined": false
            }
        ],
        "isTemplate": false,
        "count": 0,
        "updated": 1560155628
    },
    {
        "id": "3a23daf5-cb8e-b00c-5c19-757ea3389944",
        "data": [
            {
                "text": "how to receive practical info about rooms",
                "userDefined": false
            }
        ],
        "isTemplate": false,
        "count": 0,
        "updated": 1560155628
    },
    {
        "id": "4ac722f0-0bd7-9193-e348-2b49a81a3285",
        "data": [
            {
                "text": "I'd really want useful instruction about rooms",
                "userDefined": false
            }
        ],
        "isTemplate": false,
        "count": 0,
        "updated": 1560155628
    },
    {
        "id": "1dcc1c2b-353e-916c-98a2-47e631496b08",
        "data": [
            {
                "text": "practical instructions about rooms",
                "userDefined": false
            }
        ],
        "isTemplate": false,
        "count": 0,
        "updated": 1560155628
    },
    {
        "id": "267e88c2-e383-ee45-e2f7-09a810067417",
        "data": [
            {
                "text": "I would really want useful info about housings",
                "userDefined": false
            }
        ],
        "isTemplate": false,
        "count": 0,
        "updated": 1560155628
    },
    {
        "id": "7b0d5242-1354-8e97-13c8-41abbc2c69cb",
        "data": [
            {
                "text": "practical information about kots",
                "userDefined": false
            }
        ],
        "isTemplate": false,
        "count": 0,
        "updated": 1560155628
    },
    {
        "id": "1cff52b0-6a58-607a-b940-e39867ed8bdb",
        "data": [
            {
                "text": "I would really like useful recommendations about rooms",
                "userDefined": false
            }
        ],
        "isTemplate": false,
        "count": 0,
        "updated": 1560155628
    },
    {
        "id": "84b9c5a2-5e61-22c8-de01-47528a0ac209",
        "data": [
            {
                "text": "I am searching for useful direction about rooms",
                "userDefined": false
            }
        ],
        "isTemplate": false,
        "count": 0,
        "updated": 1560155628
    },
    {
        "id": "2d3d2238-5f4c-1b8e-3f1a-3bc6169046a2",
        "data": [
            {
                "text": "I need useful guidance about rooms",
                "userDefined": false
            }
        ],
        "isTemplate": false,
        "count": 0,
        "updated": 1560155628
    },
    {
        "id": "a4567fb7-688b-4c28-98c7-f8df4e753517",
        "data": [
            {
                "text": "I need useful enlightenment about rooms",
                "userDefined": false
            }
        ],
        "isTemplate": false,
        "count": 0,
        "updated": 1560155628
    },
    {
        "id": "fc3fca47-4892-0581-9493-009597ac9012",
        "data": [
            {
                "text": "how to get practical tips on rooms",
                "userDefined": false
            }
        ],
        "isTemplate": false,
        "count": 0,
        "updated": 1560155628
    },
    {
        "id": "858d85ae-773f-c342-c25a-3cb7079a8514",
        "data": [
            {
                "text": "I need useful guidance about accommodations",
                "userDefined": false
            }
        ],
        "isTemplate": false,
        "count": 0,
        "updated": 1560155628
    },
    {
        "id": "0fbceea6-700a-053b-62d6-ac39605713f9",
        "data": [
            {
                "text": "I'd like useful information about places",
                "userDefined": false
            }
        ],
        "isTemplate": false,
        "count": 0,
        "updated": 1560155628
    },
    {
        "id": "cbc623f2-46d3-cf75-a0c5-100a44b8e158",
        "data": [
            {
                "text": "I'd love useful recommendations about housings",
                "userDefined": false
            }
        ],
        "isTemplate": false,
        "count": 0,
        "updated": 1560155628
    },
    {
        "id": "e219d60b-acd6-195f-27d3-6399c2f9b180",
        "data": [
            {
                "text": "who do I need to call to acquire practical tip on places",
                "userDefined": false
            }
        ],
        "isTemplate": false,
        "count": 0,
        "updated": 1560155628
    },
    {
        "id": "1b8aa1b3-9fb0-724e-87c0-13612cc60c58",
        "data": [
            {
                "text": "I need useful information about housings",
                "userDefined": false
            }
        ],
        "isTemplate": false,
        "count": 0,
        "updated": 1560155628
    },
    {
        "id": "e44770d1-da88-2000-6da0-9f957867775c",
        "data": [
            {
                "text": "I'd really want useful information about accommodations",
                "userDefined": false
            }
        ],
        "isTemplate": false,
        "count": 0,
        "updated": 1560155628
    },
    {
        "id": "d419b2a1-10f7-f9ca-b99c-ad380b340992",
        "data": [
            {
                "text": "practical information on kots",
                "userDefined": false
            }
        ],
        "isTemplate": false,
        "count": 0,
        "updated": 1560155628
    },
    {
        "id": "de0211eb-b8bc-e9ce-8fdc-021d13d02234",
        "data": [
            {
                "text": "I want to receive practical guidance on accommodations",
                "userDefined": false
            }
        ],
        "isTemplate": false,
        "count": 0,
        "updated": 1560155628
    },
    {
        "id": "e5d4c23a-d8ad-3b49-63ce-09b3601f3920",
        "data": [
            {
                "text": "how could I get practical info on accommodations",
                "userDefined": false
            }
        ],
        "isTemplate": false,
        "count": 0,
        "updated": 1560155628
    },
    {
        "id": "c03e1a26-fc34-0804-e6e2-0054c9e604bc",
        "data": [
            {
                "text": "I would really love useful info about rooms",
                "userDefined": false
            }
        ],
        "isTemplate": false,
        "count": 0,
        "updated": 1560155628
    },
    {
        "id": "e05339de-f7e4-2800-1476-e08aa172aeb5",
        "data": [
            {
                "text": "I'd really want useful info about rooms",
                "userDefined": false
            }
        ],
        "isTemplate": false,
        "count": 0,
        "updated": 1560155628
    },
    {
        "id": "5ec93118-ed85-4ad3-2c64-d2dbc29f04f2",
        "data": [
            {
                "text": "I would really like to obtain practical information on accommodations",
                "userDefined": false
            }
        ],
        "isTemplate": false,
        "count": 0,
        "updated": 1560155628
    },
    {
        "id": "2cef10f3-13ca-94d5-5a68-26ac8d5900f1",
        "data": [
            {
                "text": "practical counsel about rooms",
                "userDefined": false
            }
        ],
        "isTemplate": false,
        "count": 0,
        "updated": 1560155628
    },
    {
        "id": "ab30a031-b410-07db-45eb-3924dca006f6",
        "data": [
            {
                "text": "practical enlightenment on housings",
                "userDefined": false
            }
        ],
        "isTemplate": false,
        "count": 0,
        "updated": 1560155628
    },
    {
        "id": "9238132a-7c65-fa64-bc8c-553d35b05a9d",
        "data": [
            {
                "text": "I would really want useful tips about housings",
                "userDefined": false
            }
        ],
        "isTemplate": false,
        "count": 0,
        "updated": 1560155628
    },
    {
        "id": "ed7cf853-d5c8-23c2-be47-6a2fa1ecb2b8",
        "data": [
            {
                "text": "I'd really want useful recommendation about housings",
                "userDefined": false
            }
        ],
        "isTemplate": false,
        "count": 0,
        "updated": 1560155628
    },
    {
        "id": "c6ab5400-2394-6211-a6df-e917a7f69a1a",
        "data": [
            {
                "text": "I would like useful enlightenment about accommodations",
                "userDefined": false
            }
        ],
        "isTemplate": false,
        "count": 0,
        "updated": 1560155628
    },
    {
        "id": "5278ce6b-7d70-8b09-8e84-6f252fb2ff8d",
        "data": [
            {
                "text": "where would I acquire practical counseling on rooms",
                "userDefined": false
            }
        ],
        "isTemplate": false,
        "count": 0,
        "updated": 1560155628
    },
    {
        "id": "c9f98b6e-8467-ca50-f194-bae3ef2d1ac7",
        "data": [
            {
                "text": "who could support to obtain practical information about accommodations",
                "userDefined": false
            }
        ],
        "isTemplate": false,
        "count": 0,
        "updated": 1560155628
    },
    {
        "id": "b414ee49-089d-5a30-de91-33d9e04158a4",
        "data": [
            {
                "text": "practical instruction on rooms",
                "userDefined": false
            }
        ],
        "isTemplate": false,
        "count": 0,
        "updated": 1560155628
    },
    {
        "id": "4e6a9c01-2797-ce67-6ad4-c0b2034e828b",
        "data": [
            {
                "text": "how do I get practical information on places",
                "userDefined": false
            }
        ],
        "isTemplate": false,
        "count": 0,
        "updated": 1560155628
    },
    {
        "id": "73cfa339-8d07-2419-6edb-c542947081bf",
        "data": [
            {
                "text": "I need to receive practical guidance on accommodations",
                "userDefined": false
            }
        ],
        "isTemplate": false,
        "count": 0,
        "updated": 1560155628
    },
    {
        "id": "34cedc3c-0aea-6a1b-36a6-3ccbb459cc7c",
        "data": [
            {
                "text": "how is it possible for me to obtain practical counselling on accommodations",
                "userDefined": false
            }
        ],
        "isTemplate": false,
        "count": 0,
        "updated": 1560155628
    },
    {
        "id": "c2e3b2ed-14d8-07d8-d083-5bfa775b3b72",
        "data": [
            {
                "text": "I would really want useful counsel about housings",
                "userDefined": false
            }
        ],
        "isTemplate": false,
        "count": 0,
        "updated": 1560155628
    },
    {
        "id": "cf4447f9-75ed-82a6-9c67-be4c3df04fe4",
        "data": [
            {
                "text": "practical instruction about kots",
                "userDefined": false
            }
        ],
        "isTemplate": false,
        "count": 0,
        "updated": 1560155628
    },
    {
        "id": "cefd4c06-b6cd-f9ef-3bca-faacafa13e42",
        "data": [
            {
                "text": "I need to obtain practical information on accommodations",
                "userDefined": false
            }
        ],
        "isTemplate": false,
        "count": 0,
        "updated": 1560155628
    },
    {
        "id": "011f7288-2f47-e2f4-094f-88912b139b8f",
        "data": [
            {
                "text": "I'd really want useful help about accommodations",
                "userDefined": false
            }
        ],
        "isTemplate": false,
        "count": 0,
        "updated": 1560155628
    },
    {
        "id": "d0ee0076-5be4-ec9a-08cf-7ab1e576d455",
        "data": [
            {
                "text": "I would really like useful info about places",
                "userDefined": false
            }
        ],
        "isTemplate": false,
        "count": 0,
        "updated": 1560155628
    },
    {
        "id": "8a50121e-a677-e02a-b1a6-96f64141f54f",
        "data": [
            {
                "text": "how do I get practical information about rooms",
                "userDefined": false
            }
        ],
        "isTemplate": false,
        "count": 0,
        "updated": 1560155628
    },
    {
        "id": "3717dbf7-214b-2ca8-359d-d35620f57a69",
        "data": [
            {
                "text": "I need to get practical info on housings",
                "userDefined": false
            }
        ],
        "isTemplate": false,
        "count": 0,
        "updated": 1560155628
    }
]