[
    {
        "id": "a8be1aeb-ed3c-61f9-6a7d-a054db84c222",
        "data": [
            {
                "text": "how could I acquire hyperlink aimed at international students",
                "userDefined": false
            }
        ],
        "isTemplate": false,
        "count": 0,
        "updated": 1560155629
    },
    {
        "id": "fd4eb929-49cd-36a2-3843-a2b61dc9e319",
        "data": [
            {
                "text": "give me handy links please",
                "userDefined": false
            }
        ],
        "isTemplate": false,
        "count": 0,
        "updated": 1560155629
    },
    {
        "id": "1abe18e1-82e0-77be-e4b4-37012e7baaad",
        "data": [
            {
                "text": "give me handy hyperlink please",
                "userDefined": false
            }
        ],
        "isTemplate": false,
        "count": 0,
        "updated": 1560155629
    },
    {
        "id": "db9c471a-63bc-a060-3fe1-ad67c57a416e",
        "data": [
            {
                "text": "how is it possible for me to obtain hyperlinks please",
                "userDefined": false
            }
        ],
        "isTemplate": false,
        "count": 0,
        "updated": 1560155629
    },
    {
        "id": "d0ceeca0-9f33-ef22-9092-ed071b4f3ea9",
        "data": [
            {
                "text": "give me helpful link please",
                "userDefined": false
            }
        ],
        "isTemplate": false,
        "count": 0,
        "updated": 1560155629
    },
    {
        "id": "8167d02e-80fc-f6f5-89cc-169009deeddf",
        "data": [
            {
                "text": "could you please show me about useful links please",
                "userDefined": false
            }
        ],
        "isTemplate": false,
        "count": 0,
        "updated": 1560155629
    },
    {
        "id": "f5eb03e2-c706-2fc7-c3db-e3d99e8cd7cf",
        "data": [
            {
                "text": "would you be so kind and give me helpful links please",
                "userDefined": false
            }
        ],
        "isTemplate": false,
        "count": 0,
        "updated": 1560155629
    },
    {
        "id": "7f746dd7-0e42-bcff-57d2-d6fdd37edb3c",
        "data": [
            {
                "text": "where would I get links",
                "userDefined": false
            }
        ],
        "isTemplate": false,
        "count": 0,
        "updated": 1560155629
    },
    {
        "id": "596b3499-fa77-ef61-c57a-eaebc06cc5ea",
        "data": [
            {
                "text": "how is it possible for me to obtain useful hyperlinks intended for graduates from abroad",
                "userDefined": false
            }
        ],
        "isTemplate": false,
        "count": 0,
        "updated": 1560155629
    },
    {
        "id": "a0686f34-0218-facf-e525-f625c3f32621",
        "data": [
            {
                "text": "how can I obtain useful links",
                "userDefined": false
            }
        ],
        "isTemplate": false,
        "count": 0,
        "updated": 1560155629
    },
    {
        "id": "621520b3-c092-af89-a315-eb9280f74035",
        "data": [
            {
                "text": "what about helpful hyperlink",
                "userDefined": false
            }
        ],
        "isTemplate": false,
        "count": 0,
        "updated": 1560155629
    },
    {
        "id": "ad2b7f15-25dc-e272-d583-886e2f1bd612",
        "data": [
            {
                "text": "how is it possible to obtain hyperlinks",
                "userDefined": false
            }
        ],
        "isTemplate": false,
        "count": 0,
        "updated": 1560155629
    },
    {
        "id": "8799627e-2dd1-f4ac-43bf-a9ac678cafcf",
        "data": [
            {
                "text": "how is it possible to receive useful links aimed at foreign pupils please",
                "userDefined": false
            }
        ],
        "isTemplate": false,
        "count": 0,
        "updated": 1560155629
    },
    {
        "id": "b3eabb01-c53c-7113-1589-5a9cb9546435",
        "data": [
            {
                "text": "helpful links please",
                "userDefined": false
            }
        ],
        "isTemplate": false,
        "count": 0,
        "updated": 1560155629
    },
    {
        "id": "e11c1b6e-0603-c944-f373-90786ed6a48b",
        "data": [
            {
                "text": "hyperlink",
                "userDefined": false
            }
        ],
        "isTemplate": false,
        "count": 0,
        "updated": 1560155629
    },
    {
        "id": "e3598215-7ad0-5eaf-837a-5cc7f32e5782",
        "data": [
            {
                "text": "info about helpful link aimed at pupils from abroad",
                "userDefined": false
            }
        ],
        "isTemplate": false,
        "count": 0,
        "updated": 1560155629
    },
    {
        "id": "1b83aa48-e19c-5de5-90e4-4bc1d40d112d",
        "data": [
            {
                "text": "useful link",
                "userDefined": false
            }
        ],
        "isTemplate": false,
        "count": 0,
        "updated": 1560155629
    },
    {
        "id": "fbd1d957-81e4-faee-d86d-6a29f833b811",
        "data": [
            {
                "text": "tell me about useful hyperlinks",
                "userDefined": false
            }
        ],
        "isTemplate": false,
        "count": 0,
        "updated": 1560155629
    },
    {
        "id": "017aa2a8-fbe9-7bda-dbcc-fb82467840e9",
        "data": [
            {
                "text": "would you be so kind and give me link please",
                "userDefined": false
            }
        ],
        "isTemplate": false,
        "count": 0,
        "updated": 1560155629
    },
    {
        "id": "24751b9c-3836-9a65-256f-0456c5d5775c",
        "data": [
            {
                "text": "enlightenment about helpful links please",
                "userDefined": false
            }
        ],
        "isTemplate": false,
        "count": 0,
        "updated": 1560155629
    },
    {
        "id": "8b7a7b6d-9db5-17ca-bb89-a43fc8effd2a",
        "data": [
            {
                "text": "information about handy hyperlinks please",
                "userDefined": false
            }
        ],
        "isTemplate": false,
        "count": 0,
        "updated": 1560155629
    },
    {
        "id": "589bbd02-76ea-8203-6db7-a77518b22c55",
        "data": [
            {
                "text": "link",
                "userDefined": false
            }
        ],
        "isTemplate": false,
        "count": 0,
        "updated": 1560155629
    },
    {
        "id": "d9ee304f-7833-7721-3c45-da7d6110b2ac",
        "data": [
            {
                "text": "where could I get link please",
                "userDefined": false
            }
        ],
        "isTemplate": false,
        "count": 0,
        "updated": 1560155629
    },
    {
        "id": "edf0ab8e-7d15-3e91-85ad-175bde12c81e",
        "data": [
            {
                "text": "is it possible to have links please",
                "userDefined": false
            }
        ],
        "isTemplate": false,
        "count": 0,
        "updated": 1560155629
    },
    {
        "id": "3c8b811b-54bf-b2f7-39bd-cb6bf41456ea",
        "data": [
            {
                "text": "how can I get link",
                "userDefined": false
            }
        ],
        "isTemplate": false,
        "count": 0,
        "updated": 1560155629
    },
    {
        "id": "3fb25b14-336a-2d08-b608-a921bc7c8c1f",
        "data": [
            {
                "text": "where can I obtain handy hyperlink please",
                "userDefined": false
            }
        ],
        "isTemplate": false,
        "count": 0,
        "updated": 1560155629
    },
    {
        "id": "2c5101c1-8c84-e1fb-13ef-7a42b6cc51db",
        "data": [
            {
                "text": "guidance on handy hyperlinks",
                "userDefined": false
            }
        ],
        "isTemplate": false,
        "count": 0,
        "updated": 1560155629
    },
    {
        "id": "bfdb202a-37b6-818b-4642-8f657a74b173",
        "data": [
            {
                "text": "give me links aimed at pupils from abroad please",
                "userDefined": false
            }
        ],
        "isTemplate": false,
        "count": 0,
        "updated": 1560155629
    },
    {
        "id": "e87e5fe2-3b2f-33f7-6016-ec8a678fb7ee",
        "data": [
            {
                "text": "where would I get hyperlinks for foreign pupils",
                "userDefined": false
            }
        ],
        "isTemplate": false,
        "count": 0,
        "updated": 1560155629
    },
    {
        "id": "9ba406e4-6dae-009b-eb78-de19df50d8fb",
        "data": [
            {
                "text": "how is it possible to get helpful link",
                "userDefined": false
            }
        ],
        "isTemplate": false,
        "count": 0,
        "updated": 1560155629
    },
    {
        "id": "e76de166-dc70-04cb-b7a6-c57bd56af043",
        "data": [
            {
                "text": "how could I acquire helpful hyperlinks please",
                "userDefined": false
            }
        ],
        "isTemplate": false,
        "count": 0,
        "updated": 1560155629
    },
    {
        "id": "5894e3ac-1c22-7adf-f4e3-3302b3ff211a",
        "data": [
            {
                "text": "what about useful hyperlink aimed at foreign students",
                "userDefined": false
            }
        ],
        "isTemplate": false,
        "count": 0,
        "updated": 1560155629
    },
    {
        "id": "ee2ddf39-ea67-8081-06fa-ea0728c0767c",
        "data": [
            {
                "text": "helpful hyperlinks intended for international pupils please",
                "userDefined": false
            }
        ],
        "isTemplate": false,
        "count": 0,
        "updated": 1560155629
    },
    {
        "id": "9c552197-300b-3b8d-a7ab-6f6075937f11",
        "data": [
            {
                "text": "hyperlinks",
                "userDefined": false
            }
        ],
        "isTemplate": false,
        "count": 0,
        "updated": 1560155629
    },
    {
        "id": "5b5e4ed8-eba2-9a4d-0b72-3cc989bab76c",
        "data": [
            {
                "text": "I want to know about helpful hyperlinks please",
                "userDefined": false
            }
        ],
        "isTemplate": false,
        "count": 0,
        "updated": 1560155629
    },
    {
        "id": "9cb21245-3572-bd2f-3acf-2c3f7c71baa3",
        "data": [
            {
                "text": "how could I acquire useful hyperlink aimed at foreign students please",
                "userDefined": false
            }
        ],
        "isTemplate": false,
        "count": 0,
        "updated": 1560155629
    },
    {
        "id": "c1f80e9b-95bf-cae3-f187-c293ddb43db7",
        "data": [
            {
                "text": "what about helpful hyperlinks please",
                "userDefined": false
            }
        ],
        "isTemplate": false,
        "count": 0,
        "updated": 1560155629
    },
    {
        "id": "fa6846b2-aead-ea77-8569-4497c8c043ac",
        "data": [
            {
                "text": "where is it possible to obtain helpful hyperlink aimed at international undergraduates",
                "userDefined": false
            }
        ],
        "isTemplate": false,
        "count": 0,
        "updated": 1560155629
    },
    {
        "id": "c8f0007e-0c6c-51ef-cfeb-04d87518ada3",
        "data": [
            {
                "text": "I would love to know about helpful hyperlink",
                "userDefined": false
            }
        ],
        "isTemplate": false,
        "count": 0,
        "updated": 1560155629
    },
    {
        "id": "2474e5aa-c8f2-c077-e22e-4740ce596e16",
        "data": [
            {
                "text": "where can I receive helpful link aimed at foreign students please",
                "userDefined": false
            }
        ],
        "isTemplate": false,
        "count": 0,
        "updated": 1560155629
    },
    {
        "id": "b8db0319-9134-df0c-ad2e-190aec8f0245",
        "data": [
            {
                "text": "how could I get links aimed at foreign pupils",
                "userDefined": false
            }
        ],
        "isTemplate": false,
        "count": 0,
        "updated": 1560155629
    },
    {
        "id": "db84f5f7-115f-a466-3923-94e200a3e751",
        "data": [
            {
                "text": "where can I obtain links aimed at pupils from abroad",
                "userDefined": false
            }
        ],
        "isTemplate": false,
        "count": 0,
        "updated": 1560155629
    },
    {
        "id": "88cb547a-66cc-3974-b7d8-e05537c6d488",
        "data": [
            {
                "text": "how is it possible for me to get helpful links please",
                "userDefined": false
            }
        ],
        "isTemplate": false,
        "count": 0,
        "updated": 1560155629
    },
    {
        "id": "ed69f426-f814-3eca-872e-a1b27cf7fd63",
        "data": [
            {
                "text": "hyperlinks please",
                "userDefined": false
            }
        ],
        "isTemplate": false,
        "count": 0,
        "updated": 1560155629
    },
    {
        "id": "9d6fb323-1f36-1aa2-6ffb-1b1e572d7694",
        "data": [
            {
                "text": "what about handy hyperlink aimed at international students",
                "userDefined": false
            }
        ],
        "isTemplate": false,
        "count": 0,
        "updated": 1560155629
    },
    {
        "id": "3447c918-d89a-b8a3-b63c-8d1dee397600",
        "data": [
            {
                "text": "I'd want to learn about helpful hyperlinks",
                "userDefined": false
            }
        ],
        "isTemplate": false,
        "count": 0,
        "updated": 1560155629
    },
    {
        "id": "a8bd5b09-525e-44d7-d522-f44ce7e80f64",
        "data": [
            {
                "text": "how could I acquire handy links aimed at pupils from abroad please",
                "userDefined": false
            }
        ],
        "isTemplate": false,
        "count": 0,
        "updated": 1560155629
    },
    {
        "id": "afcb5c3a-8fd7-07cb-0338-57ac95fe4fc8",
        "data": [
            {
                "text": "how can I receive hyperlinks",
                "userDefined": false
            }
        ],
        "isTemplate": false,
        "count": 0,
        "updated": 1560155629
    },
    {
        "id": "94e0c989-7ae8-9314-9e10-ac67774516d6",
        "data": [
            {
                "text": "how could I obtain link",
                "userDefined": false
            }
        ],
        "isTemplate": false,
        "count": 0,
        "updated": 1560155629
    },
    {
        "id": "2625be71-941c-7eff-f0fb-306e1e17e00b",
        "data": [
            {
                "text": "helpful hyperlink intended for foreign students please",
                "userDefined": false
            }
        ],
        "isTemplate": false,
        "count": 0,
        "updated": 1560155629
    },
    {
        "id": "8f35a339-f9cc-aa54-69d6-087fe3aae5b8",
        "data": [
            {
                "text": "useful hyperlinks aimed at graduates from abroad please",
                "userDefined": false
            }
        ],
        "isTemplate": false,
        "count": 0,
        "updated": 1560155629
    },
    {
        "id": "287f4ca8-5560-1b20-e8b7-60b821d0ad30",
        "data": [
            {
                "text": "handy hyperlinks",
                "userDefined": false
            }
        ],
        "isTemplate": false,
        "count": 0,
        "updated": 1560155629
    },
    {
        "id": "6406357e-caa1-022d-8a8b-0cf716e5aad8",
        "data": [
            {
                "text": "helpful hyperlinks for undergraduates from abroad please",
                "userDefined": false
            }
        ],
        "isTemplate": false,
        "count": 0,
        "updated": 1560155629
    },
    {
        "id": "6d39267c-311f-671f-676b-2b5da84e0246",
        "data": [
            {
                "text": "information about useful hyperlink",
                "userDefined": false
            }
        ],
        "isTemplate": false,
        "count": 0,
        "updated": 1560155629
    },
    {
        "id": "edff1941-f667-6713-98d3-d8c6e0325da7",
        "data": [
            {
                "text": "what about useful links aimed at pupils from abroad",
                "userDefined": false
            }
        ],
        "isTemplate": false,
        "count": 0,
        "updated": 1560155629
    },
    {
        "id": "23823850-5ab6-f5d2-b735-bab4b6418ffc",
        "data": [
            {
                "text": "how is it possible for me to obtain handy hyperlinks for students from abroad please",
                "userDefined": false
            }
        ],
        "isTemplate": false,
        "count": 0,
        "updated": 1560155629
    },
    {
        "id": "898cffb0-035c-c21f-6b8f-370b42648635",
        "data": [
            {
                "text": "can I have link",
                "userDefined": false
            }
        ],
        "isTemplate": false,
        "count": 0,
        "updated": 1560155629
    },
    {
        "id": "c88453d8-d8b6-1423-56a6-2a4586ab07f3",
        "data": [
            {
                "text": "where is it possible to get useful hyperlinks intended for students from abroad",
                "userDefined": false
            }
        ],
        "isTemplate": false,
        "count": 0,
        "updated": 1560155629
    },
    {
        "id": "c673f58b-ec02-3bd5-672b-7591d93c2b1e",
        "data": [
            {
                "text": "info about useful link",
                "userDefined": false
            }
        ],
        "isTemplate": false,
        "count": 0,
        "updated": 1560155629
    },
    {
        "id": "611ee031-c692-78fc-e134-923ae0f1841b",
        "data": [
            {
                "text": "can you please give me handy link",
                "userDefined": false
            }
        ],
        "isTemplate": false,
        "count": 0,
        "updated": 1560155629
    },
    {
        "id": "b83c09b0-8aba-2b29-9f29-d28441d83908",
        "data": [
            {
                "text": "what about useful hyperlinks aimed at foreign pupils please",
                "userDefined": false
            }
        ],
        "isTemplate": false,
        "count": 0,
        "updated": 1560155629
    },
    {
        "id": "4f1ebeff-17f5-4dbc-54df-f79a220b5d45",
        "data": [
            {
                "text": "where would I receive helpful links intended for foreign graduates",
                "userDefined": false
            }
        ],
        "isTemplate": false,
        "count": 0,
        "updated": 1560155629
    },
    {
        "id": "a7f59d53-b3e8-5cce-2849-9085c2c66357",
        "data": [
            {
                "text": "I would really love to know about helpful link aimed at students from abroad please",
                "userDefined": false
            }
        ],
        "isTemplate": false,
        "count": 0,
        "updated": 1560155629
    },
    {
        "id": "cb4ca7d3-67fe-1763-0edc-b4fe8c0d9b4b",
        "data": [
            {
                "text": "where would I get useful link",
                "userDefined": false
            }
        ],
        "isTemplate": false,
        "count": 0,
        "updated": 1560155629
    },
    {
        "id": "87b1d1e4-d76b-8242-6e01-b968840cf481",
        "data": [
            {
                "text": "give me link aimed at graduates from abroad please",
                "userDefined": false
            }
        ],
        "isTemplate": false,
        "count": 0,
        "updated": 1560155629
    },
    {
        "id": "0c5bc594-72c3-2712-f55e-5a08751aea55",
        "data": [
            {
                "text": "how is it possible for me to acquire helpful hyperlink intended for pupils from abroad",
                "userDefined": false
            }
        ],
        "isTemplate": false,
        "count": 0,
        "updated": 1560155629
    },
    {
        "id": "62a8eaed-7f1b-0e4a-165d-a903aac249db",
        "data": [
            {
                "text": "can you give me hyperlinks aimed at undergraduates from abroad please",
                "userDefined": false
            }
        ],
        "isTemplate": false,
        "count": 0,
        "updated": 1560155629
    },
    {
        "id": "bca6adb8-ecbb-9856-66cb-6ffa0a228670",
        "data": [
            {
                "text": "what about helpful link please",
                "userDefined": false
            }
        ],
        "isTemplate": false,
        "count": 0,
        "updated": 1560155629
    },
    {
        "id": "d1049061-57ae-3955-823f-dc9ce87dbe66",
        "data": [
            {
                "text": "where would I get hyperlinks for international graduates",
                "userDefined": false
            }
        ],
        "isTemplate": false,
        "count": 0,
        "updated": 1560155629
    },
    {
        "id": "f899489d-1406-c412-45fc-5b9bc8322dfb",
        "data": [
            {
                "text": "counselling on helpful hyperlinks for graduates from abroad please",
                "userDefined": false
            }
        ],
        "isTemplate": false,
        "count": 0,
        "updated": 1560155629
    },
    {
        "id": "46353487-c956-3741-356a-d371dbfa67bf",
        "data": [
            {
                "text": "tell me about useful links please",
                "userDefined": false
            }
        ],
        "isTemplate": false,
        "count": 0,
        "updated": 1560155629
    },
    {
        "id": "9d744513-d69f-70e2-70d2-e2178471876c",
        "data": [
            {
                "text": "info about helpful hyperlinks please",
                "userDefined": false
            }
        ],
        "isTemplate": false,
        "count": 0,
        "updated": 1560155629
    },
    {
        "id": "6340f7b5-8c9c-42f7-c9ff-e6762aa40746",
        "data": [
            {
                "text": "where is it possible to receive hyperlink please",
                "userDefined": false
            }
        ],
        "isTemplate": false,
        "count": 0,
        "updated": 1560155629
    },
    {
        "id": "b5afdb2b-5574-6c11-22f1-715f573ee7e6",
        "data": [
            {
                "text": "what about handy hyperlink",
                "userDefined": false
            }
        ],
        "isTemplate": false,
        "count": 0,
        "updated": 1560155629
    },
    {
        "id": "91621110-7cd0-0e02-f730-08ec8426f97b",
        "data": [
            {
                "text": "handy links aimed at graduates from abroad please",
                "userDefined": false
            }
        ],
        "isTemplate": false,
        "count": 0,
        "updated": 1560155629
    },
    {
        "id": "091c1cbf-aa2e-f7fa-c586-9982d5d0f79a",
        "data": [
            {
                "text": "how can I receive handy hyperlinks aimed at international pupils",
                "userDefined": false
            }
        ],
        "isTemplate": false,
        "count": 0,
        "updated": 1560155629
    },
    {
        "id": "42a18df0-06a1-9fc8-e9f4-58db3f19a343",
        "data": [
            {
                "text": "links please",
                "userDefined": false
            }
        ],
        "isTemplate": false,
        "count": 0,
        "updated": 1560155629
    },
    {
        "id": "d094740d-0a62-8c0c-57de-a982e600c529",
        "data": [
            {
                "text": "where is it possible for me to obtain handy link",
                "userDefined": false
            }
        ],
        "isTemplate": false,
        "count": 0,
        "updated": 1560155629
    },
    {
        "id": "473df063-be49-7e1e-c2bc-a23711ceb9ba",
        "data": [
            {
                "text": "how could I get link",
                "userDefined": false
            }
        ],
        "isTemplate": false,
        "count": 0,
        "updated": 1560155629
    },
    {
        "id": "a2f21dd6-0903-d39e-6efa-404c7d8d7dd6",
        "data": [
            {
                "text": "useful links aimed at undergraduates from abroad please",
                "userDefined": false
            }
        ],
        "isTemplate": false,
        "count": 0,
        "updated": 1560155629
    },
    {
        "id": "9ce57144-0b66-507b-75c9-5b83391a623a",
        "data": [
            {
                "text": "can you give me helpful hyperlink intended for pupils from abroad please",
                "userDefined": false
            }
        ],
        "isTemplate": false,
        "count": 0,
        "updated": 1560155629
    },
    {
        "id": "09107f94-a7c4-4dc2-1d66-52be5edf547a",
        "data": [
            {
                "text": "would you be so kind and give me hyperlink",
                "userDefined": false
            }
        ],
        "isTemplate": false,
        "count": 0,
        "updated": 1560155629
    },
    {
        "id": "0e2c00ac-b1fe-b720-e0f5-f18265a3c34e",
        "data": [
            {
                "text": "show me about helpful hyperlinks for students from abroad please",
                "userDefined": false
            }
        ],
        "isTemplate": false,
        "count": 0,
        "updated": 1560155629
    },
    {
        "id": "9b5e4464-7c2e-be2c-5c55-471754c4ba0c",
        "data": [
            {
                "text": "information on useful link please",
                "userDefined": false
            }
        ],
        "isTemplate": false,
        "count": 0,
        "updated": 1560155629
    },
    {
        "id": "3afe11ca-e1e5-12ca-b13e-cb6f46861e66",
        "data": [
            {
                "text": "how can I receive links please",
                "userDefined": false
            }
        ],
        "isTemplate": false,
        "count": 0,
        "updated": 1560155629
    },
    {
        "id": "0e015eec-68bc-3192-af6b-063ac17c30b3",
        "data": [
            {
                "text": "where is it possible for me to acquire links please",
                "userDefined": false
            }
        ],
        "isTemplate": false,
        "count": 0,
        "updated": 1560155629
    },
    {
        "id": "6b95fa26-d8f2-8e44-1c35-ad51b3e1614d",
        "data": [
            {
                "text": "can you please tell me about useful hyperlinks aimed at foreign students",
                "userDefined": false
            }
        ],
        "isTemplate": false,
        "count": 0,
        "updated": 1560155629
    },
    {
        "id": "c6503602-d558-7396-1d8e-f213d59539f6",
        "data": [
            {
                "text": "tell me about helpful hyperlink aimed at international undergraduates please",
                "userDefined": false
            }
        ],
        "isTemplate": false,
        "count": 0,
        "updated": 1560155629
    },
    {
        "id": "8a54f80f-5e30-abc9-d392-13b169121319",
        "data": [
            {
                "text": "where can I receive hyperlinks",
                "userDefined": false
            }
        ],
        "isTemplate": false,
        "count": 0,
        "updated": 1560155629
    },
    {
        "id": "12595d05-92be-5d4c-246e-eac2fe1e5ccf",
        "data": [
            {
                "text": "handy links for foreign pupils",
                "userDefined": false
            }
        ],
        "isTemplate": false,
        "count": 0,
        "updated": 1560155629
    },
    {
        "id": "8502b6cc-cf57-cd64-c071-70b36ade2bb0",
        "data": [
            {
                "text": "would you be so kind and show me about helpful link intended for international undergraduates",
                "userDefined": false
            }
        ],
        "isTemplate": false,
        "count": 0,
        "updated": 1560155629
    },
    {
        "id": "c4f87665-1bf7-95d7-8149-ed9419342a18",
        "data": [
            {
                "text": "instructions on helpful hyperlinks",
                "userDefined": false
            }
        ],
        "isTemplate": false,
        "count": 0,
        "updated": 1560155629
    },
    {
        "id": "a6847bce-6487-35ac-966a-cf462e1f7e60",
        "data": [
            {
                "text": "where is it possible to get useful hyperlink intended for undergraduates from abroad",
                "userDefined": false
            }
        ],
        "isTemplate": false,
        "count": 0,
        "updated": 1560155629
    },
    {
        "id": "98dddfb9-935e-ca31-e258-804b2996d40f",
        "data": [
            {
                "text": "how is it possible to get link for foreign pupils please",
                "userDefined": false
            }
        ],
        "isTemplate": false,
        "count": 0,
        "updated": 1560155629
    },
    {
        "id": "734773b2-c86f-8148-98fa-99319cc53366",
        "data": [
            {
                "text": "I'd really want to be informed about useful link",
                "userDefined": false
            }
        ],
        "isTemplate": false,
        "count": 0,
        "updated": 1560155629
    },
    {
        "id": "0b6269c5-d6c7-a4a2-db7b-fc7ce86851b3",
        "data": [
            {
                "text": "how is it possible to receive helpful links",
                "userDefined": false
            }
        ],
        "isTemplate": false,
        "count": 0,
        "updated": 1560155629
    },
    {
        "id": "efaa3d8e-2afb-b000-b154-64e7be6eedf7",
        "data": [
            {
                "text": "recommendation about helpful links please",
                "userDefined": false
            }
        ],
        "isTemplate": false,
        "count": 0,
        "updated": 1560155629
    },
    {
        "id": "37974761-3017-b708-cd56-5990d6b30515",
        "data": [
            {
                "text": "useful hyperlinks aimed at foreign undergraduates please",
                "userDefined": false
            }
        ],
        "isTemplate": false,
        "count": 0,
        "updated": 1560155629
    },
    {
        "id": "70f2a23f-7ac4-afcf-ab8c-6f1236541da9",
        "data": [
            {
                "text": "how is it possible to get link please",
                "userDefined": false
            }
        ],
        "isTemplate": false,
        "count": 0,
        "updated": 1560155629
    },
    {
        "id": "b432d5d4-5d94-69e8-f1f7-dbb487fef80e",
        "data": [
            {
                "text": "what about handy hyperlinks intended for international pupils",
                "userDefined": false
            }
        ],
        "isTemplate": false,
        "count": 0,
        "updated": 1560155629
    },
    {
        "id": "e67bb6a4-3b69-4e12-d5ad-e4cd0cc3ef88",
        "data": [
            {
                "text": "tell me about useful hyperlink aimed at pupils from abroad please",
                "userDefined": false
            }
        ],
        "isTemplate": false,
        "count": 0,
        "updated": 1560155629
    },
    {
        "id": "4b31e430-ee4d-8633-6144-a98478083d96",
        "data": [
            {
                "text": "links intended for undergraduates from abroad please",
                "userDefined": false
            }
        ],
        "isTemplate": false,
        "count": 0,
        "updated": 1560155629
    },
    {
        "id": "6b93b8d3-e067-798f-dcd7-06459ed6ac54",
        "data": [
            {
                "text": "show me about helpful links aimed at pupils from abroad please",
                "userDefined": false
            }
        ],
        "isTemplate": false,
        "count": 0,
        "updated": 1560155629
    },
    {
        "id": "23f9b1bb-9214-403f-4ffa-754882e25daa",
        "data": [
            {
                "text": "I'd want to learn about handy links please",
                "userDefined": false
            }
        ],
        "isTemplate": false,
        "count": 0,
        "updated": 1560155629
    },
    {
        "id": "6151708a-f45d-2d82-20e7-aecf952bdd8d",
        "data": [
            {
                "text": "where can I obtain helpful hyperlink",
                "userDefined": false
            }
        ],
        "isTemplate": false,
        "count": 0,
        "updated": 1560155629
    },
    {
        "id": "8dc758b6-83a8-ccef-2b67-95ed286020cd",
        "data": [
            {
                "text": "link for foreign students please",
                "userDefined": false
            }
        ],
        "isTemplate": false,
        "count": 0,
        "updated": 1560155629
    },
    {
        "id": "e0393961-a7f0-3b1a-28fa-34f58f6de4fa",
        "data": [
            {
                "text": "hyperlink intended for graduates from abroad please",
                "userDefined": false
            }
        ],
        "isTemplate": false,
        "count": 0,
        "updated": 1560155629
    },
    {
        "id": "6971e0f2-8168-45f6-6f62-de75120b2721",
        "data": [
            {
                "text": "what about helpful hyperlinks aimed at students from abroad",
                "userDefined": false
            }
        ],
        "isTemplate": false,
        "count": 0,
        "updated": 1560155629
    },
    {
        "id": "fa70dd88-5d6f-6adf-9c57-134e85d3bda8",
        "data": [
            {
                "text": "helpful hyperlinks aimed at foreign undergraduates",
                "userDefined": false
            }
        ],
        "isTemplate": false,
        "count": 0,
        "updated": 1560155629
    },
    {
        "id": "8937ffed-3c8d-fe15-f234-04a69c372a67",
        "data": [
            {
                "text": "what about useful hyperlinks",
                "userDefined": false
            }
        ],
        "isTemplate": false,
        "count": 0,
        "updated": 1560155629
    },
    {
        "id": "89c1d4d9-6996-a80d-92fb-57b5ee2720b4",
        "data": [
            {
                "text": "is it possible to get helpful hyperlink",
                "userDefined": false
            }
        ],
        "isTemplate": false,
        "count": 0,
        "updated": 1560155629
    },
    {
        "id": "cdbdc91c-27d6-ce13-b641-fc76f461129c",
        "data": [
            {
                "text": "where could I obtain hyperlinks intended for undergraduates from abroad",
                "userDefined": false
            }
        ],
        "isTemplate": false,
        "count": 0,
        "updated": 1560155629
    },
    {
        "id": "74c42846-28c4-2c2c-24d8-bf99e5a45baf",
        "data": [
            {
                "text": "what about helpful links for pupils from abroad",
                "userDefined": false
            }
        ],
        "isTemplate": false,
        "count": 0,
        "updated": 1560155629
    },
    {
        "id": "0a637583-3cfd-c006-d693-9dfa321e4342",
        "data": [
            {
                "text": "how could I get hyperlink please",
                "userDefined": false
            }
        ],
        "isTemplate": false,
        "count": 0,
        "updated": 1560155629
    },
    {
        "id": "b7046e67-d5a7-ad48-7eeb-1edcee69051c",
        "data": [
            {
                "text": "information on useful links",
                "userDefined": false
            }
        ],
        "isTemplate": false,
        "count": 0,
        "updated": 1560155629
    },
    {
        "id": "17b9015a-551f-fc05-350b-c7c9d99f4cf7",
        "data": [
            {
                "text": "where would I obtain hyperlinks for pupils from abroad",
                "userDefined": false
            }
        ],
        "isTemplate": false,
        "count": 0,
        "updated": 1560155629
    },
    {
        "id": "debeba1c-d5a9-4426-e305-1470ec262dcf",
        "data": [
            {
                "text": "where can I obtain handy hyperlink for international pupils",
                "userDefined": false
            }
        ],
        "isTemplate": false,
        "count": 0,
        "updated": 1560155629
    },
    {
        "id": "7bdeea18-0f10-4908-cbf0-443accc193a0",
        "data": [
            {
                "text": "where would I receive handy hyperlink aimed at international students please",
                "userDefined": false
            }
        ],
        "isTemplate": false,
        "count": 0,
        "updated": 1560155629
    },
    {
        "id": "ce7531ee-7009-7170-1e71-5bba52b095a4",
        "data": [
            {
                "text": "where would I obtain hyperlinks please",
                "userDefined": false
            }
        ],
        "isTemplate": false,
        "count": 0,
        "updated": 1560155629
    },
    {
        "id": "a3830e87-be61-9f87-dec9-4e072e92dc43",
        "data": [
            {
                "text": "info on handy hyperlink aimed at foreign students",
                "userDefined": false
            }
        ],
        "isTemplate": false,
        "count": 0,
        "updated": 1560155629
    }
]