[
    {
        "id": "c2af2ddb-0c3a-8ac0-df27-a869dc961cb4",
        "data": [
            {
                "text": "what actually are my accommodation solutions",
                "userDefined": false
            }
        ],
        "isTemplate": false,
        "count": 0,
        "updated": 1560155628
    },
    {
        "id": "ef9e6efe-0457-f2a2-0ee2-05d6ef62e614",
        "data": [
            {
                "text": "I'd really want to get an accommodation what should I do",
                "userDefined": false
            }
        ],
        "isTemplate": false,
        "count": 0,
        "updated": 1560155628
    },
    {
        "id": "99f87859-4ba8-6c37-14c5-80cf0d84615f",
        "data": [
            {
                "text": "I'd really want to find a place",
                "userDefined": false
            }
        ],
        "isTemplate": false,
        "count": 0,
        "updated": 1560155628
    },
    {
        "id": "77a56018-0912-3830-9719-46f7f9d1f015",
        "data": [
            {
                "text": "what in fact are the accommodation possibilities",
                "userDefined": false
            }
        ],
        "isTemplate": false,
        "count": 0,
        "updated": 1560155628
    },
    {
        "id": "7b209dbe-6d73-46aa-f4ee-b220431c8f46",
        "data": [
            {
                "text": "what actually are the housing possibilities",
                "userDefined": false
            }
        ],
        "isTemplate": false,
        "count": 0,
        "updated": 1560155628
    },
    {
        "id": "f244d056-bb2f-a820-b88b-93c3fa852533",
        "data": [
            {
                "text": "what actually are the housing solutions",
                "userDefined": false
            }
        ],
        "isTemplate": false,
        "count": 0,
        "updated": 1560155628
    },
    {
        "id": "f22222e6-5736-7c11-7317-bf05ea86bd13",
        "data": [
            {
                "text": "I'd like to learn about places",
                "userDefined": false
            }
        ],
        "isTemplate": false,
        "count": 0,
        "updated": 1560155628
    },
    {
        "id": "f12120e0-c31c-e1bf-15fa-a469ff984742",
        "data": [
            {
                "text": "where to go for getting a kot",
                "userDefined": false
            }
        ],
        "isTemplate": false,
        "count": 0,
        "updated": 1560155628
    },
    {
        "id": "a4693589-6255-667c-3286-9efe0c7b8ebe",
        "data": [
            {
                "text": "where could I house",
                "userDefined": false
            }
        ],
        "isTemplate": false,
        "count": 0,
        "updated": 1560155628
    },
    {
        "id": "08792dd0-df01-4a1b-4e0f-d977a171c119",
        "data": [
            {
                "text": "what to do for getting a kot",
                "userDefined": false
            }
        ],
        "isTemplate": false,
        "count": 0,
        "updated": 1560155628
    },
    {
        "id": "0d9cefbd-19e6-2376-6748-09b0943a7425",
        "data": [
            {
                "text": "I am looking for a place to live",
                "userDefined": false
            }
        ],
        "isTemplate": false,
        "count": 0,
        "updated": 1560155628
    },
    {
        "id": "47e2699e-0409-2a76-42f9-20c61d83e202",
        "data": [
            {
                "text": "I would really love to get a kot",
                "userDefined": false
            }
        ],
        "isTemplate": false,
        "count": 0,
        "updated": 1560155628
    },
    {
        "id": "90df2a79-b78b-c78e-9334-3af3163c3be9",
        "data": [
            {
                "text": "I would love a place to reside",
                "userDefined": false
            }
        ],
        "isTemplate": false,
        "count": 0,
        "updated": 1560155628
    },
    {
        "id": "4b3bf9c6-d5b7-a06e-a62f-8554c463457a",
        "data": [
            {
                "text": "I would really like to receive a place to be",
                "userDefined": false
            }
        ],
        "isTemplate": false,
        "count": 0,
        "updated": 1560155628
    },
    {
        "id": "c99707a8-1eb3-fc9a-6ef6-fb94e5e9cb8d",
        "data": [
            {
                "text": "I would really want to get an accommodation",
                "userDefined": false
            }
        ],
        "isTemplate": false,
        "count": 0,
        "updated": 1560155628
    },
    {
        "id": "f44a778d-721d-3bbe-693c-859aea50ed7d",
        "data": [
            {
                "text": "what in fact are my housing possibilities",
                "userDefined": false
            }
        ],
        "isTemplate": false,
        "count": 0,
        "updated": 1560155628
    },
    {
        "id": "c7de8de1-6094-1a12-873b-92be7294e71b",
        "data": [
            {
                "text": "what to do if I would really want to get an accommodation",
                "userDefined": false
            }
        ],
        "isTemplate": false,
        "count": 0,
        "updated": 1560155628
    },
    {
        "id": "ef89bee1-17c5-6696-82ae-1763e3b96d06",
        "data": [
            {
                "text": "where could I live",
                "userDefined": false
            }
        ],
        "isTemplate": false,
        "count": 0,
        "updated": 1560155628
    },
    {
        "id": "9af5c711-3848-205c-2507-2c5cf17dc89b",
        "data": [
            {
                "text": "who can assist if I would really love to get an accommodation",
                "userDefined": false
            }
        ],
        "isTemplate": false,
        "count": 0,
        "updated": 1560155628
    },
    {
        "id": "22aecc41-6f42-9f38-a8f9-d892bc382d78",
        "data": [
            {
                "text": "where is it possible for me to house",
                "userDefined": false
            }
        ],
        "isTemplate": false,
        "count": 0,
        "updated": 1560155628
    },
    {
        "id": "5961e0f7-756b-c822-1107-ca65ec0d1a1b",
        "data": [
            {
                "text": "I want to get a place to reside",
                "userDefined": false
            }
        ],
        "isTemplate": false,
        "count": 0,
        "updated": 1560155628
    },
    {
        "id": "9632713a-20d8-cd0e-a8fc-11a91ea095f9",
        "data": [
            {
                "text": "I am looking for a housing",
                "userDefined": false
            }
        ],
        "isTemplate": false,
        "count": 0,
        "updated": 1560155628
    },
    {
        "id": "1d1f76af-1231-ae3a-7d4e-8c923b773301",
        "data": [
            {
                "text": "I need a place",
                "userDefined": false
            }
        ],
        "isTemplate": false,
        "count": 0,
        "updated": 1560155628
    },
    {
        "id": "1464b582-3f1a-2b7f-925d-6073841c5d18",
        "data": [
            {
                "text": "what should I do for getting a kot",
                "userDefined": false
            }
        ],
        "isTemplate": false,
        "count": 0,
        "updated": 1560155628
    },
    {
        "id": "98ee5f74-d7aa-8d56-019d-354a5b8874f6",
        "data": [
            {
                "text": "I'd really like to get an accommodation",
                "userDefined": false
            }
        ],
        "isTemplate": false,
        "count": 0,
        "updated": 1560155628
    },
    {
        "id": "2b3f067a-9bb1-513d-6990-0e7e4f43b035",
        "data": [
            {
                "text": "what exactly are the housing solutions",
                "userDefined": false
            }
        ],
        "isTemplate": false,
        "count": 0,
        "updated": 1560155628
    },
    {
        "id": "cb17d21f-91df-7721-350d-f5027af6629a",
        "data": [
            {
                "text": "aid about housings",
                "userDefined": false
            }
        ],
        "isTemplate": false,
        "count": 0,
        "updated": 1560155628
    },
    {
        "id": "abebfade-6839-519c-9145-be974916cb1b",
        "data": [
            {
                "text": "I need a place to reside",
                "userDefined": false
            }
        ],
        "isTemplate": false,
        "count": 0,
        "updated": 1560155628
    },
    {
        "id": "a2e6f0b2-d79e-fa10-6165-29eadb2d4ea0",
        "data": [
            {
                "text": "what about kots",
                "userDefined": false
            }
        ],
        "isTemplate": false,
        "count": 0,
        "updated": 1560155628
    },
    {
        "id": "9275e47a-6072-a9e0-087f-e80b60fe6269",
        "data": [
            {
                "text": "I want to get an accommodation",
                "userDefined": false
            }
        ],
        "isTemplate": false,
        "count": 0,
        "updated": 1560155628
    },
    {
        "id": "fa7b47bd-045a-93f7-1667-3e7e859e9fcf",
        "data": [
            {
                "text": "what about housings",
                "userDefined": false
            }
        ],
        "isTemplate": false,
        "count": 0,
        "updated": 1560155628
    },
    {
        "id": "4a8cca25-c491-3531-fc71-42a2bbffcbc7",
        "data": [
            {
                "text": "what about rooms",
                "userDefined": false
            }
        ],
        "isTemplate": false,
        "count": 0,
        "updated": 1560155628
    },
    {
        "id": "b79ac3f1-2eed-142e-09d4-473faa3af5e0",
        "data": [
            {
                "text": "what do I have to do for getting a kot",
                "userDefined": false
            }
        ],
        "isTemplate": false,
        "count": 0,
        "updated": 1560155628
    },
    {
        "id": "5e8d7ad6-74b6-2b19-c255-47e652cc510c",
        "data": [
            {
                "text": "I'd want a kot",
                "userDefined": false
            }
        ],
        "isTemplate": false,
        "count": 0,
        "updated": 1560155628
    },
    {
        "id": "6b267e64-f936-ac65-c62b-bf5f852ae10a",
        "data": [
            {
                "text": "what actually are my accommodation possibilities",
                "userDefined": false
            }
        ],
        "isTemplate": false,
        "count": 0,
        "updated": 1560155628
    },
    {
        "id": "5f5fbafa-abe1-b4f2-0d64-4d5af4dd66fc",
        "data": [
            {
                "text": "where would I house",
                "userDefined": false
            }
        ],
        "isTemplate": false,
        "count": 0,
        "updated": 1560155628
    },
    {
        "id": "4b547c5c-4f85-58b1-bf91-24cb4e90f9ba",
        "data": [
            {
                "text": "where to go when I would like to get a kot",
                "userDefined": false
            }
        ],
        "isTemplate": false,
        "count": 0,
        "updated": 1560155628
    },
    {
        "id": "3a48a349-08a4-3837-4638-1aebd0e9e2dd",
        "data": [
            {
                "text": "I'd like to get an accommodation",
                "userDefined": false
            }
        ],
        "isTemplate": false,
        "count": 0,
        "updated": 1560155628
    },
    {
        "id": "784ca03b-aea5-15a4-5fdf-df848734ca84",
        "data": [
            {
                "text": "what actually are my housing possibilities",
                "userDefined": false
            }
        ],
        "isTemplate": false,
        "count": 0,
        "updated": 1560155628
    },
    {
        "id": "d7d8fcfd-01fc-1e62-1acc-f2c488ce0999",
        "data": [
            {
                "text": "who can aid for getting a kot",
                "userDefined": false
            }
        ],
        "isTemplate": false,
        "count": 0,
        "updated": 1560155628
    },
    {
        "id": "cc3e99bc-5da1-e71a-d48c-839d6fccbbfd",
        "data": [
            {
                "text": "I need a kot",
                "userDefined": false
            }
        ],
        "isTemplate": false,
        "count": 0,
        "updated": 1560155628
    },
    {
        "id": "2c866a88-9ff3-d95f-b967-3e9f21c5b638",
        "data": [
            {
                "text": "I would really want to find a housing",
                "userDefined": false
            }
        ],
        "isTemplate": false,
        "count": 0,
        "updated": 1560155628
    },
    {
        "id": "40012e9b-a454-e5b8-48b3-bf7ff10c14a6",
        "data": [
            {
                "text": "I'd really like a kot",
                "userDefined": false
            }
        ],
        "isTemplate": false,
        "count": 0,
        "updated": 1560155628
    },
    {
        "id": "816e3280-2bc3-2d3d-8ada-e5c9dca5268e",
        "data": [
            {
                "text": "I'd really like to receive a place",
                "userDefined": false
            }
        ],
        "isTemplate": false,
        "count": 0,
        "updated": 1560155628
    },
    {
        "id": "bf48ad0e-7470-c4a0-40c9-d532520c1676",
        "data": [
            {
                "text": "I would really want to get a kot",
                "userDefined": false
            }
        ],
        "isTemplate": false,
        "count": 0,
        "updated": 1560155628
    },
    {
        "id": "f3210b41-ea84-52db-95de-53e95fbfd534",
        "data": [
            {
                "text": "I would really want to know about places",
                "userDefined": false
            }
        ],
        "isTemplate": false,
        "count": 0,
        "updated": 1560155628
    },
    {
        "id": "1f7cd697-fa5e-aa74-796c-6a7bb3430006",
        "data": [
            {
                "text": "who do I need to contact for getting a kot",
                "userDefined": false
            }
        ],
        "isTemplate": false,
        "count": 0,
        "updated": 1560155628
    },
    {
        "id": "e3ad973a-6ea7-2cfd-0893-118ea38bb22a",
        "data": [
            {
                "text": "who could I ask for getting a kot",
                "userDefined": false
            }
        ],
        "isTemplate": false,
        "count": 0,
        "updated": 1560155628
    },
    {
        "id": "e14dd06b-09a2-4cf6-d119-51770c4e6d6c",
        "data": [
            {
                "text": "tell me about accommodations",
                "userDefined": false
            }
        ],
        "isTemplate": false,
        "count": 0,
        "updated": 1560155628
    },
    {
        "id": "05d60039-5da9-472d-23f1-dabc31bb3dfb",
        "data": [
            {
                "text": "I'd really want to get a place to live",
                "userDefined": false
            }
        ],
        "isTemplate": false,
        "count": 0,
        "updated": 1560155628
    },
    {
        "id": "8d39733e-39c4-229d-4519-b327a7f877a9",
        "data": [
            {
                "text": "where can I accommodate",
                "userDefined": false
            }
        ],
        "isTemplate": false,
        "count": 0,
        "updated": 1560155628
    },
    {
        "id": "840b6ee3-82de-27f2-18d0-21a358e3663f",
        "data": [
            {
                "text": "what exactly are my accommodation solutions",
                "userDefined": false
            }
        ],
        "isTemplate": false,
        "count": 0,
        "updated": 1560155628
    },
    {
        "id": "ebd8f17a-6a71-ca39-ad3a-30979b399803",
        "data": [
            {
                "text": "I'd want to obtain a place to live",
                "userDefined": false
            }
        ],
        "isTemplate": false,
        "count": 0,
        "updated": 1560155628
    },
    {
        "id": "9ed20cce-41ab-062c-b308-dca34145d96b",
        "data": [
            {
                "text": "I would really want to obtain a place to be",
                "userDefined": false
            }
        ],
        "isTemplate": false,
        "count": 0,
        "updated": 1560155628
    },
    {
        "id": "1408ddf7-5c23-c3b1-5c62-dfc139e12d4b",
        "data": [
            {
                "text": "I'd really like to get an accommodation who do I need to get in touch with",
                "userDefined": false
            }
        ],
        "isTemplate": false,
        "count": 0,
        "updated": 1560155628
    },
    {
        "id": "26aee9fc-a27e-63f3-e503-83de8d21ea8f",
        "data": [
            {
                "text": "I'd like to get an accommodation, where to go",
                "userDefined": false
            }
        ],
        "isTemplate": false,
        "count": 0,
        "updated": 1560155628
    },
    {
        "id": "735205f7-e19c-c1f3-ad05-e3a5a3baf44a",
        "data": [
            {
                "text": "would I lease a housing",
                "userDefined": false
            }
        ],
        "isTemplate": false,
        "count": 0,
        "updated": 1560155628
    },
    {
        "id": "fccd1b0c-0135-47b9-08e5-8b7c9ac6f2dc",
        "data": [
            {
                "text": "where can I house",
                "userDefined": false
            }
        ],
        "isTemplate": false,
        "count": 0,
        "updated": 1560155628
    },
    {
        "id": "2875dfab-b74c-fd89-8a97-eb25da7c785d",
        "data": [
            {
                "text": "is it possible for me to sublet a room",
                "userDefined": false
            }
        ],
        "isTemplate": false,
        "count": 0,
        "updated": 1560155628
    },
    {
        "id": "c0c50053-f5e3-2426-8742-feaf904b1800",
        "data": [
            {
                "text": "info about housings",
                "userDefined": false
            }
        ],
        "isTemplate": false,
        "count": 0,
        "updated": 1560155628
    },
    {
        "id": "92786e5a-8436-684b-aeb0-6ef9153b15dc",
        "data": [
            {
                "text": "I'd want a accommodation",
                "userDefined": false
            }
        ],
        "isTemplate": false,
        "count": 0,
        "updated": 1560155628
    },
    {
        "id": "4eb91c6a-0ad4-1951-46b9-9864be03da0b",
        "data": [
            {
                "text": "I want to find a place to live",
                "userDefined": false
            }
        ],
        "isTemplate": false,
        "count": 0,
        "updated": 1560155628
    },
    {
        "id": "5b43402f-acf9-dd4b-bfe4-01f481f29b7e",
        "data": [
            {
                "text": "how to obtain a room",
                "userDefined": false
            }
        ],
        "isTemplate": false,
        "count": 0,
        "updated": 1560155628
    },
    {
        "id": "e46d1d3b-9630-1943-0d07-1886a77fd836",
        "data": [
            {
                "text": "I would like a place to live",
                "userDefined": false
            }
        ],
        "isTemplate": false,
        "count": 0,
        "updated": 1560155628
    },
    {
        "id": "ae3c948c-fea7-efe9-5b65-c32f3e4e5178",
        "data": [
            {
                "text": "I'd like to find a place",
                "userDefined": false
            }
        ],
        "isTemplate": false,
        "count": 0,
        "updated": 1560155628
    },
    {
        "id": "3d88ac80-0876-8293-7972-a67bded87bf7",
        "data": [
            {
                "text": "how to lease a place",
                "userDefined": false
            }
        ],
        "isTemplate": false,
        "count": 0,
        "updated": 1560155628
    },
    {
        "id": "3ed3aad7-27f3-6a66-92f2-0ad31cfe60f9",
        "data": [
            {
                "text": "what exactly are my accommodation possibilities",
                "userDefined": false
            }
        ],
        "isTemplate": false,
        "count": 0,
        "updated": 1560155628
    },
    {
        "id": "ee934213-b467-3b5e-9559-b90eed52a7cd",
        "data": [
            {
                "text": "where can I live",
                "userDefined": false
            }
        ],
        "isTemplate": false,
        "count": 0,
        "updated": 1560155628
    },
    {
        "id": "e2c2cd0e-4446-cd01-56c6-24e85190aaec",
        "data": [
            {
                "text": "information on accommodations",
                "userDefined": false
            }
        ],
        "isTemplate": false,
        "count": 0,
        "updated": 1560155628
    },
    {
        "id": "c9d05f91-160e-d6e6-9f3e-36406a4e4b8d",
        "data": [
            {
                "text": "what in fact are the housing solutions",
                "userDefined": false
            }
        ],
        "isTemplate": false,
        "count": 0,
        "updated": 1560155628
    },
    {
        "id": "b5663f89-d80a-1028-2d4e-ef0ecfccfbe1",
        "data": [
            {
                "text": "I need a place to be",
                "userDefined": false
            }
        ],
        "isTemplate": false,
        "count": 0,
        "updated": 1560155628
    },
    {
        "id": "6197107f-3cd1-7f3a-992b-336c19fe9f84",
        "data": [
            {
                "text": "I would really love to find a housing",
                "userDefined": false
            }
        ],
        "isTemplate": false,
        "count": 0,
        "updated": 1560155628
    },
    {
        "id": "61c3cd0e-03c8-13f7-f87b-619c757a2dae",
        "data": [
            {
                "text": "I would really like to get an accommodation, what will I have to do",
                "userDefined": false
            }
        ],
        "isTemplate": false,
        "count": 0,
        "updated": 1560155628
    },
    {
        "id": "52412e17-1e9b-8523-770d-4c7fffeee9f5",
        "data": [
            {
                "text": "what actually are my housing solutions",
                "userDefined": false
            }
        ],
        "isTemplate": false,
        "count": 0,
        "updated": 1560155628
    },
    {
        "id": "43ca148e-7e20-15a8-5325-f02fc2b284dc",
        "data": [
            {
                "text": "would I lease a room",
                "userDefined": false
            }
        ],
        "isTemplate": false,
        "count": 0,
        "updated": 1560155628
    },
    {
        "id": "814201cf-7025-47c3-5392-c20184ce6461",
        "data": [
            {
                "text": "I would really want to rent a housing",
                "userDefined": false
            }
        ],
        "isTemplate": false,
        "count": 0,
        "updated": 1560155628
    },
    {
        "id": "7048c85e-9bde-1063-0914-4ab26c7f24ac",
        "data": [
            {
                "text": "I'd want a place to reside",
                "userDefined": false
            }
        ],
        "isTemplate": false,
        "count": 0,
        "updated": 1560155628
    },
    {
        "id": "3a751bd9-ee4a-0681-e4a6-28d0f995987f",
        "data": [
            {
                "text": "I'd like to obtain a kot",
                "userDefined": false
            }
        ],
        "isTemplate": false,
        "count": 0,
        "updated": 1560155628
    },
    {
        "id": "0184a149-1b7c-d19c-0a38-b91e813d2b02",
        "data": [
            {
                "text": "I'd like to get a place to live",
                "userDefined": false
            }
        ],
        "isTemplate": false,
        "count": 0,
        "updated": 1560155628
    },
    {
        "id": "6ee2d291-f383-bd3e-628e-dba666f086ac",
        "data": [
            {
                "text": "I am searching for a room",
                "userDefined": false
            }
        ],
        "isTemplate": false,
        "count": 0,
        "updated": 1560155628
    },
    {
        "id": "86c7ce24-ea58-b9ac-d22a-4b1ad7d917e4",
        "data": [
            {
                "text": "I would love to get an accommodation",
                "userDefined": false
            }
        ],
        "isTemplate": false,
        "count": 0,
        "updated": 1560155628
    },
    {
        "id": "526eaaf4-0614-8718-1628-4cda152e0742",
        "data": [
            {
                "text": "what in fact are my housing solutions",
                "userDefined": false
            }
        ],
        "isTemplate": false,
        "count": 0,
        "updated": 1560155628
    },
    {
        "id": "39567a48-dc54-cc27-8fed-2e5882b9e2ff",
        "data": [
            {
                "text": "what about places",
                "userDefined": false
            }
        ],
        "isTemplate": false,
        "count": 0,
        "updated": 1560155628
    },
    {
        "id": "a5fdcc2c-bc04-ea48-7039-0eb3316a13b8",
        "data": [
            {
                "text": "where is it possible to receive a kot",
                "userDefined": false
            }
        ],
        "isTemplate": false,
        "count": 0,
        "updated": 1560155628
    },
    {
        "id": "63434fee-7c78-173d-6237-09f7498cc3f0",
        "data": [
            {
                "text": "where should I go when I'd really love to get a kot",
                "userDefined": false
            }
        ],
        "isTemplate": false,
        "count": 0,
        "updated": 1560155628
    },
    {
        "id": "24659331-45d3-bf65-05b3-34bc29e4f8c7",
        "data": [
            {
                "text": "I would really want to acquire a accommodation",
                "userDefined": false
            }
        ],
        "isTemplate": false,
        "count": 0,
        "updated": 1560155628
    },
    {
        "id": "94858ebb-f793-b8c0-5b5b-58b22694584b",
        "data": [
            {
                "text": "I'd really like to get a kot",
                "userDefined": false
            }
        ],
        "isTemplate": false,
        "count": 0,
        "updated": 1560155628
    },
    {
        "id": "f2e11e9e-35c0-a0eb-9082-3b7aa5a0a653",
        "data": [
            {
                "text": "I would really want to be informed about accommodations",
                "userDefined": false
            }
        ],
        "isTemplate": false,
        "count": 0,
        "updated": 1560155628
    },
    {
        "id": "6ef6fadb-6b5d-f059-0cb1-71141b7a732a",
        "data": [
            {
                "text": "I would really like to get a kot where should I have to go",
                "userDefined": false
            }
        ],
        "isTemplate": false,
        "count": 0,
        "updated": 1560155628
    },
    {
        "id": "dc95dc42-2356-9221-9f52-eab4f9157659",
        "data": [
            {
                "text": "I am searching for a place to reside",
                "userDefined": false
            }
        ],
        "isTemplate": false,
        "count": 0,
        "updated": 1560155628
    },
    {
        "id": "f84faa94-195e-3bfd-caf0-4bb943a9de60",
        "data": [
            {
                "text": "I'd love to get a kot",
                "userDefined": false
            }
        ],
        "isTemplate": false,
        "count": 0,
        "updated": 1560155628
    },
    {
        "id": "63867812-5971-306a-9801-2c9d6fd6ed12",
        "data": [
            {
                "text": "I am searching for a place",
                "userDefined": false
            }
        ],
        "isTemplate": false,
        "count": 0,
        "updated": 1560155628
    },
    {
        "id": "8807c35e-5afb-d209-48d2-b74a10187dfe",
        "data": [
            {
                "text": "where to go if I would really love to get an accommodation",
                "userDefined": false
            }
        ],
        "isTemplate": false,
        "count": 0,
        "updated": 1560155628
    },
    {
        "id": "99289f38-ff60-8071-d5d2-e1184a9bc3d8",
        "data": [
            {
                "text": "I'd really like to get a accommodation",
                "userDefined": false
            }
        ],
        "isTemplate": false,
        "count": 0,
        "updated": 1560155628
    },
    {
        "id": "ca6809b7-2a1d-9dac-cfc4-550c36c172bf",
        "data": [
            {
                "text": "I would love to learn about kots",
                "userDefined": false
            }
        ],
        "isTemplate": false,
        "count": 0,
        "updated": 1560155628
    },
    {
        "id": "d3f56f68-dc74-4dad-08c8-3bf491fed77c",
        "data": [
            {
                "text": "I need to get a kot",
                "userDefined": false
            }
        ],
        "isTemplate": false,
        "count": 0,
        "updated": 1560155628
    },
    {
        "id": "14a27911-ebe9-8494-1d2b-223b47187db6",
        "data": [
            {
                "text": "I'd really want to get an accommodation",
                "userDefined": false
            }
        ],
        "isTemplate": false,
        "count": 0,
        "updated": 1560155628
    },
    {
        "id": "6efa3b3a-84a8-6706-a451-53168636d6ed",
        "data": [
            {
                "text": "show me about rooms",
                "userDefined": false
            }
        ],
        "isTemplate": false,
        "count": 0,
        "updated": 1560155628
    },
    {
        "id": "a1e8bd39-4066-1a8e-c55a-5dd61393d6ca",
        "data": [
            {
                "text": "counsel about kots",
                "userDefined": false
            }
        ],
        "isTemplate": false,
        "count": 0,
        "updated": 1560155628
    },
    {
        "id": "a50f34d8-e956-c448-9850-52e4f3eb0e90",
        "data": [
            {
                "text": "I would like to find a place to live",
                "userDefined": false
            }
        ],
        "isTemplate": false,
        "count": 0,
        "updated": 1560155628
    },
    {
        "id": "3652c0a3-7f1a-5bbe-3b8b-c432f0985e6d",
        "data": [
            {
                "text": "I'd really want to get a kot what to do",
                "userDefined": false
            }
        ],
        "isTemplate": false,
        "count": 0,
        "updated": 1560155628
    },
    {
        "id": "b534e6a0-3f7f-51f1-dc0b-32b47e01a9c4",
        "data": [
            {
                "text": "I would love to find a accommodation",
                "userDefined": false
            }
        ],
        "isTemplate": false,
        "count": 0,
        "updated": 1560155628
    },
    {
        "id": "38dc9047-a38f-b754-a198-2bc53180b6a6",
        "data": [
            {
                "text": "I am looking for a kot",
                "userDefined": false
            }
        ],
        "isTemplate": false,
        "count": 0,
        "updated": 1560155628
    },
    {
        "id": "b90a6123-33c7-1049-8644-5a07ce2e7542",
        "data": [
            {
                "text": "I'd really love to get an accommodation what to do",
                "userDefined": false
            }
        ],
        "isTemplate": false,
        "count": 0,
        "updated": 1560155628
    },
    {
        "id": "bec4f32c-f22a-d6f7-12bb-80f33e9aceed",
        "data": [
            {
                "text": "can I find a place",
                "userDefined": false
            }
        ],
        "isTemplate": false,
        "count": 0,
        "updated": 1560155628
    },
    {
        "id": "e4eb99e5-2b40-3a42-83fb-8e61dc433de9",
        "data": [
            {
                "text": "can you show me about housings",
                "userDefined": false
            }
        ],
        "isTemplate": false,
        "count": 0,
        "updated": 1560155628
    },
    {
        "id": "6ae81de0-e32e-5bfd-6c6a-cf44060ab9a2",
        "data": [
            {
                "text": "what exactly are the accommodation solutions",
                "userDefined": false
            }
        ],
        "isTemplate": false,
        "count": 0,
        "updated": 1560155628
    },
    {
        "id": "8392597c-eba0-650b-d18d-cbb6de577e3c",
        "data": [
            {
                "text": "is it possible to sublet a accommodation",
                "userDefined": false
            }
        ],
        "isTemplate": false,
        "count": 0,
        "updated": 1560155628
    },
    {
        "id": "9e8ab92d-6989-e854-d4cc-dff47d3bfda5",
        "data": [
            {
                "text": "I'd really want to get an accommodation who should I need to call",
                "userDefined": false
            }
        ],
        "isTemplate": false,
        "count": 0,
        "updated": 1560155628
    },
    {
        "id": "2dbeb08e-51a9-fca9-0a49-8055347480b3",
        "data": [
            {
                "text": "where is it possible to accommodate",
                "userDefined": false
            }
        ],
        "isTemplate": false,
        "count": 0,
        "updated": 1560155628
    },
    {
        "id": "7e8f99f3-8d94-9bab-3bb1-2868387f864d",
        "data": [
            {
                "text": "could I receive a housing",
                "userDefined": false
            }
        ],
        "isTemplate": false,
        "count": 0,
        "updated": 1560155628
    },
    {
        "id": "0920564a-c014-0a87-feb3-85fdf068bd76",
        "data": [
            {
                "text": "what should I do to lease a housing",
                "userDefined": false
            }
        ],
        "isTemplate": false,
        "count": 0,
        "updated": 1560155628
    },
    {
        "id": "fefaeb64-db47-1326-afc6-5029b12f9e01",
        "data": [
            {
                "text": "I would like to find a place",
                "userDefined": false
            }
        ],
        "isTemplate": false,
        "count": 0,
        "updated": 1560155628
    },
    {
        "id": "e387a6c0-4aea-a21a-50e8-de6b493e9dc8",
        "data": [
            {
                "text": "is it possible to find a place",
                "userDefined": false
            }
        ],
        "isTemplate": false,
        "count": 0,
        "updated": 1560155628
    },
    {
        "id": "d8e41ec6-3b1d-d5bd-e4fd-e68749f2186e",
        "data": [
            {
                "text": "I want to get a kot, what would I do",
                "userDefined": false
            }
        ],
        "isTemplate": false,
        "count": 0,
        "updated": 1560155628
    },
    {
        "id": "86bc3189-c0c6-b8d8-a81e-ba0fe51a61e3",
        "data": [
            {
                "text": "I'd really want to obtain a place",
                "userDefined": false
            }
        ],
        "isTemplate": false,
        "count": 0,
        "updated": 1560155628
    },
    {
        "id": "b17ddef7-fed9-5f42-8d2e-158811b1794c",
        "data": [
            {
                "text": "where is it possible to stay",
                "userDefined": false
            }
        ],
        "isTemplate": false,
        "count": 0,
        "updated": 1560155628
    },
    {
        "id": "b98e1c70-59b4-b78d-d3f1-7ef35daedb08",
        "data": [
            {
                "text": "info about accommodations",
                "userDefined": false
            }
        ],
        "isTemplate": false,
        "count": 0,
        "updated": 1560155628
    },
    {
        "id": "460cb499-6b64-2bf2-501f-88b68939061f",
        "data": [
            {
                "text": "I'd like to get a kot where would I go",
                "userDefined": false
            }
        ],
        "isTemplate": false,
        "count": 0,
        "updated": 1560155628
    },
    {
        "id": "cd647069-3f42-754b-afc4-e15d2fd28a5e",
        "data": [
            {
                "text": "I would like to get a kot",
                "userDefined": false
            }
        ],
        "isTemplate": false,
        "count": 0,
        "updated": 1560155628
    },
    {
        "id": "0c9191ef-a49c-940a-d676-96354119fd20",
        "data": [
            {
                "text": "what do I have to do if I want to get an accommodation",
                "userDefined": false
            }
        ],
        "isTemplate": false,
        "count": 0,
        "updated": 1560155628
    },
    {
        "id": "d3d563e0-e019-b01e-c565-a70690f1b05e",
        "data": [
            {
                "text": "who can I reach for getting a kot",
                "userDefined": false
            }
        ],
        "isTemplate": false,
        "count": 0,
        "updated": 1560155628
    },
    {
        "id": "56bf6faf-b608-aa11-a403-4a7844e69964",
        "data": [
            {
                "text": "where is it possible to live",
                "userDefined": false
            }
        ],
        "isTemplate": false,
        "count": 0,
        "updated": 1560155628
    },
    {
        "id": "274d3e0a-fee6-cf16-6ff9-1b53d6bdd8bd",
        "data": [
            {
                "text": "what to do if I want to get an accommodation",
                "userDefined": false
            }
        ],
        "isTemplate": false,
        "count": 0,
        "updated": 1560155628
    },
    {
        "id": "d7e37e80-86a0-67c5-b5cb-cb8e4c9ed8a3",
        "data": [
            {
                "text": "direction about rooms",
                "userDefined": false
            }
        ],
        "isTemplate": false,
        "count": 0,
        "updated": 1560155628
    },
    {
        "id": "72061837-5c44-0157-64e6-2ca7339c375f",
        "data": [
            {
                "text": "where do I have to go when I would really like to get an accommodation",
                "userDefined": false
            }
        ],
        "isTemplate": false,
        "count": 0,
        "updated": 1560155628
    },
    {
        "id": "c69b4b4e-676e-6cc9-9c79-be779b51b83e",
        "data": [
            {
                "text": "I'd love a place to reside",
                "userDefined": false
            }
        ],
        "isTemplate": false,
        "count": 0,
        "updated": 1560155628
    },
    {
        "id": "2cd2f89c-9a33-0ebb-59d9-28566ed433ff",
        "data": [
            {
                "text": "I'd really love to get an accommodation",
                "userDefined": false
            }
        ],
        "isTemplate": false,
        "count": 0,
        "updated": 1560155628
    },
    {
        "id": "fa54704c-bbd9-3244-2eef-f4dba935b03a",
        "data": [
            {
                "text": "is it possible for me to rent a accommodation",
                "userDefined": false
            }
        ],
        "isTemplate": false,
        "count": 0,
        "updated": 1560155628
    },
    {
        "id": "fdc1d00f-8f34-19fe-1cd1-3b680468cf49",
        "data": [
            {
                "text": "what actually are the accommodation possibilities",
                "userDefined": false
            }
        ],
        "isTemplate": false,
        "count": 0,
        "updated": 1560155628
    },
    {
        "id": "3e412b75-7018-ef5f-0596-58aed7c4a04b",
        "data": [
            {
                "text": "who should I have to reach for getting a kot",
                "userDefined": false
            }
        ],
        "isTemplate": false,
        "count": 0,
        "updated": 1560155628
    },
    {
        "id": "f4ec104a-e0ca-bb1a-5cf6-1274da82dfce",
        "data": [
            {
                "text": "where is it possible for me to live",
                "userDefined": false
            }
        ],
        "isTemplate": false,
        "count": 0,
        "updated": 1560155628
    },
    {
        "id": "8ae1c66a-9ea4-74eb-5094-c45cbd9e1b92",
        "data": [
            {
                "text": "I would really like to find a place to reside",
                "userDefined": false
            }
        ],
        "isTemplate": false,
        "count": 0,
        "updated": 1560155628
    },
    {
        "id": "64c525f8-fbbc-43ab-1a67-65536ebb62a2",
        "data": [
            {
                "text": "who could help to obtain a housing",
                "userDefined": false
            }
        ],
        "isTemplate": false,
        "count": 0,
        "updated": 1560155628
    },
    {
        "id": "798b631f-af6e-55fb-6248-a603204bdd18",
        "data": [
            {
                "text": "I need a place to live",
                "userDefined": false
            }
        ],
        "isTemplate": false,
        "count": 0,
        "updated": 1560155628
    },
    {
        "id": "b7225aaa-9177-1558-b9b3-1e4a23cea481",
        "data": [
            {
                "text": "what will I do for getting a kot",
                "userDefined": false
            }
        ],
        "isTemplate": false,
        "count": 0,
        "updated": 1560155628
    },
    {
        "id": "aed55e36-24fd-992f-10da-de10e560ad38",
        "data": [
            {
                "text": "what to do to rent a kot",
                "userDefined": false
            }
        ],
        "isTemplate": false,
        "count": 0,
        "updated": 1560155628
    },
    {
        "id": "c5f6e148-1d0c-8fca-cef5-d0cc04863e1e",
        "data": [
            {
                "text": "I need to find a kot",
                "userDefined": false
            }
        ],
        "isTemplate": false,
        "count": 0,
        "updated": 1560155628
    },
    {
        "id": "e7b429f6-0532-c285-213b-b1b75039a5af",
        "data": [
            {
                "text": "enlightenment about accommodations",
                "userDefined": false
            }
        ],
        "isTemplate": false,
        "count": 0,
        "updated": 1560155628
    },
    {
        "id": "e31ce615-34e0-8a35-b857-e4b4408a382a",
        "data": [
            {
                "text": "what should I have to do when I want to get a kot",
                "userDefined": false
            }
        ],
        "isTemplate": false,
        "count": 0,
        "updated": 1560155628
    },
    {
        "id": "60900b7d-68fd-95ec-d61c-f86db2415ffd",
        "data": [
            {
                "text": "who would assist for getting a kot",
                "userDefined": false
            }
        ],
        "isTemplate": false,
        "count": 0,
        "updated": 1560155628
    },
    {
        "id": "b732c41b-e6d6-2d9f-67f5-76b4cc7c6ff3",
        "data": [
            {
                "text": "where to go if I'd really want to get a kot",
                "userDefined": false
            }
        ],
        "isTemplate": false,
        "count": 0,
        "updated": 1560155628
    },
    {
        "id": "c354c534-78b4-4b7e-902d-65c3c3d8459a",
        "data": [
            {
                "text": "direction on housings",
                "userDefined": false
            }
        ],
        "isTemplate": false,
        "count": 0,
        "updated": 1560155628
    },
    {
        "id": "5c278310-83f1-6aa5-21cf-e72b9c37ff25",
        "data": [
            {
                "text": "I want to get a kot, where should I need to go",
                "userDefined": false
            }
        ],
        "isTemplate": false,
        "count": 0,
        "updated": 1560155628
    },
    {
        "id": "961375f8-0ae4-8aa2-f87a-c8546db86662",
        "data": [
            {
                "text": "I'd really love to find a place",
                "userDefined": false
            }
        ],
        "isTemplate": false,
        "count": 0,
        "updated": 1560155628
    },
    {
        "id": "f2bf3cf6-b94f-1715-7d4b-845314a40c0d",
        "data": [
            {
                "text": "is it possible for me to rent a room",
                "userDefined": false
            }
        ],
        "isTemplate": false,
        "count": 0,
        "updated": 1560155628
    },
    {
        "id": "81059720-91a4-5c69-21b7-00a1eaa638b8",
        "data": [
            {
                "text": "I'd like a place to live",
                "userDefined": false
            }
        ],
        "isTemplate": false,
        "count": 0,
        "updated": 1560155628
    },
    {
        "id": "636a911b-8b95-b252-64ab-1379a4519586",
        "data": [
            {
                "text": "I'd really want to get a place to reside",
                "userDefined": false
            }
        ],
        "isTemplate": false,
        "count": 0,
        "updated": 1560155628
    },
    {
        "id": "943fddd1-5546-f835-0278-c3dfe3863a67",
        "data": [
            {
                "text": "I'd really like to get an accommodation who is it possible to call",
                "userDefined": false
            }
        ],
        "isTemplate": false,
        "count": 0,
        "updated": 1560155628
    },
    {
        "id": "b0e0ad73-5b2e-df71-3fc5-fc712a70129f",
        "data": [
            {
                "text": "information on kots",
                "userDefined": false
            }
        ],
        "isTemplate": false,
        "count": 0,
        "updated": 1560155628
    },
    {
        "id": "c0c5ce62-324d-9968-8f40-a9f3c79b57c8",
        "data": [
            {
                "text": "what would I have to do for getting a kot",
                "userDefined": false
            }
        ],
        "isTemplate": false,
        "count": 0,
        "updated": 1560155628
    },
    {
        "id": "08671068-e4a7-4c9c-d52a-45eec9dff5f0",
        "data": [
            {
                "text": "I'd really want to learn about housings",
                "userDefined": false
            }
        ],
        "isTemplate": false,
        "count": 0,
        "updated": 1560155628
    },
    {
        "id": "96aa5d99-93b5-7f3d-6467-9ff43f120cc4",
        "data": [
            {
                "text": "I would really love to learn about rooms",
                "userDefined": false
            }
        ],
        "isTemplate": false,
        "count": 0,
        "updated": 1560155628
    },
    {
        "id": "aca66c1d-d6eb-ad8b-1d8c-9e5eeb14868c",
        "data": [
            {
                "text": "where do I need to go if I'd really like to get a kot",
                "userDefined": false
            }
        ],
        "isTemplate": false,
        "count": 0,
        "updated": 1560155628
    },
    {
        "id": "d3c0a63a-290f-4de5-f97d-18514112f187",
        "data": [
            {
                "text": "what would I do for getting a kot",
                "userDefined": false
            }
        ],
        "isTemplate": false,
        "count": 0,
        "updated": 1560155628
    },
    {
        "id": "5c1a2952-9b59-60d4-b244-a3d53daabd22",
        "data": [
            {
                "text": "would you be so kind and tell me about places",
                "userDefined": false
            }
        ],
        "isTemplate": false,
        "count": 0,
        "updated": 1560155628
    },
    {
        "id": "8259d92a-c074-0698-3ea5-cfea1e1bdbcf",
        "data": [
            {
                "text": "who can I get in touch with if I would like to get a kot",
                "userDefined": false
            }
        ],
        "isTemplate": false,
        "count": 0,
        "updated": 1560155628
    },
    {
        "id": "c7148d48-62a5-2282-a097-49b2b0d4f0a2",
        "data": [
            {
                "text": "what exactly are the accommodation possibilities",
                "userDefined": false
            }
        ],
        "isTemplate": false,
        "count": 0,
        "updated": 1560155628
    },
    {
        "id": "6904331b-090e-ddb8-9502-07416318c9ec",
        "data": [
            {
                "text": "where to go when I would love to get a kot",
                "userDefined": false
            }
        ],
        "isTemplate": false,
        "count": 0,
        "updated": 1560155628
    },
    {
        "id": "5b1bc0b4-1f4a-d47d-dd8a-34e62ecec5bc",
        "data": [
            {
                "text": "I would love to receive a room",
                "userDefined": false
            }
        ],
        "isTemplate": false,
        "count": 0,
        "updated": 1560155628
    },
    {
        "id": "10d5519e-aada-b63f-9f7d-889d25592264",
        "data": [
            {
                "text": "who could assist for getting a kot",
                "userDefined": false
            }
        ],
        "isTemplate": false,
        "count": 0,
        "updated": 1560155628
    },
    {
        "id": "9df6a0b3-2090-3886-d3d9-047f47bc7b8b",
        "data": [
            {
                "text": "I want to get a kot",
                "userDefined": false
            }
        ],
        "isTemplate": false,
        "count": 0,
        "updated": 1560155628
    },
    {
        "id": "1fce2ca5-b4fe-0ad9-374c-4e81c5977b2b",
        "data": [
            {
                "text": "I'd love to acquire a housing",
                "userDefined": false
            }
        ],
        "isTemplate": false,
        "count": 0,
        "updated": 1560155628
    },
    {
        "id": "762a78c3-481b-36e0-5967-0866da8b4c68",
        "data": [
            {
                "text": "what in fact are the housing possibilities",
                "userDefined": false
            }
        ],
        "isTemplate": false,
        "count": 0,
        "updated": 1560155628
    },
    {
        "id": "35f7b36b-fe70-a08a-9632-a4c951153d07",
        "data": [
            {
                "text": "I'd really love to get a kot",
                "userDefined": false
            }
        ],
        "isTemplate": false,
        "count": 0,
        "updated": 1560155628
    },
    {
        "id": "12ae11ba-0c58-c99c-cf02-a639c30408af",
        "data": [
            {
                "text": "I would really want a accommodation",
                "userDefined": false
            }
        ],
        "isTemplate": false,
        "count": 0,
        "updated": 1560155628
    },
    {
        "id": "d8bba80f-f1f3-1fc0-1869-9b2d7f7c22c7",
        "data": [
            {
                "text": "could I rent a kot",
                "userDefined": false
            }
        ],
        "isTemplate": false,
        "count": 0,
        "updated": 1560155628
    },
    {
        "id": "998c0250-7a2f-b30c-6528-5cc82ac5b407",
        "data": [
            {
                "text": "who do I have to contact for getting a kot",
                "userDefined": false
            }
        ],
        "isTemplate": false,
        "count": 0,
        "updated": 1560155628
    },
    {
        "id": "4bbaae36-77c5-d5fc-725b-784aa5e7a632",
        "data": [
            {
                "text": "where could I stay",
                "userDefined": false
            }
        ],
        "isTemplate": false,
        "count": 0,
        "updated": 1560155628
    },
    {
        "id": "717c8893-2285-0e22-2b50-3e240cd8a17f",
        "data": [
            {
                "text": "I'd like to be informed about accommodations",
                "userDefined": false
            }
        ],
        "isTemplate": false,
        "count": 0,
        "updated": 1560155628
    },
    {
        "id": "91e3e103-24ba-6509-f2da-94d2692c0daa",
        "data": [
            {
                "text": "how to find a accommodation",
                "userDefined": false
            }
        ],
        "isTemplate": false,
        "count": 0,
        "updated": 1560155628
    },
    {
        "id": "2491850f-9450-0d9c-1e01-a04c8a4e8a5c",
        "data": [
            {
                "text": "where would I live",
                "userDefined": false
            }
        ],
        "isTemplate": false,
        "count": 0,
        "updated": 1560155628
    },
    {
        "id": "8d53b53f-9b55-0dcf-4b0a-6a2118e0a537",
        "data": [
            {
                "text": "where could I accommodate",
                "userDefined": false
            }
        ],
        "isTemplate": false,
        "count": 0,
        "updated": 1560155628
    },
    {
        "id": "38b0d17a-1475-619c-d146-8804e4653398",
        "data": [
            {
                "text": "what about accommodations",
                "userDefined": false
            }
        ],
        "isTemplate": false,
        "count": 0,
        "updated": 1560155628
    },
    {
        "id": "1bf826af-70da-f0fe-0997-114b901a112f",
        "data": [
            {
                "text": "where should I need to go for getting a kot",
                "userDefined": false
            }
        ],
        "isTemplate": false,
        "count": 0,
        "updated": 1560155628
    },
    {
        "id": "14d232ff-777b-ecf6-f4f3-669aa4731a0f",
        "data": [
            {
                "text": "I would really want to find a place to be",
                "userDefined": false
            }
        ],
        "isTemplate": false,
        "count": 0,
        "updated": 1560155628
    },
    {
        "id": "b5fab3c6-77a3-ae76-ddae-951c6c545633",
        "data": [
            {
                "text": "I need a room",
                "userDefined": false
            }
        ],
        "isTemplate": false,
        "count": 0,
        "updated": 1560155628
    },
    {
        "id": "741f7168-dbaa-8394-5061-bb0723baadcd",
        "data": [
            {
                "text": "what to do when I'd love to get an accommodation",
                "userDefined": false
            }
        ],
        "isTemplate": false,
        "count": 0,
        "updated": 1560155628
    },
    {
        "id": "f61c6ff4-4d65-9e5c-8052-07fb4c75098c",
        "data": [
            {
                "text": "info about rooms",
                "userDefined": false
            }
        ],
        "isTemplate": false,
        "count": 0,
        "updated": 1560155628
    },
    {
        "id": "a8b9093e-5e85-5dd2-968e-07aa830cdd13",
        "data": [
            {
                "text": "I need to rent a room",
                "userDefined": false
            }
        ],
        "isTemplate": false,
        "count": 0,
        "updated": 1560155628
    },
    {
        "id": "cf539337-2c3c-7ab2-6297-019e2fcb16e2",
        "data": [
            {
                "text": "would you be so kind and show me about kots",
                "userDefined": false
            }
        ],
        "isTemplate": false,
        "count": 0,
        "updated": 1560155628
    },
    {
        "id": "36e055d2-a97d-982c-7d83-3323f50017ab",
        "data": [
            {
                "text": "I'd really want to learn about kots",
                "userDefined": false
            }
        ],
        "isTemplate": false,
        "count": 0,
        "updated": 1560155628
    },
    {
        "id": "33c2c77e-b7b1-44a8-2a0e-e95cfbd3284d",
        "data": [
            {
                "text": "could I find a room",
                "userDefined": false
            }
        ],
        "isTemplate": false,
        "count": 0,
        "updated": 1560155628
    },
    {
        "id": "a790d249-e2bd-1b42-e3b6-a19eec4a4459",
        "data": [
            {
                "text": "what should I need to do for getting a kot",
                "userDefined": false
            }
        ],
        "isTemplate": false,
        "count": 0,
        "updated": 1560155628
    },
    {
        "id": "2ba738c5-2cdb-144e-7ea6-3e9e326897a7",
        "data": [
            {
                "text": "is it possible for me to get a place",
                "userDefined": false
            }
        ],
        "isTemplate": false,
        "count": 0,
        "updated": 1560155628
    },
    {
        "id": "e9265493-1cf3-cec5-af92-ac1e297da9db",
        "data": [
            {
                "text": "who can help if I'd love to get an accommodation",
                "userDefined": false
            }
        ],
        "isTemplate": false,
        "count": 0,
        "updated": 1560155628
    },
    {
        "id": "8678047e-843c-ff6c-2120-68e65fefeef5",
        "data": [
            {
                "text": "where is it possible for me to accommodate",
                "userDefined": false
            }
        ],
        "isTemplate": false,
        "count": 0,
        "updated": 1560155628
    },
    {
        "id": "fe73c1e6-09f2-1c58-2ce7-31b1cf394952",
        "data": [
            {
                "text": "I would really like to rent a place",
                "userDefined": false
            }
        ],
        "isTemplate": false,
        "count": 0,
        "updated": 1560155628
    },
    {
        "id": "5ef0876d-19eb-e5e4-02cd-42fad09ffbd6",
        "data": [
            {
                "text": "where is it possible to house",
                "userDefined": false
            }
        ],
        "isTemplate": false,
        "count": 0,
        "updated": 1560155628
    },
    {
        "id": "4daf313e-345f-f32f-2b44-5f46ca44c7e9",
        "data": [
            {
                "text": "I would like to be informed about places",
                "userDefined": false
            }
        ],
        "isTemplate": false,
        "count": 0,
        "updated": 1560155628
    },
    {
        "id": "283beb84-ecd3-485c-2851-9df57928f930",
        "data": [
            {
                "text": "I'd love to find a place",
                "userDefined": false
            }
        ],
        "isTemplate": false,
        "count": 0,
        "updated": 1560155628
    },
    {
        "id": "98d7679c-de35-7d3c-2936-390d788d91da",
        "data": [
            {
                "text": "is it possible for me to lease a room",
                "userDefined": false
            }
        ],
        "isTemplate": false,
        "count": 0,
        "updated": 1560155628
    },
    {
        "id": "a241bd47-b48d-62aa-d21a-8f2b438ea780",
        "data": [
            {
                "text": "I want to learn about rooms",
                "userDefined": false
            }
        ],
        "isTemplate": false,
        "count": 0,
        "updated": 1560155628
    },
    {
        "id": "b6f89aea-aef8-6e27-cee6-40240160e659",
        "data": [
            {
                "text": "I'd want to find a place to live",
                "userDefined": false
            }
        ],
        "isTemplate": false,
        "count": 0,
        "updated": 1560155628
    },
    {
        "id": "48d43695-579a-b57c-f6d1-688585fdcca2",
        "data": [
            {
                "text": "can I obtain a place",
                "userDefined": false
            }
        ],
        "isTemplate": false,
        "count": 0,
        "updated": 1560155628
    },
    {
        "id": "9fd2b266-c027-0c3f-8fa1-cb79b3974d44",
        "data": [
            {
                "text": "I need a housing",
                "userDefined": false
            }
        ],
        "isTemplate": false,
        "count": 0,
        "updated": 1560155628
    },
    {
        "id": "35082acd-619e-f53f-e4e2-e3b95a7fd683",
        "data": [
            {
                "text": "information about rooms",
                "userDefined": false
            }
        ],
        "isTemplate": false,
        "count": 0,
        "updated": 1560155628
    },
    {
        "id": "f2db2486-2a02-fbd7-1536-198c9f457fdb",
        "data": [
            {
                "text": "I would love to know about housings",
                "userDefined": false
            }
        ],
        "isTemplate": false,
        "count": 0,
        "updated": 1560155628
    },
    {
        "id": "515763dd-3824-840b-fef2-27a07291edeb",
        "data": [
            {
                "text": "who would help for getting a kot",
                "userDefined": false
            }
        ],
        "isTemplate": false,
        "count": 0,
        "updated": 1560155628
    },
    {
        "id": "b696eb6a-c238-465b-d243-2e56b662bab7",
        "data": [
            {
                "text": "I would like to learn about kots",
                "userDefined": false
            }
        ],
        "isTemplate": false,
        "count": 0,
        "updated": 1560155628
    },
    {
        "id": "05f868b0-dce0-93a3-458f-e8231da880c8",
        "data": [
            {
                "text": "instructions on rooms",
                "userDefined": false
            }
        ],
        "isTemplate": false,
        "count": 0,
        "updated": 1560155628
    },
    {
        "id": "9321f4a8-60d4-cdb6-f33e-39e179ea86e4",
        "data": [
            {
                "text": "what to do when I'd want to get a kot",
                "userDefined": false
            }
        ],
        "isTemplate": false,
        "count": 0,
        "updated": 1560155628
    },
    {
        "id": "e2efcc30-07bb-f175-7f52-e1a87496cb33",
        "data": [
            {
                "text": "would you please show me about accommodations",
                "userDefined": false
            }
        ],
        "isTemplate": false,
        "count": 0,
        "updated": 1560155628
    },
    {
        "id": "111726b1-5a04-ee26-837f-c9662456bf1f",
        "data": [
            {
                "text": "what in fact are the accommodation solutions",
                "userDefined": false
            }
        ],
        "isTemplate": false,
        "count": 0,
        "updated": 1560155628
    },
    {
        "id": "beab2226-caec-25a2-25c0-73b2a4bfe35d",
        "data": [
            {
                "text": "I'd want to learn about accommodations",
                "userDefined": false
            }
        ],
        "isTemplate": false,
        "count": 0,
        "updated": 1560155628
    },
    {
        "id": "3340138b-ee16-bfe0-4cd2-d0fe7c2a3023",
        "data": [
            {
                "text": "who should I have to contact for getting a kot",
                "userDefined": false
            }
        ],
        "isTemplate": false,
        "count": 0,
        "updated": 1560155628
    },
    {
        "id": "46f1b546-15aa-035c-ba79-facc545de115",
        "data": [
            {
                "text": "guidance on rooms",
                "userDefined": false
            }
        ],
        "isTemplate": false,
        "count": 0,
        "updated": 1560155628
    },
    {
        "id": "131c4de1-c5d5-5777-44ec-97072eddd78e",
        "data": [
            {
                "text": "I would love to find a place to live",
                "userDefined": false
            }
        ],
        "isTemplate": false,
        "count": 0,
        "updated": 1560155628
    },
    {
        "id": "8bbc2756-ded6-10a9-3ebc-316587802fef",
        "data": [
            {
                "text": "I would like a room",
                "userDefined": false
            }
        ],
        "isTemplate": false,
        "count": 0,
        "updated": 1560155628
    },
    {
        "id": "90f02ecc-b07e-b90c-6018-6c1979ff66e4",
        "data": [
            {
                "text": "where is it possible for me to stay",
                "userDefined": false
            }
        ],
        "isTemplate": false,
        "count": 0,
        "updated": 1560155628
    },
    {
        "id": "e0087a1b-f930-0628-503b-f1787ef3ec80",
        "data": [
            {
                "text": "I'd really love to obtain a place",
                "userDefined": false
            }
        ],
        "isTemplate": false,
        "count": 0,
        "updated": 1560155628
    },
    {
        "id": "81fa98e7-a829-cc2f-be8a-6a38c3b2fd89",
        "data": [
            {
                "text": "who would support for getting a kot",
                "userDefined": false
            }
        ],
        "isTemplate": false,
        "count": 0,
        "updated": 1560155628
    },
    {
        "id": "e7a04d1f-3c90-30ee-f344-76a20a34ebc1",
        "data": [
            {
                "text": "I would really love to know about rooms",
                "userDefined": false
            }
        ],
        "isTemplate": false,
        "count": 0,
        "updated": 1560155628
    },
    {
        "id": "7fb7c78e-76c0-28f2-b773-fdb3ee57d742",
        "data": [
            {
                "text": "I'd want to find a place",
                "userDefined": false
            }
        ],
        "isTemplate": false,
        "count": 0,
        "updated": 1560155628
    },
    {
        "id": "735aa16d-57ed-031d-0425-ed0b86f72f7f",
        "data": [
            {
                "text": "is it possible for me to acquire a place",
                "userDefined": false
            }
        ],
        "isTemplate": false,
        "count": 0,
        "updated": 1560155628
    },
    {
        "id": "11cead0b-ba54-e180-c9e6-260d03ec9ac3",
        "data": [
            {
                "text": "what would I do if I would really want to get an accommodation",
                "userDefined": false
            }
        ],
        "isTemplate": false,
        "count": 0,
        "updated": 1560155628
    },
    {
        "id": "000d6d0c-ff73-361d-d132-ab4303e76554",
        "data": [
            {
                "text": "where can I obtain a housing",
                "userDefined": false
            }
        ],
        "isTemplate": false,
        "count": 0,
        "updated": 1560155628
    },
    {
        "id": "1159d859-3c66-629c-dbec-f585996a3e0c",
        "data": [
            {
                "text": "I would like to acquire a housing",
                "userDefined": false
            }
        ],
        "isTemplate": false,
        "count": 0,
        "updated": 1560155628
    },
    {
        "id": "8a5f31e1-b7c2-0d96-79d8-9656629c9f2d",
        "data": [
            {
                "text": "I want to find a place",
                "userDefined": false
            }
        ],
        "isTemplate": false,
        "count": 0,
        "updated": 1560155628
    },
    {
        "id": "a5ded121-5759-21a8-029a-3d8982f084b7",
        "data": [
            {
                "text": "I'd like a housing",
                "userDefined": false
            }
        ],
        "isTemplate": false,
        "count": 0,
        "updated": 1560155628
    }
]