[
    {
        "id": "4f22a98d-7730-4628-9525-cd00dd1edbaf",
        "data": [
            {
                "text": "I need the definition of the sport card",
                "userDefined": false
            }
        ],
        "isTemplate": false,
        "count": 0,
        "updated": 1560155629
    },
    {
        "id": "2af00cf2-8677-5fb4-bba5-0b70f2bb7447",
        "data": [
            {
                "text": "what'll be the sport card",
                "userDefined": false
            }
        ],
        "isTemplate": false,
        "count": 0,
        "updated": 1560155629
    },
    {
        "id": "a774f8b0-2696-c41a-8633-37e97d529a43",
        "data": [
            {
                "text": "tell me about how do I receive the affiliation sport",
                "userDefined": false
            }
        ],
        "isTemplate": false,
        "count": 0,
        "updated": 1560155629
    },
    {
        "id": "06e9ecf8-6b57-acbf-4e25-3db1721cade0",
        "data": [
            {
                "text": "what is the sport card for",
                "userDefined": false
            }
        ],
        "isTemplate": false,
        "count": 0,
        "updated": 1560155629
    },
    {
        "id": "ba2d5389-d790-e036-831c-8703f20e90b6",
        "data": [
            {
                "text": "I need to receive discounts for  exercise",
                "userDefined": false
            }
        ],
        "isTemplate": false,
        "count": 0,
        "updated": 1560155629
    },
    {
        "id": "0a3c3bd7-a5d4-1f06-a009-cdc75c7e721d",
        "data": [
            {
                "text": "the ping-pong card",
                "userDefined": false
            }
        ],
        "isTemplate": false,
        "count": 0,
        "updated": 1560155629
    },
    {
        "id": "203e2d76-a1fc-13cb-7de0-7759b7edfa13",
        "data": [
            {
                "text": "where is it possible to get discounts for some exercise",
                "userDefined": false
            }
        ],
        "isTemplate": false,
        "count": 0,
        "updated": 1560155629
    },
    {
        "id": "4a32ad23-b194-959d-eb5d-839395efe17a",
        "data": [
            {
                "text": "what should I have to use my affiliation sport card for",
                "userDefined": false
            }
        ],
        "isTemplate": false,
        "count": 0,
        "updated": 1560155629
    },
    {
        "id": "2a31afa4-8a47-d2f4-843d-0f4c8965934b",
        "data": [
            {
                "text": "describe the sport card please",
                "userDefined": false
            }
        ],
        "isTemplate": false,
        "count": 0,
        "updated": 1560155629
    },
    {
        "id": "3f5cf276-73fe-17ca-ed7a-b359645bdad9",
        "data": [
            {
                "text": "where can I get discounts for some fitness",
                "userDefined": false
            }
        ],
        "isTemplate": false,
        "count": 0,
        "updated": 1560155629
    },
    {
        "id": "4bba8de1-01ef-339b-d6bf-0efa119a98ca",
        "data": [
            {
                "text": "what's the sport card",
                "userDefined": false
            }
        ],
        "isTemplate": false,
        "count": 0,
        "updated": 1560155629
    },
    {
        "id": "b1c217cf-230d-8438-9c38-34c1b19f8669",
        "data": [
            {
                "text": "the sport membership please",
                "userDefined": false
            }
        ],
        "isTemplate": false,
        "count": 0,
        "updated": 1560155629
    },
    {
        "id": "3ecfdf02-e094-879c-4dca-2eace9fedf31",
        "data": [
            {
                "text": "would you be so kind and tell me about how can I obtain a some sport card",
                "userDefined": false
            }
        ],
        "isTemplate": false,
        "count": 0,
        "updated": 1560155629
    },
    {
        "id": "195ab0ca-065b-6655-8a13-621bb5cd9884",
        "data": [
            {
                "text": "what about how to get the sport card",
                "userDefined": false
            }
        ],
        "isTemplate": false,
        "count": 0,
        "updated": 1560155629
    },
    {
        "id": "a1ec6b99-a0ae-f47d-28b4-1ee1517b95da",
        "data": [
            {
                "text": "what will be the sport card",
                "userDefined": false
            }
        ],
        "isTemplate": false,
        "count": 0,
        "updated": 1560155629
    },
    {
        "id": "92fad817-b843-df31-27a9-db6fe5099167",
        "data": [
            {
                "text": "explain what the sport card means please",
                "userDefined": false
            }
        ],
        "isTemplate": false,
        "count": 0,
        "updated": 1560155629
    },
    {
        "id": "56d4042f-93a6-7817-475c-749cf19fb822",
        "data": [
            {
                "text": "what would be my sport membership card for",
                "userDefined": false
            }
        ],
        "isTemplate": false,
        "count": 0,
        "updated": 1560155629
    },
    {
        "id": "b7c3632c-eb13-daf9-0179-78bd435060e8",
        "data": [
            {
                "text": "what about the sport card",
                "userDefined": false
            }
        ],
        "isTemplate": false,
        "count": 0,
        "updated": 1560155629
    },
    {
        "id": "c8954b1e-b22f-d4e2-1553-193206f51c68",
        "data": [
            {
                "text": "what is the sport affiliation card",
                "userDefined": false
            }
        ],
        "isTemplate": false,
        "count": 0,
        "updated": 1560155629
    },
    {
        "id": "26a9925c-726a-0b0f-5f4c-6a71fc3a3c3e",
        "data": [
            {
                "text": "would you show me about where do I need to go to acquire a some sport card",
                "userDefined": false
            }
        ],
        "isTemplate": false,
        "count": 0,
        "updated": 1560155629
    },
    {
        "id": "7304b4f9-aebf-1268-f24b-11ee38b39227",
        "data": [
            {
                "text": "what does the sport membership card give me access to",
                "userDefined": false
            }
        ],
        "isTemplate": false,
        "count": 0,
        "updated": 1560155629
    },
    {
        "id": "41681bfa-12bc-a993-c966-dc45a76ab490",
        "data": [
            {
                "text": "where should I need to go to obtain discounts when going to some workout equipments",
                "userDefined": false
            }
        ],
        "isTemplate": false,
        "count": 0,
        "updated": 1560155629
    },
    {
        "id": "263bb4f0-e17a-3e26-e415-1537f4432117",
        "data": [
            {
                "text": "what should I use the exercise card for",
                "userDefined": false
            }
        ],
        "isTemplate": false,
        "count": 0,
        "updated": 1560155629
    },
    {
        "id": "f5b9bcf5-ddf1-659c-4c18-a073d14da333",
        "data": [
            {
                "text": "what does the some fitness card give me access to",
                "userDefined": false
            }
        ],
        "isTemplate": false,
        "count": 0,
        "updated": 1560155629
    },
    {
        "id": "0f41abfd-b826-f2ff-664d-877e58ebdb12",
        "data": [
            {
                "text": "what does the badminton card provide me access to",
                "userDefined": false
            }
        ],
        "isTemplate": false,
        "count": 0,
        "updated": 1560155629
    },
    {
        "id": "46a5a44c-bfd2-abac-e3ba-e7477c5f289b",
        "data": [
            {
                "text": "what'd be the some workout card",
                "userDefined": false
            }
        ],
        "isTemplate": false,
        "count": 0,
        "updated": 1560155629
    },
    {
        "id": "ad5a5b03-6dde-71b6-4d97-25dd11e529cf",
        "data": [
            {
                "text": "I want to know what the sport card is",
                "userDefined": false
            }
        ],
        "isTemplate": false,
        "count": 0,
        "updated": 1560155629
    },
    {
        "id": "b64d3b19-c560-1e78-873b-9e80ccb08ba1",
        "data": [
            {
                "text": "what'd be the sport affiliation",
                "userDefined": false
            }
        ],
        "isTemplate": false,
        "count": 0,
        "updated": 1560155629
    },
    {
        "id": "be967cf9-1929-ecbd-5036-1fc698a4224b",
        "data": [
            {
                "text": "what will I use my sport card for",
                "userDefined": false
            }
        ],
        "isTemplate": false,
        "count": 0,
        "updated": 1560155629
    },
    {
        "id": "cda98a25-3024-93ea-2c94-d75860bd0b5e",
        "data": [
            {
                "text": "what to do to acquire discounts for exercising",
                "userDefined": false
            }
        ],
        "isTemplate": false,
        "count": 0,
        "updated": 1560155629
    },
    {
        "id": "16ceea89-e539-6c43-6de1-9b87ca5e5e2a",
        "data": [
            {
                "text": "I'd really like to get price cuts for exercising",
                "userDefined": false
            }
        ],
        "isTemplate": false,
        "count": 0,
        "updated": 1560155629
    },
    {
        "id": "5bdb5195-c98d-912e-a658-fefa8128019b",
        "data": [
            {
                "text": "what about what would I do to acquire the fitness card",
                "userDefined": false
            }
        ],
        "isTemplate": false,
        "count": 0,
        "updated": 1560155629
    },
    {
        "id": "dd762264-86ca-ad7c-ade6-d99505d39a4e",
        "data": [
            {
                "text": "what about how to obtain the sport affiliation",
                "userDefined": false
            }
        ],
        "isTemplate": false,
        "count": 0,
        "updated": 1560155629
    },
    {
        "id": "b232ff2b-2d34-6571-793c-72e9e28b7819",
        "data": [
            {
                "text": "would you be so kind and tell me about how to receive a sport card",
                "userDefined": false
            }
        ],
        "isTemplate": false,
        "count": 0,
        "updated": 1560155629
    },
    {
        "id": "6ef27de3-2f69-bf8d-e74f-213658b8b13d",
        "data": [
            {
                "text": "would you please show me about the sport card",
                "userDefined": false
            }
        ],
        "isTemplate": false,
        "count": 0,
        "updated": 1560155629
    },
    {
        "id": "e6ff0e6d-500c-5e17-d682-9cf28936b491",
        "data": [
            {
                "text": "what should I use my sport card for",
                "userDefined": false
            }
        ],
        "isTemplate": false,
        "count": 0,
        "updated": 1560155629
    },
    {
        "id": "e554a509-b8a2-c1db-a57e-09f0b8f2a5d2",
        "data": [
            {
                "text": "how to receive cuts for  fitness",
                "userDefined": false
            }
        ],
        "isTemplate": false,
        "count": 0,
        "updated": 1560155629
    },
    {
        "id": "77a78c98-f527-0aa7-c456-2c1aa5248622",
        "data": [
            {
                "text": "what does the sport card give me access to",
                "userDefined": false
            }
        ],
        "isTemplate": false,
        "count": 0,
        "updated": 1560155629
    },
    {
        "id": "59670aff-2a75-c799-0022-6585b94ad1cc",
        "data": [
            {
                "text": "I would really love to acquire cuts when going to  fitness spaces",
                "userDefined": false
            }
        ],
        "isTemplate": false,
        "count": 0,
        "updated": 1560155629
    },
    {
        "id": "e4cd0299-162d-9122-eb35-a5c5156e9137",
        "data": [
            {
                "text": "what does my sport card give me access to",
                "userDefined": false
            }
        ],
        "isTemplate": false,
        "count": 0,
        "updated": 1560155629
    },
    {
        "id": "4e929e94-51f4-dde6-dc59-84d13dd8fffd",
        "data": [
            {
                "text": "what does my jiu jistu card provide me access to",
                "userDefined": false
            }
        ],
        "isTemplate": false,
        "count": 0,
        "updated": 1560155629
    },
    {
        "id": "87d35246-648f-a94c-5c49-e2747aec75c8",
        "data": [
            {
                "text": "what about who would I get in touch with to get a sport membership",
                "userDefined": false
            }
        ],
        "isTemplate": false,
        "count": 0,
        "updated": 1560155629
    },
    {
        "id": "fb01a343-f4b4-f69e-34e4-824fce16fbc8",
        "data": [
            {
                "text": "what would be the sport card",
                "userDefined": false
            }
        ],
        "isTemplate": false,
        "count": 0,
        "updated": 1560155629
    },
    {
        "id": "4a0542d2-efcb-d483-c75d-8530e8104637",
        "data": [
            {
                "text": "what's the affiliation sport",
                "userDefined": false
            }
        ],
        "isTemplate": false,
        "count": 0,
        "updated": 1560155629
    },
    {
        "id": "19345e69-ff07-28c5-775e-87c461ae00b3",
        "data": [
            {
                "text": "what does my sport card provide me access to",
                "userDefined": false
            }
        ],
        "isTemplate": false,
        "count": 0,
        "updated": 1560155629
    },
    {
        "id": "62da3da5-fcdf-3938-1515-6fca2cb9bee8",
        "data": [
            {
                "text": "what would be the sport card meant for",
                "userDefined": false
            }
        ],
        "isTemplate": false,
        "count": 0,
        "updated": 1560155629
    },
    {
        "id": "dbb4fe65-c930-ad1b-93fa-8fbc55bbc4d4",
        "data": [
            {
                "text": "explain the sport card",
                "userDefined": false
            }
        ],
        "isTemplate": false,
        "count": 0,
        "updated": 1560155629
    },
    {
        "id": "77d8639f-5108-7d4e-4f5b-83d09e0569a4",
        "data": [
            {
                "text": "what would be my some sport card meant for",
                "userDefined": false
            }
        ],
        "isTemplate": false,
        "count": 0,
        "updated": 1560155629
    },
    {
        "id": "4a85bf13-eb1f-ad70-4b7d-da28d8de9419",
        "data": [
            {
                "text": "what will be the sport affiliation",
                "userDefined": false
            }
        ],
        "isTemplate": false,
        "count": 0,
        "updated": 1560155629
    },
    {
        "id": "8a93b496-eb14-4b9e-f52d-6d701ef65983",
        "data": [
            {
                "text": "describe what the sport card stands for",
                "userDefined": false
            }
        ],
        "isTemplate": false,
        "count": 0,
        "updated": 1560155629
    },
    {
        "id": "17a78059-accd-55dc-2215-5f7dc5ede2c4",
        "data": [
            {
                "text": "what's the sport affiliation",
                "userDefined": false
            }
        ],
        "isTemplate": false,
        "count": 0,
        "updated": 1560155629
    },
    {
        "id": "a523b67e-5c8c-1b88-e708-b97b8df663bd",
        "data": [
            {
                "text": "what does the sport affiliation provide me access to",
                "userDefined": false
            }
        ],
        "isTemplate": false,
        "count": 0,
        "updated": 1560155629
    },
    {
        "id": "74db3649-2598-b36c-5b0c-7f72065667e3",
        "data": [
            {
                "text": "what would be my workout card meant for",
                "userDefined": false
            }
        ],
        "isTemplate": false,
        "count": 0,
        "updated": 1560155629
    },
    {
        "id": "30bffa1e-8b20-4ad8-064d-502357d29e69",
        "data": [
            {
                "text": "what would be the sport card for",
                "userDefined": false
            }
        ],
        "isTemplate": false,
        "count": 0,
        "updated": 1560155629
    },
    {
        "id": "c0ba9d20-44d7-b213-c8b5-3bad55128d66",
        "data": [
            {
                "text": "info on I need to obtain the sport card",
                "userDefined": false
            }
        ],
        "isTemplate": false,
        "count": 0,
        "updated": 1560155629
    },
    {
        "id": "a46dcbc5-45d7-b493-87fb-3a41f39e0243",
        "data": [
            {
                "text": "I would love to know what the sport card means",
                "userDefined": false
            }
        ],
        "isTemplate": false,
        "count": 0,
        "updated": 1560155629
    },
    {
        "id": "fa95c995-f37a-3ca6-cef1-98b462671e87",
        "data": [
            {
                "text": "what will I use my exercise card for",
                "userDefined": false
            }
        ],
        "isTemplate": false,
        "count": 0,
        "updated": 1560155629
    },
    {
        "id": "7d604900-86b5-b9de-f909-31852e7a169f",
        "data": [
            {
                "text": "what does my affiliation sport provide me access to",
                "userDefined": false
            }
        ],
        "isTemplate": false,
        "count": 0,
        "updated": 1560155629
    },
    {
        "id": "afc0d815-0754-06bc-66a6-411ff9e44812",
        "data": [
            {
                "text": "I'd really want to know what the sport card is",
                "userDefined": false
            }
        ],
        "isTemplate": false,
        "count": 0,
        "updated": 1560155629
    },
    {
        "id": "59b9adf7-4bc3-4f5f-57f2-02edefbe75aa",
        "data": [
            {
                "text": "what's the sport membership card",
                "userDefined": false
            }
        ],
        "isTemplate": false,
        "count": 0,
        "updated": 1560155629
    },
    {
        "id": "db2b6e95-875d-747f-a36b-be17a4bf83d7",
        "data": [
            {
                "text": "the sport card",
                "userDefined": false
            }
        ],
        "isTemplate": false,
        "count": 0,
        "updated": 1560155629
    },
    {
        "id": "370cdf80-9eb0-a2fa-7d06-9d59bc6eeaaf",
        "data": [
            {
                "text": "where is it possible for me to receive discounts when going to tai chi equipments",
                "userDefined": false
            }
        ],
        "isTemplate": false,
        "count": 0,
        "updated": 1560155629
    },
    {
        "id": "1e7fd06a-b488-95ae-9dca-919d8df60be0",
        "data": [
            {
                "text": "enlightenment on how is it possible to receive a workout card",
                "userDefined": false
            }
        ],
        "isTemplate": false,
        "count": 0,
        "updated": 1560155629
    },
    {
        "id": "c6222030-04c2-22ab-a633-57f41074da66",
        "data": [
            {
                "text": "what about what the sport card exactly is",
                "userDefined": false
            }
        ],
        "isTemplate": false,
        "count": 0,
        "updated": 1560155629
    },
    {
        "id": "3ce86cfc-1342-1678-ec35-0f63e61933b8",
        "data": [
            {
                "text": "I'd want to know what the sport card is",
                "userDefined": false
            }
        ],
        "isTemplate": false,
        "count": 0,
        "updated": 1560155629
    },
    {
        "id": "edd56542-3a2a-259c-bbc3-0c3c884e17da",
        "data": [
            {
                "text": "I need to acquire price cuts when going to some sport spaces",
                "userDefined": false
            }
        ],
        "isTemplate": false,
        "count": 0,
        "updated": 1560155629
    },
    {
        "id": "769a3b4f-c890-c5c3-c1c2-d8feda48d1df",
        "data": [
            {
                "text": "what will I use the some sport card for",
                "userDefined": false
            }
        ],
        "isTemplate": false,
        "count": 0,
        "updated": 1560155629
    },
    {
        "id": "f32d4540-472c-5247-3496-fac1e829ce3b",
        "data": [
            {
                "text": "what will I use the sport card for",
                "userDefined": false
            }
        ],
        "isTemplate": false,
        "count": 0,
        "updated": 1560155629
    },
    {
        "id": "b1634f03-515e-a145-85a1-7887119d8d15",
        "data": [
            {
                "text": "what is the exercise card actually",
                "userDefined": false
            }
        ],
        "isTemplate": false,
        "count": 0,
        "updated": 1560155629
    },
    {
        "id": "a85436f5-fedb-50a2-2c27-696bddfb488f",
        "data": [
            {
                "text": "what's the exercise card actually",
                "userDefined": false
            }
        ],
        "isTemplate": false,
        "count": 0,
        "updated": 1560155629
    },
    {
        "id": "bbaff77b-18a1-d4e4-a291-f04a5ec60c5e",
        "data": [
            {
                "text": "what is the squash card in fact",
                "userDefined": false
            }
        ],
        "isTemplate": false,
        "count": 0,
        "updated": 1560155629
    },
    {
        "id": "29889bc8-095c-cc52-9d7c-4e760a1898a6",
        "data": [
            {
                "text": "I would like to know what the sport card means",
                "userDefined": false
            }
        ],
        "isTemplate": false,
        "count": 0,
        "updated": 1560155629
    },
    {
        "id": "fb78843b-34f2-5d7e-4597-6e166e897022",
        "data": [
            {
                "text": "instructions about how to get the sport card",
                "userDefined": false
            }
        ],
        "isTemplate": false,
        "count": 0,
        "updated": 1560155629
    },
    {
        "id": "1f6c8f37-7832-d405-b479-6579ed705fed",
        "data": [
            {
                "text": "information about how do I get the sport card",
                "userDefined": false
            }
        ],
        "isTemplate": false,
        "count": 0,
        "updated": 1560155629
    },
    {
        "id": "1f727830-683a-2006-0dac-8f1748057ef3",
        "data": [
            {
                "text": "what will be the some workout card for",
                "userDefined": false
            }
        ],
        "isTemplate": false,
        "count": 0,
        "updated": 1560155629
    },
    {
        "id": "7da49cb7-86f4-0334-d3d9-f766ecee85c1",
        "data": [
            {
                "text": "what's the sport membership",
                "userDefined": false
            }
        ],
        "isTemplate": false,
        "count": 0,
        "updated": 1560155629
    },
    {
        "id": "af286d7a-3319-38c3-f5e1-b61838581760",
        "data": [
            {
                "text": "what does my mini football card provide me access to",
                "userDefined": false
            }
        ],
        "isTemplate": false,
        "count": 0,
        "updated": 1560155629
    },
    {
        "id": "a081b6cf-b250-6382-1617-4d76be145f35",
        "data": [
            {
                "text": "info on the sport card",
                "userDefined": false
            }
        ],
        "isTemplate": false,
        "count": 0,
        "updated": 1560155629
    },
    {
        "id": "8f67b1fb-6f7f-cc42-97cb-f051d7fd1a6c",
        "data": [
            {
                "text": "explain what the sport card stands for please",
                "userDefined": false
            }
        ],
        "isTemplate": false,
        "count": 0,
        "updated": 1560155629
    },
    {
        "id": "19fe9472-2547-8baf-797c-6a60369f1c61",
        "data": [
            {
                "text": "how to obtain discounts when going to  exercise spaces",
                "userDefined": false
            }
        ],
        "isTemplate": false,
        "count": 0,
        "updated": 1560155629
    },
    {
        "id": "fbc559cb-400d-bb67-f3f2-8b012d794864",
        "data": [
            {
                "text": "what about what to do to obtain the sport card",
                "userDefined": false
            }
        ],
        "isTemplate": false,
        "count": 0,
        "updated": 1560155629
    },
    {
        "id": "13f3a29e-7a10-eb2b-d40f-82475d493dda",
        "data": [
            {
                "text": "what will be the affiliation sport",
                "userDefined": false
            }
        ],
        "isTemplate": false,
        "count": 0,
        "updated": 1560155629
    },
    {
        "id": "a9627811-9a8e-df10-1a14-0f0bce5e0be7",
        "data": [
            {
                "text": "what does the some exercise card provide me access to",
                "userDefined": false
            }
        ],
        "isTemplate": false,
        "count": 0,
        "updated": 1560155629
    },
    {
        "id": "afcac79d-2cd8-736b-d6b0-6be37ce4a260",
        "data": [
            {
                "text": "information about I need to obtain the sport membership",
                "userDefined": false
            }
        ],
        "isTemplate": false,
        "count": 0,
        "updated": 1560155629
    },
    {
        "id": "3ba51234-c02f-ae2c-69d4-a44d86951a08",
        "data": [
            {
                "text": "the workout card",
                "userDefined": false
            }
        ],
        "isTemplate": false,
        "count": 0,
        "updated": 1560155629
    },
    {
        "id": "fa006da0-f90c-b535-d8c0-d361b1c99ece",
        "data": [
            {
                "text": "what does my fitness card provide me access to",
                "userDefined": false
            }
        ],
        "isTemplate": false,
        "count": 0,
        "updated": 1560155629
    },
    {
        "id": "510f0374-a447-cacb-9df2-150f833a8f79",
        "data": [
            {
                "text": "what about how is it possible for me to get a sport membership",
                "userDefined": false
            }
        ],
        "isTemplate": false,
        "count": 0,
        "updated": 1560155629
    },
    {
        "id": "9778f7d8-6d9b-7726-e81f-f248bea007d3",
        "data": [
            {
                "text": "what's the exercise card for",
                "userDefined": false
            }
        ],
        "isTemplate": false,
        "count": 0,
        "updated": 1560155629
    },
    {
        "id": "0682881d-38af-1fab-8300-c2a7a8f6e2ea",
        "data": [
            {
                "text": "what does my sport affiliation provide me access to",
                "userDefined": false
            }
        ],
        "isTemplate": false,
        "count": 0,
        "updated": 1560155629
    },
    {
        "id": "845b015c-f6b6-0823-55cc-5b7a6e7cdafd",
        "data": [
            {
                "text": "what should I use the sport membership for",
                "userDefined": false
            }
        ],
        "isTemplate": false,
        "count": 0,
        "updated": 1560155629
    },
    {
        "id": "8ee436d7-9cb4-237e-193d-d21a69c190f4",
        "data": [
            {
                "text": "what is the sport card intended for",
                "userDefined": false
            }
        ],
        "isTemplate": false,
        "count": 0,
        "updated": 1560155629
    },
    {
        "id": "86ff288f-91c9-cb89-b821-7de79526af05",
        "data": [
            {
                "text": "what will I use my sport membership card for",
                "userDefined": false
            }
        ],
        "isTemplate": false,
        "count": 0,
        "updated": 1560155629
    },
    {
        "id": "b266ae5f-0267-33dd-bb23-2e35e887dfee",
        "data": [
            {
                "text": "what does the affiliation sport give me access to",
                "userDefined": false
            }
        ],
        "isTemplate": false,
        "count": 0,
        "updated": 1560155629
    },
    {
        "id": "8864853a-313f-e03d-d059-d5bd89c03ace",
        "data": [
            {
                "text": "what should I have to use my sport membership for",
                "userDefined": false
            }
        ],
        "isTemplate": false,
        "count": 0,
        "updated": 1560155629
    },
    {
        "id": "648f84f6-a50d-9449-53f7-2820db613b23",
        "data": [
            {
                "text": "what do I have to use the sport card for",
                "userDefined": false
            }
        ],
        "isTemplate": false,
        "count": 0,
        "updated": 1560155629
    },
    {
        "id": "5064647a-f49a-376a-589b-6db32f83d2f2",
        "data": [
            {
                "text": "what should I use the some sport card for",
                "userDefined": false
            }
        ],
        "isTemplate": false,
        "count": 0,
        "updated": 1560155629
    },
    {
        "id": "8fe777f0-af95-7800-134d-09518ae9ce06",
        "data": [
            {
                "text": "what's the affiliation sport card for",
                "userDefined": false
            }
        ],
        "isTemplate": false,
        "count": 0,
        "updated": 1560155629
    },
    {
        "id": "55b72437-63c7-0c1d-09a2-453f5ed0437a",
        "data": [
            {
                "text": "what'd be the some exercise card for",
                "userDefined": false
            }
        ],
        "isTemplate": false,
        "count": 0,
        "updated": 1560155629
    },
    {
        "id": "e59b8476-2f9b-7ee7-bad4-3d1bd615dff5",
        "data": [
            {
                "text": "what'd be the affiliation sport in fact",
                "userDefined": false
            }
        ],
        "isTemplate": false,
        "count": 0,
        "updated": 1560155629
    },
    {
        "id": "f0fd3313-fa6b-e117-5404-252c235d0a8e",
        "data": [
            {
                "text": "what does the some sport card provide me access to",
                "userDefined": false
            }
        ],
        "isTemplate": false,
        "count": 0,
        "updated": 1560155629
    },
    {
        "id": "74db8622-c1a2-c684-82bd-e434ed0c926b",
        "data": [
            {
                "text": "what's the exercise card in fact",
                "userDefined": false
            }
        ],
        "isTemplate": false,
        "count": 0,
        "updated": 1560155629
    },
    {
        "id": "298e3b2f-c5d0-f814-ca60-113da105ccfc",
        "data": [
            {
                "text": "I'd like to learn about what to do to acquire a sport card",
                "userDefined": false
            }
        ],
        "isTemplate": false,
        "count": 0,
        "updated": 1560155629
    },
    {
        "id": "29a25f29-e411-f251-0c6a-ffc678c9f891",
        "data": [
            {
                "text": "what does the affiliation sport provide me access to",
                "userDefined": false
            }
        ],
        "isTemplate": false,
        "count": 0,
        "updated": 1560155629
    },
    {
        "id": "238917d1-c2b0-a629-c647-b98aef1f5e23",
        "data": [
            {
                "text": "what does the sport affiliation give me access to",
                "userDefined": false
            }
        ],
        "isTemplate": false,
        "count": 0,
        "updated": 1560155629
    },
    {
        "id": "8b0c15fd-bcd4-4e12-cbe4-c8d41762ccbc",
        "data": [
            {
                "text": "what will I use the sport affiliation card for",
                "userDefined": false
            }
        ],
        "isTemplate": false,
        "count": 0,
        "updated": 1560155629
    },
    {
        "id": "a57ed04a-2182-edd6-6c50-65c6d7656259",
        "data": [
            {
                "text": "I need to obtain discounts for exercising",
                "userDefined": false
            }
        ],
        "isTemplate": false,
        "count": 0,
        "updated": 1560155629
    },
    {
        "id": "2ac55bd0-ba6c-3192-5761-6e62bc407a35",
        "data": [
            {
                "text": "I would really want to get cuts for exercising",
                "userDefined": false
            }
        ],
        "isTemplate": false,
        "count": 0,
        "updated": 1560155629
    },
    {
        "id": "3f8c06a9-41b0-d7d1-4753-6f3484026da6",
        "data": [
            {
                "text": "what will I use my affiliation sport for",
                "userDefined": false
            }
        ],
        "isTemplate": false,
        "count": 0,
        "updated": 1560155629
    },
    {
        "id": "71545fec-6c72-f1f8-0a45-71fe339ab547",
        "data": [
            {
                "text": "what should I have to use the sport card for",
                "userDefined": false
            }
        ],
        "isTemplate": false,
        "count": 0,
        "updated": 1560155629
    },
    {
        "id": "0b8bbbfa-4529-8748-f103-9c9745a0f19a",
        "data": [
            {
                "text": "what'll be the sport membership card",
                "userDefined": false
            }
        ],
        "isTemplate": false,
        "count": 0,
        "updated": 1560155629
    },
    {
        "id": "ab22144d-77e4-d55f-1188-5e1ad856da00",
        "data": [
            {
                "text": "what does the sport card mean",
                "userDefined": false
            }
        ],
        "isTemplate": false,
        "count": 0,
        "updated": 1560155629
    },
    {
        "id": "e2ee76f7-7552-e684-0d6e-39af3b8be27d",
        "data": [
            {
                "text": "what would I use my exercise card for",
                "userDefined": false
            }
        ],
        "isTemplate": false,
        "count": 0,
        "updated": 1560155629
    },
    {
        "id": "cef0ff62-c7c3-24e4-0968-2025d8deafe5",
        "data": [
            {
                "text": "I want to know about I want to receive the sport card",
                "userDefined": false
            }
        ],
        "isTemplate": false,
        "count": 0,
        "updated": 1560155629
    },
    {
        "id": "2a65946c-b40b-8a7b-9aca-fe8028a5a071",
        "data": [
            {
                "text": "the some sport card please",
                "userDefined": false
            }
        ],
        "isTemplate": false,
        "count": 0,
        "updated": 1560155629
    },
    {
        "id": "29a4ff0e-e9aa-6865-c819-50385d369717",
        "data": [
            {
                "text": "what is the sport membership card",
                "userDefined": false
            }
        ],
        "isTemplate": false,
        "count": 0,
        "updated": 1560155629
    },
    {
        "id": "3f342fe2-634a-dd9e-1887-f908285e9aac",
        "data": [
            {
                "text": "what'll be the sport card in fact",
                "userDefined": false
            }
        ],
        "isTemplate": false,
        "count": 0,
        "updated": 1560155629
    },
    {
        "id": "633b9f26-5584-7241-33b0-5baa31571887",
        "data": [
            {
                "text": "the affiliation sport",
                "userDefined": false
            }
        ],
        "isTemplate": false,
        "count": 0,
        "updated": 1560155629
    },
    {
        "id": "903ff84a-7beb-8caf-53a3-7171de3e83f5",
        "data": [
            {
                "text": "what about where would I obtain a sport card",
                "userDefined": false
            }
        ],
        "isTemplate": false,
        "count": 0,
        "updated": 1560155629
    },
    {
        "id": "c65b9811-8897-f1cd-eca8-bec49cfff8f8",
        "data": [
            {
                "text": "what will be the sport affiliation card",
                "userDefined": false
            }
        ],
        "isTemplate": false,
        "count": 0,
        "updated": 1560155629
    },
    {
        "id": "ea472cf5-c167-e325-2b39-8bfc5d811b6d",
        "data": [
            {
                "text": "would you please show me about what the sport card in fact is",
                "userDefined": false
            }
        ],
        "isTemplate": false,
        "count": 0,
        "updated": 1560155629
    }
]