[
    {
        "id": "7cf5aa80-d11d-1f4b-6c4c-17f62ad75377",
        "data": [
            {
                "text": "which type of event set up by students can I go to to exercise language",
                "userDefined": false
            }
        ],
        "isTemplate": false,
        "count": 0,
        "updated": 1560155629
    },
    {
        "id": "20ce8dfd-cdae-7893-4faf-fb673533ecac",
        "data": [
            {
                "text": "what type of celebration arranged by students can I go to to practice dialect",
                "userDefined": false
            }
        ],
        "isTemplate": false,
        "count": 0,
        "updated": 1560155629
    },
    {
        "id": "98b7546d-655c-4ac3-a655-904fc26b2460",
        "data": [
            {
                "text": "which student event would there be to train french",
                "userDefined": false
            }
        ],
        "isTemplate": false,
        "count": 0,
        "updated": 1560155629
    },
    {
        "id": "0ea460f9-fcad-6929-7223-9112311905bc",
        "data": [
            {
                "text": "I want to be informed about training my french with other undergraduate",
                "userDefined": false
            }
        ],
        "isTemplate": false,
        "count": 0,
        "updated": 1560155629
    },
    {
        "id": "d52fe100-82b8-93e0-7a6f-f048203874b1",
        "data": [
            {
                "text": "show me about studying french with other pupils",
                "userDefined": false
            }
        ],
        "isTemplate": false,
        "count": 0,
        "updated": 1560155629
    },
    {
        "id": "ae0f1fad-8a57-d581-ebf5-280e16c482d6",
        "data": [
            {
                "text": "which undergraduates events would there be to practice french",
                "userDefined": false
            }
        ],
        "isTemplate": false,
        "count": 0,
        "updated": 1560155629
    },
    {
        "id": "f9b8a0de-d174-f9b1-65ae-5baa657dfbfb",
        "data": [
            {
                "text": "what event organised by pupils is it possible for me to attend to exercise french",
                "userDefined": false
            }
        ],
        "isTemplate": false,
        "count": 0,
        "updated": 1560155629
    },
    {
        "id": "daa78487-12fd-78ca-0e63-29e606fbbbc7",
        "data": [
            {
                "text": "what kind of pupils events are there to practice language",
                "userDefined": false
            }
        ],
        "isTemplate": false,
        "count": 0,
        "updated": 1560155629
    },
    {
        "id": "19eb212b-c98a-6ba7-fc32-cec2787b6897",
        "data": [
            {
                "text": "I'd like to know about practicing my french with other pupil",
                "userDefined": false
            }
        ],
        "isTemplate": false,
        "count": 0,
        "updated": 1560155629
    },
    {
        "id": "6497bd12-d9de-9ab3-f2cb-46e7885978bd",
        "data": [
            {
                "text": "which type of ceremony organized by undergraduates do I need to go to to exercise french",
                "userDefined": false
            }
        ],
        "isTemplate": false,
        "count": 0,
        "updated": 1560155629
    },
    {
        "id": "247f2449-e8ce-a456-23aa-b725d41b9ce8",
        "data": [
            {
                "text": "what sort of celebrations set up by graduates is it possible to go to to train french",
                "userDefined": false
            }
        ],
        "isTemplate": false,
        "count": 0,
        "updated": 1560155629
    },
    {
        "id": "1eae1693-4fe3-83ba-4900-8c58487830cd",
        "data": [
            {
                "text": "what event organised by students is it possible for me to attend to exercise dialect",
                "userDefined": false
            }
        ],
        "isTemplate": false,
        "count": 0,
        "updated": 1560155629
    },
    {
        "id": "93527884-6902-2fff-14b1-ecd6ee09b4d6",
        "data": [
            {
                "text": "what pupil activity are there to practice french",
                "userDefined": false
            }
        ],
        "isTemplate": false,
        "count": 0,
        "updated": 1560155629
    },
    {
        "id": "9d3da110-b105-cd09-80c9-900ced65c5b1",
        "data": [
            {
                "text": "what kind of event organised by pupils could I attend to practice dialect",
                "userDefined": false
            }
        ],
        "isTemplate": false,
        "count": 0,
        "updated": 1560155629
    },
    {
        "id": "0739cb34-06e2-cc3e-4789-1212d7bd511f",
        "data": [
            {
                "text": "what about training french with other student",
                "userDefined": false
            }
        ],
        "isTemplate": false,
        "count": 0,
        "updated": 1560155629
    },
    {
        "id": "c2f8e7b6-ba1e-5aa3-ab94-142c9c0a035f",
        "data": [
            {
                "text": "what type of celebration arranged by students would I attend to train language",
                "userDefined": false
            }
        ],
        "isTemplate": false,
        "count": 0,
        "updated": 1560155629
    },
    {
        "id": "6fd79d2e-66ca-7e4c-30c0-204e5b4cc7bd",
        "data": [
            {
                "text": "tell me about practicing my french with other undergraduates",
                "userDefined": false
            }
        ],
        "isTemplate": false,
        "count": 0,
        "updated": 1560155629
    },
    {
        "id": "81a62988-8068-2a9b-3d1e-eb2da40043b6",
        "data": [
            {
                "text": "which sort of pupils action would there be to practice language",
                "userDefined": false
            }
        ],
        "isTemplate": false,
        "count": 0,
        "updated": 1560155629
    },
    {
        "id": "29509b39-d8fb-23fe-d6be-cbd90aafbcfe",
        "data": [
            {
                "text": "I would really love to be informed about studying my french with other students",
                "userDefined": false
            }
        ],
        "isTemplate": false,
        "count": 0,
        "updated": 1560155629
    },
    {
        "id": "0807dc4b-a9f8-2cb8-0c22-147c8d2dd535",
        "data": [
            {
                "text": "which undergraduate event are there to rehearse dialect",
                "userDefined": false
            }
        ],
        "isTemplate": false,
        "count": 0,
        "updated": 1560155629
    },
    {
        "id": "13608310-fa7d-8013-01c5-94f490131044",
        "data": [
            {
                "text": "which action organized by graduates could I attend to practice french",
                "userDefined": false
            }
        ],
        "isTemplate": false,
        "count": 0,
        "updated": 1560155629
    },
    {
        "id": "0120648f-84a5-e42c-3461-d3249773064b",
        "data": [
            {
                "text": "info about training my french with other graduate",
                "userDefined": false
            }
        ],
        "isTemplate": false,
        "count": 0,
        "updated": 1560155629
    },
    {
        "id": "7222d4dc-34bb-3029-6b03-ae504619e451",
        "data": [
            {
                "text": "which type of student event would there be to exercise language",
                "userDefined": false
            }
        ],
        "isTemplate": false,
        "count": 0,
        "updated": 1560155629
    },
    {
        "id": "693f02b0-6bcf-30c0-2075-44f9b87b7c30",
        "data": [
            {
                "text": "what about training my french with other students",
                "userDefined": false
            }
        ],
        "isTemplate": false,
        "count": 0,
        "updated": 1560155629
    },
    {
        "id": "48600a26-bb7a-d14d-de2a-ead68d6b3bcd",
        "data": [
            {
                "text": "what type of celebration set up by students do I have to go to to practice french",
                "userDefined": false
            }
        ],
        "isTemplate": false,
        "count": 0,
        "updated": 1560155629
    },
    {
        "id": "08f28830-0d4b-a8b4-a234-4b68fd978f53",
        "data": [
            {
                "text": "what sort of events set up by students could I go to to exercise language",
                "userDefined": false
            }
        ],
        "isTemplate": false,
        "count": 0,
        "updated": 1560155629
    },
    {
        "id": "1bfc1b76-fcf8-1654-2eb3-4506eec23368",
        "data": [
            {
                "text": "could you please tell me about studying my french with other students",
                "userDefined": false
            }
        ],
        "isTemplate": false,
        "count": 0,
        "updated": 1560155629
    },
    {
        "id": "f38bbbae-4cd8-08f2-8bb2-47b6229fc912",
        "data": [
            {
                "text": "which type of event organized by students can I go to to study french",
                "userDefined": false
            }
        ],
        "isTemplate": false,
        "count": 0,
        "updated": 1560155629
    },
    {
        "id": "985319f8-1fc8-9114-3411-89941690dd6f",
        "data": [
            {
                "text": "which sort of student activity would there be to exercise language",
                "userDefined": false
            }
        ],
        "isTemplate": false,
        "count": 0,
        "updated": 1560155629
    },
    {
        "id": "9ae5c64b-1c29-57d1-ddaa-9bb13a87a9dd",
        "data": [
            {
                "text": "what type of celebration set up by pupils is it possible to attend to exercise language",
                "userDefined": false
            }
        ],
        "isTemplate": false,
        "count": 0,
        "updated": 1560155629
    },
    {
        "id": "7503d430-fab9-c49c-2aff-cd03da91833c",
        "data": [
            {
                "text": "which kind of graduate action would there be to train french",
                "userDefined": false
            }
        ],
        "isTemplate": false,
        "count": 0,
        "updated": 1560155629
    },
    {
        "id": "4e97422d-3616-e290-71af-b5a3a631ce54",
        "data": [
            {
                "text": "which undergraduates celebration would there be to exercise french",
                "userDefined": false
            }
        ],
        "isTemplate": false,
        "count": 0,
        "updated": 1560155629
    },
    {
        "id": "4244347e-d473-183f-09af-c47e047a1310",
        "data": [
            {
                "text": "what about exercising my french with other undergraduates",
                "userDefined": false
            }
        ],
        "isTemplate": false,
        "count": 0,
        "updated": 1560155629
    },
    {
        "id": "8886f0e4-1c84-685d-6ec9-fea9caf952c0",
        "data": [
            {
                "text": "I want to know about training my french with other graduate",
                "userDefined": false
            }
        ],
        "isTemplate": false,
        "count": 0,
        "updated": 1560155629
    },
    {
        "id": "4740f90e-6092-d451-94bd-19cc94736cf8",
        "data": [
            {
                "text": "info on practicing my french with other pupils",
                "userDefined": false
            }
        ],
        "isTemplate": false,
        "count": 0,
        "updated": 1560155629
    },
    {
        "id": "6519ec05-584e-d2b6-276d-24fb61e6f689",
        "data": [
            {
                "text": "what sort of pupil event are there to train french",
                "userDefined": false
            }
        ],
        "isTemplate": false,
        "count": 0,
        "updated": 1560155629
    },
    {
        "id": "c8776f6e-5da9-9b86-cba4-d40a5cd2f314",
        "data": [
            {
                "text": "what sort of action organized by undergraduates would I attend to practice language",
                "userDefined": false
            }
        ],
        "isTemplate": false,
        "count": 0,
        "updated": 1560155629
    },
    {
        "id": "c6b851b0-21de-0e09-d19b-ab1063e82248",
        "data": [
            {
                "text": "what kind of pupils ceremonies would there be to rehearse language",
                "userDefined": false
            }
        ],
        "isTemplate": false,
        "count": 0,
        "updated": 1560155629
    },
    {
        "id": "6b26714f-2a5a-4689-b667-ccb69e923aac",
        "data": [
            {
                "text": "I'd like to learn about studying my french with other undergraduates",
                "userDefined": false
            }
        ],
        "isTemplate": false,
        "count": 0,
        "updated": 1560155629
    },
    {
        "id": "2cab5983-f631-c8ef-a035-a3d9ef708c9c",
        "data": [
            {
                "text": "what sort of celebration set up by undergraduates do I need to go to to exercise language",
                "userDefined": false
            }
        ],
        "isTemplate": false,
        "count": 0,
        "updated": 1560155629
    },
    {
        "id": "e632c171-7113-7b9b-8832-dd87e0ee7ade",
        "data": [
            {
                "text": "information about rehearsing my french with other pupil",
                "userDefined": false
            }
        ],
        "isTemplate": false,
        "count": 0,
        "updated": 1560155629
    },
    {
        "id": "ab0dd0c3-913f-7c99-a06b-12a7a4b9b778",
        "data": [
            {
                "text": "which student ceremonies would there be to train language",
                "userDefined": false
            }
        ],
        "isTemplate": false,
        "count": 0,
        "updated": 1560155629
    },
    {
        "id": "19d63777-a0d0-291a-1b5c-1cf617579294",
        "data": [
            {
                "text": "information about rehearsing my french with other pupils",
                "userDefined": false
            }
        ],
        "isTemplate": false,
        "count": 0,
        "updated": 1560155629
    },
    {
        "id": "21e85eaf-9ed2-d7df-61d0-0b1f5ce3b319",
        "data": [
            {
                "text": "what about studying my french with other students",
                "userDefined": false
            }
        ],
        "isTemplate": false,
        "count": 0,
        "updated": 1560155629
    },
    {
        "id": "f7142627-fbb5-01ae-7cf1-9c9c4fc7f3e0",
        "data": [
            {
                "text": "tell me about training french with other pupils",
                "userDefined": false
            }
        ],
        "isTemplate": false,
        "count": 0,
        "updated": 1560155629
    },
    {
        "id": "3eb77c1d-f6e2-7976-07ad-9884aee56071",
        "data": [
            {
                "text": "what pupils event are there to practice language",
                "userDefined": false
            }
        ],
        "isTemplate": false,
        "count": 0,
        "updated": 1560155629
    },
    {
        "id": "16fc1a90-70f0-3c3f-a569-65cad1c17f2c",
        "data": [
            {
                "text": "direction about studying french with other graduate",
                "userDefined": false
            }
        ],
        "isTemplate": false,
        "count": 0,
        "updated": 1560155629
    },
    {
        "id": "cc97157f-0113-002d-601d-13118c5a522c",
        "data": [
            {
                "text": "I would love to learn about exercising french with other pupil",
                "userDefined": false
            }
        ],
        "isTemplate": false,
        "count": 0,
        "updated": 1560155629
    },
    {
        "id": "c2e02175-0f57-760c-0fc1-3c0186fd69b3",
        "data": [
            {
                "text": "what about studying french with other graduate",
                "userDefined": false
            }
        ],
        "isTemplate": false,
        "count": 0,
        "updated": 1560155629
    },
    {
        "id": "5465a82a-4aa7-9257-6519-e26732ff8b89",
        "data": [
            {
                "text": "what sort of actions organised by students should I have to attend to practice dialect",
                "userDefined": false
            }
        ],
        "isTemplate": false,
        "count": 0,
        "updated": 1560155629
    },
    {
        "id": "83536552-bc6c-d678-bc78-a8ec2227696f",
        "data": [
            {
                "text": "what about practicing my french with other student",
                "userDefined": false
            }
        ],
        "isTemplate": false,
        "count": 0,
        "updated": 1560155629
    },
    {
        "id": "4fc71636-2c14-cfa8-b833-798cc4cca8b7",
        "data": [
            {
                "text": "which type of event organised by students should I go to to rehearse language",
                "userDefined": false
            }
        ],
        "isTemplate": false,
        "count": 0,
        "updated": 1560155629
    },
    {
        "id": "61c903b3-bd62-bdba-ef4b-39a5a3dbd8b0",
        "data": [
            {
                "text": "I'd love to learn about exercising my french with other students",
                "userDefined": false
            }
        ],
        "isTemplate": false,
        "count": 0,
        "updated": 1560155629
    },
    {
        "id": "f3067b46-be4a-e831-6f91-075d11374fb2",
        "data": [
            {
                "text": "what pupils event would there be to rehearse dialect",
                "userDefined": false
            }
        ],
        "isTemplate": false,
        "count": 0,
        "updated": 1560155629
    },
    {
        "id": "ac106275-86ee-a7af-037a-fa7710aebfa5",
        "data": [
            {
                "text": "what ceremony organised by pupils will I have to attend to train french",
                "userDefined": false
            }
        ],
        "isTemplate": false,
        "count": 0,
        "updated": 1560155629
    },
    {
        "id": "b14d8209-5c22-b9e6-aabe-d097c45d7b7f",
        "data": [
            {
                "text": "which sort of student event would there be to rehearse language",
                "userDefined": false
            }
        ],
        "isTemplate": false,
        "count": 0,
        "updated": 1560155629
    },
    {
        "id": "40e4d5b8-eccc-a2b4-226a-2d1b802598e0",
        "data": [
            {
                "text": "show me about studying my french with other student",
                "userDefined": false
            }
        ],
        "isTemplate": false,
        "count": 0,
        "updated": 1560155629
    },
    {
        "id": "3d731e01-d480-c129-3ac1-aeb9b0ab9060",
        "data": [
            {
                "text": "which type of celebrations organized by graduates would I go to to practice language",
                "userDefined": false
            }
        ],
        "isTemplate": false,
        "count": 0,
        "updated": 1560155629
    },
    {
        "id": "92204782-5cba-7a3f-ac80-e8dc766b350e",
        "data": [
            {
                "text": "which pupil ceremonies are there to exercise language",
                "userDefined": false
            }
        ],
        "isTemplate": false,
        "count": 0,
        "updated": 1560155629
    },
    {
        "id": "a6b7a48f-9e45-6bd0-de16-49f126e9aa27",
        "data": [
            {
                "text": "what about studying french with other graduates",
                "userDefined": false
            }
        ],
        "isTemplate": false,
        "count": 0,
        "updated": 1560155629
    },
    {
        "id": "b7effd25-32de-0692-a902-7aaae12bef65",
        "data": [
            {
                "text": "what graduate activity are there to exercise language",
                "userDefined": false
            }
        ],
        "isTemplate": false,
        "count": 0,
        "updated": 1560155629
    },
    {
        "id": "0b03dd52-a5b3-358a-6dd0-0aafe7663e20",
        "data": [
            {
                "text": "advice on rehearsing my french with other graduate",
                "userDefined": false
            }
        ],
        "isTemplate": false,
        "count": 0,
        "updated": 1560155629
    },
    {
        "id": "5ea22f06-29ba-b695-a15e-546d95d5ccb3",
        "data": [
            {
                "text": "I'd love to learn about training french with other student",
                "userDefined": false
            }
        ],
        "isTemplate": false,
        "count": 0,
        "updated": 1560155629
    },
    {
        "id": "fad2e269-0cb3-6b2d-ff17-258b614af9d4",
        "data": [
            {
                "text": "info about exercising french with other pupils",
                "userDefined": false
            }
        ],
        "isTemplate": false,
        "count": 0,
        "updated": 1560155629
    },
    {
        "id": "d40f4ea0-9b58-24aa-793f-8521ed84cdbe",
        "data": [
            {
                "text": "what pupil ceremony are there to practice french",
                "userDefined": false
            }
        ],
        "isTemplate": false,
        "count": 0,
        "updated": 1560155629
    },
    {
        "id": "45124ff3-6d65-23f3-57a1-28538727ccb7",
        "data": [
            {
                "text": "what ceremony arranged by pupils will I attend to study french",
                "userDefined": false
            }
        ],
        "isTemplate": false,
        "count": 0,
        "updated": 1560155629
    },
    {
        "id": "a40ba10a-20c0-5f6c-9dd6-f565c4994c47",
        "data": [
            {
                "text": "show me about rehearsing my french with other pupil",
                "userDefined": false
            }
        ],
        "isTemplate": false,
        "count": 0,
        "updated": 1560155629
    },
    {
        "id": "5dfdae79-ecf5-0749-b486-044f4b24a53a",
        "data": [
            {
                "text": "what sort of event arranged by students will I need to attend to practice french",
                "userDefined": false
            }
        ],
        "isTemplate": false,
        "count": 0,
        "updated": 1560155629
    },
    {
        "id": "28c64679-1eea-1b4a-fe01-89b4cf7dcf81",
        "data": [
            {
                "text": "what ceremonies organised by pupils should I have to attend to practice language",
                "userDefined": false
            }
        ],
        "isTemplate": false,
        "count": 0,
        "updated": 1560155629
    },
    {
        "id": "e8178f51-7d29-8d61-731e-9c968a4b735d",
        "data": [
            {
                "text": "which student celebration would there be to practice language",
                "userDefined": false
            }
        ],
        "isTemplate": false,
        "count": 0,
        "updated": 1560155629
    },
    {
        "id": "26c2a0ef-0dbe-77d4-3d05-fbae5dcfc270",
        "data": [
            {
                "text": "what type of pupil event are there to train language",
                "userDefined": false
            }
        ],
        "isTemplate": false,
        "count": 0,
        "updated": 1560155629
    },
    {
        "id": "9e719b46-d705-f5b1-9999-d90c94e9d43a",
        "data": [
            {
                "text": "I would really love to be informed about rehearsing french with other graduates",
                "userDefined": false
            }
        ],
        "isTemplate": false,
        "count": 0,
        "updated": 1560155629
    },
    {
        "id": "d5d9ee28-f71b-7dee-4b50-84fc7a916967",
        "data": [
            {
                "text": "which graduates celebration would there be to train french",
                "userDefined": false
            }
        ],
        "isTemplate": false,
        "count": 0,
        "updated": 1560155629
    },
    {
        "id": "b12a6f58-57a6-2f1e-7d3d-2cba7147cde2",
        "data": [
            {
                "text": "what kind of event set up by graduates is it possible to go to to train language",
                "userDefined": false
            }
        ],
        "isTemplate": false,
        "count": 0,
        "updated": 1560155629
    },
    {
        "id": "767566d1-3855-d5c8-939e-13b5a5fd94f1",
        "data": [
            {
                "text": "what kind of actions organised by undergraduates do I have to attend to rehearse french",
                "userDefined": false
            }
        ],
        "isTemplate": false,
        "count": 0,
        "updated": 1560155629
    },
    {
        "id": "c9a57b0b-2bd0-d8e3-7f5d-ca52a12a7f3a",
        "data": [
            {
                "text": "I would really love to be informed about exercising french with other pupils",
                "userDefined": false
            }
        ],
        "isTemplate": false,
        "count": 0,
        "updated": 1560155629
    },
    {
        "id": "f68f8064-7e23-90fc-b115-e0248a636653",
        "data": [
            {
                "text": "what type of undergraduate ceremony are there to train dialect",
                "userDefined": false
            }
        ],
        "isTemplate": false,
        "count": 0,
        "updated": 1560155629
    },
    {
        "id": "d282dd94-88cf-ff55-16c6-0bc7a37f81f6",
        "data": [
            {
                "text": "which pupil ceremony are there to rehearse language",
                "userDefined": false
            }
        ],
        "isTemplate": false,
        "count": 0,
        "updated": 1560155629
    },
    {
        "id": "9db492c1-12c7-d9db-28a1-6d1c190e6539",
        "data": [
            {
                "text": "which student events would there be to exercise language",
                "userDefined": false
            }
        ],
        "isTemplate": false,
        "count": 0,
        "updated": 1560155629
    },
    {
        "id": "685dc7ca-773d-ecfc-d016-9c5bf2a5c1ec",
        "data": [
            {
                "text": "I want to know about practicing my french with other undergraduate",
                "userDefined": false
            }
        ],
        "isTemplate": false,
        "count": 0,
        "updated": 1560155629
    },
    {
        "id": "317a7703-27f9-3f59-e3af-8e247cf6987e",
        "data": [
            {
                "text": "what about training my french with other student",
                "userDefined": false
            }
        ],
        "isTemplate": false,
        "count": 0,
        "updated": 1560155629
    },
    {
        "id": "436e6d85-868f-364f-69be-39f664d9370e",
        "data": [
            {
                "text": "which kind of ceremonies set up by undergraduates should I attend to rehearse french",
                "userDefined": false
            }
        ],
        "isTemplate": false,
        "count": 0,
        "updated": 1560155629
    },
    {
        "id": "5f20089b-ed67-ac88-6b4c-730de32ff6be",
        "data": [
            {
                "text": "what activity set up by graduates should I have to attend to exercise french",
                "userDefined": false
            }
        ],
        "isTemplate": false,
        "count": 0,
        "updated": 1560155629
    },
    {
        "id": "c3754b4d-19b5-7c8d-5bc5-9aff10f1a26e",
        "data": [
            {
                "text": "what kind of event arranged by students should I attend to practice french",
                "userDefined": false
            }
        ],
        "isTemplate": false,
        "count": 0,
        "updated": 1560155629
    },
    {
        "id": "e06ef356-c80b-5857-f819-6d58c05745e2",
        "data": [
            {
                "text": "what type of event set up by undergraduates do I need to attend to train french",
                "userDefined": false
            }
        ],
        "isTemplate": false,
        "count": 0,
        "updated": 1560155629
    },
    {
        "id": "c9a87785-110c-7e5f-b49a-6cfdcea197cc",
        "data": [
            {
                "text": "which kind of pupil celebration are there to exercise language",
                "userDefined": false
            }
        ],
        "isTemplate": false,
        "count": 0,
        "updated": 1560155629
    },
    {
        "id": "707b7011-c522-c784-b66a-1c6d565bd611",
        "data": [
            {
                "text": "which graduates ceremonies would there be to exercise dialect",
                "userDefined": false
            }
        ],
        "isTemplate": false,
        "count": 0,
        "updated": 1560155629
    },
    {
        "id": "930d5ebe-da91-2b02-e649-d0c903048766",
        "data": [
            {
                "text": "what student event are there to exercise dialect",
                "userDefined": false
            }
        ],
        "isTemplate": false,
        "count": 0,
        "updated": 1560155629
    },
    {
        "id": "7758186a-a2ed-7a32-7a3b-fd79c6fb160b",
        "data": [
            {
                "text": "what student events would there be to rehearse french",
                "userDefined": false
            }
        ],
        "isTemplate": false,
        "count": 0,
        "updated": 1560155629
    },
    {
        "id": "af31ecd0-fbae-a073-163a-afe8f724beba",
        "data": [
            {
                "text": "which kind of pupil actions would there be to train french",
                "userDefined": false
            }
        ],
        "isTemplate": false,
        "count": 0,
        "updated": 1560155629
    },
    {
        "id": "fe7026a3-27f6-ba7e-3c89-ec18f732655f",
        "data": [
            {
                "text": "what about practicing french with other student",
                "userDefined": false
            }
        ],
        "isTemplate": false,
        "count": 0,
        "updated": 1560155629
    },
    {
        "id": "fc28e451-5238-04d6-2291-63bdabefd84b",
        "data": [
            {
                "text": "info on practicing french with other students",
                "userDefined": false
            }
        ],
        "isTemplate": false,
        "count": 0,
        "updated": 1560155629
    },
    {
        "id": "2e81f6ab-069c-0707-c4da-f86d066bbea0",
        "data": [
            {
                "text": "recommendations about rehearsing my french with other pupils",
                "userDefined": false
            }
        ],
        "isTemplate": false,
        "count": 0,
        "updated": 1560155629
    },
    {
        "id": "d85e37af-eb27-3fd2-acf1-1b25c2b69ef5",
        "data": [
            {
                "text": "which student ceremony would there be to rehearse dialect",
                "userDefined": false
            }
        ],
        "isTemplate": false,
        "count": 0,
        "updated": 1560155629
    },
    {
        "id": "b97224f8-22a2-1b3c-09c9-c4a58567f989",
        "data": [
            {
                "text": "I'd really like to know about studying french with other graduate",
                "userDefined": false
            }
        ],
        "isTemplate": false,
        "count": 0,
        "updated": 1560155629
    },
    {
        "id": "9e990592-1ead-89a8-67b7-46bb62324d0c",
        "data": [
            {
                "text": "what about training french with other pupil",
                "userDefined": false
            }
        ],
        "isTemplate": false,
        "count": 0,
        "updated": 1560155629
    },
    {
        "id": "e827d5d9-8c83-46c2-9748-84f7abb88d7a",
        "data": [
            {
                "text": "which students ceremony would there be to train dialect",
                "userDefined": false
            }
        ],
        "isTemplate": false,
        "count": 0,
        "updated": 1560155629
    },
    {
        "id": "9272f125-942a-5d5f-2224-4cdc6ae36a17",
        "data": [
            {
                "text": "which celebrations set up by graduates will I have to go to to train language",
                "userDefined": false
            }
        ],
        "isTemplate": false,
        "count": 0,
        "updated": 1560155629
    },
    {
        "id": "1b7630d0-7890-a5ae-9e98-0f1d3cbe4459",
        "data": [
            {
                "text": "enlightenment about practicing french with other undergraduate",
                "userDefined": false
            }
        ],
        "isTemplate": false,
        "count": 0,
        "updated": 1560155629
    },
    {
        "id": "4e536f17-91b8-5d76-42d4-3acb381dac68",
        "data": [
            {
                "text": "what kind of pupil celebration would there be to rehearse language",
                "userDefined": false
            }
        ],
        "isTemplate": false,
        "count": 0,
        "updated": 1560155629
    },
    {
        "id": "1ef8c402-ca7c-3f65-9fb4-8e955da3a008",
        "data": [
            {
                "text": "what sort of events set up by pupils is it possible to attend to exercise dialect",
                "userDefined": false
            }
        ],
        "isTemplate": false,
        "count": 0,
        "updated": 1560155629
    },
    {
        "id": "853c4881-28e1-9761-6080-7ae18f178506",
        "data": [
            {
                "text": "which activity arranged by students could I go to to rehearse french",
                "userDefined": false
            }
        ],
        "isTemplate": false,
        "count": 0,
        "updated": 1560155629
    },
    {
        "id": "01d2a8db-4f9d-740f-9281-00af77b3f0d3",
        "data": [
            {
                "text": "which sort of pupil celebration are there to practice french",
                "userDefined": false
            }
        ],
        "isTemplate": false,
        "count": 0,
        "updated": 1560155629
    },
    {
        "id": "fdc9bc3a-8305-9f9b-05e5-9eebf47b5f72",
        "data": [
            {
                "text": "which student actions would there be to train french",
                "userDefined": false
            }
        ],
        "isTemplate": false,
        "count": 0,
        "updated": 1560155629
    },
    {
        "id": "15707165-b8ac-238c-5a66-851804787f7e",
        "data": [
            {
                "text": "show me about rehearsing french with other students",
                "userDefined": false
            }
        ],
        "isTemplate": false,
        "count": 0,
        "updated": 1560155629
    },
    {
        "id": "988d220f-ab2a-1705-7644-0ede870a975c",
        "data": [
            {
                "text": "which type of graduate ceremonies are there to train french",
                "userDefined": false
            }
        ],
        "isTemplate": false,
        "count": 0,
        "updated": 1560155629
    },
    {
        "id": "eba253ea-ebca-a782-949d-4cb65926147b",
        "data": [
            {
                "text": "what kind of pupil ceremonies are there to study french",
                "userDefined": false
            }
        ],
        "isTemplate": false,
        "count": 0,
        "updated": 1560155629
    },
    {
        "id": "7fe4d0f5-f793-f457-9eb9-8a2e86d79a23",
        "data": [
            {
                "text": "what ceremony organised by students will I need to attend to practice language",
                "userDefined": false
            }
        ],
        "isTemplate": false,
        "count": 0,
        "updated": 1560155629
    },
    {
        "id": "157c0337-54c8-c4f3-311c-8459b1a03024",
        "data": [
            {
                "text": "which graduate ceremony would there be to study french",
                "userDefined": false
            }
        ],
        "isTemplate": false,
        "count": 0,
        "updated": 1560155629
    },
    {
        "id": "0dcb8539-100f-cf1b-134b-a1dfb88482ac",
        "data": [
            {
                "text": "what undergraduates actions are there to exercise language",
                "userDefined": false
            }
        ],
        "isTemplate": false,
        "count": 0,
        "updated": 1560155629
    },
    {
        "id": "a77311aa-61bd-45e1-ffcd-47b7db9e53f7",
        "data": [
            {
                "text": "tell me about studying my french with other student",
                "userDefined": false
            }
        ],
        "isTemplate": false,
        "count": 0,
        "updated": 1560155629
    },
    {
        "id": "53cd3454-ca22-6181-5c41-9dc0a3b32f6c",
        "data": [
            {
                "text": "which type of celebrations set up by pupils would I go to to train dialect",
                "userDefined": false
            }
        ],
        "isTemplate": false,
        "count": 0,
        "updated": 1560155629
    },
    {
        "id": "c26efeb0-2f2a-db39-8914-0e12db7038e4",
        "data": [
            {
                "text": "what ceremony arranged by pupils can I attend to exercise french",
                "userDefined": false
            }
        ],
        "isTemplate": false,
        "count": 0,
        "updated": 1560155629
    },
    {
        "id": "c4e8af1c-e1e8-14ce-ffa5-e0cda12bb09f",
        "data": [
            {
                "text": "what type of student ceremonies are there to practice french",
                "userDefined": false
            }
        ],
        "isTemplate": false,
        "count": 0,
        "updated": 1560155629
    },
    {
        "id": "63982e0c-c63c-75e5-5d47-506601afed61",
        "data": [
            {
                "text": "which students activity are there to rehearse french",
                "userDefined": false
            }
        ],
        "isTemplate": false,
        "count": 0,
        "updated": 1560155629
    },
    {
        "id": "a5824c50-4f76-a244-28d8-1d9f6eb5f515",
        "data": [
            {
                "text": "what kind of students action are there to rehearse language",
                "userDefined": false
            }
        ],
        "isTemplate": false,
        "count": 0,
        "updated": 1560155629
    },
    {
        "id": "4a7cda54-93ac-f02c-33bf-dbb21011336b",
        "data": [
            {
                "text": "can you please show me about studying my french with other undergraduate",
                "userDefined": false
            }
        ],
        "isTemplate": false,
        "count": 0,
        "updated": 1560155629
    },
    {
        "id": "0c4d13f0-f3b1-f590-0c4f-85f5235ad589",
        "data": [
            {
                "text": "what sort of pupils ceremonies would there be to practice language",
                "userDefined": false
            }
        ],
        "isTemplate": false,
        "count": 0,
        "updated": 1560155629
    },
    {
        "id": "24d64885-b6ff-f941-061f-4bcdd1be07d5",
        "data": [
            {
                "text": "what about studying french with other pupil",
                "userDefined": false
            }
        ],
        "isTemplate": false,
        "count": 0,
        "updated": 1560155629
    },
    {
        "id": "ea288c79-c373-16d4-49dd-71405934c1fd",
        "data": [
            {
                "text": "what sort of pupil celebration would there be to train language",
                "userDefined": false
            }
        ],
        "isTemplate": false,
        "count": 0,
        "updated": 1560155629
    }
]