[
    {
        "id": "36d656dc-f0f0-b683-a1be-8f3a1de35fca",
        "data": [
            {
                "text": "which papers would I bring when register into the town",
                "userDefined": false
            }
        ],
        "isTemplate": false,
        "count": 0,
        "updated": 1560155628
    },
    {
        "id": "8456a67d-6b83-35f5-7b09-a800975623d0",
        "data": [
            {
                "text": "what records should I take when subscribe into my commune",
                "userDefined": false
            }
        ],
        "isTemplate": false,
        "count": 0,
        "updated": 1560155628
    },
    {
        "id": "436df19a-5cdf-8220-c76d-3e14a30e39a1",
        "data": [
            {
                "text": "which records do I need to bring when subscribe to my commune",
                "userDefined": false
            }
        ],
        "isTemplate": false,
        "count": 0,
        "updated": 1560155628
    },
    {
        "id": "6191f4c2-cc00-1861-93b7-3cd3df5560b1",
        "data": [
            {
                "text": "which documents should I deliver when subscribe at the commune",
                "userDefined": false
            }
        ],
        "isTemplate": false,
        "count": 0,
        "updated": 1560155628
    },
    {
        "id": "38a6e08d-e9e6-0d1f-822f-fd4f2ae09269",
        "data": [
            {
                "text": "what certificates do I need to take when register at my commune",
                "userDefined": false
            }
        ],
        "isTemplate": false,
        "count": 0,
        "updated": 1560155628
    },
    {
        "id": "2572c905-4c2c-61b5-1896-515dfc35582a",
        "data": [
            {
                "text": "what records will I have to bring to subscribe to the City Hall",
                "userDefined": false
            }
        ],
        "isTemplate": false,
        "count": 0,
        "updated": 1560155628
    },
    {
        "id": "06aeb4cb-ed5d-cc95-4fa4-127f4eb4a529",
        "data": [
            {
                "text": "should I need to take some documents with me in order to subscribe with the municipality",
                "userDefined": false
            }
        ],
        "isTemplate": false,
        "count": 0,
        "updated": 1560155628
    },
    {
        "id": "d35b508a-4380-30ee-0f9c-67506c3a13ac",
        "data": [
            {
                "text": "what papers do I need to deliver when subscribe to my town",
                "userDefined": false
            }
        ],
        "isTemplate": false,
        "count": 0,
        "updated": 1560155628
    },
    {
        "id": "638c7a17-a54d-7cbc-a061-bc09ad52dab8",
        "data": [
            {
                "text": "would I need to take documents when register to the town",
                "userDefined": false
            }
        ],
        "isTemplate": false,
        "count": 0,
        "updated": 1560155628
    },
    {
        "id": "c05021f7-44bb-2ebb-9d4b-3adb0166658d",
        "data": [
            {
                "text": "will I take documents when subscribe into my commune",
                "userDefined": false
            }
        ],
        "isTemplate": false,
        "count": 0,
        "updated": 1560155628
    },
    {
        "id": "8cd9d360-f79a-3b62-aa16-672d908bf2de",
        "data": [
            {
                "text": "do I have to bring some records with me to register into the municipality",
                "userDefined": false
            }
        ],
        "isTemplate": false,
        "count": 0,
        "updated": 1560155628
    },
    {
        "id": "3bac1422-8b04-8877-af12-9b38a33a5595",
        "data": [
            {
                "text": "should I have to bring records in order to subscribe into the commune",
                "userDefined": false
            }
        ],
        "isTemplate": false,
        "count": 0,
        "updated": 1560155628
    },
    {
        "id": "69d36a00-45ef-0f8b-47d3-f48eb2029281",
        "data": [
            {
                "text": "do I need to deliver some records with me to subscribe into the municipality",
                "userDefined": false
            }
        ],
        "isTemplate": false,
        "count": 0,
        "updated": 1560155628
    },
    {
        "id": "0d258426-4214-d63e-efc4-1f4e8410d299",
        "data": [
            {
                "text": "which files should I deliver to subscribe at my City Hall",
                "userDefined": false
            }
        ],
        "isTemplate": false,
        "count": 0,
        "updated": 1560155628
    },
    {
        "id": "77fb893c-c730-f3fc-241b-db01c1ef106c",
        "data": [
            {
                "text": "what records do I have to deliver to subscribe into my City Hall",
                "userDefined": false
            }
        ],
        "isTemplate": false,
        "count": 0,
        "updated": 1560155628
    },
    {
        "id": "e2f3404e-9ad6-3b39-8a81-8287677a0447",
        "data": [
            {
                "text": "what documents should I have to deliver when subscribe to my municipality",
                "userDefined": false
            }
        ],
        "isTemplate": false,
        "count": 0,
        "updated": 1560155628
    },
    {
        "id": "b373946b-26c0-7d36-477f-e495cb50e364",
        "data": [
            {
                "text": "should I have to deliver papers to subscribe to the municipality",
                "userDefined": false
            }
        ],
        "isTemplate": false,
        "count": 0,
        "updated": 1560155628
    },
    {
        "id": "07a778d2-d7a7-8f5a-733b-b5d07ebca78f",
        "data": [
            {
                "text": "would I bring papers to register to my town",
                "userDefined": false
            }
        ],
        "isTemplate": false,
        "count": 0,
        "updated": 1560155628
    },
    {
        "id": "8ef30262-0414-2fa7-2912-3c8884dfeea4",
        "data": [
            {
                "text": "which certificates do I have to take when register at my municipality",
                "userDefined": false
            }
        ],
        "isTemplate": false,
        "count": 0,
        "updated": 1560155628
    },
    {
        "id": "059bfdfc-1aee-43b7-bea5-470bb5cc079f",
        "data": [
            {
                "text": "which documents do I have to deliver to register at my City Hall",
                "userDefined": false
            }
        ],
        "isTemplate": false,
        "count": 0,
        "updated": 1560155628
    },
    {
        "id": "5a24e8e5-0dcf-9272-e298-4a9c9918370c",
        "data": [
            {
                "text": "what papers should I bring to register at my City Hall",
                "userDefined": false
            }
        ],
        "isTemplate": false,
        "count": 0,
        "updated": 1560155628
    },
    {
        "id": "d99cd0e7-6922-c3aa-8836-af625c889d5d",
        "data": [
            {
                "text": "what records should I deliver to subscribe into the commune",
                "userDefined": false
            }
        ],
        "isTemplate": false,
        "count": 0,
        "updated": 1560155628
    },
    {
        "id": "710d50c5-4eaf-8dab-c695-9f1c3133178c",
        "data": [
            {
                "text": "what documents should I deliver when register into the municipality",
                "userDefined": false
            }
        ],
        "isTemplate": false,
        "count": 0,
        "updated": 1560155628
    },
    {
        "id": "5053c41e-d327-dcf1-fb30-5ae449bcaf44",
        "data": [
            {
                "text": "which certificates should I bring to subscribe into the town",
                "userDefined": false
            }
        ],
        "isTemplate": false,
        "count": 0,
        "updated": 1560155628
    },
    {
        "id": "cdc0cc89-b986-e089-a101-123a7ecd89eb",
        "data": [
            {
                "text": "which papers should I deliver when subscribe to my City Hall",
                "userDefined": false
            }
        ],
        "isTemplate": false,
        "count": 0,
        "updated": 1560155628
    },
    {
        "id": "394b3e8e-7934-a1a1-1d08-0f68b9c48ab7",
        "data": [
            {
                "text": "what records should I take to register at my commune",
                "userDefined": false
            }
        ],
        "isTemplate": false,
        "count": 0,
        "updated": 1560155628
    },
    {
        "id": "236f6dc7-2597-07e5-3d1a-22d2e548769b",
        "data": [
            {
                "text": "what records should I take to register at the commune",
                "userDefined": false
            }
        ],
        "isTemplate": false,
        "count": 0,
        "updated": 1560155628
    },
    {
        "id": "ef006275-b243-b883-282e-75b57e912fb8",
        "data": [
            {
                "text": "what papers would I bring when register at my City Hall",
                "userDefined": false
            }
        ],
        "isTemplate": false,
        "count": 0,
        "updated": 1560155628
    },
    {
        "id": "f4d9e279-7816-9bc1-9426-2ced14b1abdb",
        "data": [
            {
                "text": "will I deliver files in order to subscribe at the City Hall",
                "userDefined": false
            }
        ],
        "isTemplate": false,
        "count": 0,
        "updated": 1560155628
    },
    {
        "id": "4ef25745-bf47-9edb-9b3b-4da0dd5022e8",
        "data": [
            {
                "text": "which documents do I have to deliver to register to my commune",
                "userDefined": false
            }
        ],
        "isTemplate": false,
        "count": 0,
        "updated": 1560155628
    },
    {
        "id": "22f6b73c-02f8-8d2f-6444-53c74e19f5cf",
        "data": [
            {
                "text": "which papers should I have to bring when register at my City Hall",
                "userDefined": false
            }
        ],
        "isTemplate": false,
        "count": 0,
        "updated": 1560155628
    },
    {
        "id": "7f813083-fc75-044e-eac6-b702df788635",
        "data": [
            {
                "text": "would I deliver some papers with me to subscribe with my municipality",
                "userDefined": false
            }
        ],
        "isTemplate": false,
        "count": 0,
        "updated": 1560155628
    },
    {
        "id": "dddf70a4-807c-d577-c47e-6e94e7c6bc46",
        "data": [
            {
                "text": "which papers would I deliver when subscribe into the town",
                "userDefined": false
            }
        ],
        "isTemplate": false,
        "count": 0,
        "updated": 1560155628
    },
    {
        "id": "287ab02f-eca3-75d8-759e-b19fb35e2106",
        "data": [
            {
                "text": "should I bring some documents with me in order to register with the town",
                "userDefined": false
            }
        ],
        "isTemplate": false,
        "count": 0,
        "updated": 1560155628
    },
    {
        "id": "c021e200-f103-057a-fc92-e51269bef2c7",
        "data": [
            {
                "text": "what papers will I have to take when register at my commune",
                "userDefined": false
            }
        ],
        "isTemplate": false,
        "count": 0,
        "updated": 1560155628
    },
    {
        "id": "4274a6cc-7041-0355-024e-a97849f8caa7",
        "data": [
            {
                "text": "do I need to take certificates when register at my town",
                "userDefined": false
            }
        ],
        "isTemplate": false,
        "count": 0,
        "updated": 1560155628
    },
    {
        "id": "56fd77b2-e85e-cf09-ae1e-18ba1509f2b9",
        "data": [
            {
                "text": "what records should I deliver to register to my town",
                "userDefined": false
            }
        ],
        "isTemplate": false,
        "count": 0,
        "updated": 1560155628
    },
    {
        "id": "c2f108a8-cb2f-5d63-4b20-4f538b5ef107",
        "data": [
            {
                "text": "which certificates would I need to deliver when register to my City Hall",
                "userDefined": false
            }
        ],
        "isTemplate": false,
        "count": 0,
        "updated": 1560155628
    },
    {
        "id": "10353dec-a945-da26-bb4b-0c197bc31a86",
        "data": [
            {
                "text": "would I have to take some certificates with me when register with the City Hall",
                "userDefined": false
            }
        ],
        "isTemplate": false,
        "count": 0,
        "updated": 1560155628
    },
    {
        "id": "a1ff83e8-bc0d-ba9e-b4af-9440e30de463",
        "data": [
            {
                "text": "would I deliver some papers with me to register to the commune",
                "userDefined": false
            }
        ],
        "isTemplate": false,
        "count": 0,
        "updated": 1560155628
    },
    {
        "id": "7dcaa20e-0c34-8023-5b31-8ad94cf53340",
        "data": [
            {
                "text": "do I need to bring records in order to register at my City Hall",
                "userDefined": false
            }
        ],
        "isTemplate": false,
        "count": 0,
        "updated": 1560155628
    },
    {
        "id": "24c7fbfd-a48a-5066-bb31-6f967d373a05",
        "data": [
            {
                "text": "should I deliver some files with me in order to subscribe into the municipality",
                "userDefined": false
            }
        ],
        "isTemplate": false,
        "count": 0,
        "updated": 1560155628
    },
    {
        "id": "f1d45761-80ca-7dc2-117e-853e652e4c52",
        "data": [
            {
                "text": "which certificates should I take to subscribe to the town",
                "userDefined": false
            }
        ],
        "isTemplate": false,
        "count": 0,
        "updated": 1560155628
    },
    {
        "id": "6217948a-5403-a70c-0642-fa74ff6aa81a",
        "data": [
            {
                "text": "would I have to bring some records with me when register into the town",
                "userDefined": false
            }
        ],
        "isTemplate": false,
        "count": 0,
        "updated": 1560155628
    },
    {
        "id": "f9dcce93-0987-2771-350a-5ed8b9d31bcb",
        "data": [
            {
                "text": "which papers should I need to deliver to subscribe to my municipality",
                "userDefined": false
            }
        ],
        "isTemplate": false,
        "count": 0,
        "updated": 1560155628
    },
    {
        "id": "277fa82c-af06-d990-d4fb-c64198970c57",
        "data": [
            {
                "text": "what records should I bring when subscribe at my town",
                "userDefined": false
            }
        ],
        "isTemplate": false,
        "count": 0,
        "updated": 1560155628
    },
    {
        "id": "d9f7db2c-ca7d-d0ec-2aa7-c4d2368ed6df",
        "data": [
            {
                "text": "should I deliver documents to register into my town",
                "userDefined": false
            }
        ],
        "isTemplate": false,
        "count": 0,
        "updated": 1560155628
    },
    {
        "id": "e0a8219a-8aaa-783e-ceee-0c52e4cc45ef",
        "data": [
            {
                "text": "what papers will I deliver to subscribe at the commune",
                "userDefined": false
            }
        ],
        "isTemplate": false,
        "count": 0,
        "updated": 1560155628
    },
    {
        "id": "a004aef5-a2a7-ffd0-da0c-79031d8d9b66",
        "data": [
            {
                "text": "will I take some documents with me when register to my City Hall",
                "userDefined": false
            }
        ],
        "isTemplate": false,
        "count": 0,
        "updated": 1560155628
    },
    {
        "id": "adcf0133-ab49-ab51-2a5e-0e5c72b533fb",
        "data": [
            {
                "text": "should I have to take some certificates with me in order to register at the municipality",
                "userDefined": false
            }
        ],
        "isTemplate": false,
        "count": 0,
        "updated": 1560155628
    },
    {
        "id": "33107069-7d36-0001-be28-67504920a6ce",
        "data": [
            {
                "text": "what certificates should I have to deliver when subscribe to my municipality",
                "userDefined": false
            }
        ],
        "isTemplate": false,
        "count": 0,
        "updated": 1560155628
    },
    {
        "id": "649f8ebb-1cb7-6104-a2fb-03aadc7737d1",
        "data": [
            {
                "text": "which papers would I need to bring when subscribe at the commune",
                "userDefined": false
            }
        ],
        "isTemplate": false,
        "count": 0,
        "updated": 1560155628
    },
    {
        "id": "5ef4c609-e836-98d4-2507-42e6bbf1aede",
        "data": [
            {
                "text": "should I take some papers with me in order to register with my commune",
                "userDefined": false
            }
        ],
        "isTemplate": false,
        "count": 0,
        "updated": 1560155628
    },
    {
        "id": "796c10f3-6a2a-2380-7c82-166d5bdef314",
        "data": [
            {
                "text": "what certificates should I deliver when subscribe into the City Hall",
                "userDefined": false
            }
        ],
        "isTemplate": false,
        "count": 0,
        "updated": 1560155628
    },
    {
        "id": "444bcc38-bdc9-520c-1c34-f905ebed7c0e",
        "data": [
            {
                "text": "should I deliver some files with me to register with the municipality",
                "userDefined": false
            }
        ],
        "isTemplate": false,
        "count": 0,
        "updated": 1560155628
    },
    {
        "id": "2f1cd07c-f486-ecfa-4169-e48835edcb6e",
        "data": [
            {
                "text": "will I take files to register into my City Hall",
                "userDefined": false
            }
        ],
        "isTemplate": false,
        "count": 0,
        "updated": 1560155628
    },
    {
        "id": "b445953c-4452-60e3-26e7-7044c3b0378f",
        "data": [
            {
                "text": "will I need to bring papers in order to register to the town",
                "userDefined": false
            }
        ],
        "isTemplate": false,
        "count": 0,
        "updated": 1560155628
    },
    {
        "id": "394594e2-ce9d-2bc1-ce4c-1f69578a9b5d",
        "data": [
            {
                "text": "do I have to deliver files when register at my town",
                "userDefined": false
            }
        ],
        "isTemplate": false,
        "count": 0,
        "updated": 1560155628
    },
    {
        "id": "797610fb-28dc-e95a-0b88-0c3b558ad7a8",
        "data": [
            {
                "text": "do I have to take some certificates with me in order to register at my municipality",
                "userDefined": false
            }
        ],
        "isTemplate": false,
        "count": 0,
        "updated": 1560155628
    },
    {
        "id": "53bb73d8-84ec-f72a-08f2-a8275010cd33",
        "data": [
            {
                "text": "would I need to take some files with me when register into my City Hall",
                "userDefined": false
            }
        ],
        "isTemplate": false,
        "count": 0,
        "updated": 1560155628
    },
    {
        "id": "622f33ef-95e0-3c9b-cc12-ffb6408712c2",
        "data": [
            {
                "text": "should I deliver papers to subscribe to the municipality",
                "userDefined": false
            }
        ],
        "isTemplate": false,
        "count": 0,
        "updated": 1560155628
    },
    {
        "id": "1c4c3440-7f7f-4109-7353-668b93d54a80",
        "data": [
            {
                "text": "should I deliver some documents with me to register into the City Hall",
                "userDefined": false
            }
        ],
        "isTemplate": false,
        "count": 0,
        "updated": 1560155628
    },
    {
        "id": "f9d84496-bb4d-f226-3d8e-eb8f65034a4b",
        "data": [
            {
                "text": "will I take some documents with me in order to register to my municipality",
                "userDefined": false
            }
        ],
        "isTemplate": false,
        "count": 0,
        "updated": 1560155628
    },
    {
        "id": "07167ad2-e689-5ccb-a0f5-d4299dd64f65",
        "data": [
            {
                "text": "what certificates do I have to bring when subscribe to my City Hall",
                "userDefined": false
            }
        ],
        "isTemplate": false,
        "count": 0,
        "updated": 1560155628
    },
    {
        "id": "cfe00fbd-51c0-30fb-cecd-f0105762b41f",
        "data": [
            {
                "text": "should I deliver some records with me when subscribe with my municipality",
                "userDefined": false
            }
        ],
        "isTemplate": false,
        "count": 0,
        "updated": 1560155628
    },
    {
        "id": "ac10c8f8-c5d2-81bc-115b-278704599684",
        "data": [
            {
                "text": "what files should I deliver when subscribe at the City Hall",
                "userDefined": false
            }
        ],
        "isTemplate": false,
        "count": 0,
        "updated": 1560155628
    },
    {
        "id": "7df5a07d-105c-3783-855a-3a3b45eb3ad8",
        "data": [
            {
                "text": "will I deliver certificates when subscribe at the municipality",
                "userDefined": false
            }
        ],
        "isTemplate": false,
        "count": 0,
        "updated": 1560155628
    },
    {
        "id": "ff355ada-c4e4-6736-7cc8-e90db52424fe",
        "data": [
            {
                "text": "do I need to take some certificates with me when subscribe at my commune",
                "userDefined": false
            }
        ],
        "isTemplate": false,
        "count": 0,
        "updated": 1560155628
    },
    {
        "id": "ca2ca01a-40a9-20ba-bb1b-65af6b249b40",
        "data": [
            {
                "text": "would I bring certificates to subscribe at the town",
                "userDefined": false
            }
        ],
        "isTemplate": false,
        "count": 0,
        "updated": 1560155628
    },
    {
        "id": "f4bd3221-36de-6426-bbe8-b0ea4493d6f6",
        "data": [
            {
                "text": "what records should I need to take when subscribe at my City Hall",
                "userDefined": false
            }
        ],
        "isTemplate": false,
        "count": 0,
        "updated": 1560155628
    },
    {
        "id": "69ffb883-386d-0017-2e56-54edf84d7247",
        "data": [
            {
                "text": "should I need to bring papers in order to register to the town",
                "userDefined": false
            }
        ],
        "isTemplate": false,
        "count": 0,
        "updated": 1560155628
    },
    {
        "id": "c081e6f1-a420-6300-c869-b0949371e564",
        "data": [
            {
                "text": "what records would I bring to subscribe at the municipality",
                "userDefined": false
            }
        ],
        "isTemplate": false,
        "count": 0,
        "updated": 1560155628
    },
    {
        "id": "8ad14b37-7665-8df6-aa01-3ff06087520e",
        "data": [
            {
                "text": "what certificates should I deliver when register into my commune",
                "userDefined": false
            }
        ],
        "isTemplate": false,
        "count": 0,
        "updated": 1560155628
    },
    {
        "id": "90048cf2-c7a8-17ae-8370-e65969a53b85",
        "data": [
            {
                "text": "do I have to take papers to register at my municipality",
                "userDefined": false
            }
        ],
        "isTemplate": false,
        "count": 0,
        "updated": 1560155628
    },
    {
        "id": "40c1e64d-a909-08ec-ae61-6dd110338e74",
        "data": [
            {
                "text": "do I have to take files in order to register at the town",
                "userDefined": false
            }
        ],
        "isTemplate": false,
        "count": 0,
        "updated": 1560155628
    },
    {
        "id": "2215da89-1740-d2a7-da9b-4962e5cf2705",
        "data": [
            {
                "text": "which files would I take to register at the municipality",
                "userDefined": false
            }
        ],
        "isTemplate": false,
        "count": 0,
        "updated": 1560155628
    },
    {
        "id": "86aaec6d-6b79-ad84-202b-15c76f757835",
        "data": [
            {
                "text": "will I take files in order to register into my commune",
                "userDefined": false
            }
        ],
        "isTemplate": false,
        "count": 0,
        "updated": 1560155628
    },
    {
        "id": "696ef951-f629-71d7-4282-c102afb1bfac",
        "data": [
            {
                "text": "what certificates should I have to bring when subscribe at my City Hall",
                "userDefined": false
            }
        ],
        "isTemplate": false,
        "count": 0,
        "updated": 1560155628
    },
    {
        "id": "c64a3971-b1c7-22de-8d72-e6b57e585b42",
        "data": [
            {
                "text": "what files should I bring to register at my town",
                "userDefined": false
            }
        ],
        "isTemplate": false,
        "count": 0,
        "updated": 1560155628
    },
    {
        "id": "c8cf7413-71d7-0a5c-8629-e67f8f758319",
        "data": [
            {
                "text": "should I take documents in order to register at my town",
                "userDefined": false
            }
        ],
        "isTemplate": false,
        "count": 0,
        "updated": 1560155628
    },
    {
        "id": "c3924977-c81a-4fe5-2c38-42aa812d26f3",
        "data": [
            {
                "text": "should I have to bring papers when subscribe with my commune",
                "userDefined": false
            }
        ],
        "isTemplate": false,
        "count": 0,
        "updated": 1560155628
    },
    {
        "id": "60005115-6461-1981-288d-8f2ecd1df890",
        "data": [
            {
                "text": "which records will I bring when subscribe to the municipality",
                "userDefined": false
            }
        ],
        "isTemplate": false,
        "count": 0,
        "updated": 1560155628
    },
    {
        "id": "b446d358-e623-5e19-737a-b16ed85e1204",
        "data": [
            {
                "text": "will I have to bring some files with me to register to the town",
                "userDefined": false
            }
        ],
        "isTemplate": false,
        "count": 0,
        "updated": 1560155628
    },
    {
        "id": "a1a9159f-3eb7-e81f-39f1-cbacef08924a",
        "data": [
            {
                "text": "should I take some documents with me in order to register to the commune",
                "userDefined": false
            }
        ],
        "isTemplate": false,
        "count": 0,
        "updated": 1560155628
    },
    {
        "id": "32b42d5f-73f7-6447-1751-dc35c53f501b",
        "data": [
            {
                "text": "what documents should I deliver when register into the City Hall",
                "userDefined": false
            }
        ],
        "isTemplate": false,
        "count": 0,
        "updated": 1560155628
    },
    {
        "id": "366f3274-c195-0065-652c-069543e19090",
        "data": [
            {
                "text": "what files do I have to deliver when register at my municipality",
                "userDefined": false
            }
        ],
        "isTemplate": false,
        "count": 0,
        "updated": 1560155628
    },
    {
        "id": "ae24d182-10f9-93a5-1975-a7e519f61183",
        "data": [
            {
                "text": "should I need to bring some records with me when register to the commune",
                "userDefined": false
            }
        ],
        "isTemplate": false,
        "count": 0,
        "updated": 1560155628
    },
    {
        "id": "a40d1177-ad9e-74c1-8fab-c386035b28c4",
        "data": [
            {
                "text": "which records do I need to deliver when subscribe into my City Hall",
                "userDefined": false
            }
        ],
        "isTemplate": false,
        "count": 0,
        "updated": 1560155628
    },
    {
        "id": "03aeacf2-aab1-8f00-4b77-b3d7757a1773",
        "data": [
            {
                "text": "should I deliver some documents with me in order to register with my municipality",
                "userDefined": false
            }
        ],
        "isTemplate": false,
        "count": 0,
        "updated": 1560155628
    },
    {
        "id": "5949713a-ae4c-f717-94df-93c916fe9b19",
        "data": [
            {
                "text": "will I deliver records to register into the City Hall",
                "userDefined": false
            }
        ],
        "isTemplate": false,
        "count": 0,
        "updated": 1560155628
    },
    {
        "id": "5fa577e3-0587-309d-a385-68ba8d9e5422",
        "data": [
            {
                "text": "which files will I bring to subscribe into my town",
                "userDefined": false
            }
        ],
        "isTemplate": false,
        "count": 0,
        "updated": 1560155628
    },
    {
        "id": "49092892-192a-bb66-58e8-8db8332f478e",
        "data": [
            {
                "text": "which certificates do I have to deliver to register at the municipality",
                "userDefined": false
            }
        ],
        "isTemplate": false,
        "count": 0,
        "updated": 1560155628
    },
    {
        "id": "897ef065-e441-7114-d071-79791d98d1dd",
        "data": [
            {
                "text": "which papers will I have to bring when register at my City Hall",
                "userDefined": false
            }
        ],
        "isTemplate": false,
        "count": 0,
        "updated": 1560155628
    },
    {
        "id": "9f08ffea-31e2-a9b5-0eb6-6d7e57a9a575",
        "data": [
            {
                "text": "what records do I have to take to subscribe to the commune",
                "userDefined": false
            }
        ],
        "isTemplate": false,
        "count": 0,
        "updated": 1560155628
    },
    {
        "id": "5dc2ad9b-d565-e898-ad49-02633ff8a762",
        "data": [
            {
                "text": "which certificates would I take to register into the City Hall",
                "userDefined": false
            }
        ],
        "isTemplate": false,
        "count": 0,
        "updated": 1560155628
    },
    {
        "id": "656de72d-5922-0a59-6c16-9659a23de376",
        "data": [
            {
                "text": "should I take certificates in order to register with my commune",
                "userDefined": false
            }
        ],
        "isTemplate": false,
        "count": 0,
        "updated": 1560155628
    },
    {
        "id": "3cba3026-6f4d-6587-4fac-1ec08bba4911",
        "data": [
            {
                "text": "do I need to deliver certificates to subscribe to the town",
                "userDefined": false
            }
        ],
        "isTemplate": false,
        "count": 0,
        "updated": 1560155628
    },
    {
        "id": "94c3a580-07e0-e8f8-fd5c-a032d776ecdb",
        "data": [
            {
                "text": "what files do I need to take when subscribe to the commune",
                "userDefined": false
            }
        ],
        "isTemplate": false,
        "count": 0,
        "updated": 1560155628
    },
    {
        "id": "f0e22844-aa9c-444d-aeaa-7371fa0f7a63",
        "data": [
            {
                "text": "will I take records in order to register at my town",
                "userDefined": false
            }
        ],
        "isTemplate": false,
        "count": 0,
        "updated": 1560155628
    },
    {
        "id": "0bf31c62-8f60-5cfc-6cc8-e88e1851cdd3",
        "data": [
            {
                "text": "what certificates will I take to subscribe at the municipality",
                "userDefined": false
            }
        ],
        "isTemplate": false,
        "count": 0,
        "updated": 1560155628
    },
    {
        "id": "1ca0f402-b2bf-81ff-2afb-b717184e2590",
        "data": [
            {
                "text": "what records would I take when register at my municipality",
                "userDefined": false
            }
        ],
        "isTemplate": false,
        "count": 0,
        "updated": 1560155628
    },
    {
        "id": "8b5967e2-0651-52d2-b597-24e2204d37fe",
        "data": [
            {
                "text": "what records should I need to bring to register at my commune",
                "userDefined": false
            }
        ],
        "isTemplate": false,
        "count": 0,
        "updated": 1560155628
    },
    {
        "id": "92e7069b-d278-3bbf-7912-1222b32e6c4e",
        "data": [
            {
                "text": "what certificates will I have to deliver to register at my town",
                "userDefined": false
            }
        ],
        "isTemplate": false,
        "count": 0,
        "updated": 1560155628
    },
    {
        "id": "06ca0fe1-5e2d-319c-2375-cf0359725967",
        "data": [
            {
                "text": "should I take some certificates with me to subscribe to my municipality",
                "userDefined": false
            }
        ],
        "isTemplate": false,
        "count": 0,
        "updated": 1560155628
    },
    {
        "id": "d5051c24-445b-7ebc-2230-4bea6d96c02b",
        "data": [
            {
                "text": "what records should I have to deliver to subscribe at the commune",
                "userDefined": false
            }
        ],
        "isTemplate": false,
        "count": 0,
        "updated": 1560155628
    },
    {
        "id": "23dc6b2c-0d08-cd21-7a8f-bca850dcaebb",
        "data": [
            {
                "text": "would I deliver documents when register into the municipality",
                "userDefined": false
            }
        ],
        "isTemplate": false,
        "count": 0,
        "updated": 1560155628
    },
    {
        "id": "ce4c1a5e-a2d7-6f16-8010-f6e99db9b31d",
        "data": [
            {
                "text": "what papers should I have to bring to subscribe into the commune",
                "userDefined": false
            }
        ],
        "isTemplate": false,
        "count": 0,
        "updated": 1560155628
    },
    {
        "id": "06c74521-cfc9-8b31-2214-719ff893f659",
        "data": [
            {
                "text": "what papers will I bring to subscribe to my town",
                "userDefined": false
            }
        ],
        "isTemplate": false,
        "count": 0,
        "updated": 1560155628
    },
    {
        "id": "05f008a1-843e-1422-833e-94a7de508b82",
        "data": [
            {
                "text": "which records do I need to take when register into the commune",
                "userDefined": false
            }
        ],
        "isTemplate": false,
        "count": 0,
        "updated": 1560155628
    },
    {
        "id": "549347f0-ff9f-1cfb-e082-a7c9713fc68a",
        "data": [
            {
                "text": "what files do I need to deliver to subscribe at my commune",
                "userDefined": false
            }
        ],
        "isTemplate": false,
        "count": 0,
        "updated": 1560155628
    },
    {
        "id": "8b384c46-22e2-5e1d-61b1-04fe00d92ccb",
        "data": [
            {
                "text": "do I have to deliver papers when register to the City Hall",
                "userDefined": false
            }
        ],
        "isTemplate": false,
        "count": 0,
        "updated": 1560155628
    },
    {
        "id": "e0e37a96-44e5-0f76-8471-7a1eafb58727",
        "data": [
            {
                "text": "will I need to take records in order to register to the town",
                "userDefined": false
            }
        ],
        "isTemplate": false,
        "count": 0,
        "updated": 1560155628
    },
    {
        "id": "47e294ed-bab1-d28b-aa8f-57352d5677d8",
        "data": [
            {
                "text": "should I have to deliver papers in order to register with my commune",
                "userDefined": false
            }
        ],
        "isTemplate": false,
        "count": 0,
        "updated": 1560155628
    },
    {
        "id": "560eadd0-5823-80e0-5537-5a3614367166",
        "data": [
            {
                "text": "which certificates should I have to deliver to register to the City Hall",
                "userDefined": false
            }
        ],
        "isTemplate": false,
        "count": 0,
        "updated": 1560155628
    },
    {
        "id": "3d3137df-89a3-2793-2f12-16688e0d0f49",
        "data": [
            {
                "text": "should I bring some documents with me in order to subscribe at the town",
                "userDefined": false
            }
        ],
        "isTemplate": false,
        "count": 0,
        "updated": 1560155628
    },
    {
        "id": "f155fe0c-3dd5-962f-a116-473ee41c50f8",
        "data": [
            {
                "text": "what files do I need to take when subscribe at the City Hall",
                "userDefined": false
            }
        ],
        "isTemplate": false,
        "count": 0,
        "updated": 1560155628
    },
    {
        "id": "09218555-01af-0d41-efec-686d75817be8",
        "data": [
            {
                "text": "do I have to bring records to register into my commune",
                "userDefined": false
            }
        ],
        "isTemplate": false,
        "count": 0,
        "updated": 1560155628
    },
    {
        "id": "11a42a6a-f821-994e-ffc7-330c35c16cdb",
        "data": [
            {
                "text": "what records should I deliver to register at the City Hall",
                "userDefined": false
            }
        ],
        "isTemplate": false,
        "count": 0,
        "updated": 1560155628
    },
    {
        "id": "cf58f3d3-8eb2-4948-1da4-f8839cd29966",
        "data": [
            {
                "text": "which certificates should I need to deliver to register to my municipality",
                "userDefined": false
            }
        ],
        "isTemplate": false,
        "count": 0,
        "updated": 1560155628
    },
    {
        "id": "4455d88c-4d20-f092-6956-f64b8c4c960a",
        "data": [
            {
                "text": "which papers would I have to deliver to register at my town",
                "userDefined": false
            }
        ],
        "isTemplate": false,
        "count": 0,
        "updated": 1560155628
    }
]