[
    {
        "id": "c4820622-d94b-2768-ae27-c5abb49c9996",
        "data": [
            {
                "text": "where is it possible to find official recommendations about the university",
                "userDefined": false
            }
        ],
        "isTemplate": false,
        "count": 0,
        "updated": 1560155629
    },
    {
        "id": "b8d0b653-fefd-e727-51bb-7c51ee6f5edb",
        "data": [
            {
                "text": "where is it possible for me to find authoritative enlightenment about uclouvain",
                "userDefined": false
            }
        ],
        "isTemplate": false,
        "count": 0,
        "updated": 1560155629
    },
    {
        "id": "bf2e102e-097b-d8a6-2276-a96a7cd66a29",
        "data": [
            {
                "text": "does UCLouvain have a authoritative web page",
                "userDefined": false
            }
        ],
        "isTemplate": false,
        "count": 0,
        "updated": 1560155629
    },
    {
        "id": "c73bdf70-84ea-80bf-c38c-1546ab86c875",
        "data": [
            {
                "text": "does uclouvain have a web site",
                "userDefined": false
            }
        ],
        "isTemplate": false,
        "count": 0,
        "updated": 1560155629
    },
    {
        "id": "f8426bdf-53b7-1fbf-10c7-08a218c918d0",
        "data": [
            {
                "text": "where would I find official information about the university",
                "userDefined": false
            }
        ],
        "isTemplate": false,
        "count": 0,
        "updated": 1560155629
    },
    {
        "id": "023c2a1f-cb59-0b3c-ad36-6fb7f2bf61c5",
        "data": [
            {
                "text": "where is it possible for me to find official information about uclouvain",
                "userDefined": false
            }
        ],
        "isTemplate": false,
        "count": 0,
        "updated": 1560155629
    },
    {
        "id": "4f0c9e16-bbee-86d5-d109-7717a182e775",
        "data": [
            {
                "text": "what is the authoritative website of UCLouvain",
                "userDefined": false
            }
        ],
        "isTemplate": false,
        "count": 0,
        "updated": 1560155629
    },
    {
        "id": "fc1f552e-79a1-a2f1-e489-1fb064418eba",
        "data": [
            {
                "text": "where would I find authoritative guidance about college",
                "userDefined": false
            }
        ],
        "isTemplate": false,
        "count": 0,
        "updated": 1560155629
    },
    {
        "id": "0d2eb577-87a2-5833-b0e1-d765df41e3e1",
        "data": [
            {
                "text": "does uclouvain have a website",
                "userDefined": false
            }
        ],
        "isTemplate": false,
        "count": 0,
        "updated": 1560155629
    },
    {
        "id": "4213030a-0c97-7302-1021-893cc4ce2318",
        "data": [
            {
                "text": "does ucl have a website",
                "userDefined": false
            }
        ],
        "isTemplate": false,
        "count": 0,
        "updated": 1560155629
    },
    {
        "id": "e63c53ad-5b4f-75f9-b7ea-3dacfdd1c3bb",
        "data": [
            {
                "text": "does UCL have a site",
                "userDefined": false
            }
        ],
        "isTemplate": false,
        "count": 0,
        "updated": 1560155629
    },
    {
        "id": "f825fcf4-c445-a9e8-6a29-c8c161bb1e7f",
        "data": [
            {
                "text": "where can I find official information about uni",
                "userDefined": false
            }
        ],
        "isTemplate": false,
        "count": 0,
        "updated": 1560155629
    },
    {
        "id": "f2b9a9fa-343e-fb00-1e5c-ea647f4088a2",
        "data": [
            {
                "text": "what is the authoritative web page of uclouvain",
                "userDefined": false
            }
        ],
        "isTemplate": false,
        "count": 0,
        "updated": 1560155629
    },
    {
        "id": "ee76f821-cb86-b198-0ff8-dfa4b90bde69",
        "data": [
            {
                "text": "does the university have a web page",
                "userDefined": false
            }
        ],
        "isTemplate": false,
        "count": 0,
        "updated": 1560155629
    },
    {
        "id": "fea849ea-a3bd-a5e3-c21d-62aa9f9122b5",
        "data": [
            {
                "text": "does ucl have a web page",
                "userDefined": false
            }
        ],
        "isTemplate": false,
        "count": 0,
        "updated": 1560155629
    },
    {
        "id": "cb198861-2f72-8500-3740-2a64dd4b8f86",
        "data": [
            {
                "text": "what is the official site of college",
                "userDefined": false
            }
        ],
        "isTemplate": false,
        "count": 0,
        "updated": 1560155629
    },
    {
        "id": "b98473ed-846f-fa49-734a-3ef073b60e4c",
        "data": [
            {
                "text": "where can I find authoritative information about college",
                "userDefined": false
            }
        ],
        "isTemplate": false,
        "count": 0,
        "updated": 1560155629
    },
    {
        "id": "dcfb670c-19c6-98e7-872b-1118b837cc7f",
        "data": [
            {
                "text": "what would be the authoritative site of UCL",
                "userDefined": false
            }
        ],
        "isTemplate": false,
        "count": 0,
        "updated": 1560155629
    },
    {
        "id": "63fc3d16-53d6-4c0a-b753-ace51d101a80",
        "data": [
            {
                "text": "what is the authoritative website of the uni",
                "userDefined": false
            }
        ],
        "isTemplate": false,
        "count": 0,
        "updated": 1560155629
    },
    {
        "id": "050c9c15-5d0a-0c33-51db-b1a613807e20",
        "data": [
            {
                "text": "does UCL have a web page",
                "userDefined": false
            }
        ],
        "isTemplate": false,
        "count": 0,
        "updated": 1560155629
    },
    {
        "id": "7e2a96f4-c31d-74a0-2cca-20547d094278",
        "data": [
            {
                "text": "what's the authoritative web page of the uni",
                "userDefined": false
            }
        ],
        "isTemplate": false,
        "count": 0,
        "updated": 1560155629
    },
    {
        "id": "a04376b9-7c71-b377-d4e2-b1a8b26801e1",
        "data": [
            {
                "text": "what'd be the authoritative website of ucl",
                "userDefined": false
            }
        ],
        "isTemplate": false,
        "count": 0,
        "updated": 1560155629
    },
    {
        "id": "50b44238-d8e7-70e4-ae7a-1f4989d8564c",
        "data": [
            {
                "text": "where is it possible for me to find official info about UCLouvain",
                "userDefined": false
            }
        ],
        "isTemplate": false,
        "count": 0,
        "updated": 1560155629
    },
    {
        "id": "e64087cd-5253-5077-cefb-fe34137d9250",
        "data": [
            {
                "text": "does uclouvain have a official web page",
                "userDefined": false
            }
        ],
        "isTemplate": false,
        "count": 0,
        "updated": 1560155629
    },
    {
        "id": "3b6187a8-5b37-594d-3602-910308425b47",
        "data": [
            {
                "text": "does the college have a webpage",
                "userDefined": false
            }
        ],
        "isTemplate": false,
        "count": 0,
        "updated": 1560155629
    },
    {
        "id": "06ba1884-c349-280b-841e-f23ced96b8a7",
        "data": [
            {
                "text": "where can I find official direction about UCLouvain",
                "userDefined": false
            }
        ],
        "isTemplate": false,
        "count": 0,
        "updated": 1560155629
    },
    {
        "id": "fcae8d9c-314b-b8c6-87f4-263c2f9d3604",
        "data": [
            {
                "text": "does ucl have a authoritative web page",
                "userDefined": false
            }
        ],
        "isTemplate": false,
        "count": 0,
        "updated": 1560155629
    },
    {
        "id": "b46d0c4b-ccc6-dc29-5709-ea905009b8a3",
        "data": [
            {
                "text": "what's the authoritative site of UCL",
                "userDefined": false
            }
        ],
        "isTemplate": false,
        "count": 0,
        "updated": 1560155629
    },
    {
        "id": "dda11dfa-6d7e-2e65-5445-a04706ddea7d",
        "data": [
            {
                "text": "does the uni have a authoritative web page",
                "userDefined": false
            }
        ],
        "isTemplate": false,
        "count": 0,
        "updated": 1560155629
    },
    {
        "id": "da6978e7-4593-4048-fbbf-38fb8df54af9",
        "data": [
            {
                "text": "what will be the official webpage of the uni",
                "userDefined": false
            }
        ],
        "isTemplate": false,
        "count": 0,
        "updated": 1560155629
    },
    {
        "id": "b7ae2893-98a2-2d49-e746-e0942a9db99a",
        "data": [
            {
                "text": "what would be the official web site of UCL",
                "userDefined": false
            }
        ],
        "isTemplate": false,
        "count": 0,
        "updated": 1560155629
    },
    {
        "id": "d0849547-03fc-090a-469c-f07b2efa98bc",
        "data": [
            {
                "text": "does university have a webpage",
                "userDefined": false
            }
        ],
        "isTemplate": false,
        "count": 0,
        "updated": 1560155629
    },
    {
        "id": "10f96abc-6b51-b1ba-ff5e-7977012191bb",
        "data": [
            {
                "text": "where is it possible to find authoritative information about UCL",
                "userDefined": false
            }
        ],
        "isTemplate": false,
        "count": 0,
        "updated": 1560155629
    },
    {
        "id": "d4a9ed70-bcae-db97-1664-339557efa078",
        "data": [
            {
                "text": "what's the authoritative web site of UCLouvain",
                "userDefined": false
            }
        ],
        "isTemplate": false,
        "count": 0,
        "updated": 1560155629
    },
    {
        "id": "99a8fc2d-2cd0-63c4-f07a-f1f3469de3a9",
        "data": [
            {
                "text": "does the college have a official web page",
                "userDefined": false
            }
        ],
        "isTemplate": false,
        "count": 0,
        "updated": 1560155629
    },
    {
        "id": "7c07fe5e-86f1-1f9c-1c61-a0d88648b4d4",
        "data": [
            {
                "text": "what's the official website of UCLouvain",
                "userDefined": false
            }
        ],
        "isTemplate": false,
        "count": 0,
        "updated": 1560155629
    },
    {
        "id": "0d6f8c66-6a3f-3a0a-bb83-21677a924b9f",
        "data": [
            {
                "text": "does college have a web page",
                "userDefined": false
            }
        ],
        "isTemplate": false,
        "count": 0,
        "updated": 1560155629
    },
    {
        "id": "f9f1092b-b3cc-e546-341c-70dd731ae7fc",
        "data": [
            {
                "text": "does uni have a official webpage",
                "userDefined": false
            }
        ],
        "isTemplate": false,
        "count": 0,
        "updated": 1560155629
    },
    {
        "id": "e2fb8bfd-c029-8af6-1584-8a027df9c5b9",
        "data": [
            {
                "text": "where is it possible for me to find official information about college",
                "userDefined": false
            }
        ],
        "isTemplate": false,
        "count": 0,
        "updated": 1560155629
    },
    {
        "id": "6ecaf267-0fdf-e086-7e37-28cc1114d71f",
        "data": [
            {
                "text": "does UCLouvain have a web site",
                "userDefined": false
            }
        ],
        "isTemplate": false,
        "count": 0,
        "updated": 1560155629
    },
    {
        "id": "225591c6-ac82-e4fe-1af6-ee310de52972",
        "data": [
            {
                "text": "what's the official web page of UCL",
                "userDefined": false
            }
        ],
        "isTemplate": false,
        "count": 0,
        "updated": 1560155629
    },
    {
        "id": "a964d069-52ce-a2cb-0a66-ecd379822faa",
        "data": [
            {
                "text": "does ucl have a official web site",
                "userDefined": false
            }
        ],
        "isTemplate": false,
        "count": 0,
        "updated": 1560155629
    },
    {
        "id": "bb196885-543d-b069-fe90-772b0e6c20ed",
        "data": [
            {
                "text": "what is the authoritative webpage of uclouvain",
                "userDefined": false
            }
        ],
        "isTemplate": false,
        "count": 0,
        "updated": 1560155629
    },
    {
        "id": "2c5848a4-2d97-2bd6-afb5-b55a0c584965",
        "data": [
            {
                "text": "what'll be the authoritative web page of the college",
                "userDefined": false
            }
        ],
        "isTemplate": false,
        "count": 0,
        "updated": 1560155629
    },
    {
        "id": "c9cbbf61-4c21-2ae7-8d06-9afe8c058ef9",
        "data": [
            {
                "text": "where would I find official information about UCL",
                "userDefined": false
            }
        ],
        "isTemplate": false,
        "count": 0,
        "updated": 1560155629
    },
    {
        "id": "fafe3695-337b-c037-a230-113bc6a89d3e",
        "data": [
            {
                "text": "what would be the authoritative web site of university",
                "userDefined": false
            }
        ],
        "isTemplate": false,
        "count": 0,
        "updated": 1560155629
    },
    {
        "id": "d5aabf6a-7c5b-e3ff-a063-65d5ef84fb02",
        "data": [
            {
                "text": "does UCL have a webpage",
                "userDefined": false
            }
        ],
        "isTemplate": false,
        "count": 0,
        "updated": 1560155629
    },
    {
        "id": "dda5ab4a-e86b-55ea-27d2-ede3a4a74ded",
        "data": [
            {
                "text": "what will be the authoritative web site of UCLouvain",
                "userDefined": false
            }
        ],
        "isTemplate": false,
        "count": 0,
        "updated": 1560155629
    },
    {
        "id": "189e6bc2-ecf6-5427-cc73-1822c1acfac1",
        "data": [
            {
                "text": "what is the official webpage of UCL",
                "userDefined": false
            }
        ],
        "isTemplate": false,
        "count": 0,
        "updated": 1560155629
    },
    {
        "id": "3472a4be-868b-6283-cff6-dfcd0dcb9120",
        "data": [
            {
                "text": "where can I find official info about college",
                "userDefined": false
            }
        ],
        "isTemplate": false,
        "count": 0,
        "updated": 1560155629
    },
    {
        "id": "123fe67e-6e76-ce2e-9dcc-d810114e5bb8",
        "data": [
            {
                "text": "what'll be the authoritative webpage of the college",
                "userDefined": false
            }
        ],
        "isTemplate": false,
        "count": 0,
        "updated": 1560155629
    },
    {
        "id": "b38fe57d-e02e-5c4f-5259-6d959a79f8a2",
        "data": [
            {
                "text": "what would be the official web page of college",
                "userDefined": false
            }
        ],
        "isTemplate": false,
        "count": 0,
        "updated": 1560155629
    },
    {
        "id": "c9e22e64-1aeb-7cc1-7147-ccc5d043d47b",
        "data": [
            {
                "text": "does ucl have a site",
                "userDefined": false
            }
        ],
        "isTemplate": false,
        "count": 0,
        "updated": 1560155629
    },
    {
        "id": "0f102c3d-9868-863b-89cb-4a2ece304a4e",
        "data": [
            {
                "text": "what'll be the authoritative website of UCLouvain",
                "userDefined": false
            }
        ],
        "isTemplate": false,
        "count": 0,
        "updated": 1560155629
    },
    {
        "id": "35d52167-540e-3a4a-1e3d-e51c6dd26df1",
        "data": [
            {
                "text": "what is the authoritative web site of uclouvain",
                "userDefined": false
            }
        ],
        "isTemplate": false,
        "count": 0,
        "updated": 1560155629
    },
    {
        "id": "8d95ff10-9112-195a-702f-c346767a6e98",
        "data": [
            {
                "text": "where is it possible to find authoritative pieces of advice about uni",
                "userDefined": false
            }
        ],
        "isTemplate": false,
        "count": 0,
        "updated": 1560155629
    },
    {
        "id": "2a0585de-b6a6-9977-b76d-d09251b89bfb",
        "data": [
            {
                "text": "where would I find authoritative advice about UCLouvain",
                "userDefined": false
            }
        ],
        "isTemplate": false,
        "count": 0,
        "updated": 1560155629
    },
    {
        "id": "516a5ba2-7062-b990-65d1-be92ca742723",
        "data": [
            {
                "text": "what'd be the official web site of ucl",
                "userDefined": false
            }
        ],
        "isTemplate": false,
        "count": 0,
        "updated": 1560155629
    },
    {
        "id": "bcc9625a-ea72-146c-cc7e-ddc8ac62baee",
        "data": [
            {
                "text": "where is it possible to find authoritative instruction about ucl",
                "userDefined": false
            }
        ],
        "isTemplate": false,
        "count": 0,
        "updated": 1560155629
    },
    {
        "id": "0cbb51a1-a51a-95fa-f8a1-a6d6d83b85be",
        "data": [
            {
                "text": "does the university have a official webpage",
                "userDefined": false
            }
        ],
        "isTemplate": false,
        "count": 0,
        "updated": 1560155629
    },
    {
        "id": "c6d9402b-a86a-0806-c85e-34689e70910a",
        "data": [
            {
                "text": "what'll be the official web page of the uni",
                "userDefined": false
            }
        ],
        "isTemplate": false,
        "count": 0,
        "updated": 1560155629
    },
    {
        "id": "d79f2208-f811-907c-65e4-41124ea830ee",
        "data": [
            {
                "text": "what would be the official website of UCL",
                "userDefined": false
            }
        ],
        "isTemplate": false,
        "count": 0,
        "updated": 1560155629
    },
    {
        "id": "2c79541e-d6f7-5afd-a21f-40f141c7e8c0",
        "data": [
            {
                "text": "where would I find authoritative information about UCL",
                "userDefined": false
            }
        ],
        "isTemplate": false,
        "count": 0,
        "updated": 1560155629
    },
    {
        "id": "7be65285-9e9f-b9cd-94d2-54c959ce01e2",
        "data": [
            {
                "text": "where is it possible to find authoritative direction about ucl",
                "userDefined": false
            }
        ],
        "isTemplate": false,
        "count": 0,
        "updated": 1560155629
    },
    {
        "id": "f729fe03-d589-d59c-8880-267a95a49ff7",
        "data": [
            {
                "text": "what is the authoritative webpage of university",
                "userDefined": false
            }
        ],
        "isTemplate": false,
        "count": 0,
        "updated": 1560155629
    },
    {
        "id": "82286787-4fa2-e3ff-f788-eb35cfc6d077",
        "data": [
            {
                "text": "what will be the authoritative web page of ucl",
                "userDefined": false
            }
        ],
        "isTemplate": false,
        "count": 0,
        "updated": 1560155629
    },
    {
        "id": "0e32e7b7-be66-e83f-a320-28caf371e0df",
        "data": [
            {
                "text": "what'd be the official webpage of the university",
                "userDefined": false
            }
        ],
        "isTemplate": false,
        "count": 0,
        "updated": 1560155629
    },
    {
        "id": "5e02491c-eddc-c432-476d-21a8bfcdb7b4",
        "data": [
            {
                "text": "what is the authoritative webpage of UCLouvain",
                "userDefined": false
            }
        ],
        "isTemplate": false,
        "count": 0,
        "updated": 1560155629
    },
    {
        "id": "50780756-6ec5-fa68-9063-24f1384f82c5",
        "data": [
            {
                "text": "where can I find official information about uclouvain",
                "userDefined": false
            }
        ],
        "isTemplate": false,
        "count": 0,
        "updated": 1560155629
    },
    {
        "id": "3b09eae6-28a0-b250-15d0-bacfb2baa059",
        "data": [
            {
                "text": "does uclouvain have a authoritative web site",
                "userDefined": false
            }
        ],
        "isTemplate": false,
        "count": 0,
        "updated": 1560155629
    },
    {
        "id": "d6603ba2-1ca6-b5b0-4e4c-b16266b8c255",
        "data": [
            {
                "text": "what'd be the authoritative web page of UCLouvain",
                "userDefined": false
            }
        ],
        "isTemplate": false,
        "count": 0,
        "updated": 1560155629
    },
    {
        "id": "1681b1d4-f61d-18d2-7e67-54f128914dd3",
        "data": [
            {
                "text": "does uclouvain have a web page",
                "userDefined": false
            }
        ],
        "isTemplate": false,
        "count": 0,
        "updated": 1560155629
    },
    {
        "id": "72672739-c8bd-b3ed-7629-35750e5affdf",
        "data": [
            {
                "text": "where is it possible to find official info about uclouvain",
                "userDefined": false
            }
        ],
        "isTemplate": false,
        "count": 0,
        "updated": 1560155629
    },
    {
        "id": "c54b940b-52a3-5d1b-63ff-d98ac20c6e98",
        "data": [
            {
                "text": "does UCLouvain have a official webpage",
                "userDefined": false
            }
        ],
        "isTemplate": false,
        "count": 0,
        "updated": 1560155629
    },
    {
        "id": "c442efa0-ed5f-16db-d471-fbb061ee4b74",
        "data": [
            {
                "text": "does uni have a webpage",
                "userDefined": false
            }
        ],
        "isTemplate": false,
        "count": 0,
        "updated": 1560155629
    },
    {
        "id": "7f980e50-d3c2-17c0-8d1f-15388b9b676b",
        "data": [
            {
                "text": "where is it possible for me to find authoritative info about uclouvain",
                "userDefined": false
            }
        ],
        "isTemplate": false,
        "count": 0,
        "updated": 1560155629
    },
    {
        "id": "4bae8aed-a035-2b8d-5efc-42d0245160ff",
        "data": [
            {
                "text": "what would be the official web page of uclouvain",
                "userDefined": false
            }
        ],
        "isTemplate": false,
        "count": 0,
        "updated": 1560155629
    },
    {
        "id": "d85cc8df-dbb7-f896-2e36-0580154509a8",
        "data": [
            {
                "text": "where is it possible to find authoritative guidance about UCL",
                "userDefined": false
            }
        ],
        "isTemplate": false,
        "count": 0,
        "updated": 1560155629
    },
    {
        "id": "c3311a7e-e302-675f-48f5-138377d4c3ba",
        "data": [
            {
                "text": "where is it possible to find authoritative info about UCLouvain",
                "userDefined": false
            }
        ],
        "isTemplate": false,
        "count": 0,
        "updated": 1560155629
    },
    {
        "id": "5e41fb3e-d484-9d02-77ff-21db44db6649",
        "data": [
            {
                "text": "what is the official web site of uclouvain",
                "userDefined": false
            }
        ],
        "isTemplate": false,
        "count": 0,
        "updated": 1560155629
    },
    {
        "id": "19c191ab-d67c-40fe-aba6-b6dfffe3e584",
        "data": [
            {
                "text": "where is it possible to find official direction about ucl",
                "userDefined": false
            }
        ],
        "isTemplate": false,
        "count": 0,
        "updated": 1560155629
    },
    {
        "id": "ae697438-1148-086f-b97e-cd3bcd3e3b07",
        "data": [
            {
                "text": "what would be the authoritative webpage of uclouvain",
                "userDefined": false
            }
        ],
        "isTemplate": false,
        "count": 0,
        "updated": 1560155629
    },
    {
        "id": "7ffa9576-1f05-7cb7-7881-477b27185c7e",
        "data": [
            {
                "text": "what's the authoritative web page of the college",
                "userDefined": false
            }
        ],
        "isTemplate": false,
        "count": 0,
        "updated": 1560155629
    },
    {
        "id": "f6baa7f5-150d-8e3c-1309-40973a4c4a7f",
        "data": [
            {
                "text": "where is it possible for me to find authoritative information about the college",
                "userDefined": false
            }
        ],
        "isTemplate": false,
        "count": 0,
        "updated": 1560155629
    },
    {
        "id": "abf68d3e-0798-7592-4562-e8449048d479",
        "data": [
            {
                "text": "what's the authoritative webpage of UCLouvain",
                "userDefined": false
            }
        ],
        "isTemplate": false,
        "count": 0,
        "updated": 1560155629
    },
    {
        "id": "754b5711-5d40-a71c-615d-6c31e139a423",
        "data": [
            {
                "text": "where can I find official info about UCL",
                "userDefined": false
            }
        ],
        "isTemplate": false,
        "count": 0,
        "updated": 1560155629
    },
    {
        "id": "a6fb4927-e65b-db61-e423-bca3e0e7b1d1",
        "data": [
            {
                "text": "what is the official web site of the college",
                "userDefined": false
            }
        ],
        "isTemplate": false,
        "count": 0,
        "updated": 1560155629
    },
    {
        "id": "f22dde69-18f0-1edc-f431-5f6b4582ef8a",
        "data": [
            {
                "text": "what is the authoritative webpage of the university",
                "userDefined": false
            }
        ],
        "isTemplate": false,
        "count": 0,
        "updated": 1560155629
    },
    {
        "id": "4bda01f6-2eba-eae5-f87b-f5866ad5b8ad",
        "data": [
            {
                "text": "does the college have a official web site",
                "userDefined": false
            }
        ],
        "isTemplate": false,
        "count": 0,
        "updated": 1560155629
    },
    {
        "id": "c4a45acc-962a-cfec-7cd3-da7003cd60b3",
        "data": [
            {
                "text": "what'll be the official webpage of UCL",
                "userDefined": false
            }
        ],
        "isTemplate": false,
        "count": 0,
        "updated": 1560155629
    },
    {
        "id": "85cfd587-dcac-9e3d-381a-6a42310d5df5",
        "data": [
            {
                "text": "what would be the official web site of uclouvain",
                "userDefined": false
            }
        ],
        "isTemplate": false,
        "count": 0,
        "updated": 1560155629
    },
    {
        "id": "b395e9b0-b572-89a6-7cd4-aab51683d85f",
        "data": [
            {
                "text": "what's the authoritative website of university",
                "userDefined": false
            }
        ],
        "isTemplate": false,
        "count": 0,
        "updated": 1560155629
    },
    {
        "id": "6a67bc91-1b91-d4e6-52da-4debba4012ea",
        "data": [
            {
                "text": "does the university have a web site",
                "userDefined": false
            }
        ],
        "isTemplate": false,
        "count": 0,
        "updated": 1560155629
    },
    {
        "id": "d07734d0-ccdb-ec20-a430-f416486582fd",
        "data": [
            {
                "text": "does university have a official webpage",
                "userDefined": false
            }
        ],
        "isTemplate": false,
        "count": 0,
        "updated": 1560155629
    },
    {
        "id": "0cd30fef-eddc-8185-bb22-e6e23c38f101",
        "data": [
            {
                "text": "does UCL have a website",
                "userDefined": false
            }
        ],
        "isTemplate": false,
        "count": 0,
        "updated": 1560155629
    },
    {
        "id": "05d4b87b-d3fa-f531-c716-254a79a299cc",
        "data": [
            {
                "text": "where would I find authoritative counsel about UCL",
                "userDefined": false
            }
        ],
        "isTemplate": false,
        "count": 0,
        "updated": 1560155629
    },
    {
        "id": "6a0c84e9-e253-e711-6f50-424463b3f6cb",
        "data": [
            {
                "text": "what is the authoritative webpage of ucl",
                "userDefined": false
            }
        ],
        "isTemplate": false,
        "count": 0,
        "updated": 1560155629
    },
    {
        "id": "260c8b19-d4e4-89d4-173b-458b72880d77",
        "data": [
            {
                "text": "does the university have a authoritative web page",
                "userDefined": false
            }
        ],
        "isTemplate": false,
        "count": 0,
        "updated": 1560155629
    },
    {
        "id": "008456a5-13cf-2401-44bc-eb91e5a4fc47",
        "data": [
            {
                "text": "what's the official webpage of ucl",
                "userDefined": false
            }
        ],
        "isTemplate": false,
        "count": 0,
        "updated": 1560155629
    },
    {
        "id": "a16f37df-2295-4365-6b34-8b60ea496307",
        "data": [
            {
                "text": "does UCL have a authoritative web site",
                "userDefined": false
            }
        ],
        "isTemplate": false,
        "count": 0,
        "updated": 1560155629
    }
]