[
    {
        "id": "b4c46de2-c712-dd89-1a53-00ff57d5db0f",
        "data": [
            {
                "text": "what's a year like in belgium",
                "userDefined": false
            }
        ],
        "isTemplate": false,
        "count": 0,
        "updated": 1560155629
    },
    {
        "id": "b4830de4-6eb9-e6ae-b807-a96240cb6880",
        "data": [
            {
                "text": "how is an academic year arranged",
                "userDefined": false
            }
        ],
        "isTemplate": false,
        "count": 0,
        "updated": 1560155629
    },
    {
        "id": "0e67613a-3d92-e17d-a830-13595df28554",
        "data": [
            {
                "text": "what does academic calendar mean",
                "userDefined": false
            }
        ],
        "isTemplate": false,
        "count": 0,
        "updated": 1560155629
    },
    {
        "id": "e2271a04-1f42-7795-ae84-0f39a002d071",
        "data": [
            {
                "text": "what will be the standard management of 1 year at louvain la neuve",
                "userDefined": false
            }
        ],
        "isTemplate": false,
        "count": 0,
        "updated": 1560155629
    },
    {
        "id": "b51b671e-adf6-29ad-0d7e-a0d6dac6b728",
        "data": [
            {
                "text": "what will be a year like in Louvain",
                "userDefined": false
            }
        ],
        "isTemplate": false,
        "count": 0,
        "updated": 1560155629
    },
    {
        "id": "079f816c-f24b-9411-f798-bde296ce08b8",
        "data": [
            {
                "text": "how is a year divided",
                "userDefined": false
            }
        ],
        "isTemplate": false,
        "count": 0,
        "updated": 1560155629
    },
    {
        "id": "a73e07ae-4765-ceae-aad9-38defe623de8",
        "data": [
            {
                "text": "how is one year divided",
                "userDefined": false
            }
        ],
        "isTemplate": false,
        "count": 0,
        "updated": 1560155629
    },
    {
        "id": "f2d4e53d-30bc-a49e-1446-ec2f9e9b3383",
        "data": [
            {
                "text": "what'll be the arrangement of a year",
                "userDefined": false
            }
        ],
        "isTemplate": false,
        "count": 0,
        "updated": 1560155629
    },
    {
        "id": "73d6635e-6937-31e1-cd4d-c04bbca00d9e",
        "data": [
            {
                "text": "what will be the standard management of a year at uclouvain",
                "userDefined": false
            }
        ],
        "isTemplate": false,
        "count": 0,
        "updated": 1560155629
    },
    {
        "id": "e081b04e-d577-9983-fc84-3fdf24f474be",
        "data": [
            {
                "text": "what's one year like in belgium",
                "userDefined": false
            }
        ],
        "isTemplate": false,
        "count": 0,
        "updated": 1560155629
    },
    {
        "id": "e0ef2a71-1f00-fc20-1420-b090a410a79e",
        "data": [
            {
                "text": "explain academic calendar please",
                "userDefined": false
            }
        ],
        "isTemplate": false,
        "count": 0,
        "updated": 1560155629
    },
    {
        "id": "60d44b2e-d16d-feb6-13b8-43e96a40278d",
        "data": [
            {
                "text": "when are holidays set up",
                "userDefined": false
            }
        ],
        "isTemplate": false,
        "count": 0,
        "updated": 1560155629
    },
    {
        "id": "b8e63d30-fcdb-b223-d2b2-70d80125cfef",
        "data": [
            {
                "text": "what'll be one academic year like at UCL",
                "userDefined": false
            }
        ],
        "isTemplate": false,
        "count": 0,
        "updated": 1560155629
    },
    {
        "id": "dc39fe76-835e-6bbd-cc8b-cd2e5440fa76",
        "data": [
            {
                "text": "what's one year like there",
                "userDefined": false
            }
        ],
        "isTemplate": false,
        "count": 0,
        "updated": 1560155629
    },
    {
        "id": "43cf41a9-6c76-f089-8f4b-f98221530282",
        "data": [
            {
                "text": "when are holidays organized",
                "userDefined": false
            }
        ],
        "isTemplate": false,
        "count": 0,
        "updated": 1560155629
    },
    {
        "id": "fe3ebb61-1f00-1006-b5ee-b78d3b1a2c17",
        "data": [
            {
                "text": "how is one academic year divided",
                "userDefined": false
            }
        ],
        "isTemplate": false,
        "count": 0,
        "updated": 1560155629
    },
    {
        "id": "13c358c0-be35-a581-2c8b-63fffae8a102",
        "data": [
            {
                "text": "how is a year set up",
                "userDefined": false
            }
        ],
        "isTemplate": false,
        "count": 0,
        "updated": 1560155629
    },
    {
        "id": "b93c9630-77a3-6602-27d5-6e3fe3b60082",
        "data": [
            {
                "text": "I would really love to know what academic calendar means",
                "userDefined": false
            }
        ],
        "isTemplate": false,
        "count": 0,
        "updated": 1560155629
    },
    {
        "id": "e5663259-c5fe-f0ed-00f1-2a5401f7840c",
        "data": [
            {
                "text": "what'd be the typical management of one year",
                "userDefined": false
            }
        ],
        "isTemplate": false,
        "count": 0,
        "updated": 1560155629
    },
    {
        "id": "b3796ad4-ac8d-fe80-1152-986692e6b45b",
        "data": [
            {
                "text": "what'll be one academic year like at ucl",
                "userDefined": false
            }
        ],
        "isTemplate": false,
        "count": 0,
        "updated": 1560155629
    },
    {
        "id": "e510c395-4c23-c445-9def-e8904192fa5f",
        "data": [
            {
                "text": "what's the year like at uclouvain",
                "userDefined": false
            }
        ],
        "isTemplate": false,
        "count": 0,
        "updated": 1560155629
    },
    {
        "id": "82024e36-3f4e-2909-5a23-aea768c626a1",
        "data": [
            {
                "text": "when are vacations planned",
                "userDefined": false
            }
        ],
        "isTemplate": false,
        "count": 0,
        "updated": 1560155629
    },
    {
        "id": "598c03fb-525e-7286-6aee-8f85b8925b18",
        "data": [
            {
                "text": "what is a year like in belgium",
                "userDefined": false
            }
        ],
        "isTemplate": false,
        "count": 0,
        "updated": 1560155629
    },
    {
        "id": "f3e8e53d-f422-c4c7-eee3-2badb9f065f2",
        "data": [
            {
                "text": "what is the management of a year there",
                "userDefined": false
            }
        ],
        "isTemplate": false,
        "count": 0,
        "updated": 1560155629
    },
    {
        "id": "3fd5cbf1-f9e9-ed36-bfc9-7ab17143992c",
        "data": [
            {
                "text": "what is academic calendar in fact",
                "userDefined": false
            }
        ],
        "isTemplate": false,
        "count": 0,
        "updated": 1560155629
    },
    {
        "id": "eb4f4e57-4cd2-d4d9-0436-9e5290c58901",
        "data": [
            {
                "text": "when are days off planned",
                "userDefined": false
            }
        ],
        "isTemplate": false,
        "count": 0,
        "updated": 1560155629
    },
    {
        "id": "ee64ed73-92cd-f9c1-cfaf-c6f22e36b59e",
        "data": [
            {
                "text": "what's the arrangement of 1 year",
                "userDefined": false
            }
        ],
        "isTemplate": false,
        "count": 0,
        "updated": 1560155629
    },
    {
        "id": "cb53fd62-2794-57fd-987b-1099edb0fbc7",
        "data": [
            {
                "text": "what'll be academic calendar",
                "userDefined": false
            }
        ],
        "isTemplate": false,
        "count": 0,
        "updated": 1560155629
    },
    {
        "id": "c9d5e934-9b41-3457-2681-9103e2dacf13",
        "data": [
            {
                "text": "how is 1 year set up",
                "userDefined": false
            }
        ],
        "isTemplate": false,
        "count": 0,
        "updated": 1560155629
    },
    {
        "id": "a2faf513-148a-f254-1623-18eed440cf1b",
        "data": [
            {
                "text": "what'll be one academic year like in belgium",
                "userDefined": false
            }
        ],
        "isTemplate": false,
        "count": 0,
        "updated": 1560155629
    },
    {
        "id": "00016a83-c56d-1ea5-2f0a-cee07040239f",
        "data": [
            {
                "text": "how is the year divided",
                "userDefined": false
            }
        ],
        "isTemplate": false,
        "count": 0,
        "updated": 1560155629
    },
    {
        "id": "d9c17fd4-8fe1-c5bc-8bb8-e14ceda3cbeb",
        "data": [
            {
                "text": "what'll be the academic year like at louvain",
                "userDefined": false
            }
        ],
        "isTemplate": false,
        "count": 0,
        "updated": 1560155629
    },
    {
        "id": "84633129-7642-a30a-782c-c9ec3aa9c568",
        "data": [
            {
                "text": "how is one year scheduled",
                "userDefined": false
            }
        ],
        "isTemplate": false,
        "count": 0,
        "updated": 1560155629
    },
    {
        "id": "d885c4c5-c2db-d056-3095-81e4bdfe71fe",
        "data": [
            {
                "text": "explain what academic calendar stands for",
                "userDefined": false
            }
        ],
        "isTemplate": false,
        "count": 0,
        "updated": 1560155629
    },
    {
        "id": "8a2f5b93-60e0-3902-ddd4-655309bf0973",
        "data": [
            {
                "text": "what will be the standard arrangement of 1 year in belgium",
                "userDefined": false
            }
        ],
        "isTemplate": false,
        "count": 0,
        "updated": 1560155629
    },
    {
        "id": "011b38dd-acae-33cf-18d5-60725640360b",
        "data": [
            {
                "text": "when are days off organized",
                "userDefined": false
            }
        ],
        "isTemplate": false,
        "count": 0,
        "updated": 1560155629
    },
    {
        "id": "a079a54d-d02f-0176-db99-f76f7765b342",
        "data": [
            {
                "text": "I'd really love to know what academic calendar is",
                "userDefined": false
            }
        ],
        "isTemplate": false,
        "count": 0,
        "updated": 1560155629
    },
    {
        "id": "f015748a-27e8-1ffc-9a25-23c2c5c2d9f1",
        "data": [
            {
                "text": "what is the arrangement of a year at college",
                "userDefined": false
            }
        ],
        "isTemplate": false,
        "count": 0,
        "updated": 1560155629
    },
    {
        "id": "74946447-39ed-6246-5a18-5134dfb31785",
        "data": [
            {
                "text": "when are vacations set up",
                "userDefined": false
            }
        ],
        "isTemplate": false,
        "count": 0,
        "updated": 1560155629
    },
    {
        "id": "e90f2b9b-56ba-3cc5-2e4b-eb954b80b156",
        "data": [
            {
                "text": "what does academic calendar stand for",
                "userDefined": false
            }
        ],
        "isTemplate": false,
        "count": 0,
        "updated": 1560155629
    },
    {
        "id": "798d6bde-19ed-c603-fa75-ab86f1b5bb63",
        "data": [
            {
                "text": "what is the standard arrangement of 1 year at UCL",
                "userDefined": false
            }
        ],
        "isTemplate": false,
        "count": 0,
        "updated": 1560155629
    },
    {
        "id": "0325fd95-9c8a-a1e2-292f-485a0953aa26",
        "data": [
            {
                "text": "how is 1 academic year organized",
                "userDefined": false
            }
        ],
        "isTemplate": false,
        "count": 0,
        "updated": 1560155629
    },
    {
        "id": "2aba0149-c565-a3f3-e906-7237d9108d38",
        "data": [
            {
                "text": "what would be the organisation of one year",
                "userDefined": false
            }
        ],
        "isTemplate": false,
        "count": 0,
        "updated": 1560155629
    },
    {
        "id": "7c441d70-a291-9357-d658-91b3045a5c8d",
        "data": [
            {
                "text": "I'd really want to know what academic calendar is",
                "userDefined": false
            }
        ],
        "isTemplate": false,
        "count": 0,
        "updated": 1560155629
    },
    {
        "id": "31a0c646-7180-2b1c-7d52-40dcd233c0f5",
        "data": [
            {
                "text": "what is the typical management of a year in belgium",
                "userDefined": false
            }
        ],
        "isTemplate": false,
        "count": 0,
        "updated": 1560155629
    },
    {
        "id": "e215b25e-ac4e-77ce-d741-65db0ba5df0d",
        "data": [
            {
                "text": "when are holidays organised",
                "userDefined": false
            }
        ],
        "isTemplate": false,
        "count": 0,
        "updated": 1560155629
    },
    {
        "id": "d57d3b58-7f57-c14d-2316-4c84fd42fed6",
        "data": [
            {
                "text": "what'd be the arrangement of 1 year in belgium",
                "userDefined": false
            }
        ],
        "isTemplate": false,
        "count": 0,
        "updated": 1560155629
    },
    {
        "id": "49db0b7c-4133-9746-f64d-64e1da79436d",
        "data": [
            {
                "text": "what'll be the management of 1 year",
                "userDefined": false
            }
        ],
        "isTemplate": false,
        "count": 0,
        "updated": 1560155629
    },
    {
        "id": "291d43db-fb8f-73f2-8c01-41eb3cb0a852",
        "data": [
            {
                "text": "what'll be the organisation of a year in belgium",
                "userDefined": false
            }
        ],
        "isTemplate": false,
        "count": 0,
        "updated": 1560155629
    },
    {
        "id": "e9cdc153-6f35-48df-8729-94de9a8edcd7",
        "data": [
            {
                "text": "how is one academic year set up",
                "userDefined": false
            }
        ],
        "isTemplate": false,
        "count": 0,
        "updated": 1560155629
    },
    {
        "id": "d3d6c5ec-98d4-c2b1-8f85-a5c4a06cf843",
        "data": [
            {
                "text": "what's the usual organisation of a year",
                "userDefined": false
            }
        ],
        "isTemplate": false,
        "count": 0,
        "updated": 1560155629
    },
    {
        "id": "01a86f18-f0f6-c560-3e51-3abd8a2af93c",
        "data": [
            {
                "text": "how is the academic year divided",
                "userDefined": false
            }
        ],
        "isTemplate": false,
        "count": 0,
        "updated": 1560155629
    },
    {
        "id": "9a90d044-686e-9956-ef31-e36ea096d402",
        "data": [
            {
                "text": "how is the academic year arranged",
                "userDefined": false
            }
        ],
        "isTemplate": false,
        "count": 0,
        "updated": 1560155629
    },
    {
        "id": "9e3cc7ac-e5f4-cff8-6ee8-efb95d36846d",
        "data": [
            {
                "text": "what will be the organisation of one year at the university",
                "userDefined": false
            }
        ],
        "isTemplate": false,
        "count": 0,
        "updated": 1560155629
    },
    {
        "id": "d153af83-7e22-4a41-d599-ad85ae7cfb72",
        "data": [
            {
                "text": "what's one academic year like there",
                "userDefined": false
            }
        ],
        "isTemplate": false,
        "count": 0,
        "updated": 1560155629
    },
    {
        "id": "b8ec7816-86c4-a402-60d2-2c0db6221af2",
        "data": [
            {
                "text": "I would really want to know what academic calendar is",
                "userDefined": false
            }
        ],
        "isTemplate": false,
        "count": 0,
        "updated": 1560155629
    },
    {
        "id": "92db968b-5253-7be8-fb5f-dbbf6afeec50",
        "data": [
            {
                "text": "what would be the year like in Louvain",
                "userDefined": false
            }
        ],
        "isTemplate": false,
        "count": 0,
        "updated": 1560155629
    },
    {
        "id": "0aa8cd3d-b3eb-fb7c-d61a-c372513596c1",
        "data": [
            {
                "text": "what'll be a year like there",
                "userDefined": false
            }
        ],
        "isTemplate": false,
        "count": 0,
        "updated": 1560155629
    },
    {
        "id": "8068e2f0-0f24-958e-d0b1-0c74c26e8a70",
        "data": [
            {
                "text": "define academic calendar",
                "userDefined": false
            }
        ],
        "isTemplate": false,
        "count": 0,
        "updated": 1560155629
    },
    {
        "id": "87bf989f-698a-a764-3716-e77e7436456c",
        "data": [
            {
                "text": "what'll be academic calendar actually",
                "userDefined": false
            }
        ],
        "isTemplate": false,
        "count": 0,
        "updated": 1560155629
    },
    {
        "id": "9733ed4c-4ba5-b66c-1ca1-f26da27898c3",
        "data": [
            {
                "text": "what would be the standard organization of a year",
                "userDefined": false
            }
        ],
        "isTemplate": false,
        "count": 0,
        "updated": 1560155629
    },
    {
        "id": "09044ebb-58e3-d277-ea21-fbb650a01758",
        "data": [
            {
                "text": "what would be the management of one year in Louvain",
                "userDefined": false
            }
        ],
        "isTemplate": false,
        "count": 0,
        "updated": 1560155629
    },
    {
        "id": "003bd28c-8bbc-b75b-c1e2-eb9b6f1241b9",
        "data": [
            {
                "text": "what will be the usual organisation of a year at louvain-la-neuve",
                "userDefined": false
            }
        ],
        "isTemplate": false,
        "count": 0,
        "updated": 1560155629
    },
    {
        "id": "839a8c86-a90d-7f88-9fba-d9053e75b8e1",
        "data": [
            {
                "text": "what's the standard organization of a year at UCL",
                "userDefined": false
            }
        ],
        "isTemplate": false,
        "count": 0,
        "updated": 1560155629
    },
    {
        "id": "761bb39a-0f24-3251-a76d-1e5cd1e0191c",
        "data": [
            {
                "text": "what's the organisation of one year",
                "userDefined": false
            }
        ],
        "isTemplate": false,
        "count": 0,
        "updated": 1560155629
    },
    {
        "id": "f928e78c-603d-75f8-5cfb-8114c32fc4e0",
        "data": [
            {
                "text": "how is a year scheduled",
                "userDefined": false
            }
        ],
        "isTemplate": false,
        "count": 0,
        "updated": 1560155629
    },
    {
        "id": "d101fab5-5100-5a2c-eb7d-2392a92f5e4b",
        "data": [
            {
                "text": "I am looking for the definition of academic calendar",
                "userDefined": false
            }
        ],
        "isTemplate": false,
        "count": 0,
        "updated": 1560155629
    },
    {
        "id": "20ff90b1-b62c-f6ea-6528-d0d65baafe85",
        "data": [
            {
                "text": "what is the organisation of 1 year in belgium",
                "userDefined": false
            }
        ],
        "isTemplate": false,
        "count": 0,
        "updated": 1560155629
    },
    {
        "id": "ccc3aad3-c710-df75-549d-97d25f31929c",
        "data": [
            {
                "text": "what is an academic year like at lln",
                "userDefined": false
            }
        ],
        "isTemplate": false,
        "count": 0,
        "updated": 1560155629
    },
    {
        "id": "5964da90-c4a3-b22b-7181-03ce7bc7ae49",
        "data": [
            {
                "text": "describe what academic calendar is",
                "userDefined": false
            }
        ],
        "isTemplate": false,
        "count": 0,
        "updated": 1560155629
    },
    {
        "id": "fe302bd6-1b60-e565-f317-d212780c258d",
        "data": [
            {
                "text": "what'll be one year like at Louv",
                "userDefined": false
            }
        ],
        "isTemplate": false,
        "count": 0,
        "updated": 1560155629
    },
    {
        "id": "18f945ca-2d8c-689b-6fd0-906805b3c51d",
        "data": [
            {
                "text": "what's academic calendar",
                "userDefined": false
            }
        ],
        "isTemplate": false,
        "count": 0,
        "updated": 1560155629
    },
    {
        "id": "3e855dfd-6f9c-0260-1843-6eaf59fa0b07",
        "data": [
            {
                "text": "what about what academic calendar in fact stands for",
                "userDefined": false
            }
        ],
        "isTemplate": false,
        "count": 0,
        "updated": 1560155629
    },
    {
        "id": "5fa2d1f2-7f48-08dc-189f-dd81426e18a8",
        "data": [
            {
                "text": "what'd be the organisation of one year",
                "userDefined": false
            }
        ],
        "isTemplate": false,
        "count": 0,
        "updated": 1560155629
    },
    {
        "id": "fbbb7f40-a2b9-6416-c96f-10c59bd252bc",
        "data": [
            {
                "text": "what's the usual organization of 1 year",
                "userDefined": false
            }
        ],
        "isTemplate": false,
        "count": 0,
        "updated": 1560155629
    },
    {
        "id": "fec881ba-27d6-f159-db1b-3f276ce26991",
        "data": [
            {
                "text": "what is the usual organisation of 1 year",
                "userDefined": false
            }
        ],
        "isTemplate": false,
        "count": 0,
        "updated": 1560155629
    },
    {
        "id": "b97f32db-1718-bf3a-4a2c-8be2a5617a64",
        "data": [
            {
                "text": "what's an academic year like at uni",
                "userDefined": false
            }
        ],
        "isTemplate": false,
        "count": 0,
        "updated": 1560155629
    },
    {
        "id": "b9f05fce-60b7-524e-467b-36c5fa222647",
        "data": [
            {
                "text": "what's the academic year like at louvain",
                "userDefined": false
            }
        ],
        "isTemplate": false,
        "count": 0,
        "updated": 1560155629
    },
    {
        "id": "cb6b4262-9840-6efc-e465-8d3e5af8a666",
        "data": [
            {
                "text": "what is the typical arrangement of 1 year",
                "userDefined": false
            }
        ],
        "isTemplate": false,
        "count": 0,
        "updated": 1560155629
    },
    {
        "id": "5d923248-2ef6-f2e5-bb53-0df27d5ce284",
        "data": [
            {
                "text": "when are vacations arranged",
                "userDefined": false
            }
        ],
        "isTemplate": false,
        "count": 0,
        "updated": 1560155629
    },
    {
        "id": "8f109a22-98c5-50fa-f629-cd32c6443e22",
        "data": [
            {
                "text": "what is an academic year like there",
                "userDefined": false
            }
        ],
        "isTemplate": false,
        "count": 0,
        "updated": 1560155629
    },
    {
        "id": "1d2dc991-852d-d38d-dbaa-7d8a5ab0b0df",
        "data": [
            {
                "text": "what would be 1 year like in Louvain la Neuve",
                "userDefined": false
            }
        ],
        "isTemplate": false,
        "count": 0,
        "updated": 1560155629
    },
    {
        "id": "7b32ca71-b8f1-eae2-7003-84826dd6e84b",
        "data": [
            {
                "text": "when are holidays planned",
                "userDefined": false
            }
        ],
        "isTemplate": false,
        "count": 0,
        "updated": 1560155629
    },
    {
        "id": "d68260af-4632-924b-2c8a-25bf54e1c661",
        "data": [
            {
                "text": "how is the academic year scheduled",
                "userDefined": false
            }
        ],
        "isTemplate": false,
        "count": 0,
        "updated": 1560155629
    },
    {
        "id": "c048d78e-76a5-8a2f-bd42-86bac6ad014b",
        "data": [
            {
                "text": "what's the usual organisation of 1 year",
                "userDefined": false
            }
        ],
        "isTemplate": false,
        "count": 0,
        "updated": 1560155629
    },
    {
        "id": "4f104e6b-97e9-0cea-9b6a-8784bf0b1984",
        "data": [
            {
                "text": "what is the standard arrangement of one year",
                "userDefined": false
            }
        ],
        "isTemplate": false,
        "count": 0,
        "updated": 1560155629
    },
    {
        "id": "f502b12e-fcbd-b0ee-cac4-d1242c5cc042",
        "data": [
            {
                "text": "what's an academic year like at UCLouvain",
                "userDefined": false
            }
        ],
        "isTemplate": false,
        "count": 0,
        "updated": 1560155629
    },
    {
        "id": "0da50226-4a41-9f70-018f-8889a61ededf",
        "data": [
            {
                "text": "what'll be the management of a year",
                "userDefined": false
            }
        ],
        "isTemplate": false,
        "count": 0,
        "updated": 1560155629
    },
    {
        "id": "eb0ee787-799b-2ac1-5105-c279cfe507c9",
        "data": [
            {
                "text": "describe academic calendar please",
                "userDefined": false
            }
        ],
        "isTemplate": false,
        "count": 0,
        "updated": 1560155629
    },
    {
        "id": "93747982-11bf-856b-7358-fd82f83332e6",
        "data": [
            {
                "text": "what'll be one academic year like there",
                "userDefined": false
            }
        ],
        "isTemplate": false,
        "count": 0,
        "updated": 1560155629
    },
    {
        "id": "41b08215-627a-f3ab-89ef-f64e01957ee2",
        "data": [
            {
                "text": "how is 1 year scheduled",
                "userDefined": false
            }
        ],
        "isTemplate": false,
        "count": 0,
        "updated": 1560155629
    },
    {
        "id": "8c00daa1-508a-e2a9-6096-a9841bc58556",
        "data": [
            {
                "text": "what about what academic calendar exactly means",
                "userDefined": false
            }
        ],
        "isTemplate": false,
        "count": 0,
        "updated": 1560155629
    },
    {
        "id": "384bd00d-73ec-6718-a059-cade02cd869c",
        "data": [
            {
                "text": "when are days off arranged",
                "userDefined": false
            }
        ],
        "isTemplate": false,
        "count": 0,
        "updated": 1560155629
    },
    {
        "id": "f74476f5-40ef-e74f-7611-71fef5ebfe7a",
        "data": [
            {
                "text": "what'd be the organization of a year",
                "userDefined": false
            }
        ],
        "isTemplate": false,
        "count": 0,
        "updated": 1560155629
    },
    {
        "id": "addc9297-8809-c97a-809e-6699745ae836",
        "data": [
            {
                "text": "what'd be 1 academic year like there",
                "userDefined": false
            }
        ],
        "isTemplate": false,
        "count": 0,
        "updated": 1560155629
    },
    {
        "id": "db8718a5-342c-63a3-754c-c67c342fa4d9",
        "data": [
            {
                "text": "how is 1 academic year divided",
                "userDefined": false
            }
        ],
        "isTemplate": false,
        "count": 0,
        "updated": 1560155629
    },
    {
        "id": "0b26d6da-6e19-2950-23a9-ad3f711e26c4",
        "data": [
            {
                "text": "I would really want to know what academic calendar means",
                "userDefined": false
            }
        ],
        "isTemplate": false,
        "count": 0,
        "updated": 1560155629
    },
    {
        "id": "a9792a43-636c-34d1-8ce9-0d1625178de2",
        "data": [
            {
                "text": "what will be the management of 1 year there",
                "userDefined": false
            }
        ],
        "isTemplate": false,
        "count": 0,
        "updated": 1560155629
    },
    {
        "id": "e9dd97a4-4ad1-ab67-bd20-2c04b1dc4eae",
        "data": [
            {
                "text": "what'd be a year like at UCL",
                "userDefined": false
            }
        ],
        "isTemplate": false,
        "count": 0,
        "updated": 1560155629
    },
    {
        "id": "2b3bf12d-f436-abf4-e8d9-237ca488ab42",
        "data": [
            {
                "text": "what's the usual organization of a year",
                "userDefined": false
            }
        ],
        "isTemplate": false,
        "count": 0,
        "updated": 1560155629
    },
    {
        "id": "fbc92a38-ec4e-79d0-f363-b3bbbb21e598",
        "data": [
            {
                "text": "what's the arrangement of one year in belgium",
                "userDefined": false
            }
        ],
        "isTemplate": false,
        "count": 0,
        "updated": 1560155629
    },
    {
        "id": "551dc3b4-29a7-a27c-aac4-1d7f23338528",
        "data": [
            {
                "text": "what'll be 1 academic year like at uclouvain",
                "userDefined": false
            }
        ],
        "isTemplate": false,
        "count": 0,
        "updated": 1560155629
    },
    {
        "id": "30b438c6-b39a-9a18-f32b-d8a3882e1259",
        "data": [
            {
                "text": "what'll be the organization of a year",
                "userDefined": false
            }
        ],
        "isTemplate": false,
        "count": 0,
        "updated": 1560155629
    },
    {
        "id": "332c84e5-4ae5-a83c-a052-e93c2d7865d8",
        "data": [
            {
                "text": "how is an academic year divided",
                "userDefined": false
            }
        ],
        "isTemplate": false,
        "count": 0,
        "updated": 1560155629
    },
    {
        "id": "c81e8797-cbbc-54d8-e9bc-e03df8f674f2",
        "data": [
            {
                "text": "what'll be the academic year like there",
                "userDefined": false
            }
        ],
        "isTemplate": false,
        "count": 0,
        "updated": 1560155629
    },
    {
        "id": "336da480-82c7-83bb-494c-0f30ea673f65",
        "data": [
            {
                "text": "how is a year organized",
                "userDefined": false
            }
        ],
        "isTemplate": false,
        "count": 0,
        "updated": 1560155629
    },
    {
        "id": "e92ad6ba-7eb2-f80c-7635-9dea958154a5",
        "data": [
            {
                "text": "explain what academic calendar is please",
                "userDefined": false
            }
        ],
        "isTemplate": false,
        "count": 0,
        "updated": 1560155629
    },
    {
        "id": "1ce74fa0-3f27-a105-cae4-7df7276bdfae",
        "data": [
            {
                "text": "what is one year like in Louv",
                "userDefined": false
            }
        ],
        "isTemplate": false,
        "count": 0,
        "updated": 1560155629
    },
    {
        "id": "7ff2478f-8478-4b17-aa00-da0598d83efa",
        "data": [
            {
                "text": "what will be the organization of one year at college",
                "userDefined": false
            }
        ],
        "isTemplate": false,
        "count": 0,
        "updated": 1560155629
    },
    {
        "id": "5dde5d31-25d0-5d54-6a54-4df59e02e7d6",
        "data": [
            {
                "text": "I want to know about what academic calendar actually stands for",
                "userDefined": false
            }
        ],
        "isTemplate": false,
        "count": 0,
        "updated": 1560155629
    },
    {
        "id": "cf92c737-7bed-b74b-2409-e997cce6020c",
        "data": [
            {
                "text": "what's the academic year like in belgium",
                "userDefined": false
            }
        ],
        "isTemplate": false,
        "count": 0,
        "updated": 1560155629
    },
    {
        "id": "f7799f40-24d9-98b2-82e3-cef7761e1ffa",
        "data": [
            {
                "text": "what'll be the standard organization of 1 year in belgium",
                "userDefined": false
            }
        ],
        "isTemplate": false,
        "count": 0,
        "updated": 1560155629
    },
    {
        "id": "85a10333-7274-8386-bf0f-6dbd54ca9ef1",
        "data": [
            {
                "text": "I'd really love to learn about what academic calendar stands for",
                "userDefined": false
            }
        ],
        "isTemplate": false,
        "count": 0,
        "updated": 1560155629
    },
    {
        "id": "489b737f-a586-eea0-7737-a74c3270438c",
        "data": [
            {
                "text": "what would be the year like there",
                "userDefined": false
            }
        ],
        "isTemplate": false,
        "count": 0,
        "updated": 1560155629
    },
    {
        "id": "6145087f-9d4f-3464-3b78-8f2284530811",
        "data": [
            {
                "text": "info on what academic calendar actually means",
                "userDefined": false
            }
        ],
        "isTemplate": false,
        "count": 0,
        "updated": 1560155629
    },
    {
        "id": "a19cde0a-91df-1345-aaf7-dc409f371942",
        "data": [
            {
                "text": "when are days off set up",
                "userDefined": false
            }
        ],
        "isTemplate": false,
        "count": 0,
        "updated": 1560155629
    },
    {
        "id": "08ae7a0a-4bd9-c88b-195f-f1ad19467d68",
        "data": [
            {
                "text": "what'd be a year like at ucl",
                "userDefined": false
            }
        ],
        "isTemplate": false,
        "count": 0,
        "updated": 1560155629
    },
    {
        "id": "b1fc4ad2-9e3a-2a24-64ae-76e8f9cd9620",
        "data": [
            {
                "text": "what will be the year like there",
                "userDefined": false
            }
        ],
        "isTemplate": false,
        "count": 0,
        "updated": 1560155629
    },
    {
        "id": "85a7b83c-69e9-c7a8-d055-406fea07d2a7",
        "data": [
            {
                "text": "I would like to know what academic calendar means",
                "userDefined": false
            }
        ],
        "isTemplate": false,
        "count": 0,
        "updated": 1560155629
    },
    {
        "id": "aa30a1b0-eb6a-00f6-9fec-3cb9771374c7",
        "data": [
            {
                "text": "what is the organization of 1 year at louv",
                "userDefined": false
            }
        ],
        "isTemplate": false,
        "count": 0,
        "updated": 1560155629
    }
]