[
    {
        "id": "78023d4c-5a7f-4d2f-a681-146e952f19c3",
        "data": [
            {
                "text": "are there students institutions",
                "userDefined": false
            }
        ],
        "isTemplate": false,
        "count": 0,
        "updated": 1560155628
    },
    {
        "id": "c48e4fc3-86c0-829b-242d-9d2de29b92da",
        "data": [
            {
                "text": "would there be pupils confederations",
                "userDefined": false
            }
        ],
        "isTemplate": false,
        "count": 0,
        "updated": 1560155628
    },
    {
        "id": "77c9d5db-ff6e-1f16-3342-63868142dc5c",
        "data": [
            {
                "text": "what pupils associations are there",
                "userDefined": false
            }
        ],
        "isTemplate": false,
        "count": 0,
        "updated": 1560155628
    },
    {
        "id": "9912d1ae-04d8-fb4b-2261-816bd236db36",
        "data": [
            {
                "text": "I need pupil clubs",
                "userDefined": false
            }
        ],
        "isTemplate": false,
        "count": 0,
        "updated": 1560155628
    },
    {
        "id": "f630de9e-c62a-993b-b963-c62bff53c2a2",
        "data": [
            {
                "text": "what undergraduate kap's are there at Louvain-la-Neuve",
                "userDefined": false
            }
        ],
        "isTemplate": false,
        "count": 0,
        "updated": 1560155628
    },
    {
        "id": "f88431a9-cf45-e1e0-211f-b209cd581a97",
        "data": [
            {
                "text": "what undergraduate confederations would there be",
                "userDefined": false
            }
        ],
        "isTemplate": false,
        "count": 0,
        "updated": 1560155628
    },
    {
        "id": "bea91d68-b6d2-b98e-f171-2e4bfabdf1e9",
        "data": [
            {
                "text": "I need student cooperatives",
                "userDefined": false
            }
        ],
        "isTemplate": false,
        "count": 0,
        "updated": 1560155628
    },
    {
        "id": "a6cb9bf4-cf26-fa86-00fc-f722dafcb387",
        "data": [
            {
                "text": "I need undergraduate clubs",
                "userDefined": false
            }
        ],
        "isTemplate": false,
        "count": 0,
        "updated": 1560155628
    },
    {
        "id": "5bc496df-156e-4e75-0aac-a3fb8d045052",
        "data": [
            {
                "text": "are there students clubs",
                "userDefined": false
            }
        ],
        "isTemplate": false,
        "count": 0,
        "updated": 1560155628
    },
    {
        "id": "55559b79-dd73-1616-54a9-afa70d9ec249",
        "data": [
            {
                "text": "would there be pupils institutions at Louv",
                "userDefined": false
            }
        ],
        "isTemplate": false,
        "count": 0,
        "updated": 1560155628
    },
    {
        "id": "01fb5a7a-0226-6221-4798-a517ae19ff65",
        "data": [
            {
                "text": "would there be pupil confederations at louvain",
                "userDefined": false
            }
        ],
        "isTemplate": false,
        "count": 0,
        "updated": 1560155628
    },
    {
        "id": "2036cd4b-0198-7cdf-dd0e-c3090371aef8",
        "data": [
            {
                "text": "I am searching for graduates clubs",
                "userDefined": false
            }
        ],
        "isTemplate": false,
        "count": 0,
        "updated": 1560155628
    },
    {
        "id": "85a2d131-cb30-2c3c-888b-5a3f40870e88",
        "data": [
            {
                "text": "what pupils KAPs are there in belgium",
                "userDefined": false
            }
        ],
        "isTemplate": false,
        "count": 0,
        "updated": 1560155628
    },
    {
        "id": "cd38c626-12aa-b7b9-0898-69a5b5cf2494",
        "data": [
            {
                "text": "what undergraduates associations would there be at uclouvain",
                "userDefined": false
            }
        ],
        "isTemplate": false,
        "count": 0,
        "updated": 1560155628
    },
    {
        "id": "1c048bf7-40b4-e3b5-ccc8-7e143600b85b",
        "data": [
            {
                "text": "what pupil institutions are there there",
                "userDefined": false
            }
        ],
        "isTemplate": false,
        "count": 0,
        "updated": 1560155628
    },
    {
        "id": "c1d00a9d-f1f1-a474-8f7d-14b761eed99c",
        "data": [
            {
                "text": "I am searching for student confederations there",
                "userDefined": false
            }
        ],
        "isTemplate": false,
        "count": 0,
        "updated": 1560155628
    },
    {
        "id": "450139bc-d135-c2fe-2537-8ab1c781bdb5",
        "data": [
            {
                "text": "I need pupils clubs there",
                "userDefined": false
            }
        ],
        "isTemplate": false,
        "count": 0,
        "updated": 1560155628
    },
    {
        "id": "4600137c-7f03-1dce-a8cd-596d380e90ea",
        "data": [
            {
                "text": "I need a student Kot-A-Projet in Louv",
                "userDefined": false
            }
        ],
        "isTemplate": false,
        "count": 0,
        "updated": 1560155628
    },
    {
        "id": "d06ea80b-a09a-15d7-ca76-c3485cd0f40a",
        "data": [
            {
                "text": "are there pupil kots-a-projet",
                "userDefined": false
            }
        ],
        "isTemplate": false,
        "count": 0,
        "updated": 1560155628
    },
    {
        "id": "656b4914-e688-f851-ee4b-8a921e92e317",
        "data": [
            {
                "text": "what undergraduates institutions are there",
                "userDefined": false
            }
        ],
        "isTemplate": false,
        "count": 0,
        "updated": 1560155628
    },
    {
        "id": "705dad15-87ff-fa5b-dc9a-72a0d74fbf23",
        "data": [
            {
                "text": "would there be undergraduates clubs there",
                "userDefined": false
            }
        ],
        "isTemplate": false,
        "count": 0,
        "updated": 1560155628
    },
    {
        "id": "bd73d097-0ed4-2549-0125-9be6e3605a1c",
        "data": [
            {
                "text": "what graduate Kots-A-Projet would there be at UCLouvain",
                "userDefined": false
            }
        ],
        "isTemplate": false,
        "count": 0,
        "updated": 1560155628
    },
    {
        "id": "dc1ddd85-c2bc-30a1-35c3-99990b20bbae",
        "data": [
            {
                "text": "what pupils clubs would there be",
                "userDefined": false
            }
        ],
        "isTemplate": false,
        "count": 0,
        "updated": 1560155628
    },
    {
        "id": "0917880a-9031-ac79-5dc9-547dd7217aa0",
        "data": [
            {
                "text": "I need a students kot a projet in Louv",
                "userDefined": false
            }
        ],
        "isTemplate": false,
        "count": 0,
        "updated": 1560155628
    },
    {
        "id": "156f6c83-7daf-0a6d-920c-fc600b8cdd51",
        "data": [
            {
                "text": "I would really love students institutions at the university",
                "userDefined": false
            }
        ],
        "isTemplate": false,
        "count": 0,
        "updated": 1560155628
    },
    {
        "id": "f254b0e0-a882-74ef-49af-ed0d4cfd9bb9",
        "data": [
            {
                "text": "would there be graduate confederations",
                "userDefined": false
            }
        ],
        "isTemplate": false,
        "count": 0,
        "updated": 1560155628
    },
    {
        "id": "70d0cfaf-61aa-fcac-ec06-e61c70017d6e",
        "data": [
            {
                "text": "are there pupils confederations in belgium",
                "userDefined": false
            }
        ],
        "isTemplate": false,
        "count": 0,
        "updated": 1560155628
    },
    {
        "id": "af294d9c-8e3d-697a-0744-184f33e18948",
        "data": [
            {
                "text": "what graduate clubs are there in louvain",
                "userDefined": false
            }
        ],
        "isTemplate": false,
        "count": 0,
        "updated": 1560155628
    },
    {
        "id": "02b8ea1a-a9c0-bb29-7dcb-ea7b225c89e1",
        "data": [
            {
                "text": "are there pupil clubs at uclouvain",
                "userDefined": false
            }
        ],
        "isTemplate": false,
        "count": 0,
        "updated": 1560155628
    },
    {
        "id": "a396b756-217c-5487-48b4-9905016cec6e",
        "data": [
            {
                "text": "would there be pupil clubs",
                "userDefined": false
            }
        ],
        "isTemplate": false,
        "count": 0,
        "updated": 1560155628
    },
    {
        "id": "5cff246e-e957-6ddf-50b7-0d0a2416c437",
        "data": [
            {
                "text": "I want graduates clubs",
                "userDefined": false
            }
        ],
        "isTemplate": false,
        "count": 0,
        "updated": 1560155628
    },
    {
        "id": "46e727ac-a482-4bd8-7a90-46d3f44024af",
        "data": [
            {
                "text": "are there graduate confederations in belgium",
                "userDefined": false
            }
        ],
        "isTemplate": false,
        "count": 0,
        "updated": 1560155628
    },
    {
        "id": "54d139a9-80a4-7e2b-dede-f9d7d2714d8b",
        "data": [
            {
                "text": "what graduate associations are there",
                "userDefined": false
            }
        ],
        "isTemplate": false,
        "count": 0,
        "updated": 1560155628
    },
    {
        "id": "dccea4d1-0741-e8fc-32ae-b0ae7ab2cea6",
        "data": [
            {
                "text": "what student clubs are there",
                "userDefined": false
            }
        ],
        "isTemplate": false,
        "count": 0,
        "updated": 1560155628
    },
    {
        "id": "40fc2e16-aeed-140d-64bd-0b799f5310c5",
        "data": [
            {
                "text": "what pupil cooperatives would there be at UCLouvain",
                "userDefined": false
            }
        ],
        "isTemplate": false,
        "count": 0,
        "updated": 1560155628
    },
    {
        "id": "aeda41a6-e7f7-c7c3-fb53-5458708b2832",
        "data": [
            {
                "text": "are there pupils clubs",
                "userDefined": false
            }
        ],
        "isTemplate": false,
        "count": 0,
        "updated": 1560155628
    },
    {
        "id": "b01c3543-006b-7373-1d84-b55721bef6d0",
        "data": [
            {
                "text": "would there be pupils associations in Louv",
                "userDefined": false
            }
        ],
        "isTemplate": false,
        "count": 0,
        "updated": 1560155628
    },
    {
        "id": "77773494-b598-943c-3cbb-f96128b6a2ec",
        "data": [
            {
                "text": "what graduates cooperatives would there be in belgium",
                "userDefined": false
            }
        ],
        "isTemplate": false,
        "count": 0,
        "updated": 1560155628
    },
    {
        "id": "e552fb10-fac8-a2e6-6a89-d497a6e19144",
        "data": [
            {
                "text": "what pupil institutions are there",
                "userDefined": false
            }
        ],
        "isTemplate": false,
        "count": 0,
        "updated": 1560155628
    },
    {
        "id": "c7589656-ad8f-7b9d-c616-eb4bb52d2bd1",
        "data": [
            {
                "text": "I would really love a student kap at louvain la neuve",
                "userDefined": false
            }
        ],
        "isTemplate": false,
        "count": 0,
        "updated": 1560155628
    },
    {
        "id": "6f2ff60c-0fd4-a53c-beba-2c2279032734",
        "data": [
            {
                "text": "what pupil kots àprojet would there be",
                "userDefined": false
            }
        ],
        "isTemplate": false,
        "count": 0,
        "updated": 1560155628
    },
    {
        "id": "986f48ad-eb45-82e4-0551-85a8ac816518",
        "data": [
            {
                "text": "what graduate institutions would there be in belgium",
                "userDefined": false
            }
        ],
        "isTemplate": false,
        "count": 0,
        "updated": 1560155628
    },
    {
        "id": "52edf6a0-d9b8-fd46-5eb8-596e78397242",
        "data": [
            {
                "text": "are there student institutions in louvain",
                "userDefined": false
            }
        ],
        "isTemplate": false,
        "count": 0,
        "updated": 1560155628
    },
    {
        "id": "03da07ff-afcb-3911-fb27-7cd0260a9cfc",
        "data": [
            {
                "text": "I need a pupil cooperative in belgium",
                "userDefined": false
            }
        ],
        "isTemplate": false,
        "count": 0,
        "updated": 1560155628
    },
    {
        "id": "abbe70ef-452d-165f-2c5e-799210df290b",
        "data": [
            {
                "text": "I need a students confederation in belgium",
                "userDefined": false
            }
        ],
        "isTemplate": false,
        "count": 0,
        "updated": 1560155628
    },
    {
        "id": "20362e68-5f75-45bc-d814-bedbfd3b1fe5",
        "data": [
            {
                "text": "are there student institutions at university",
                "userDefined": false
            }
        ],
        "isTemplate": false,
        "count": 0,
        "updated": 1560155628
    },
    {
        "id": "a4ec4869-dfee-6bfd-7b1f-de5110a15776",
        "data": [
            {
                "text": "I am looking for a graduates institution at uclouvain",
                "userDefined": false
            }
        ],
        "isTemplate": false,
        "count": 0,
        "updated": 1560155628
    },
    {
        "id": "bc83a5d5-0e5a-5c8f-fd01-8afd9a7ef6b9",
        "data": [
            {
                "text": "would there be student cooperatives in belgium",
                "userDefined": false
            }
        ],
        "isTemplate": false,
        "count": 0,
        "updated": 1560155628
    },
    {
        "id": "1b687883-5e65-1039-76f7-36287660c4ab",
        "data": [
            {
                "text": "are there students confederations",
                "userDefined": false
            }
        ],
        "isTemplate": false,
        "count": 0,
        "updated": 1560155628
    },
    {
        "id": "4dccc9a0-b1be-3b70-d2da-f32b93d344a5",
        "data": [
            {
                "text": "would there be student cooperatives in Louvain-la-Neuve",
                "userDefined": false
            }
        ],
        "isTemplate": false,
        "count": 0,
        "updated": 1560155628
    },
    {
        "id": "785c440d-e8d6-eccd-155c-d34d4b4a492f",
        "data": [
            {
                "text": "I need a student cooperative",
                "userDefined": false
            }
        ],
        "isTemplate": false,
        "count": 0,
        "updated": 1560155628
    },
    {
        "id": "7b6574b2-06cd-9972-b115-62692c575b99",
        "data": [
            {
                "text": "would there be graduate associations",
                "userDefined": false
            }
        ],
        "isTemplate": false,
        "count": 0,
        "updated": 1560155628
    },
    {
        "id": "1a5955f4-5066-7513-4c4b-346667fdfe80",
        "data": [
            {
                "text": "I am searching for a graduate cooperative in belgium",
                "userDefined": false
            }
        ],
        "isTemplate": false,
        "count": 0,
        "updated": 1560155628
    },
    {
        "id": "899a4c67-5881-8866-2527-54e03452debc",
        "data": [
            {
                "text": "I am looking for pupils institutions",
                "userDefined": false
            }
        ],
        "isTemplate": false,
        "count": 0,
        "updated": 1560155628
    },
    {
        "id": "d29b1803-6941-4cfb-97d5-ff900be5c29c",
        "data": [
            {
                "text": "I am searching for a students kot-à-projet",
                "userDefined": false
            }
        ],
        "isTemplate": false,
        "count": 0,
        "updated": 1560155628
    },
    {
        "id": "b645b7f1-f1b2-b2f3-a2b6-2d20748d0019",
        "data": [
            {
                "text": "what students associations would there be in Louvain la Neuve",
                "userDefined": false
            }
        ],
        "isTemplate": false,
        "count": 0,
        "updated": 1560155628
    },
    {
        "id": "f5fb275f-965c-788e-1ec4-801d2229d389",
        "data": [
            {
                "text": "what pupil clubs are there at the uni",
                "userDefined": false
            }
        ],
        "isTemplate": false,
        "count": 0,
        "updated": 1560155628
    },
    {
        "id": "a3b702b7-c78f-1ea5-1aaf-f3cfb33d9fd4",
        "data": [
            {
                "text": "what pupils cooperatives would there be in belgium",
                "userDefined": false
            }
        ],
        "isTemplate": false,
        "count": 0,
        "updated": 1560155628
    },
    {
        "id": "cbc1be4e-da82-40db-6a55-171f16eee944",
        "data": [
            {
                "text": "what undergraduates confederations are there in belgium",
                "userDefined": false
            }
        ],
        "isTemplate": false,
        "count": 0,
        "updated": 1560155628
    },
    {
        "id": "3d32bf64-ea8c-2923-f0b0-e6405b70ed72",
        "data": [
            {
                "text": "what graduate clubs would there be at UCL",
                "userDefined": false
            }
        ],
        "isTemplate": false,
        "count": 0,
        "updated": 1560155628
    },
    {
        "id": "77bdba3b-f191-5a3d-0530-5f63292c4cd7",
        "data": [
            {
                "text": "what students confederations are there",
                "userDefined": false
            }
        ],
        "isTemplate": false,
        "count": 0,
        "updated": 1560155628
    },
    {
        "id": "64225d9f-7bfb-076a-2fff-cefc0b51ab67",
        "data": [
            {
                "text": "what pupils kap's would there be",
                "userDefined": false
            }
        ],
        "isTemplate": false,
        "count": 0,
        "updated": 1560155628
    },
    {
        "id": "895ebe18-b1b8-8d89-be69-f5c047ee47a2",
        "data": [
            {
                "text": "would there be pupil confederations",
                "userDefined": false
            }
        ],
        "isTemplate": false,
        "count": 0,
        "updated": 1560155628
    },
    {
        "id": "4e30fad3-a0e4-b002-5846-226b58bc08ed",
        "data": [
            {
                "text": "what students cooperatives are there",
                "userDefined": false
            }
        ],
        "isTemplate": false,
        "count": 0,
        "updated": 1560155628
    },
    {
        "id": "f0df7af8-81c0-d15c-e98d-4d2c148d8624",
        "data": [
            {
                "text": "what undergraduate KAPs are there at louvain-la-neuve",
                "userDefined": false
            }
        ],
        "isTemplate": false,
        "count": 0,
        "updated": 1560155628
    },
    {
        "id": "94fd53ed-3a3e-a3d1-089a-bd2bb33f6d9c",
        "data": [
            {
                "text": "I am looking for a graduate confederation there",
                "userDefined": false
            }
        ],
        "isTemplate": false,
        "count": 0,
        "updated": 1560155628
    },
    {
        "id": "e9d1b686-5eb8-5a46-b5a9-4d0b324a018e",
        "data": [
            {
                "text": "what pupil associations would there be",
                "userDefined": false
            }
        ],
        "isTemplate": false,
        "count": 0,
        "updated": 1560155628
    },
    {
        "id": "7fb7d1c9-50b0-8dcf-96bb-cbb17fdb84b9",
        "data": [
            {
                "text": "I am searching for a pupil club there",
                "userDefined": false
            }
        ],
        "isTemplate": false,
        "count": 0,
        "updated": 1560155628
    },
    {
        "id": "b46d5e1a-11a5-de95-d8ce-b0f567428d9d",
        "data": [
            {
                "text": "what graduates confederations would there be",
                "userDefined": false
            }
        ],
        "isTemplate": false,
        "count": 0,
        "updated": 1560155628
    },
    {
        "id": "b5ff358b-78ce-441e-17a5-1e81a79c22e0",
        "data": [
            {
                "text": "what pupils associations are there there",
                "userDefined": false
            }
        ],
        "isTemplate": false,
        "count": 0,
        "updated": 1560155628
    },
    {
        "id": "298f06bf-e991-a27d-7080-e65b311e899a",
        "data": [
            {
                "text": "what undergraduate institutions are there at UCLouvain",
                "userDefined": false
            }
        ],
        "isTemplate": false,
        "count": 0,
        "updated": 1560155628
    },
    {
        "id": "180d74ab-403e-a334-a1ba-0f1110820bcb",
        "data": [
            {
                "text": "what pupil associations are there in louv",
                "userDefined": false
            }
        ],
        "isTemplate": false,
        "count": 0,
        "updated": 1560155628
    },
    {
        "id": "ff0fcee3-be13-8dc1-3a40-35f77bc01ba3",
        "data": [
            {
                "text": "I would like students associations there",
                "userDefined": false
            }
        ],
        "isTemplate": false,
        "count": 0,
        "updated": 1560155628
    },
    {
        "id": "ab098185-b1bc-ee76-778b-2ed66fbe92dc",
        "data": [
            {
                "text": "what students institutions are there",
                "userDefined": false
            }
        ],
        "isTemplate": false,
        "count": 0,
        "updated": 1560155628
    },
    {
        "id": "92d4630c-c704-1fcf-f364-4e8bc148adb1",
        "data": [
            {
                "text": "I need pupil associations",
                "userDefined": false
            }
        ],
        "isTemplate": false,
        "count": 0,
        "updated": 1560155628
    },
    {
        "id": "53d4f4d8-34af-aa0b-5d5e-ae52f5a6c98c",
        "data": [
            {
                "text": "what student clubs would there be at UCL",
                "userDefined": false
            }
        ],
        "isTemplate": false,
        "count": 0,
        "updated": 1560155628
    },
    {
        "id": "fc35796d-9378-195d-f6af-3cdd5a2fb33d",
        "data": [
            {
                "text": "I would love undergraduate clubs",
                "userDefined": false
            }
        ],
        "isTemplate": false,
        "count": 0,
        "updated": 1560155628
    },
    {
        "id": "6e0ab006-854b-171a-b00c-6452f6b91990",
        "data": [
            {
                "text": "what students associations are there",
                "userDefined": false
            }
        ],
        "isTemplate": false,
        "count": 0,
        "updated": 1560155628
    },
    {
        "id": "3070adb7-f771-bc7f-d5ec-ff03d58dab75",
        "data": [
            {
                "text": "I am searching for a undergraduates KAP in Louvain la Neuve",
                "userDefined": false
            }
        ],
        "isTemplate": false,
        "count": 0,
        "updated": 1560155628
    },
    {
        "id": "9e14d124-cb01-db8b-8ecc-50b54de1e376",
        "data": [
            {
                "text": "I would really want a undergraduates Kot-A-Projet",
                "userDefined": false
            }
        ],
        "isTemplate": false,
        "count": 0,
        "updated": 1560155628
    },
    {
        "id": "711225fe-1688-efc5-ea21-d98ae364b7a4",
        "data": [
            {
                "text": "are there graduate clubs in belgium",
                "userDefined": false
            }
        ],
        "isTemplate": false,
        "count": 0,
        "updated": 1560155628
    },
    {
        "id": "d7cd6464-456e-fcc3-7681-e7941188b013",
        "data": [
            {
                "text": "I need undergraduates clubs",
                "userDefined": false
            }
        ],
        "isTemplate": false,
        "count": 0,
        "updated": 1560155628
    },
    {
        "id": "3af21757-affe-e23c-15d5-29ff09fba443",
        "data": [
            {
                "text": "I'd love a student kot-à-projet",
                "userDefined": false
            }
        ],
        "isTemplate": false,
        "count": 0,
        "updated": 1560155628
    },
    {
        "id": "2b08de63-6139-8688-830b-feb0f96cec2a",
        "data": [
            {
                "text": "I am searching for pupil associations",
                "userDefined": false
            }
        ],
        "isTemplate": false,
        "count": 0,
        "updated": 1560155628
    },
    {
        "id": "77ab63da-9886-2a9c-eca5-0469404622f6",
        "data": [
            {
                "text": "I am searching for a graduate association",
                "userDefined": false
            }
        ],
        "isTemplate": false,
        "count": 0,
        "updated": 1560155628
    },
    {
        "id": "78f9c19f-1cd5-3bcb-28f4-e97bffbb3421",
        "data": [
            {
                "text": "I need a undergraduate institution",
                "userDefined": false
            }
        ],
        "isTemplate": false,
        "count": 0,
        "updated": 1560155628
    },
    {
        "id": "3c63b23f-f62a-e44f-d5a2-ba8ba9c77d28",
        "data": [
            {
                "text": "what pupil confederations are there",
                "userDefined": false
            }
        ],
        "isTemplate": false,
        "count": 0,
        "updated": 1560155628
    },
    {
        "id": "29c3df5d-f614-a8ad-e809-8ef8a0c0fafc",
        "data": [
            {
                "text": "I am searching for students confederations at UCL",
                "userDefined": false
            }
        ],
        "isTemplate": false,
        "count": 0,
        "updated": 1560155628
    },
    {
        "id": "90140448-4745-bbe9-96f0-7acccd850c39",
        "data": [
            {
                "text": "are there student cooperatives",
                "userDefined": false
            }
        ],
        "isTemplate": false,
        "count": 0,
        "updated": 1560155628
    },
    {
        "id": "35eba59e-6cfa-f232-3c07-ba57b39a8c1b",
        "data": [
            {
                "text": "are there students confederations in belgium",
                "userDefined": false
            }
        ],
        "isTemplate": false,
        "count": 0,
        "updated": 1560155628
    },
    {
        "id": "1c8ecf59-79db-0b6d-4312-6dbe7eef14f2",
        "data": [
            {
                "text": "are there pupils confederations",
                "userDefined": false
            }
        ],
        "isTemplate": false,
        "count": 0,
        "updated": 1560155628
    },
    {
        "id": "789550aa-c968-cad5-3af8-fe2e6cf439a2",
        "data": [
            {
                "text": "what students kots àprojet are there there",
                "userDefined": false
            }
        ],
        "isTemplate": false,
        "count": 0,
        "updated": 1560155628
    },
    {
        "id": "5d37f6ef-75aa-bbdc-e2db-0d5fa53d9e78",
        "data": [
            {
                "text": "what undergraduates confederations are there there",
                "userDefined": false
            }
        ],
        "isTemplate": false,
        "count": 0,
        "updated": 1560155628
    },
    {
        "id": "4fd371a3-6c21-8b3f-85ab-3c87d7db5faf",
        "data": [
            {
                "text": "I am looking for undergraduates clubs there",
                "userDefined": false
            }
        ],
        "isTemplate": false,
        "count": 0,
        "updated": 1560155628
    },
    {
        "id": "ee79d249-89a9-e351-885e-504d3739f05b",
        "data": [
            {
                "text": "I am searching for a students confederation",
                "userDefined": false
            }
        ],
        "isTemplate": false,
        "count": 0,
        "updated": 1560155628
    },
    {
        "id": "a13391ea-de3d-ec60-16d6-c3e6c31a763f",
        "data": [
            {
                "text": "what pupil confederations would there be at louv",
                "userDefined": false
            }
        ],
        "isTemplate": false,
        "count": 0,
        "updated": 1560155628
    },
    {
        "id": "f3f170b5-29cb-2f65-b85d-8d6b2c206b8e",
        "data": [
            {
                "text": "I am looking for pupils associations",
                "userDefined": false
            }
        ],
        "isTemplate": false,
        "count": 0,
        "updated": 1560155628
    },
    {
        "id": "cb7f0ca7-05e7-1e18-9795-714335e76845",
        "data": [
            {
                "text": "I would really love pupil cooperatives in belgium",
                "userDefined": false
            }
        ],
        "isTemplate": false,
        "count": 0,
        "updated": 1560155628
    },
    {
        "id": "c9a5ea30-6b7d-378c-ae1f-543ebbd14dec",
        "data": [
            {
                "text": "I need student confederations",
                "userDefined": false
            }
        ],
        "isTemplate": false,
        "count": 0,
        "updated": 1560155628
    },
    {
        "id": "a02c1784-15f9-da1f-de3e-9607027d10ca",
        "data": [
            {
                "text": "what graduates confederations would there be in louv",
                "userDefined": false
            }
        ],
        "isTemplate": false,
        "count": 0,
        "updated": 1560155628
    },
    {
        "id": "25df2155-8bf8-2a28-6c1d-968e59ddc3db",
        "data": [
            {
                "text": "what students associations would there be at uclouvain",
                "userDefined": false
            }
        ],
        "isTemplate": false,
        "count": 0,
        "updated": 1560155628
    },
    {
        "id": "3b99af8c-c893-6fd5-a1be-52338869a060",
        "data": [
            {
                "text": "I need a student confederation",
                "userDefined": false
            }
        ],
        "isTemplate": false,
        "count": 0,
        "updated": 1560155628
    },
    {
        "id": "ae096a2b-de70-3de2-8dac-e077aede0c80",
        "data": [
            {
                "text": "what pupils cooperatives are there in louvain-la-neuve",
                "userDefined": false
            }
        ],
        "isTemplate": false,
        "count": 0,
        "updated": 1560155628
    },
    {
        "id": "88d676bc-296b-78c4-39a9-a11d9b171065",
        "data": [
            {
                "text": "I would love pupil clubs",
                "userDefined": false
            }
        ],
        "isTemplate": false,
        "count": 0,
        "updated": 1560155628
    },
    {
        "id": "0e399cbc-c442-f06c-f850-6c737f2beced",
        "data": [
            {
                "text": "I'd love pupils confederations",
                "userDefined": false
            }
        ],
        "isTemplate": false,
        "count": 0,
        "updated": 1560155628
    },
    {
        "id": "9cf75c86-3d7a-7563-a8bc-4c2570179393",
        "data": [
            {
                "text": "I need a graduate confederation",
                "userDefined": false
            }
        ],
        "isTemplate": false,
        "count": 0,
        "updated": 1560155628
    },
    {
        "id": "5b269453-1a0c-2e81-ba88-330a95766e24",
        "data": [
            {
                "text": "what pupil Kots A Projet are there there",
                "userDefined": false
            }
        ],
        "isTemplate": false,
        "count": 0,
        "updated": 1560155628
    },
    {
        "id": "1af3b0d3-10d8-5076-513a-796a0dcfd08a",
        "data": [
            {
                "text": "are there pupil confederations",
                "userDefined": false
            }
        ],
        "isTemplate": false,
        "count": 0,
        "updated": 1560155628
    },
    {
        "id": "07632e6c-f9fe-0b35-462c-6e1f6ca0ae29",
        "data": [
            {
                "text": "I am searching for a student cooperative",
                "userDefined": false
            }
        ],
        "isTemplate": false,
        "count": 0,
        "updated": 1560155628
    },
    {
        "id": "35381abe-8c00-bc47-e090-fe08e95ccf95",
        "data": [
            {
                "text": "what graduate confederations would there be",
                "userDefined": false
            }
        ],
        "isTemplate": false,
        "count": 0,
        "updated": 1560155628
    },
    {
        "id": "f6aa91ea-58fc-8c99-65bb-1e7e58f7595a",
        "data": [
            {
                "text": "would there be students clubs",
                "userDefined": false
            }
        ],
        "isTemplate": false,
        "count": 0,
        "updated": 1560155628
    },
    {
        "id": "e30f4806-1901-1332-7d80-1eea562366b8",
        "data": [
            {
                "text": "I would really like a students confederation in belgium",
                "userDefined": false
            }
        ],
        "isTemplate": false,
        "count": 0,
        "updated": 1560155628
    },
    {
        "id": "4143a97c-dc91-0abb-3595-04b587919e28",
        "data": [
            {
                "text": "what students Kots-A-Projet are there",
                "userDefined": false
            }
        ],
        "isTemplate": false,
        "count": 0,
        "updated": 1560155628
    },
    {
        "id": "69a3f722-f5d2-2f60-74de-3b5f9e370759",
        "data": [
            {
                "text": "I need a pupils confederation there",
                "userDefined": false
            }
        ],
        "isTemplate": false,
        "count": 0,
        "updated": 1560155628
    },
    {
        "id": "7170ffd5-4174-d59e-dd13-98c0b253c21b",
        "data": [
            {
                "text": "I am looking for students cooperatives",
                "userDefined": false
            }
        ],
        "isTemplate": false,
        "count": 0,
        "updated": 1560155628
    },
    {
        "id": "3adedc93-0ed2-33e6-51aa-5bc982c9c1ee",
        "data": [
            {
                "text": "what pupils institutions would there be at ucl",
                "userDefined": false
            }
        ],
        "isTemplate": false,
        "count": 0,
        "updated": 1560155628
    },
    {
        "id": "f7cf5c27-08e0-1c9f-c2a6-2730efee3ab9",
        "data": [
            {
                "text": "what graduate institutions would there be",
                "userDefined": false
            }
        ],
        "isTemplate": false,
        "count": 0,
        "updated": 1560155628
    },
    {
        "id": "a95f089b-da36-b024-416b-b1a6c7362da6",
        "data": [
            {
                "text": "I'd really like a student cooperative in louv",
                "userDefined": false
            }
        ],
        "isTemplate": false,
        "count": 0,
        "updated": 1560155628
    },
    {
        "id": "4b9a1df6-352e-952f-9b02-a2f86181dd36",
        "data": [
            {
                "text": "are there students Kots A Projet at uclouvain",
                "userDefined": false
            }
        ],
        "isTemplate": false,
        "count": 0,
        "updated": 1560155628
    },
    {
        "id": "e4d86475-1a2c-5268-3b23-6b4401ed23db",
        "data": [
            {
                "text": "I am looking for students associations in Louvain la Neuve",
                "userDefined": false
            }
        ],
        "isTemplate": false,
        "count": 0,
        "updated": 1560155628
    }
]