[
    {
        "id": "6bc6c424-d48d-d190-edd3-3c80e5de14a3",
        "data": [
            {
                "text": "what does a mutualité do",
                "userDefined": false
            }
        ],
        "isTemplate": false,
        "count": 0,
        "updated": 1560155628
    },
    {
        "id": "6511e073-38aa-df58-a454-c65829059685",
        "data": [
            {
                "text": "what does a health insurance do",
                "userDefined": false
            }
        ],
        "isTemplate": false,
        "count": 0,
        "updated": 1560155628
    },
    {
        "id": "a9cd78c2-a6b5-6c80-b65b-96909b1f1df1",
        "data": [
            {
                "text": "what does a mutuelle do",
                "userDefined": false
            }
        ],
        "isTemplate": false,
        "count": 0,
        "updated": 1560155628
    },
    {
        "id": "0d967b94-dd95-d117-fd4d-88ab297021e4",
        "data": [
            {
                "text": "why will I get a health insurance",
                "userDefined": false
            }
        ],
        "isTemplate": false,
        "count": 0,
        "updated": 1560155628
    },
    {
        "id": "bf7bfc89-4782-9557-df2e-07aa65ec43e2",
        "data": [
            {
                "text": "what do I have to acquire a health insurance for",
                "userDefined": false
            }
        ],
        "isTemplate": false,
        "count": 0,
        "updated": 1560155628
    },
    {
        "id": "327147bd-75d9-0f23-d2ad-6eaa0ed6a95c",
        "data": [
            {
                "text": "what will I have to get a mutuelle for",
                "userDefined": false
            }
        ],
        "isTemplate": false,
        "count": 0,
        "updated": 1560155628
    },
    {
        "id": "23884db1-b163-8b3a-f79a-3974bf219f11",
        "data": [
            {
                "text": "what would I obtain a health insurance for",
                "userDefined": false
            }
        ],
        "isTemplate": false,
        "count": 0,
        "updated": 1560155628
    },
    {
        "id": "ad8077ba-7658-acc2-9916-15aa9b2ac59f",
        "data": [
            {
                "text": "what should I get a mutuelle for",
                "userDefined": false
            }
        ],
        "isTemplate": false,
        "count": 0,
        "updated": 1560155628
    },
    {
        "id": "b8a08a40-c655-f2d6-7030-73f758a6cc80",
        "data": [
            {
                "text": "what will I obtain a mutuelle for",
                "userDefined": false
            }
        ],
        "isTemplate": false,
        "count": 0,
        "updated": 1560155628
    },
    {
        "id": "73d3ac0e-c177-761e-afeb-d69c08d91bb2",
        "data": [
            {
                "text": "what do I have to get a health insurance for",
                "userDefined": false
            }
        ],
        "isTemplate": false,
        "count": 0,
        "updated": 1560155628
    },
    {
        "id": "9499e0a1-135d-52f9-337f-6ccd20321855",
        "data": [
            {
                "text": "why do I need to obtain a mutuelle",
                "userDefined": false
            }
        ],
        "isTemplate": false,
        "count": 0,
        "updated": 1560155628
    },
    {
        "id": "5d4c5fe9-e218-d2ce-a1e7-aaa7c9ed951a",
        "data": [
            {
                "text": "why should I get a mutuelle",
                "userDefined": false
            }
        ],
        "isTemplate": false,
        "count": 0,
        "updated": 1560155628
    },
    {
        "id": "5cd41824-9e0c-2073-9e46-ddf6d3aae38d",
        "data": [
            {
                "text": "why should I acquire a health insurance",
                "userDefined": false
            }
        ],
        "isTemplate": false,
        "count": 0,
        "updated": 1560155628
    },
    {
        "id": "a1fd3b31-a119-8a22-8872-9bba2fee8250",
        "data": [
            {
                "text": "what does a mutualite do",
                "userDefined": false
            }
        ],
        "isTemplate": false,
        "count": 0,
        "updated": 1560155628
    },
    {
        "id": "4d627827-5fb9-0d95-28e4-34f15a208117",
        "data": [
            {
                "text": "what should I need to obtain a health insurance for",
                "userDefined": false
            }
        ],
        "isTemplate": false,
        "count": 0,
        "updated": 1560155628
    },
    {
        "id": "1cd8a855-0869-7031-00c7-66bf628782ab",
        "data": [
            {
                "text": "why would I receive a health insurance",
                "userDefined": false
            }
        ],
        "isTemplate": false,
        "count": 0,
        "updated": 1560155628
    },
    {
        "id": "38a45381-7d55-5452-27b2-30b0c0b5fa57",
        "data": [
            {
                "text": "what should I obtain a health insurance for",
                "userDefined": false
            }
        ],
        "isTemplate": false,
        "count": 0,
        "updated": 1560155628
    },
    {
        "id": "09e50a9b-a791-b6f8-4670-2f7253cd5ae4",
        "data": [
            {
                "text": "why do I need to obtain a health insurance",
                "userDefined": false
            }
        ],
        "isTemplate": false,
        "count": 0,
        "updated": 1560155628
    },
    {
        "id": "428bc8e9-32fb-dc93-36b9-9d066be96ed7",
        "data": [
            {
                "text": "what should I receive a health insurance for",
                "userDefined": false
            }
        ],
        "isTemplate": false,
        "count": 0,
        "updated": 1560155628
    },
    {
        "id": "da147a0a-5f07-c04d-ae8a-343e27d85430",
        "data": [
            {
                "text": "why would I obtain a mutualite",
                "userDefined": false
            }
        ],
        "isTemplate": false,
        "count": 0,
        "updated": 1560155628
    },
    {
        "id": "a6147ea9-5ca5-4017-f5da-82e7f414b03a",
        "data": [
            {
                "text": "why would I need to obtain a mutuelle",
                "userDefined": false
            }
        ],
        "isTemplate": false,
        "count": 0,
        "updated": 1560155628
    },
    {
        "id": "3e9eb765-88dc-142e-7dd7-aeb06467bf24",
        "data": [
            {
                "text": "why should I obtain a mutuelle",
                "userDefined": false
            }
        ],
        "isTemplate": false,
        "count": 0,
        "updated": 1560155628
    },
    {
        "id": "47f26930-429b-fa6e-83da-6c67c4cef091",
        "data": [
            {
                "text": "what will I get a mutuelle for",
                "userDefined": false
            }
        ],
        "isTemplate": false,
        "count": 0,
        "updated": 1560155628
    },
    {
        "id": "9b060017-8a99-4841-6d26-c5074d5ef831",
        "data": [
            {
                "text": "what will I get a health insurance for",
                "userDefined": false
            }
        ],
        "isTemplate": false,
        "count": 0,
        "updated": 1560155628
    },
    {
        "id": "e73ff264-9759-a860-bac6-5cfaa87c659d",
        "data": [
            {
                "text": "why will I acquire a health insurance",
                "userDefined": false
            }
        ],
        "isTemplate": false,
        "count": 0,
        "updated": 1560155628
    },
    {
        "id": "061e7fe9-9a35-f14c-30c9-4f35d51c23c8",
        "data": [
            {
                "text": "why should I need to obtain a mutuelle",
                "userDefined": false
            }
        ],
        "isTemplate": false,
        "count": 0,
        "updated": 1560155628
    },
    {
        "id": "d5f9d9ae-69bb-930c-1e1a-88adf79363d6",
        "data": [
            {
                "text": "why should I receive a mutuelle",
                "userDefined": false
            }
        ],
        "isTemplate": false,
        "count": 0,
        "updated": 1560155628
    },
    {
        "id": "e8a43c6b-75fe-d0fa-ef5e-bb3a0698d6a8",
        "data": [
            {
                "text": "why do I have to acquire a health insurance",
                "userDefined": false
            }
        ],
        "isTemplate": false,
        "count": 0,
        "updated": 1560155628
    },
    {
        "id": "2cb38637-64d0-4664-bd06-a69b3447ddc0",
        "data": [
            {
                "text": "why should I get a health insurance",
                "userDefined": false
            }
        ],
        "isTemplate": false,
        "count": 0,
        "updated": 1560155628
    },
    {
        "id": "8c143474-6051-34b8-db26-a968fa32b23c",
        "data": [
            {
                "text": "why should I receive a mutualité",
                "userDefined": false
            }
        ],
        "isTemplate": false,
        "count": 0,
        "updated": 1560155628
    },
    {
        "id": "b325cff3-fea0-cf66-57a0-eea6ed214176",
        "data": [
            {
                "text": "why would I get a health insurance",
                "userDefined": false
            }
        ],
        "isTemplate": false,
        "count": 0,
        "updated": 1560155628
    },
    {
        "id": "44d5dd89-c1a0-6d9a-cad0-a9e10f95607d",
        "data": [
            {
                "text": "what do I need to obtain a mutualité for",
                "userDefined": false
            }
        ],
        "isTemplate": false,
        "count": 0,
        "updated": 1560155628
    },
    {
        "id": "2e3bdaa1-affa-649a-0dfc-0040c3e8aa7c",
        "data": [
            {
                "text": "what should I have to get a mutuelle for",
                "userDefined": false
            }
        ],
        "isTemplate": false,
        "count": 0,
        "updated": 1560155628
    },
    {
        "id": "39a4a96e-1b8d-eda5-536e-11841ded7f8b",
        "data": [
            {
                "text": "what should I have to acquire a mutuelle for",
                "userDefined": false
            }
        ],
        "isTemplate": false,
        "count": 0,
        "updated": 1560155628
    },
    {
        "id": "4af1010c-8763-fd2c-422e-ec8634cfc5f3",
        "data": [
            {
                "text": "why do I need to get a mutualité",
                "userDefined": false
            }
        ],
        "isTemplate": false,
        "count": 0,
        "updated": 1560155628
    },
    {
        "id": "1b41e16e-178b-2dd2-599a-669d71849b04",
        "data": [
            {
                "text": "why would I have to get a health insurance",
                "userDefined": false
            }
        ],
        "isTemplate": false,
        "count": 0,
        "updated": 1560155628
    },
    {
        "id": "159c9c98-89ce-6088-c64a-5ccfd89face6",
        "data": [
            {
                "text": "what should I have to receive a mutuelle for",
                "userDefined": false
            }
        ],
        "isTemplate": false,
        "count": 0,
        "updated": 1560155628
    },
    {
        "id": "a57f8e99-83f8-2d1e-f267-644ff7bbb832",
        "data": [
            {
                "text": "what should I have to obtain a health insurance for",
                "userDefined": false
            }
        ],
        "isTemplate": false,
        "count": 0,
        "updated": 1560155628
    },
    {
        "id": "f34c85b1-0e95-6f90-f2fc-2a07c9d4d2f1",
        "data": [
            {
                "text": "why would I need to obtain a mutualité",
                "userDefined": false
            }
        ],
        "isTemplate": false,
        "count": 0,
        "updated": 1560155628
    },
    {
        "id": "0f0a5009-8794-9fd5-3c87-64515757fc91",
        "data": [
            {
                "text": "what should I have to obtain a mutualité for",
                "userDefined": false
            }
        ],
        "isTemplate": false,
        "count": 0,
        "updated": 1560155628
    },
    {
        "id": "a076ec47-686e-9b36-5bab-cd7d49b9d4c0",
        "data": [
            {
                "text": "why will I get a mutuelle",
                "userDefined": false
            }
        ],
        "isTemplate": false,
        "count": 0,
        "updated": 1560155628
    },
    {
        "id": "cf879146-f138-12d6-67cb-ca0009734557",
        "data": [
            {
                "text": "why do I need to receive a health insurance",
                "userDefined": false
            }
        ],
        "isTemplate": false,
        "count": 0,
        "updated": 1560155628
    },
    {
        "id": "6ec76e81-6c87-f4a6-364d-0b71c9c01635",
        "data": [
            {
                "text": "what will I need to obtain a mutuelle for",
                "userDefined": false
            }
        ],
        "isTemplate": false,
        "count": 0,
        "updated": 1560155628
    },
    {
        "id": "b469a048-9db6-ada6-7f4b-9df792a7da3a",
        "data": [
            {
                "text": "what do I have to acquire a mutuelle for",
                "userDefined": false
            }
        ],
        "isTemplate": false,
        "count": 0,
        "updated": 1560155628
    },
    {
        "id": "f784688b-8f4a-e3a5-c118-5cb5bb91d8e3",
        "data": [
            {
                "text": "why will I obtain a mutuelle",
                "userDefined": false
            }
        ],
        "isTemplate": false,
        "count": 0,
        "updated": 1560155628
    },
    {
        "id": "21f706a5-efcc-1853-9d2e-4a9bdfe57de4",
        "data": [
            {
                "text": "what do I need to receive a mutuelle for",
                "userDefined": false
            }
        ],
        "isTemplate": false,
        "count": 0,
        "updated": 1560155628
    },
    {
        "id": "0b0a3b38-3c8d-8f66-0dd7-4285baa0e816",
        "data": [
            {
                "text": "what do I need to acquire a mutualite for",
                "userDefined": false
            }
        ],
        "isTemplate": false,
        "count": 0,
        "updated": 1560155628
    },
    {
        "id": "b49d375a-3ba2-62d8-0439-bc8f48d3a911",
        "data": [
            {
                "text": "why should I need to acquire a health insurance",
                "userDefined": false
            }
        ],
        "isTemplate": false,
        "count": 0,
        "updated": 1560155628
    },
    {
        "id": "4ac1ab3a-9fb9-4c73-1131-fa67b4a239cd",
        "data": [
            {
                "text": "why should I need to obtain a health insurance",
                "userDefined": false
            }
        ],
        "isTemplate": false,
        "count": 0,
        "updated": 1560155628
    },
    {
        "id": "72b825da-4da5-50ce-b35c-afbdc244d1be",
        "data": [
            {
                "text": "what should I obtain a mutualité for",
                "userDefined": false
            }
        ],
        "isTemplate": false,
        "count": 0,
        "updated": 1560155628
    },
    {
        "id": "275b8998-6254-430b-de36-3349ba429e32",
        "data": [
            {
                "text": "why do I have to acquire a mutuelle",
                "userDefined": false
            }
        ],
        "isTemplate": false,
        "count": 0,
        "updated": 1560155628
    },
    {
        "id": "1d08b9f8-d3f6-871b-83d5-a0d38ff38e08",
        "data": [
            {
                "text": "why do I need to get a health insurance",
                "userDefined": false
            }
        ],
        "isTemplate": false,
        "count": 0,
        "updated": 1560155628
    },
    {
        "id": "71161bd2-8986-d961-c2e6-beceac52fda0",
        "data": [
            {
                "text": "why will I receive a mutualité",
                "userDefined": false
            }
        ],
        "isTemplate": false,
        "count": 0,
        "updated": 1560155628
    },
    {
        "id": "55ff9a4d-6d04-5117-11c0-71b929fb5d83",
        "data": [
            {
                "text": "why will I have to receive a mutualite",
                "userDefined": false
            }
        ],
        "isTemplate": false,
        "count": 0,
        "updated": 1560155628
    },
    {
        "id": "e49d000c-38d5-5326-bea9-8e5ddcc366c2",
        "data": [
            {
                "text": "what do I have to receive a mutualite for",
                "userDefined": false
            }
        ],
        "isTemplate": false,
        "count": 0,
        "updated": 1560155628
    },
    {
        "id": "c5fd035e-beda-787b-08df-939da0141266",
        "data": [
            {
                "text": "why will I need to obtain a mutualité",
                "userDefined": false
            }
        ],
        "isTemplate": false,
        "count": 0,
        "updated": 1560155628
    },
    {
        "id": "260fb42e-ce77-63ea-4a85-109eaf139497",
        "data": [
            {
                "text": "why would I acquire a mutualité",
                "userDefined": false
            }
        ],
        "isTemplate": false,
        "count": 0,
        "updated": 1560155628
    },
    {
        "id": "5a5b7825-498b-5a36-270c-caece25a5daf",
        "data": [
            {
                "text": "what would I obtain a mutuelle for",
                "userDefined": false
            }
        ],
        "isTemplate": false,
        "count": 0,
        "updated": 1560155628
    },
    {
        "id": "2792932b-695d-2c91-08c7-078ccec6e427",
        "data": [
            {
                "text": "why should I have to acquire a mutuelle",
                "userDefined": false
            }
        ],
        "isTemplate": false,
        "count": 0,
        "updated": 1560155628
    },
    {
        "id": "e07cddba-7a33-fd69-7b09-c1acd257995d",
        "data": [
            {
                "text": "what do I need to obtain a health insurance for",
                "userDefined": false
            }
        ],
        "isTemplate": false,
        "count": 0,
        "updated": 1560155628
    },
    {
        "id": "d9ffddaf-5264-9b80-5a4d-f543da9fa045",
        "data": [
            {
                "text": "what will I acquire a health insurance for",
                "userDefined": false
            }
        ],
        "isTemplate": false,
        "count": 0,
        "updated": 1560155628
    },
    {
        "id": "cc79ecb4-b888-fc9e-badd-d6280d38ed67",
        "data": [
            {
                "text": "why would I obtain a health insurance",
                "userDefined": false
            }
        ],
        "isTemplate": false,
        "count": 0,
        "updated": 1560155628
    },
    {
        "id": "94cb23c5-0f3f-f8f9-40d2-5f79f075f62e",
        "data": [
            {
                "text": "why do I need to get a mutualite",
                "userDefined": false
            }
        ],
        "isTemplate": false,
        "count": 0,
        "updated": 1560155628
    },
    {
        "id": "447967fe-b65c-6eb7-f989-52e921cc8168",
        "data": [
            {
                "text": "why do I have to receive a mutuelle",
                "userDefined": false
            }
        ],
        "isTemplate": false,
        "count": 0,
        "updated": 1560155628
    },
    {
        "id": "d7472d71-a46a-f774-7f9d-a552fd616cf8",
        "data": [
            {
                "text": "why would I need to obtain a health insurance",
                "userDefined": false
            }
        ],
        "isTemplate": false,
        "count": 0,
        "updated": 1560155628
    },
    {
        "id": "2ad0cf20-942f-8010-085f-0fae556da57d",
        "data": [
            {
                "text": "what will I need to obtain a mutualité for",
                "userDefined": false
            }
        ],
        "isTemplate": false,
        "count": 0,
        "updated": 1560155628
    },
    {
        "id": "96f4b192-85b8-f6de-ba92-70fb74ce37ac",
        "data": [
            {
                "text": "why should I acquire a mutuelle",
                "userDefined": false
            }
        ],
        "isTemplate": false,
        "count": 0,
        "updated": 1560155628
    },
    {
        "id": "d1632c1f-f6a2-49d5-8658-668d5fc25895",
        "data": [
            {
                "text": "what will I acquire a mutuelle for",
                "userDefined": false
            }
        ],
        "isTemplate": false,
        "count": 0,
        "updated": 1560155628
    },
    {
        "id": "70da28be-ef50-30fe-e409-74db0d652860",
        "data": [
            {
                "text": "what will I need to obtain a health insurance for",
                "userDefined": false
            }
        ],
        "isTemplate": false,
        "count": 0,
        "updated": 1560155628
    },
    {
        "id": "b3f775af-aee2-0fa2-e77d-14fe41b7fd1f",
        "data": [
            {
                "text": "what would I receive a health insurance for",
                "userDefined": false
            }
        ],
        "isTemplate": false,
        "count": 0,
        "updated": 1560155628
    },
    {
        "id": "21b123d6-a287-a9f1-bd94-e899a59d1d6a",
        "data": [
            {
                "text": "why would I have to receive a mutuelle",
                "userDefined": false
            }
        ],
        "isTemplate": false,
        "count": 0,
        "updated": 1560155628
    },
    {
        "id": "703ad311-928d-61cb-eafe-036aabe026c2",
        "data": [
            {
                "text": "what would I have to acquire a health insurance for",
                "userDefined": false
            }
        ],
        "isTemplate": false,
        "count": 0,
        "updated": 1560155628
    },
    {
        "id": "bf33962b-770c-1dc9-e7c2-87f251611419",
        "data": [
            {
                "text": "what should I acquire a mutuelle for",
                "userDefined": false
            }
        ],
        "isTemplate": false,
        "count": 0,
        "updated": 1560155628
    },
    {
        "id": "fc314264-7efb-2695-5b38-116491e5cc33",
        "data": [
            {
                "text": "why would I get a mutuelle",
                "userDefined": false
            }
        ],
        "isTemplate": false,
        "count": 0,
        "updated": 1560155628
    },
    {
        "id": "3b611b6e-4adb-2039-2dbd-c9726647085f",
        "data": [
            {
                "text": "what should I acquire a health insurance for",
                "userDefined": false
            }
        ],
        "isTemplate": false,
        "count": 0,
        "updated": 1560155628
    },
    {
        "id": "62162a0c-985b-e679-63bf-18104b6e9f48",
        "data": [
            {
                "text": "what do I need to acquire a health insurance for",
                "userDefined": false
            }
        ],
        "isTemplate": false,
        "count": 0,
        "updated": 1560155628
    },
    {
        "id": "75647b26-b4d3-938f-b58a-1f87334633e9",
        "data": [
            {
                "text": "what will I receive a health insurance for",
                "userDefined": false
            }
        ],
        "isTemplate": false,
        "count": 0,
        "updated": 1560155628
    },
    {
        "id": "c2f3be79-d169-e0ea-8b24-925d818d225b",
        "data": [
            {
                "text": "why should I have to obtain a health insurance",
                "userDefined": false
            }
        ],
        "isTemplate": false,
        "count": 0,
        "updated": 1560155628
    },
    {
        "id": "e8f4418a-6c4a-d80f-3bfa-e257f4efba0b",
        "data": [
            {
                "text": "what should I get a health insurance for",
                "userDefined": false
            }
        ],
        "isTemplate": false,
        "count": 0,
        "updated": 1560155628
    },
    {
        "id": "6ce12745-0b38-8738-2924-c2b14dbc5a04",
        "data": [
            {
                "text": "why do I have to obtain a health insurance",
                "userDefined": false
            }
        ],
        "isTemplate": false,
        "count": 0,
        "updated": 1560155628
    },
    {
        "id": "f3418f99-e36a-fe8a-236f-d7037a26d8a2",
        "data": [
            {
                "text": "why would I receive a mutualite",
                "userDefined": false
            }
        ],
        "isTemplate": false,
        "count": 0,
        "updated": 1560155628
    },
    {
        "id": "6ed44d3a-a761-65b2-15cf-b457fd3875c0",
        "data": [
            {
                "text": "why would I need to acquire a health insurance",
                "userDefined": false
            }
        ],
        "isTemplate": false,
        "count": 0,
        "updated": 1560155628
    },
    {
        "id": "c7f21168-33a8-b228-c307-dbb16126089e",
        "data": [
            {
                "text": "what do I need to receive a health insurance for",
                "userDefined": false
            }
        ],
        "isTemplate": false,
        "count": 0,
        "updated": 1560155628
    },
    {
        "id": "73225a11-6939-4a27-88fb-346901471298",
        "data": [
            {
                "text": "what will I obtain a mutualite for",
                "userDefined": false
            }
        ],
        "isTemplate": false,
        "count": 0,
        "updated": 1560155628
    },
    {
        "id": "c08bb0d4-c21b-3103-36a6-0cec7b43524c",
        "data": [
            {
                "text": "what would I need to get a mutualite for",
                "userDefined": false
            }
        ],
        "isTemplate": false,
        "count": 0,
        "updated": 1560155628
    },
    {
        "id": "72e3e3de-b12e-569c-c864-977c76641e16",
        "data": [
            {
                "text": "what should I need to get a health insurance for",
                "userDefined": false
            }
        ],
        "isTemplate": false,
        "count": 0,
        "updated": 1560155628
    },
    {
        "id": "f0b3d08f-8d6a-0900-83f6-3acf5af39414",
        "data": [
            {
                "text": "why do I have to acquire a mutualite",
                "userDefined": false
            }
        ],
        "isTemplate": false,
        "count": 0,
        "updated": 1560155628
    },
    {
        "id": "1640325f-f100-13e6-cb87-9700179baff5",
        "data": [
            {
                "text": "why would I acquire a mutuelle",
                "userDefined": false
            }
        ],
        "isTemplate": false,
        "count": 0,
        "updated": 1560155628
    },
    {
        "id": "31fd6491-7047-9c50-7ea6-a72e9198b596",
        "data": [
            {
                "text": "why should I have to receive a health insurance",
                "userDefined": false
            }
        ],
        "isTemplate": false,
        "count": 0,
        "updated": 1560155628
    },
    {
        "id": "f6d8e258-3b27-0476-be77-da84baa3b80d",
        "data": [
            {
                "text": "why would I acquire a health insurance",
                "userDefined": false
            }
        ],
        "isTemplate": false,
        "count": 0,
        "updated": 1560155628
    },
    {
        "id": "27807dca-4615-d80f-2dc8-65448430fc1a",
        "data": [
            {
                "text": "what should I need to get a mutuelle for",
                "userDefined": false
            }
        ],
        "isTemplate": false,
        "count": 0,
        "updated": 1560155628
    },
    {
        "id": "2685e0e9-887c-7310-d67b-20563bbff394",
        "data": [
            {
                "text": "why should I receive a health insurance",
                "userDefined": false
            }
        ],
        "isTemplate": false,
        "count": 0,
        "updated": 1560155628
    },
    {
        "id": "1c9ff62f-9034-d5a4-6690-c493f854d5df",
        "data": [
            {
                "text": "what would I need to receive a health insurance for",
                "userDefined": false
            }
        ],
        "isTemplate": false,
        "count": 0,
        "updated": 1560155628
    },
    {
        "id": "f6f685de-c209-5fd6-8ef2-e191fc924d87",
        "data": [
            {
                "text": "what should I receive a mutuelle for",
                "userDefined": false
            }
        ],
        "isTemplate": false,
        "count": 0,
        "updated": 1560155628
    },
    {
        "id": "6871bfa9-0dbc-058f-09bc-51527f439963",
        "data": [
            {
                "text": "why do I need to acquire a mutuelle",
                "userDefined": false
            }
        ],
        "isTemplate": false,
        "count": 0,
        "updated": 1560155628
    },
    {
        "id": "eec177a5-1f1b-f8f5-4b4b-697516063d76",
        "data": [
            {
                "text": "why will I receive a health insurance",
                "userDefined": false
            }
        ],
        "isTemplate": false,
        "count": 0,
        "updated": 1560155628
    },
    {
        "id": "4ab36fc3-7c9d-4af4-28d8-9d42443f50f3",
        "data": [
            {
                "text": "why do I have to receive a health insurance",
                "userDefined": false
            }
        ],
        "isTemplate": false,
        "count": 0,
        "updated": 1560155628
    },
    {
        "id": "69614567-8bf3-593e-2e3a-3b2087b24844",
        "data": [
            {
                "text": "what do I have to get a mutuelle for",
                "userDefined": false
            }
        ],
        "isTemplate": false,
        "count": 0,
        "updated": 1560155628
    },
    {
        "id": "ace44def-660a-85ef-e69b-4fd6956fda97",
        "data": [
            {
                "text": "what would I acquire a health insurance for",
                "userDefined": false
            }
        ],
        "isTemplate": false,
        "count": 0,
        "updated": 1560155628
    },
    {
        "id": "4621b588-f122-3926-ea38-3dd73d439f33",
        "data": [
            {
                "text": "why do I need to get a mutuelle",
                "userDefined": false
            }
        ],
        "isTemplate": false,
        "count": 0,
        "updated": 1560155628
    },
    {
        "id": "7861683a-22a0-1e4e-6e7f-14297c7073ed",
        "data": [
            {
                "text": "what would I need to obtain a health insurance for",
                "userDefined": false
            }
        ],
        "isTemplate": false,
        "count": 0,
        "updated": 1560155628
    },
    {
        "id": "ed4151f4-d12c-681a-f7a0-09685a24448c",
        "data": [
            {
                "text": "why should I obtain a health insurance",
                "userDefined": false
            }
        ],
        "isTemplate": false,
        "count": 0,
        "updated": 1560155628
    },
    {
        "id": "f83835fb-9540-7590-bc89-d5761a0fa6b3",
        "data": [
            {
                "text": "why should I need to obtain a mutualité",
                "userDefined": false
            }
        ],
        "isTemplate": false,
        "count": 0,
        "updated": 1560155628
    },
    {
        "id": "347e3ddb-568f-da0f-3fb7-0a515bea053c",
        "data": [
            {
                "text": "why should I have to receive a mutuelle",
                "userDefined": false
            }
        ],
        "isTemplate": false,
        "count": 0,
        "updated": 1560155628
    },
    {
        "id": "2d54c967-ab2e-1324-8e23-a434f6bde1a2",
        "data": [
            {
                "text": "what would I receive a mutualité for",
                "userDefined": false
            }
        ],
        "isTemplate": false,
        "count": 0,
        "updated": 1560155628
    },
    {
        "id": "fafb8a8e-b631-75b8-b2cf-5dcddcba114f",
        "data": [
            {
                "text": "what would I get a health insurance for",
                "userDefined": false
            }
        ],
        "isTemplate": false,
        "count": 0,
        "updated": 1560155628
    },
    {
        "id": "f5062bdf-e3f4-e5d2-9fa6-752a0d2cba45",
        "data": [
            {
                "text": "why should I need to acquire a mutualite",
                "userDefined": false
            }
        ],
        "isTemplate": false,
        "count": 0,
        "updated": 1560155628
    },
    {
        "id": "12c8027a-bdf6-d580-a423-bd5aaf0ecc2c",
        "data": [
            {
                "text": "what do I need to obtain a mutuelle for",
                "userDefined": false
            }
        ],
        "isTemplate": false,
        "count": 0,
        "updated": 1560155628
    },
    {
        "id": "37be28b8-f051-9603-623b-e08eee42b7a3",
        "data": [
            {
                "text": "what would I acquire a mutuelle for",
                "userDefined": false
            }
        ],
        "isTemplate": false,
        "count": 0,
        "updated": 1560155628
    },
    {
        "id": "dfff8d6c-26fb-4fe7-0dd6-8be49f1414fd",
        "data": [
            {
                "text": "what should I need to receive a health insurance for",
                "userDefined": false
            }
        ],
        "isTemplate": false,
        "count": 0,
        "updated": 1560155628
    },
    {
        "id": "358d3a4a-3831-01ab-2563-895aff502fdb",
        "data": [
            {
                "text": "what would I have to obtain a mutuelle for",
                "userDefined": false
            }
        ],
        "isTemplate": false,
        "count": 0,
        "updated": 1560155628
    },
    {
        "id": "f593ce58-6508-eab1-bd3d-747a6f5b07a7",
        "data": [
            {
                "text": "why will I obtain a health insurance",
                "userDefined": false
            }
        ],
        "isTemplate": false,
        "count": 0,
        "updated": 1560155628
    },
    {
        "id": "eef4e046-a15d-d664-3800-f8d7cff6fec2",
        "data": [
            {
                "text": "why should I need to get a health insurance",
                "userDefined": false
            }
        ],
        "isTemplate": false,
        "count": 0,
        "updated": 1560155628
    },
    {
        "id": "f51b7726-89bc-d1f3-6615-4440d2626111",
        "data": [
            {
                "text": "what will I receive a mutuelle for",
                "userDefined": false
            }
        ],
        "isTemplate": false,
        "count": 0,
        "updated": 1560155628
    },
    {
        "id": "e0e1d09c-fb33-747e-8e5e-c8e681fab783",
        "data": [
            {
                "text": "what should I obtain a mutualite for",
                "userDefined": false
            }
        ],
        "isTemplate": false,
        "count": 0,
        "updated": 1560155628
    },
    {
        "id": "59849fa4-1b74-c451-3b03-53ae9344195f",
        "data": [
            {
                "text": "what should I have to get a health insurance for",
                "userDefined": false
            }
        ],
        "isTemplate": false,
        "count": 0,
        "updated": 1560155628
    },
    {
        "id": "fa0af6cd-bc13-05b9-ab58-1886c7660ed7",
        "data": [
            {
                "text": "why do I have to obtain a mutuelle",
                "userDefined": false
            }
        ],
        "isTemplate": false,
        "count": 0,
        "updated": 1560155628
    },
    {
        "id": "07cc95b1-24c8-2648-8e1a-897182ffdc10",
        "data": [
            {
                "text": "what will I obtain a health insurance for",
                "userDefined": false
            }
        ],
        "isTemplate": false,
        "count": 0,
        "updated": 1560155628
    },
    {
        "id": "589958e7-125a-eb1b-d8ee-ee2ca028eb15",
        "data": [
            {
                "text": "why will I get a mutualite",
                "userDefined": false
            }
        ],
        "isTemplate": false,
        "count": 0,
        "updated": 1560155628
    },
    {
        "id": "58481bcf-0ccc-f6f5-e661-6d3a91f452ed",
        "data": [
            {
                "text": "what should I need to obtain a mutuelle for",
                "userDefined": false
            }
        ],
        "isTemplate": false,
        "count": 0,
        "updated": 1560155628
    }
]