[
    {
        "id": "ff1f2be5-0f4d-52e8-a39a-ccd7e418008e",
        "data": [
            {
                "text": "what about ECTS",
                "userDefined": false
            }
        ],
        "isTemplate": false,
        "count": 0,
        "updated": 1560155628
    },
    {
        "id": "15d8f6ac-0828-972b-5089-918e2269b341",
        "data": [
            {
                "text": "describe what ECTS stands for",
                "userDefined": false
            }
        ],
        "isTemplate": false,
        "count": 0,
        "updated": 1560155628
    },
    {
        "id": "6b9397fc-d02b-2043-5d4d-c816520743df",
        "data": [
            {
                "text": "tell me about ects",
                "userDefined": false
            }
        ],
        "isTemplate": false,
        "count": 0,
        "updated": 1560155628
    },
    {
        "id": "a5bcba45-f76e-3f1d-7bf2-1c7c1cd7ecf9",
        "data": [
            {
                "text": "what about ects credits",
                "userDefined": false
            }
        ],
        "isTemplate": false,
        "count": 0,
        "updated": 1560155628
    },
    {
        "id": "9ab0d831-0500-03eb-1b6c-237af9d2f884",
        "data": [
            {
                "text": "what does credits mean",
                "userDefined": false
            }
        ],
        "isTemplate": false,
        "count": 0,
        "updated": 1560155628
    },
    {
        "id": "8f251b6f-1ccb-a3e9-638e-f8d1f961efd3",
        "data": [
            {
                "text": "I would really want to know about what ECTS is",
                "userDefined": false
            }
        ],
        "isTemplate": false,
        "count": 0,
        "updated": 1560155628
    },
    {
        "id": "366cbb3d-91ee-5712-3f78-42317301da56",
        "data": [
            {
                "text": "I want to know about ects",
                "userDefined": false
            }
        ],
        "isTemplate": false,
        "count": 0,
        "updated": 1560155628
    },
    {
        "id": "c60d567d-8f7d-5210-a5ba-04f22f7eb2c7",
        "data": [
            {
                "text": "I'd really love to know what ECTS is",
                "userDefined": false
            }
        ],
        "isTemplate": false,
        "count": 0,
        "updated": 1560155628
    },
    {
        "id": "3f514189-8661-3384-9b62-6b497bb52ef9",
        "data": [
            {
                "text": "I'd want to know what credits means",
                "userDefined": false
            }
        ],
        "isTemplate": false,
        "count": 0,
        "updated": 1560155628
    },
    {
        "id": "74dc17fc-6f9f-cc3b-fd15-b7cff1a37189",
        "data": [
            {
                "text": "what does workload credits stand for",
                "userDefined": false
            }
        ],
        "isTemplate": false,
        "count": 0,
        "updated": 1560155628
    },
    {
        "id": "a6b3da0c-56b5-2a1c-5848-69efd8fcb0e6",
        "data": [
            {
                "text": "I'd want to learn about ects",
                "userDefined": false
            }
        ],
        "isTemplate": false,
        "count": 0,
        "updated": 1560155628
    },
    {
        "id": "1ba486dc-a7bf-63cc-c65e-06216022d259",
        "data": [
            {
                "text": "I would really want the meaning of credits",
                "userDefined": false
            }
        ],
        "isTemplate": false,
        "count": 0,
        "updated": 1560155628
    },
    {
        "id": "d5c573ea-be7c-7085-ad62-4d985b031d4c",
        "data": [
            {
                "text": "direction on credits",
                "userDefined": false
            }
        ],
        "isTemplate": false,
        "count": 0,
        "updated": 1560155628
    },
    {
        "id": "8d2f5880-cd4a-f0df-20a0-9cbdba8beb82",
        "data": [
            {
                "text": "I would really love to know what workload credits means",
                "userDefined": false
            }
        ],
        "isTemplate": false,
        "count": 0,
        "updated": 1560155628
    },
    {
        "id": "e77f6e63-57e9-59d7-8980-c7215026beaf",
        "data": [
            {
                "text": "explain what ects stands for",
                "userDefined": false
            }
        ],
        "isTemplate": false,
        "count": 0,
        "updated": 1560155628
    },
    {
        "id": "be68fabb-ad18-bd41-60a9-68944b04b4b1",
        "data": [
            {
                "text": "what's ects",
                "userDefined": false
            }
        ],
        "isTemplate": false,
        "count": 0,
        "updated": 1560155628
    },
    {
        "id": "0ff3f8be-5cd3-1e7d-40ef-ae15f7d3dc7d",
        "data": [
            {
                "text": "I'd really love to be informed about what ects in fact means",
                "userDefined": false
            }
        ],
        "isTemplate": false,
        "count": 0,
        "updated": 1560155628
    },
    {
        "id": "3e8dac65-9d02-4a99-dc0b-42bd5f7ad8a9",
        "data": [
            {
                "text": "could you tell me about ects",
                "userDefined": false
            }
        ],
        "isTemplate": false,
        "count": 0,
        "updated": 1560155628
    },
    {
        "id": "ec4f1d48-776e-fd96-f8d2-918398cc669d",
        "data": [
            {
                "text": "show me about what ects actually is",
                "userDefined": false
            }
        ],
        "isTemplate": false,
        "count": 0,
        "updated": 1560155628
    },
    {
        "id": "e471d601-4781-0630-8b36-3a8309a7bbe8",
        "data": [
            {
                "text": "what does credits stand for",
                "userDefined": false
            }
        ],
        "isTemplate": false,
        "count": 0,
        "updated": 1560155628
    },
    {
        "id": "b0f1ccfb-18f7-42e6-8544-45790e5817ea",
        "data": [
            {
                "text": "I'd really love to learn about ects credits",
                "userDefined": false
            }
        ],
        "isTemplate": false,
        "count": 0,
        "updated": 1560155628
    },
    {
        "id": "efd91732-920c-ffcc-3012-ec0f85e788cb",
        "data": [
            {
                "text": "I would really want to know what credits is",
                "userDefined": false
            }
        ],
        "isTemplate": false,
        "count": 0,
        "updated": 1560155628
    },
    {
        "id": "162b89f3-d556-2b86-3237-8e09bbdea912",
        "data": [
            {
                "text": "I am searching for the meaning of workload credits",
                "userDefined": false
            }
        ],
        "isTemplate": false,
        "count": 0,
        "updated": 1560155628
    },
    {
        "id": "fcd3b09b-95bf-0226-ecb2-da488b743315",
        "data": [
            {
                "text": "explain what ects stands for please",
                "userDefined": false
            }
        ],
        "isTemplate": false,
        "count": 0,
        "updated": 1560155628
    },
    {
        "id": "7a6c8e01-1d58-aba3-2c2a-72090dd2ad7f",
        "data": [
            {
                "text": "what does workload credits mean",
                "userDefined": false
            }
        ],
        "isTemplate": false,
        "count": 0,
        "updated": 1560155628
    },
    {
        "id": "0443fefb-8653-34e0-71af-4c1073535f8b",
        "data": [
            {
                "text": "I want the meaning of credits",
                "userDefined": false
            }
        ],
        "isTemplate": false,
        "count": 0,
        "updated": 1560155628
    },
    {
        "id": "45771c3e-57e2-5e92-8d63-391676efcdf7",
        "data": [
            {
                "text": "I would like to know what ects is",
                "userDefined": false
            }
        ],
        "isTemplate": false,
        "count": 0,
        "updated": 1560155628
    },
    {
        "id": "ccd1d64e-baf9-4f15-d324-fa5212952d3e",
        "data": [
            {
                "text": "I would like to know about credits",
                "userDefined": false
            }
        ],
        "isTemplate": false,
        "count": 0,
        "updated": 1560155628
    },
    {
        "id": "e42950b8-d546-e518-2b5e-440dede0c20b",
        "data": [
            {
                "text": "describe what ects stands for",
                "userDefined": false
            }
        ],
        "isTemplate": false,
        "count": 0,
        "updated": 1560155628
    },
    {
        "id": "ba22e5c6-b05d-8ee8-6766-a69a4492e368",
        "data": [
            {
                "text": "describe ects",
                "userDefined": false
            }
        ],
        "isTemplate": false,
        "count": 0,
        "updated": 1560155628
    },
    {
        "id": "b3efabff-29a2-b4d8-26eb-f1ab7296159f",
        "data": [
            {
                "text": "what'd be ects",
                "userDefined": false
            }
        ],
        "isTemplate": false,
        "count": 0,
        "updated": 1560155628
    },
    {
        "id": "3a9cda89-8938-f13b-6399-fc331d95f45e",
        "data": [
            {
                "text": "what does ects mean",
                "userDefined": false
            }
        ],
        "isTemplate": false,
        "count": 0,
        "updated": 1560155628
    },
    {
        "id": "017579c6-8352-3cd9-e28e-bc072a827014",
        "data": [
            {
                "text": "I'd love to know what credits is",
                "userDefined": false
            }
        ],
        "isTemplate": false,
        "count": 0,
        "updated": 1560155628
    },
    {
        "id": "13f98f27-23a0-3128-f3b8-c9fd253aef22",
        "data": [
            {
                "text": "define workload credits",
                "userDefined": false
            }
        ],
        "isTemplate": false,
        "count": 0,
        "updated": 1560155628
    },
    {
        "id": "ff236d1c-815f-40c9-245f-bfe6686531dc",
        "data": [
            {
                "text": "I would love the definition of credits",
                "userDefined": false
            }
        ],
        "isTemplate": false,
        "count": 0,
        "updated": 1560155628
    },
    {
        "id": "ab884613-3b69-9271-66b9-3dfae808251f",
        "data": [
            {
                "text": "tell me about what ects stands for",
                "userDefined": false
            }
        ],
        "isTemplate": false,
        "count": 0,
        "updated": 1560155628
    },
    {
        "id": "3e81174e-b86c-6679-e7aa-4a317dfe9c94",
        "data": [
            {
                "text": "explain what credits stands for please",
                "userDefined": false
            }
        ],
        "isTemplate": false,
        "count": 0,
        "updated": 1560155628
    },
    {
        "id": "c3b53e77-75be-bef2-9555-3cd8a97322a5",
        "data": [
            {
                "text": "I would love to know what ects is",
                "userDefined": false
            }
        ],
        "isTemplate": false,
        "count": 0,
        "updated": 1560155628
    },
    {
        "id": "3a2ff65a-bb1f-235e-80e0-99a005797148",
        "data": [
            {
                "text": "I'd really like to know about what ECTS is",
                "userDefined": false
            }
        ],
        "isTemplate": false,
        "count": 0,
        "updated": 1560155628
    },
    {
        "id": "6038d6b6-7c60-a8c2-07e6-2e068b684bdf",
        "data": [
            {
                "text": "I'd want to know about credits",
                "userDefined": false
            }
        ],
        "isTemplate": false,
        "count": 0,
        "updated": 1560155628
    },
    {
        "id": "560f1e14-1cab-7ad4-81b5-f8d0df31e7d1",
        "data": [
            {
                "text": "what does ECTS mean",
                "userDefined": false
            }
        ],
        "isTemplate": false,
        "count": 0,
        "updated": 1560155628
    },
    {
        "id": "8bea7474-fab5-4c3c-044c-699b4139f75f",
        "data": [
            {
                "text": "explain ects please",
                "userDefined": false
            }
        ],
        "isTemplate": false,
        "count": 0,
        "updated": 1560155628
    },
    {
        "id": "d1e75292-3b4a-6688-cf5d-1361a2cf43fa",
        "data": [
            {
                "text": "I need the meaning of ects",
                "userDefined": false
            }
        ],
        "isTemplate": false,
        "count": 0,
        "updated": 1560155628
    },
    {
        "id": "a9e7a04b-0cab-0e15-2e61-86471c36f5a2",
        "data": [
            {
                "text": "would you be so kind and tell me about ECTS credits",
                "userDefined": false
            }
        ],
        "isTemplate": false,
        "count": 0,
        "updated": 1560155628
    },
    {
        "id": "d4e2fb8d-1bb6-0fdd-4a66-a0f42e7de0c6",
        "data": [
            {
                "text": "I would really love to be informed about credits",
                "userDefined": false
            }
        ],
        "isTemplate": false,
        "count": 0,
        "updated": 1560155628
    },
    {
        "id": "633c2fad-a718-8fe3-a105-2361a63d2c4f",
        "data": [
            {
                "text": "what does ECTS stand for",
                "userDefined": false
            }
        ],
        "isTemplate": false,
        "count": 0,
        "updated": 1560155628
    },
    {
        "id": "d43cfe7e-635f-184e-47c7-f88056ada07b",
        "data": [
            {
                "text": "tips about what ects exactly stands for",
                "userDefined": false
            }
        ],
        "isTemplate": false,
        "count": 0,
        "updated": 1560155628
    },
    {
        "id": "d4c6d66c-3646-8a59-584f-12199a39d204",
        "data": [
            {
                "text": "what's ECTS exactly",
                "userDefined": false
            }
        ],
        "isTemplate": false,
        "count": 0,
        "updated": 1560155628
    },
    {
        "id": "af9524a5-2709-7523-e422-c3a391e8c806",
        "data": [
            {
                "text": "I would like to learn about what ECTS is",
                "userDefined": false
            }
        ],
        "isTemplate": false,
        "count": 0,
        "updated": 1560155628
    },
    {
        "id": "c0135250-aef5-efc0-6673-a23884fd0df7",
        "data": [
            {
                "text": "would you be so kind and tell me about what ects means",
                "userDefined": false
            }
        ],
        "isTemplate": false,
        "count": 0,
        "updated": 1560155628
    },
    {
        "id": "3c9f8bea-41ff-c3ac-9c67-938a377a3594",
        "data": [
            {
                "text": "explain ECTS please",
                "userDefined": false
            }
        ],
        "isTemplate": false,
        "count": 0,
        "updated": 1560155628
    },
    {
        "id": "abe1a629-4c41-7e8e-934f-909df03374d5",
        "data": [
            {
                "text": "what about what ects exactly stands for",
                "userDefined": false
            }
        ],
        "isTemplate": false,
        "count": 0,
        "updated": 1560155628
    },
    {
        "id": "87cbcbc4-ad36-7b53-6e3d-c84eb2ecda20",
        "data": [
            {
                "text": "describe what ects is please",
                "userDefined": false
            }
        ],
        "isTemplate": false,
        "count": 0,
        "updated": 1560155628
    },
    {
        "id": "7d73e320-d325-f3da-96d8-66f09079100e",
        "data": [
            {
                "text": "describe ECTS",
                "userDefined": false
            }
        ],
        "isTemplate": false,
        "count": 0,
        "updated": 1560155628
    },
    {
        "id": "e0ae0ab1-6628-0513-6978-c9d5cca1762a",
        "data": [
            {
                "text": "I'd really like to learn about credits",
                "userDefined": false
            }
        ],
        "isTemplate": false,
        "count": 0,
        "updated": 1560155628
    },
    {
        "id": "dd3b6e3c-ae47-ebfd-576e-95acc6e9cd84",
        "data": [
            {
                "text": "what is credits in fact",
                "userDefined": false
            }
        ],
        "isTemplate": false,
        "count": 0,
        "updated": 1560155628
    },
    {
        "id": "53d1ae7e-959a-4d30-2ac7-eff5e90569fb",
        "data": [
            {
                "text": "would you be so kind and show me about credits",
                "userDefined": false
            }
        ],
        "isTemplate": false,
        "count": 0,
        "updated": 1560155628
    },
    {
        "id": "82b99db6-5eb9-731d-f729-77dbb45ed0da",
        "data": [
            {
                "text": "what is workload credits",
                "userDefined": false
            }
        ],
        "isTemplate": false,
        "count": 0,
        "updated": 1560155628
    },
    {
        "id": "b54f6e29-eb93-3035-455b-d7d96f2542c6",
        "data": [
            {
                "text": "what about what ECTS exactly is",
                "userDefined": false
            }
        ],
        "isTemplate": false,
        "count": 0,
        "updated": 1560155628
    },
    {
        "id": "5e5f1e45-0ecc-1c4b-7008-b4613751c32f",
        "data": [
            {
                "text": "I'd like the meaning of credits",
                "userDefined": false
            }
        ],
        "isTemplate": false,
        "count": 0,
        "updated": 1560155628
    },
    {
        "id": "90265440-84b5-ca95-2053-f4586a610402",
        "data": [
            {
                "text": "what is credits",
                "userDefined": false
            }
        ],
        "isTemplate": false,
        "count": 0,
        "updated": 1560155628
    },
    {
        "id": "3a8a2a4c-3565-764d-d43f-f416b462459f",
        "data": [
            {
                "text": "define ects please",
                "userDefined": false
            }
        ],
        "isTemplate": false,
        "count": 0,
        "updated": 1560155628
    },
    {
        "id": "6d2553c4-d3f3-26cb-4dbe-5989306181c7",
        "data": [
            {
                "text": "describe what credits is please",
                "userDefined": false
            }
        ],
        "isTemplate": false,
        "count": 0,
        "updated": 1560155628
    },
    {
        "id": "47dfc2be-5ebe-c5c0-20e3-6d908f86f8c4",
        "data": [
            {
                "text": "I would really want to be informed about what workload credits is",
                "userDefined": false
            }
        ],
        "isTemplate": false,
        "count": 0,
        "updated": 1560155628
    },
    {
        "id": "70e2ca7f-a955-71c0-9d61-d132a08c1b28",
        "data": [
            {
                "text": "I would really want to know what credits means",
                "userDefined": false
            }
        ],
        "isTemplate": false,
        "count": 0,
        "updated": 1560155628
    },
    {
        "id": "b891de2c-f866-487d-7445-b2a8f141ce76",
        "data": [
            {
                "text": "I'd love to know what ects is",
                "userDefined": false
            }
        ],
        "isTemplate": false,
        "count": 0,
        "updated": 1560155628
    },
    {
        "id": "4b46879b-f906-5e46-d337-a053d8252ef9",
        "data": [
            {
                "text": "explain what ECTS means please",
                "userDefined": false
            }
        ],
        "isTemplate": false,
        "count": 0,
        "updated": 1560155628
    },
    {
        "id": "5e428db4-2ab9-7a7c-c6cf-0c494df204fd",
        "data": [
            {
                "text": "explain what ects is",
                "userDefined": false
            }
        ],
        "isTemplate": false,
        "count": 0,
        "updated": 1560155628
    },
    {
        "id": "53c878de-3ec2-5ff5-a23c-f24f690b5ccb",
        "data": [
            {
                "text": "define ECTS please",
                "userDefined": false
            }
        ],
        "isTemplate": false,
        "count": 0,
        "updated": 1560155628
    },
    {
        "id": "5d439b59-4837-ab9e-a434-d1d1f593f3ff",
        "data": [
            {
                "text": "what is ECTS",
                "userDefined": false
            }
        ],
        "isTemplate": false,
        "count": 0,
        "updated": 1560155628
    },
    {
        "id": "326a4997-c33b-f648-04bd-dba98575b440",
        "data": [
            {
                "text": "direction on what credits in fact means",
                "userDefined": false
            }
        ],
        "isTemplate": false,
        "count": 0,
        "updated": 1560155628
    },
    {
        "id": "feb1d253-2845-6fd5-d8e1-7c52c1c8da67",
        "data": [
            {
                "text": "explain workload credits please",
                "userDefined": false
            }
        ],
        "isTemplate": false,
        "count": 0,
        "updated": 1560155628
    },
    {
        "id": "79815177-6e2b-9988-d0a3-64b6c4617c83",
        "data": [
            {
                "text": "what does ects stand for",
                "userDefined": false
            }
        ],
        "isTemplate": false,
        "count": 0,
        "updated": 1560155628
    },
    {
        "id": "fc5ca3ef-d937-ac32-1602-d0c436270e48",
        "data": [
            {
                "text": "what about ects",
                "userDefined": false
            }
        ],
        "isTemplate": false,
        "count": 0,
        "updated": 1560155628
    },
    {
        "id": "21f48ab4-9a28-0e89-0932-f9916d219592",
        "data": [
            {
                "text": "describe what workload credits means please",
                "userDefined": false
            }
        ],
        "isTemplate": false,
        "count": 0,
        "updated": 1560155628
    },
    {
        "id": "10a9065b-6e5b-96fd-d63b-716f6e033bad",
        "data": [
            {
                "text": "I'd like to know what workload credits means",
                "userDefined": false
            }
        ],
        "isTemplate": false,
        "count": 0,
        "updated": 1560155628
    },
    {
        "id": "c1d6b585-2880-c816-082b-627ca18b6e38",
        "data": [
            {
                "text": "define ECTS",
                "userDefined": false
            }
        ],
        "isTemplate": false,
        "count": 0,
        "updated": 1560155628
    },
    {
        "id": "0e3978b1-a0dc-a22d-0258-577dc7fe6d08",
        "data": [
            {
                "text": "I would really want to know what ECTS means",
                "userDefined": false
            }
        ],
        "isTemplate": false,
        "count": 0,
        "updated": 1560155628
    },
    {
        "id": "12244bf9-b2a5-b3c5-d59b-769a68967203",
        "data": [
            {
                "text": "what would be workload credits in fact",
                "userDefined": false
            }
        ],
        "isTemplate": false,
        "count": 0,
        "updated": 1560155628
    },
    {
        "id": "a65741f8-9326-dc29-a88c-1ae9a0698fa3",
        "data": [
            {
                "text": "show me about what ECTS stands for",
                "userDefined": false
            }
        ],
        "isTemplate": false,
        "count": 0,
        "updated": 1560155628
    },
    {
        "id": "ad5ed9ea-37d1-f9a1-e4f2-2825288fc551",
        "data": [
            {
                "text": "I would really want to be informed about credits",
                "userDefined": false
            }
        ],
        "isTemplate": false,
        "count": 0,
        "updated": 1560155628
    },
    {
        "id": "3e9b653f-1904-dbff-7728-9375e763e9fb",
        "data": [
            {
                "text": "I would love to know about what ects actually is",
                "userDefined": false
            }
        ],
        "isTemplate": false,
        "count": 0,
        "updated": 1560155628
    },
    {
        "id": "b821b391-2373-9286-318b-e6de8ff371bf",
        "data": [
            {
                "text": "what will be ects",
                "userDefined": false
            }
        ],
        "isTemplate": false,
        "count": 0,
        "updated": 1560155628
    },
    {
        "id": "bb5686da-232f-71a7-0ff4-ddcab84f8499",
        "data": [
            {
                "text": "info about ECTS",
                "userDefined": false
            }
        ],
        "isTemplate": false,
        "count": 0,
        "updated": 1560155628
    },
    {
        "id": "494bf429-dda7-643e-71ee-b600ae76c31d",
        "data": [
            {
                "text": "would you be so kind and tell me about ects credits",
                "userDefined": false
            }
        ],
        "isTemplate": false,
        "count": 0,
        "updated": 1560155628
    },
    {
        "id": "eb69b167-febd-a340-d95f-52ada62ddb91",
        "data": [
            {
                "text": "show me about ects credits",
                "userDefined": false
            }
        ],
        "isTemplate": false,
        "count": 0,
        "updated": 1560155628
    },
    {
        "id": "11ba04f7-bd75-f1c5-2d3e-559adf3cfe21",
        "data": [
            {
                "text": "I am searching for the definition of workload credits",
                "userDefined": false
            }
        ],
        "isTemplate": false,
        "count": 0,
        "updated": 1560155628
    },
    {
        "id": "b9695934-191e-95d3-e9b2-5b6db5217fd1",
        "data": [
            {
                "text": "define credits please",
                "userDefined": false
            }
        ],
        "isTemplate": false,
        "count": 0,
        "updated": 1560155628
    },
    {
        "id": "0aa3e108-8ff8-03e2-405b-9f486acf8c92",
        "data": [
            {
                "text": "information about ects credits",
                "userDefined": false
            }
        ],
        "isTemplate": false,
        "count": 0,
        "updated": 1560155628
    },
    {
        "id": "0765df5c-e52d-0e4b-5489-68026960542c",
        "data": [
            {
                "text": "I'd like to know what workload credits is",
                "userDefined": false
            }
        ],
        "isTemplate": false,
        "count": 0,
        "updated": 1560155628
    },
    {
        "id": "1fac46ed-ea2e-8f3f-70be-594428bf1d4c",
        "data": [
            {
                "text": "explain what credits is",
                "userDefined": false
            }
        ],
        "isTemplate": false,
        "count": 0,
        "updated": 1560155628
    },
    {
        "id": "b458c185-0f4a-87f2-d124-743ac32b4242",
        "data": [
            {
                "text": "describe what credits means",
                "userDefined": false
            }
        ],
        "isTemplate": false,
        "count": 0,
        "updated": 1560155628
    },
    {
        "id": "a68d23a6-751b-283e-2fb8-2a0a48e9d5a2",
        "data": [
            {
                "text": "I'd really want the meaning of workload credits",
                "userDefined": false
            }
        ],
        "isTemplate": false,
        "count": 0,
        "updated": 1560155628
    },
    {
        "id": "a807dfc5-1768-a714-f4b2-889e06cf1fac",
        "data": [
            {
                "text": "I would really love to know what credits means",
                "userDefined": false
            }
        ],
        "isTemplate": false,
        "count": 0,
        "updated": 1560155628
    },
    {
        "id": "dc6b30d0-05bf-f6da-4789-4c19939eb194",
        "data": [
            {
                "text": "info about what credits means",
                "userDefined": false
            }
        ],
        "isTemplate": false,
        "count": 0,
        "updated": 1560155628
    },
    {
        "id": "50bd388c-f274-2a3b-f009-55d6b9064c3f",
        "data": [
            {
                "text": "what will be credits",
                "userDefined": false
            }
        ],
        "isTemplate": false,
        "count": 0,
        "updated": 1560155628
    },
    {
        "id": "faa9762c-dd8c-2c1a-b560-f4b127c05180",
        "data": [
            {
                "text": "explain what workload credits means",
                "userDefined": false
            }
        ],
        "isTemplate": false,
        "count": 0,
        "updated": 1560155628
    },
    {
        "id": "42eb8d18-10b8-2405-13f4-3fae14173256",
        "data": [
            {
                "text": "describe what workload credits stands for",
                "userDefined": false
            }
        ],
        "isTemplate": false,
        "count": 0,
        "updated": 1560155628
    },
    {
        "id": "1fbe758a-6679-ccce-3529-0a4726ce5d87",
        "data": [
            {
                "text": "what'd be credits",
                "userDefined": false
            }
        ],
        "isTemplate": false,
        "count": 0,
        "updated": 1560155628
    },
    {
        "id": "5e4b51b7-b2ff-adfa-3ff0-b6ed9e3bb86d",
        "data": [
            {
                "text": "describe ECTS please",
                "userDefined": false
            }
        ],
        "isTemplate": false,
        "count": 0,
        "updated": 1560155628
    },
    {
        "id": "0079dd15-b00a-e924-8f6c-69ca410417cf",
        "data": [
            {
                "text": "I'd really want to know what ECTS means",
                "userDefined": false
            }
        ],
        "isTemplate": false,
        "count": 0,
        "updated": 1560155628
    },
    {
        "id": "54152531-839b-4739-3d9a-96843b3d9505",
        "data": [
            {
                "text": "what about what workload credits stands for",
                "userDefined": false
            }
        ],
        "isTemplate": false,
        "count": 0,
        "updated": 1560155628
    },
    {
        "id": "e46e9886-1a2b-28f9-14a8-a58ba1a92476",
        "data": [
            {
                "text": "I would like the meaning of workload credits",
                "userDefined": false
            }
        ],
        "isTemplate": false,
        "count": 0,
        "updated": 1560155628
    },
    {
        "id": "0bff06da-c9f1-5726-4005-b03525508ff7",
        "data": [
            {
                "text": "I am looking for the meaning of workload credits",
                "userDefined": false
            }
        ],
        "isTemplate": false,
        "count": 0,
        "updated": 1560155628
    },
    {
        "id": "bfaf5561-8d5d-6407-9045-c6e019d840c8",
        "data": [
            {
                "text": "I would like to learn about what workload credits actually is",
                "userDefined": false
            }
        ],
        "isTemplate": false,
        "count": 0,
        "updated": 1560155628
    },
    {
        "id": "2d18eb75-15bb-344d-d0b9-7e250cab1914",
        "data": [
            {
                "text": "I need the definition of credits",
                "userDefined": false
            }
        ],
        "isTemplate": false,
        "count": 0,
        "updated": 1560155628
    },
    {
        "id": "0e90af58-d721-5f86-bc70-710ade45f9ac",
        "data": [
            {
                "text": "describe ects please",
                "userDefined": false
            }
        ],
        "isTemplate": false,
        "count": 0,
        "updated": 1560155628
    },
    {
        "id": "226b7b88-cc13-1c49-34bd-5da32dc612e9",
        "data": [
            {
                "text": "what about credits",
                "userDefined": false
            }
        ],
        "isTemplate": false,
        "count": 0,
        "updated": 1560155628
    },
    {
        "id": "4fb940c8-46d1-308b-d8c9-178cd7b8cfc8",
        "data": [
            {
                "text": "show me about what ects means",
                "userDefined": false
            }
        ],
        "isTemplate": false,
        "count": 0,
        "updated": 1560155628
    },
    {
        "id": "edf03a81-ba33-7ad6-c316-fad6e7765c9f",
        "data": [
            {
                "text": "I'd really love to know what workload credits is",
                "userDefined": false
            }
        ],
        "isTemplate": false,
        "count": 0,
        "updated": 1560155628
    },
    {
        "id": "82f6a383-dc8d-d772-f2a5-8c18f9b45686",
        "data": [
            {
                "text": "what would be ECTS exactly",
                "userDefined": false
            }
        ],
        "isTemplate": false,
        "count": 0,
        "updated": 1560155628
    },
    {
        "id": "8c30ee29-035f-dbac-37a2-891951c5e048",
        "data": [
            {
                "text": "show me about credits",
                "userDefined": false
            }
        ],
        "isTemplate": false,
        "count": 0,
        "updated": 1560155628
    },
    {
        "id": "3fa323c9-8eb3-5dd0-aa08-34beaf3c3db7",
        "data": [
            {
                "text": "information about credits",
                "userDefined": false
            }
        ],
        "isTemplate": false,
        "count": 0,
        "updated": 1560155628
    },
    {
        "id": "1241e3e0-79f8-a5d4-727e-a06b5cc82b15",
        "data": [
            {
                "text": "I would love to know what ECTS is",
                "userDefined": false
            }
        ],
        "isTemplate": false,
        "count": 0,
        "updated": 1560155628
    },
    {
        "id": "b63d6a82-a88d-6d4a-f5dd-0eada0b0fcd9",
        "data": [
            {
                "text": "describe what ECTS is",
                "userDefined": false
            }
        ],
        "isTemplate": false,
        "count": 0,
        "updated": 1560155628
    },
    {
        "id": "1325bd88-ad9e-6d1d-6c0f-cced8205538a",
        "data": [
            {
                "text": "I'd like to learn about ects",
                "userDefined": false
            }
        ],
        "isTemplate": false,
        "count": 0,
        "updated": 1560155628
    },
    {
        "id": "1d642c61-6fdf-b374-1963-79de8846d03a",
        "data": [
            {
                "text": "info on what credits stands for",
                "userDefined": false
            }
        ],
        "isTemplate": false,
        "count": 0,
        "updated": 1560155628
    },
    {
        "id": "b3e760a8-672a-9243-2b38-3b2f2db0878d",
        "data": [
            {
                "text": "I'd like to learn about what credits actually means",
                "userDefined": false
            }
        ],
        "isTemplate": false,
        "count": 0,
        "updated": 1560155628
    },
    {
        "id": "86701c72-845d-c440-cf97-fffc832ebae8",
        "data": [
            {
                "text": "I'd really love to know what ects is",
                "userDefined": false
            }
        ],
        "isTemplate": false,
        "count": 0,
        "updated": 1560155628
    },
    {
        "id": "1a27a777-782f-444a-9ba1-37072971f4b9",
        "data": [
            {
                "text": "I'd love to know what workload credits is",
                "userDefined": false
            }
        ],
        "isTemplate": false,
        "count": 0,
        "updated": 1560155628
    }
]