[
    {
        "id": "54025585-c6e8-4424-2086-8236dc084e8f",
        "data": [
            {
                "text": "what about belgium",
                "userDefined": false
            }
        ],
        "isTemplate": false,
        "count": 0,
        "updated": 1560155628
    },
    {
        "id": "a549a6a3-fa7d-ca94-766d-03a70c922002",
        "data": [
            {
                "text": "which type of country is belgium",
                "userDefined": false
            }
        ],
        "isTemplate": false,
        "count": 0,
        "updated": 1560155628
    },
    {
        "id": "ded05bc4-ddc5-db1a-2ed6-36f979c143f1",
        "data": [
            {
                "text": "what's belgium",
                "userDefined": false
            }
        ],
        "isTemplate": false,
        "count": 0,
        "updated": 1560155628
    },
    {
        "id": "423504f1-3539-3dcb-fe12-dc163f9a1448",
        "data": [
            {
                "text": "what would be belgium",
                "userDefined": false
            }
        ],
        "isTemplate": false,
        "count": 0,
        "updated": 1560155628
    },
    {
        "id": "928f63d6-8f0d-d552-c5c6-e5dd311e8e9c",
        "data": [
            {
                "text": "I would like to learn about belgium",
                "userDefined": false
            }
        ],
        "isTemplate": false,
        "count": 0,
        "updated": 1560155628
    },
    {
        "id": "0af5ddc0-8b15-4d19-5f78-e479a24e3306",
        "data": [
            {
                "text": "what sort of country is belgium",
                "userDefined": false
            }
        ],
        "isTemplate": false,
        "count": 0,
        "updated": 1560155628
    },
    {
        "id": "dd250739-e5bc-dad2-779c-224636a57e91",
        "data": [
            {
                "text": "what is belgium",
                "userDefined": false
            }
        ],
        "isTemplate": false,
        "count": 0,
        "updated": 1560155628
    },
    {
        "id": "1ecec96e-1363-29d0-27a3-93f5a028ab2a",
        "data": [
            {
                "text": "show me about belgium",
                "userDefined": false
            }
        ],
        "isTemplate": false,
        "count": 0,
        "updated": 1560155628
    },
    {
        "id": "bf58596c-9051-09fd-e7e8-39cbe82f1c0d",
        "data": [
            {
                "text": "belgium please",
                "userDefined": false
            }
        ],
        "isTemplate": false,
        "count": 0,
        "updated": 1560155628
    },
    {
        "id": "9c1e6003-c509-92a5-e0bc-b2440a836ffb",
        "data": [
            {
                "text": "I'd love to be informed about belgium",
                "userDefined": false
            }
        ],
        "isTemplate": false,
        "count": 0,
        "updated": 1560155628
    },
    {
        "id": "a084683e-112e-19c5-17d3-2b2826bb5f25",
        "data": [
            {
                "text": "what'll be belgium",
                "userDefined": false
            }
        ],
        "isTemplate": false,
        "count": 0,
        "updated": 1560155628
    },
    {
        "id": "0ae96111-d63b-6698-4a15-24bc759b87cd",
        "data": [
            {
                "text": "which sort of country is belgium",
                "userDefined": false
            }
        ],
        "isTemplate": false,
        "count": 0,
        "updated": 1560155628
    },
    {
        "id": "3ef9a80c-af1a-64f9-bad4-fe1d23c0f916",
        "data": [
            {
                "text": "what kind of country is belgium",
                "userDefined": false
            }
        ],
        "isTemplate": false,
        "count": 0,
        "updated": 1560155628
    },
    {
        "id": "49607e61-682b-f15d-3cda-146f5b69f247",
        "data": [
            {
                "text": "what type of country is belgium",
                "userDefined": false
            }
        ],
        "isTemplate": false,
        "count": 0,
        "updated": 1560155628
    },
    {
        "id": "db2ddf58-8124-4480-b788-8d4ac7c3d899",
        "data": [
            {
                "text": "what will be belgium",
                "userDefined": false
            }
        ],
        "isTemplate": false,
        "count": 0,
        "updated": 1560155628
    },
    {
        "id": "e21319da-7cef-f429-6d85-9ad846b89132",
        "data": [
            {
                "text": "information on belgium please",
                "userDefined": false
            }
        ],
        "isTemplate": false,
        "count": 0,
        "updated": 1560155628
    },
    {
        "id": "d54562e1-f570-c230-0540-a00f424c8385",
        "data": [
            {
                "text": "which kind of country is belgium",
                "userDefined": false
            }
        ],
        "isTemplate": false,
        "count": 0,
        "updated": 1560155628
    },
    {
        "id": "8a111e8d-6829-7545-6678-9c7f9b48dc65",
        "data": [
            {
                "text": "what'd be belgium",
                "userDefined": false
            }
        ],
        "isTemplate": false,
        "count": 0,
        "updated": 1560155628
    },
    {
        "id": "404311ac-cfb4-46ee-92ce-343ce760f0b5",
        "data": [
            {
                "text": "belgium",
                "userDefined": false
            }
        ],
        "isTemplate": false,
        "count": 0,
        "updated": 1560155628
    },
    {
        "id": "11afc79f-ae2f-153b-11cb-a8cba4a6e211",
        "data": [
            {
                "text": "info about belgium",
                "userDefined": false
            }
        ],
        "isTemplate": false,
        "count": 0,
        "updated": 1560155628
    },
    {
        "id": "9205d11a-26cb-ef8d-8ea9-16fe30d8f219",
        "data": [
            {
                "text": "show me about belgium please",
                "userDefined": false
            }
        ],
        "isTemplate": false,
        "count": 0,
        "updated": 1560155628
    },
    {
        "id": "5e6ebf2a-63fa-9e87-284e-1f1dabdf46c0",
        "data": [
            {
                "text": "I'd really love to know about belgium",
                "userDefined": false
            }
        ],
        "isTemplate": false,
        "count": 0,
        "updated": 1560155628
    },
    {
        "id": "01d1a95c-8126-9190-a31a-1c7ace8bc9d7",
        "data": [
            {
                "text": "what about belgium please",
                "userDefined": false
            }
        ],
        "isTemplate": false,
        "count": 0,
        "updated": 1560155628
    },
    {
        "id": "6fa4c6f6-da01-af4f-e3fe-26a82ea1e89b",
        "data": [
            {
                "text": "info on belgium",
                "userDefined": false
            }
        ],
        "isTemplate": false,
        "count": 0,
        "updated": 1560155628
    },
    {
        "id": "4d5df0f3-4f8f-fc28-404c-05b7750bf34d",
        "data": [
            {
                "text": "info about belgium please",
                "userDefined": false
            }
        ],
        "isTemplate": false,
        "count": 0,
        "updated": 1560155628
    },
    {
        "id": "8210c814-ae2d-fec5-b287-dac0760c7fcb",
        "data": [
            {
                "text": "recommendation on belgium",
                "userDefined": false
            }
        ],
        "isTemplate": false,
        "count": 0,
        "updated": 1560155628
    },
    {
        "id": "d4c10023-e9df-f142-a2ef-bf8349ff68e4",
        "data": [
            {
                "text": "counsel about belgium",
                "userDefined": false
            }
        ],
        "isTemplate": false,
        "count": 0,
        "updated": 1560155628
    },
    {
        "id": "5e98c0b2-276e-83da-3d7e-b890c172092d",
        "data": [
            {
                "text": "would you be so kind and show me about belgium please",
                "userDefined": false
            }
        ],
        "isTemplate": false,
        "count": 0,
        "updated": 1560155628
    },
    {
        "id": "0961d8fb-9652-1d0d-ac0f-45c5168cf4c0",
        "data": [
            {
                "text": "I would love to learn about belgium please",
                "userDefined": false
            }
        ],
        "isTemplate": false,
        "count": 0,
        "updated": 1560155628
    },
    {
        "id": "c8d24633-6910-84aa-10ee-e9869705ad0d",
        "data": [
            {
                "text": "would you tell me about belgium",
                "userDefined": false
            }
        ],
        "isTemplate": false,
        "count": 0,
        "updated": 1560155628
    },
    {
        "id": "dd3c6f54-7a53-0c12-bed7-d4f5ee4aade4",
        "data": [
            {
                "text": "I would really love to be informed about belgium please",
                "userDefined": false
            }
        ],
        "isTemplate": false,
        "count": 0,
        "updated": 1560155628
    },
    {
        "id": "051d423b-681b-b9e5-747d-25561f64f659",
        "data": [
            {
                "text": "would you be so kind and tell me about belgium",
                "userDefined": false
            }
        ],
        "isTemplate": false,
        "count": 0,
        "updated": 1560155628
    },
    {
        "id": "d77a1545-5eb7-1ad5-099b-76c58c6599f5",
        "data": [
            {
                "text": "piece of advice on belgium",
                "userDefined": false
            }
        ],
        "isTemplate": false,
        "count": 0,
        "updated": 1560155628
    },
    {
        "id": "f1a6d9ab-b55e-f337-8061-eba9ac902ff2",
        "data": [
            {
                "text": "information on belgium",
                "userDefined": false
            }
        ],
        "isTemplate": false,
        "count": 0,
        "updated": 1560155628
    },
    {
        "id": "2f683cf1-a17c-bf8b-e3b9-9b0fd465ceba",
        "data": [
            {
                "text": "could you please show me about belgium please",
                "userDefined": false
            }
        ],
        "isTemplate": false,
        "count": 0,
        "updated": 1560155628
    },
    {
        "id": "37645c97-4df8-0076-fb3d-ee7ebc13897b",
        "data": [
            {
                "text": "I would really love to be informed about belgium",
                "userDefined": false
            }
        ],
        "isTemplate": false,
        "count": 0,
        "updated": 1560155628
    },
    {
        "id": "ec4069a7-ebc5-85f3-7e07-2df2b7cf9f9a",
        "data": [
            {
                "text": "tell me about belgium",
                "userDefined": false
            }
        ],
        "isTemplate": false,
        "count": 0,
        "updated": 1560155628
    },
    {
        "id": "17e75db3-84a8-a383-750a-4e58d9cf21c3",
        "data": [
            {
                "text": "I would really want to be informed about belgium please",
                "userDefined": false
            }
        ],
        "isTemplate": false,
        "count": 0,
        "updated": 1560155628
    },
    {
        "id": "df46bdcc-09b4-576c-cd9b-e32ed281be87",
        "data": [
            {
                "text": "info on belgium please",
                "userDefined": false
            }
        ],
        "isTemplate": false,
        "count": 0,
        "updated": 1560155628
    },
    {
        "id": "ec77bf9f-32f9-86a8-dea6-4898ae785f55",
        "data": [
            {
                "text": "enlightenment on belgium please",
                "userDefined": false
            }
        ],
        "isTemplate": false,
        "count": 0,
        "updated": 1560155628
    },
    {
        "id": "a9a0efe7-9c4e-1c49-6bbb-6a75e92770e0",
        "data": [
            {
                "text": "I'd really like to know about belgium please",
                "userDefined": false
            }
        ],
        "isTemplate": false,
        "count": 0,
        "updated": 1560155628
    },
    {
        "id": "3b6d59c8-aa50-cce8-5f27-e7e1fccb4125",
        "data": [
            {
                "text": "can you tell me about belgium please",
                "userDefined": false
            }
        ],
        "isTemplate": false,
        "count": 0,
        "updated": 1560155628
    },
    {
        "id": "e7eeedc9-1251-8c17-79b3-ab354148ff66",
        "data": [
            {
                "text": "would you be so kind and tell me about belgium please",
                "userDefined": false
            }
        ],
        "isTemplate": false,
        "count": 0,
        "updated": 1560155628
    },
    {
        "id": "becba0bf-75f1-dc4e-001c-8bcbe8bf24e5",
        "data": [
            {
                "text": "I want to know about belgium",
                "userDefined": false
            }
        ],
        "isTemplate": false,
        "count": 0,
        "updated": 1560155628
    },
    {
        "id": "85552801-0cdd-06b0-3b9a-953d2f14bc94",
        "data": [
            {
                "text": "I'd want to know about belgium",
                "userDefined": false
            }
        ],
        "isTemplate": false,
        "count": 0,
        "updated": 1560155628
    },
    {
        "id": "03ee0c20-bc3c-f2f5-9b3c-19b33c5e1e77",
        "data": [
            {
                "text": "I'd really love to learn about belgium",
                "userDefined": false
            }
        ],
        "isTemplate": false,
        "count": 0,
        "updated": 1560155628
    },
    {
        "id": "b63cc9db-0bda-8604-bbac-0e1be4949695",
        "data": [
            {
                "text": "enlightenment on belgium",
                "userDefined": false
            }
        ],
        "isTemplate": false,
        "count": 0,
        "updated": 1560155628
    },
    {
        "id": "78b77496-ad30-bee9-1741-ed7d36644a78",
        "data": [
            {
                "text": "I'd love to know about belgium please",
                "userDefined": false
            }
        ],
        "isTemplate": false,
        "count": 0,
        "updated": 1560155628
    },
    {
        "id": "883b396d-4197-627e-c402-7dea58a4b8cd",
        "data": [
            {
                "text": "I would love to be informed about belgium",
                "userDefined": false
            }
        ],
        "isTemplate": false,
        "count": 0,
        "updated": 1560155628
    },
    {
        "id": "8d385cbf-365b-83dc-d54f-1d1fdac80406",
        "data": [
            {
                "text": "would you be so kind and show me about belgium",
                "userDefined": false
            }
        ],
        "isTemplate": false,
        "count": 0,
        "updated": 1560155628
    },
    {
        "id": "563c3be7-6cee-6a6c-3e41-6c872b81a4b1",
        "data": [
            {
                "text": "I'd really want to learn about belgium please",
                "userDefined": false
            }
        ],
        "isTemplate": false,
        "count": 0,
        "updated": 1560155628
    },
    {
        "id": "d45ff533-307a-ffdf-cb5c-f8162ed38e99",
        "data": [
            {
                "text": "I'd want to be informed about belgium please",
                "userDefined": false
            }
        ],
        "isTemplate": false,
        "count": 0,
        "updated": 1560155628
    },
    {
        "id": "09532e83-eff7-20a8-e1a5-0dc81b149a38",
        "data": [
            {
                "text": "I'd really like to know about belgium",
                "userDefined": false
            }
        ],
        "isTemplate": false,
        "count": 0,
        "updated": 1560155628
    },
    {
        "id": "1dc6928e-65df-17c4-3aeb-d2a5665d1705",
        "data": [
            {
                "text": "help about belgium please",
                "userDefined": false
            }
        ],
        "isTemplate": false,
        "count": 0,
        "updated": 1560155628
    },
    {
        "id": "960d2cff-6fe8-9da7-65aa-b361ca459ff6",
        "data": [
            {
                "text": "I would really like to learn about belgium",
                "userDefined": false
            }
        ],
        "isTemplate": false,
        "count": 0,
        "updated": 1560155628
    },
    {
        "id": "054098b6-bfeb-3f6c-6f58-11460b991121",
        "data": [
            {
                "text": "I would really want to learn about belgium please",
                "userDefined": false
            }
        ],
        "isTemplate": false,
        "count": 0,
        "updated": 1560155628
    },
    {
        "id": "440683de-07c7-ddd2-b01b-dc47c15781e2",
        "data": [
            {
                "text": "tell me about belgium please",
                "userDefined": false
            }
        ],
        "isTemplate": false,
        "count": 0,
        "updated": 1560155628
    },
    {
        "id": "49e647a2-1ae2-dc0f-07b3-b465d94c4507",
        "data": [
            {
                "text": "I want to be informed about belgium",
                "userDefined": false
            }
        ],
        "isTemplate": false,
        "count": 0,
        "updated": 1560155628
    },
    {
        "id": "28e63222-93eb-1af9-0f7c-15431a53a894",
        "data": [
            {
                "text": "I would really love to learn about belgium",
                "userDefined": false
            }
        ],
        "isTemplate": false,
        "count": 0,
        "updated": 1560155628
    },
    {
        "id": "51afab14-c3b9-dfc5-fca7-0029b97f284e",
        "data": [
            {
                "text": "I'd really love to know about belgium please",
                "userDefined": false
            }
        ],
        "isTemplate": false,
        "count": 0,
        "updated": 1560155628
    },
    {
        "id": "7f31510a-4b70-f104-5885-86b27b5887d6",
        "data": [
            {
                "text": "recommendations on belgium",
                "userDefined": false
            }
        ],
        "isTemplate": false,
        "count": 0,
        "updated": 1560155628
    },
    {
        "id": "d39483c8-0f11-98e2-0cd3-bb80b9debff6",
        "data": [
            {
                "text": "I'd really like to be informed about belgium",
                "userDefined": false
            }
        ],
        "isTemplate": false,
        "count": 0,
        "updated": 1560155628
    },
    {
        "id": "45106838-8158-df5e-9f9f-b9aedf3d2ba2",
        "data": [
            {
                "text": "I'd really like to learn about belgium",
                "userDefined": false
            }
        ],
        "isTemplate": false,
        "count": 0,
        "updated": 1560155628
    },
    {
        "id": "12569132-7b9e-09e8-d6ee-20d2f8e4692f",
        "data": [
            {
                "text": "counselling on belgium please",
                "userDefined": false
            }
        ],
        "isTemplate": false,
        "count": 0,
        "updated": 1560155628
    },
    {
        "id": "56860374-1c1e-92d6-13d2-7d6977c49e9e",
        "data": [
            {
                "text": "instruction about belgium please",
                "userDefined": false
            }
        ],
        "isTemplate": false,
        "count": 0,
        "updated": 1560155628
    },
    {
        "id": "76cabf4c-cb19-12bd-e7f8-a7bf5f1dad30",
        "data": [
            {
                "text": "counseling about belgium please",
                "userDefined": false
            }
        ],
        "isTemplate": false,
        "count": 0,
        "updated": 1560155628
    },
    {
        "id": "379e592f-645e-30fe-7f73-c92ce14d3d95",
        "data": [
            {
                "text": "would you please show me about belgium please",
                "userDefined": false
            }
        ],
        "isTemplate": false,
        "count": 0,
        "updated": 1560155628
    },
    {
        "id": "729d4374-5e80-ac1c-62b6-1e720fb20a92",
        "data": [
            {
                "text": "direction on belgium",
                "userDefined": false
            }
        ],
        "isTemplate": false,
        "count": 0,
        "updated": 1560155628
    },
    {
        "id": "baf441c3-601d-9048-5f8a-1b35c1bbee92",
        "data": [
            {
                "text": "information about belgium please",
                "userDefined": false
            }
        ],
        "isTemplate": false,
        "count": 0,
        "updated": 1560155628
    },
    {
        "id": "6d94cb2e-16e7-b1f0-7806-5cfd3be6f024",
        "data": [
            {
                "text": "I'd like to learn about belgium",
                "userDefined": false
            }
        ],
        "isTemplate": false,
        "count": 0,
        "updated": 1560155628
    },
    {
        "id": "42b1b43f-104e-e6af-162b-6f3ffc3e3d62",
        "data": [
            {
                "text": "piece of advice about belgium please",
                "userDefined": false
            }
        ],
        "isTemplate": false,
        "count": 0,
        "updated": 1560155628
    },
    {
        "id": "70fcf940-fb52-bcb5-f48e-8bd51f4082a3",
        "data": [
            {
                "text": "information about belgium",
                "userDefined": false
            }
        ],
        "isTemplate": false,
        "count": 0,
        "updated": 1560155628
    },
    {
        "id": "f1696e40-3a51-1d70-6025-d3a23b3724fd",
        "data": [
            {
                "text": "direction on belgium please",
                "userDefined": false
            }
        ],
        "isTemplate": false,
        "count": 0,
        "updated": 1560155628
    },
    {
        "id": "5be07a8e-51cc-087e-de0c-562e3976a5ca",
        "data": [
            {
                "text": "I would really love to know about belgium",
                "userDefined": false
            }
        ],
        "isTemplate": false,
        "count": 0,
        "updated": 1560155628
    },
    {
        "id": "d1efdabb-1029-d505-d38d-4e568b387251",
        "data": [
            {
                "text": "I would love to learn about belgium",
                "userDefined": false
            }
        ],
        "isTemplate": false,
        "count": 0,
        "updated": 1560155628
    },
    {
        "id": "d48d3915-6aef-d4bf-c8cf-e84988bf577b",
        "data": [
            {
                "text": "I'd like to know about belgium",
                "userDefined": false
            }
        ],
        "isTemplate": false,
        "count": 0,
        "updated": 1560155628
    },
    {
        "id": "dd6fee32-94cd-cc33-0a25-da1418ed0cf6",
        "data": [
            {
                "text": "would you please tell me about belgium please",
                "userDefined": false
            }
        ],
        "isTemplate": false,
        "count": 0,
        "updated": 1560155628
    },
    {
        "id": "fb87679f-f317-be16-a10f-330e339ee2d8",
        "data": [
            {
                "text": "I would like to be informed about belgium",
                "userDefined": false
            }
        ],
        "isTemplate": false,
        "count": 0,
        "updated": 1560155628
    },
    {
        "id": "70241589-c1bd-e2a9-cf3b-324c6e0ad9ad",
        "data": [
            {
                "text": "I'd want to be informed about belgium",
                "userDefined": false
            }
        ],
        "isTemplate": false,
        "count": 0,
        "updated": 1560155628
    },
    {
        "id": "93fb84fe-8688-97d5-ef42-02b13ec1b640",
        "data": [
            {
                "text": "I would really like to be informed about belgium please",
                "userDefined": false
            }
        ],
        "isTemplate": false,
        "count": 0,
        "updated": 1560155628
    },
    {
        "id": "c42d9dc8-e1fe-fc66-2ae4-517d0188ff8c",
        "data": [
            {
                "text": "instruction on belgium",
                "userDefined": false
            }
        ],
        "isTemplate": false,
        "count": 0,
        "updated": 1560155628
    },
    {
        "id": "040e914a-aa2b-5021-20e2-4d77dcfd112f",
        "data": [
            {
                "text": "would you show me about belgium",
                "userDefined": false
            }
        ],
        "isTemplate": false,
        "count": 0,
        "updated": 1560155628
    },
    {
        "id": "b9ad7dd2-d514-ee68-d359-22efa1170eea",
        "data": [
            {
                "text": "I would really want to be informed about belgium",
                "userDefined": false
            }
        ],
        "isTemplate": false,
        "count": 0,
        "updated": 1560155628
    },
    {
        "id": "4e40410b-e92a-bc7e-718d-ceba06d033be",
        "data": [
            {
                "text": "I'd really want to be informed about belgium please",
                "userDefined": false
            }
        ],
        "isTemplate": false,
        "count": 0,
        "updated": 1560155628
    },
    {
        "id": "d05e2e98-ffad-3250-3f0b-39b75ba5027e",
        "data": [
            {
                "text": "I want to know about belgium please",
                "userDefined": false
            }
        ],
        "isTemplate": false,
        "count": 0,
        "updated": 1560155628
    },
    {
        "id": "291895dd-dc29-7c9e-5b40-fbb18663c857",
        "data": [
            {
                "text": "I'd really love to be informed about belgium",
                "userDefined": false
            }
        ],
        "isTemplate": false,
        "count": 0,
        "updated": 1560155628
    },
    {
        "id": "0fa11e38-80c6-c3a0-9775-b06bd47ab4cf",
        "data": [
            {
                "text": "I'd really like to be informed about belgium please",
                "userDefined": false
            }
        ],
        "isTemplate": false,
        "count": 0,
        "updated": 1560155628
    },
    {
        "id": "02486ed5-6dde-f19c-4675-826b90009952",
        "data": [
            {
                "text": "I would like to know about belgium please",
                "userDefined": false
            }
        ],
        "isTemplate": false,
        "count": 0,
        "updated": 1560155628
    },
    {
        "id": "513c118f-fee5-7343-34b1-def3172c70a4",
        "data": [
            {
                "text": "instructions about belgium",
                "userDefined": false
            }
        ],
        "isTemplate": false,
        "count": 0,
        "updated": 1560155628
    },
    {
        "id": "e8abbcb9-b590-cf68-47fd-14064fb6e41e",
        "data": [
            {
                "text": "I would really love to learn about belgium please",
                "userDefined": false
            }
        ],
        "isTemplate": false,
        "count": 0,
        "updated": 1560155628
    },
    {
        "id": "45e28cc2-d150-4ccb-3fca-065ff9ff7006",
        "data": [
            {
                "text": "I'd really like to learn about belgium please",
                "userDefined": false
            }
        ],
        "isTemplate": false,
        "count": 0,
        "updated": 1560155628
    },
    {
        "id": "ee4394a5-fca2-9661-173d-b2eea255df0d",
        "data": [
            {
                "text": "can you please tell me about belgium",
                "userDefined": false
            }
        ],
        "isTemplate": false,
        "count": 0,
        "updated": 1560155628
    },
    {
        "id": "7bb51517-3037-9648-9678-7916a67d6c22",
        "data": [
            {
                "text": "would you tell me about belgium please",
                "userDefined": false
            }
        ],
        "isTemplate": false,
        "count": 0,
        "updated": 1560155628
    },
    {
        "id": "0f2f6fa7-afc0-99cb-b3d9-8ce5267eba1b",
        "data": [
            {
                "text": "I'd like to be informed about belgium",
                "userDefined": false
            }
        ],
        "isTemplate": false,
        "count": 0,
        "updated": 1560155628
    },
    {
        "id": "35d14367-03e7-0386-a74b-d89ff362de4d",
        "data": [
            {
                "text": "can you please show me about belgium",
                "userDefined": false
            }
        ],
        "isTemplate": false,
        "count": 0,
        "updated": 1560155628
    },
    {
        "id": "49ac945e-565d-bfc9-0673-d6dc249e11fd",
        "data": [
            {
                "text": "aid about belgium",
                "userDefined": false
            }
        ],
        "isTemplate": false,
        "count": 0,
        "updated": 1560155628
    },
    {
        "id": "ed90ae33-f07f-bf3b-685c-0fb57c485cd5",
        "data": [
            {
                "text": "can you show me about belgium",
                "userDefined": false
            }
        ],
        "isTemplate": false,
        "count": 0,
        "updated": 1560155628
    },
    {
        "id": "305b853c-6ebf-cc2b-3423-46d1c9589611",
        "data": [
            {
                "text": "I'd really want to learn about belgium",
                "userDefined": false
            }
        ],
        "isTemplate": false,
        "count": 0,
        "updated": 1560155628
    },
    {
        "id": "fc41e8ed-b423-23cd-12c6-bd447bed553f",
        "data": [
            {
                "text": "I would love to be informed about belgium please",
                "userDefined": false
            }
        ],
        "isTemplate": false,
        "count": 0,
        "updated": 1560155628
    },
    {
        "id": "2753cd9c-2ee1-0677-cc9a-ee92abf3c579",
        "data": [
            {
                "text": "I'd want to learn about belgium",
                "userDefined": false
            }
        ],
        "isTemplate": false,
        "count": 0,
        "updated": 1560155628
    },
    {
        "id": "757c1d08-81b8-61c1-ac2f-752656908db3",
        "data": [
            {
                "text": "I'd really want to be informed about belgium",
                "userDefined": false
            }
        ],
        "isTemplate": false,
        "count": 0,
        "updated": 1560155628
    },
    {
        "id": "ef965250-f623-ae29-441a-7d08958e6080",
        "data": [
            {
                "text": "counselling about belgium please",
                "userDefined": false
            }
        ],
        "isTemplate": false,
        "count": 0,
        "updated": 1560155628
    },
    {
        "id": "8b45a4b4-2abd-29a8-7bce-0d5f83956fd2",
        "data": [
            {
                "text": "I would really want to know about belgium",
                "userDefined": false
            }
        ],
        "isTemplate": false,
        "count": 0,
        "updated": 1560155628
    },
    {
        "id": "3f1f662b-d874-7eee-a82c-39d2823aecd6",
        "data": [
            {
                "text": "pieces of advice on belgium please",
                "userDefined": false
            }
        ],
        "isTemplate": false,
        "count": 0,
        "updated": 1560155628
    },
    {
        "id": "01960bba-c4c5-3655-7b44-c5d9feddb717",
        "data": [
            {
                "text": "I'd really want to know about belgium",
                "userDefined": false
            }
        ],
        "isTemplate": false,
        "count": 0,
        "updated": 1560155628
    },
    {
        "id": "3a9bf172-f98e-d99d-d07d-e14098bb9198",
        "data": [
            {
                "text": "would you please show me about belgium",
                "userDefined": false
            }
        ],
        "isTemplate": false,
        "count": 0,
        "updated": 1560155628
    }
]