[
    {
        "id": "eca99609-df37-bd28-9f3d-68a9e3547a63",
        "data": [
            {
                "text": "what about uclouvain emergency telephone numbers",
                "userDefined": false
            }
        ],
        "isTemplate": false,
        "count": 0,
        "updated": 1560155628
    },
    {
        "id": "61496319-1621-0732-db5b-0220b9eeb9e6",
        "data": [
            {
                "text": "what actually are relevant emergency numbers",
                "userDefined": false
            }
        ],
        "isTemplate": false,
        "count": 0,
        "updated": 1560155628
    },
    {
        "id": "c15a107c-519e-8560-33f6-205e3a33396b",
        "data": [
            {
                "text": "what in fact are emergency telephone numbers",
                "userDefined": false
            }
        ],
        "isTemplate": false,
        "count": 0,
        "updated": 1560155628
    },
    {
        "id": "b0004528-ab7b-e1ce-5aae-33b2ebb0f27f",
        "data": [
            {
                "text": "what'd be the number of the firefighters",
                "userDefined": false
            }
        ],
        "isTemplate": false,
        "count": 0,
        "updated": 1560155628
    },
    {
        "id": "cdd1d25a-fc8e-c925-facf-47b6eb53cb13",
        "data": [
            {
                "text": "what exactly are emergency telephone numbers",
                "userDefined": false
            }
        ],
        "isTemplate": false,
        "count": 0,
        "updated": 1560155628
    },
    {
        "id": "6036b9c6-eb0f-02bb-4fa5-30ea4a0ca8be",
        "data": [
            {
                "text": "show me about UCLouvain emergency phone numbers",
                "userDefined": false
            }
        ],
        "isTemplate": false,
        "count": 0,
        "updated": 1560155628
    },
    {
        "id": "114342ba-30ae-c913-1ff0-2af05c63818d",
        "data": [
            {
                "text": "info about emergency phone numbers",
                "userDefined": false
            }
        ],
        "isTemplate": false,
        "count": 0,
        "updated": 1560155628
    },
    {
        "id": "db777e5b-f697-0f21-a570-69d0fe788cdc",
        "data": [
            {
                "text": "aid on uni emergency telephone numbers please",
                "userDefined": false
            }
        ],
        "isTemplate": false,
        "count": 0,
        "updated": 1560155628
    },
    {
        "id": "fa3c90b8-0c3e-44d4-9343-64935843e17a",
        "data": [
            {
                "text": "I want to declare open doors",
                "userDefined": false
            }
        ],
        "isTemplate": false,
        "count": 0,
        "updated": 1560155628
    },
    {
        "id": "b43d53a8-eff7-8ecf-4084-aa1f39d45a16",
        "data": [
            {
                "text": "what's the number of the policemen",
                "userDefined": false
            }
        ],
        "isTemplate": false,
        "count": 0,
        "updated": 1560155628
    },
    {
        "id": "b20da5fb-ccaf-bb7c-51a2-b7b098b48a35",
        "data": [
            {
                "text": "can I get a inventory of emergency telephone numbers",
                "userDefined": false
            }
        ],
        "isTemplate": false,
        "count": 0,
        "updated": 1560155628
    },
    {
        "id": "a2f39b8b-6b76-8c70-7621-25dfa716310a",
        "data": [
            {
                "text": "I'd really like to be informed about crucial emergency phone numbers",
                "userDefined": false
            }
        ],
        "isTemplate": false,
        "count": 0,
        "updated": 1560155628
    },
    {
        "id": "eb744898-e1ad-a832-d8ef-0922ee79b570",
        "data": [
            {
                "text": "what actually are emergency numbers",
                "userDefined": false
            }
        ],
        "isTemplate": false,
        "count": 0,
        "updated": 1560155628
    },
    {
        "id": "f076e848-a0a1-a730-2f22-6bdc054fc779",
        "data": [
            {
                "text": "where is it possible to reach an ambulance",
                "userDefined": false
            }
        ],
        "isTemplate": false,
        "count": 0,
        "updated": 1560155628
    },
    {
        "id": "2d609e42-2d16-2046-52b7-fda42e4c31fa",
        "data": [
            {
                "text": "how is it possible to ask the police",
                "userDefined": false
            }
        ],
        "isTemplate": false,
        "count": 0,
        "updated": 1560155628
    },
    {
        "id": "173d8d54-132c-be8e-a0ef-b830360f35fa",
        "data": [
            {
                "text": "can you tell me about emergency phone numbers please",
                "userDefined": false
            }
        ],
        "isTemplate": false,
        "count": 0,
        "updated": 1560155628
    },
    {
        "id": "516b388a-2701-1b54-9fc6-fad3048c4523",
        "data": [
            {
                "text": "what should I do to call the firefighters",
                "userDefined": false
            }
        ],
        "isTemplate": false,
        "count": 0,
        "updated": 1560155628
    },
    {
        "id": "6971cbae-44c8-11a5-18e6-ce981a10fd10",
        "data": [
            {
                "text": "what is the number of the firefighters",
                "userDefined": false
            }
        ],
        "isTemplate": false,
        "count": 0,
        "updated": 1560155628
    },
    {
        "id": "4d219391-02d6-ef02-3fcd-f1a61809a02e",
        "data": [
            {
                "text": "what'd be the number of the police",
                "userDefined": false
            }
        ],
        "isTemplate": false,
        "count": 0,
        "updated": 1560155628
    },
    {
        "id": "87e1c26c-87f8-993d-9a8b-9431c9814cc2",
        "data": [
            {
                "text": "what is the telephone number of the police",
                "userDefined": false
            }
        ],
        "isTemplate": false,
        "count": 0,
        "updated": 1560155628
    },
    {
        "id": "6dcd983e-28b7-ed2a-4f2e-7df0409d13e9",
        "data": [
            {
                "text": "is it possible for me to receive a listing of emergency telephone numbers",
                "userDefined": false
            }
        ],
        "isTemplate": false,
        "count": 0,
        "updated": 1560155628
    },
    {
        "id": "659d7ef0-cb53-da84-a139-7aefbba77857",
        "data": [
            {
                "text": "what in fact are emergency phone numbers",
                "userDefined": false
            }
        ],
        "isTemplate": false,
        "count": 0,
        "updated": 1560155628
    },
    {
        "id": "78e3e555-306e-9090-3c91-c065ca725191",
        "data": [
            {
                "text": "what about emergency telephone numbers please",
                "userDefined": false
            }
        ],
        "isTemplate": false,
        "count": 0,
        "updated": 1560155628
    },
    {
        "id": "f82b30c3-5e59-db66-d206-9cf7a39a00b2",
        "data": [
            {
                "text": "tip on important uclouvain emergency phone numbers",
                "userDefined": false
            }
        ],
        "isTemplate": false,
        "count": 0,
        "updated": 1560155628
    },
    {
        "id": "3005464b-49ca-05d2-d901-d1628e04d187",
        "data": [
            {
                "text": "is it possible to get a record of emergency telephone numbers",
                "userDefined": false
            }
        ],
        "isTemplate": false,
        "count": 0,
        "updated": 1560155628
    },
    {
        "id": "c02cd0ee-b4a8-7c78-26d9-4208bd42a439",
        "data": [
            {
                "text": "what is the number of the police",
                "userDefined": false
            }
        ],
        "isTemplate": false,
        "count": 0,
        "updated": 1560155628
    },
    {
        "id": "5b4ee514-eff2-ef32-212f-150e04245909",
        "data": [
            {
                "text": "information on ucl emergency telephone numbers please",
                "userDefined": false
            }
        ],
        "isTemplate": false,
        "count": 0,
        "updated": 1560155628
    },
    {
        "id": "7a55a4e6-872b-10fa-2b9e-3c676e8a681e",
        "data": [
            {
                "text": "would you please have a list of emergency telephone numbers",
                "userDefined": false
            }
        ],
        "isTemplate": false,
        "count": 0,
        "updated": 1560155628
    },
    {
        "id": "ad886b19-484e-ccae-f8c9-60d6600a9010",
        "data": [
            {
                "text": "what would be the number of the firefighters",
                "userDefined": false
            }
        ],
        "isTemplate": false,
        "count": 0,
        "updated": 1560155628
    },
    {
        "id": "776f7501-86d7-23a4-90df-e1375c85c379",
        "data": [
            {
                "text": "what is the telephone number of the firefighters",
                "userDefined": false
            }
        ],
        "isTemplate": false,
        "count": 0,
        "updated": 1560155628
    },
    {
        "id": "2c2cc21e-48ea-98ae-91c1-5addbed40c88",
        "data": [
            {
                "text": "what actually are relevant emergency phone numbers",
                "userDefined": false
            }
        ],
        "isTemplate": false,
        "count": 0,
        "updated": 1560155628
    },
    {
        "id": "41db4ca4-a067-0971-8b43-106de9e0aa26",
        "data": [
            {
                "text": "could I obtain a list of emergency phone numbers",
                "userDefined": false
            }
        ],
        "isTemplate": false,
        "count": 0,
        "updated": 1560155628
    },
    {
        "id": "f6c06beb-411d-5ea0-7792-582cf21a7b47",
        "data": [
            {
                "text": "what in fact are crucial emergency numbers",
                "userDefined": false
            }
        ],
        "isTemplate": false,
        "count": 0,
        "updated": 1560155628
    },
    {
        "id": "4b4047f3-9afc-0ae5-189d-1e8e809d0858",
        "data": [
            {
                "text": "who should I tell to call the policemen",
                "userDefined": false
            }
        ],
        "isTemplate": false,
        "count": 0,
        "updated": 1560155628
    },
    {
        "id": "337af7a5-8808-1db5-365f-898ca82c10aa",
        "data": [
            {
                "text": "I would really like to tell the firefighters",
                "userDefined": false
            }
        ],
        "isTemplate": false,
        "count": 0,
        "updated": 1560155628
    },
    {
        "id": "48b07ac8-4754-00c8-de37-32a98937e1d1",
        "data": [
            {
                "text": "is it possible to get a index of emergency phone numbers",
                "userDefined": false
            }
        ],
        "isTemplate": false,
        "count": 0,
        "updated": 1560155628
    },
    {
        "id": "6dc0393c-f8cc-28c3-e835-95df26a74a94",
        "data": [
            {
                "text": "info on relevant emergency telephone numbers please",
                "userDefined": false
            }
        ],
        "isTemplate": false,
        "count": 0,
        "updated": 1560155628
    },
    {
        "id": "899dbf75-f748-64b2-8bc3-49164ea56347",
        "data": [
            {
                "text": "where should I need to go to ask an ambulance",
                "userDefined": false
            }
        ],
        "isTemplate": false,
        "count": 0,
        "updated": 1560155628
    },
    {
        "id": "abc373a7-4782-3bc9-7c98-08a5184824de",
        "data": [
            {
                "text": "what exactly are emergency numbers",
                "userDefined": false
            }
        ],
        "isTemplate": false,
        "count": 0,
        "updated": 1560155628
    },
    {
        "id": "a2d93535-93e3-a2a2-644c-3398da5d20d6",
        "data": [
            {
                "text": "would I acquire a record of emergency telephone numbers",
                "userDefined": false
            }
        ],
        "isTemplate": false,
        "count": 0,
        "updated": 1560155628
    },
    {
        "id": "5ee2af92-3845-c2c9-f90d-d8fdfc77c028",
        "data": [
            {
                "text": "can I acquire a record of emergency telephone numbers",
                "userDefined": false
            }
        ],
        "isTemplate": false,
        "count": 0,
        "updated": 1560155628
    },
    {
        "id": "2068370a-61a4-fc22-06bf-0c0fda79ffb7",
        "data": [
            {
                "text": "where is it possible for me to declare accident",
                "userDefined": false
            }
        ],
        "isTemplate": false,
        "count": 0,
        "updated": 1560155628
    },
    {
        "id": "c400be15-373a-6b43-2f7f-0712511e2997",
        "data": [
            {
                "text": "where to go to tell an ambulance",
                "userDefined": false
            }
        ],
        "isTemplate": false,
        "count": 0,
        "updated": 1560155628
    },
    {
        "id": "9121fdac-a0d0-5069-4c57-03c3eb1868fa",
        "data": [
            {
                "text": "would I receive a record of emergency phone numbers",
                "userDefined": false
            }
        ],
        "isTemplate": false,
        "count": 0,
        "updated": 1560155628
    },
    {
        "id": "14a1119a-2e2d-cf3f-286b-a125893a53c3",
        "data": [
            {
                "text": "what is the number of the policemen",
                "userDefined": false
            }
        ],
        "isTemplate": false,
        "count": 0,
        "updated": 1560155628
    },
    {
        "id": "777abc2e-c80c-383f-9e9c-05f689d6596c",
        "data": [
            {
                "text": "could I receive a record of emergency phone numbers",
                "userDefined": false
            }
        ],
        "isTemplate": false,
        "count": 0,
        "updated": 1560155628
    },
    {
        "id": "e6a7b44e-0e62-32f0-f73c-ad4744a474c7",
        "data": [
            {
                "text": "how do I declare fight",
                "userDefined": false
            }
        ],
        "isTemplate": false,
        "count": 0,
        "updated": 1560155628
    },
    {
        "id": "029d3ef5-3b4b-7df3-b329-fea5898c7a6f",
        "data": [
            {
                "text": "what about the college emergency telephone numbers please",
                "userDefined": false
            }
        ],
        "isTemplate": false,
        "count": 0,
        "updated": 1560155628
    },
    {
        "id": "842cef04-e592-ae2c-0352-acfc82b055fb",
        "data": [
            {
                "text": "would you tell me about crucial uni emergency phone numbers",
                "userDefined": false
            }
        ],
        "isTemplate": false,
        "count": 0,
        "updated": 1560155628
    },
    {
        "id": "7585a3c3-fbea-4f19-c7c0-947114034849",
        "data": [
            {
                "text": "would I obtain a list of emergency telephone numbers",
                "userDefined": false
            }
        ],
        "isTemplate": false,
        "count": 0,
        "updated": 1560155628
    },
    {
        "id": "164c065f-6067-59b5-a3e0-05ce4ac15161",
        "data": [
            {
                "text": "is it possible for me to acquire a record of emergency phone numbers",
                "userDefined": false
            }
        ],
        "isTemplate": false,
        "count": 0,
        "updated": 1560155628
    },
    {
        "id": "e68374f6-3c58-8627-c5c7-f62178fd632c",
        "data": [
            {
                "text": "I need to declare open doors",
                "userDefined": false
            }
        ],
        "isTemplate": false,
        "count": 0,
        "updated": 1560155628
    },
    {
        "id": "1ddc5b0c-01e9-5914-b042-7061c30898c4",
        "data": [
            {
                "text": "what in fact are relevant emergency telephone numbers",
                "userDefined": false
            }
        ],
        "isTemplate": false,
        "count": 0,
        "updated": 1560155628
    },
    {
        "id": "0db4d0c9-3c63-8fef-2097-fb0e9e16132f",
        "data": [
            {
                "text": "would I get a listing of emergency phone numbers",
                "userDefined": false
            }
        ],
        "isTemplate": false,
        "count": 0,
        "updated": 1560155628
    },
    {
        "id": "9f96e986-d5d6-7e06-358c-294fba754a0c",
        "data": [
            {
                "text": "how is it possible to reach an ambulance",
                "userDefined": false
            }
        ],
        "isTemplate": false,
        "count": 0,
        "updated": 1560155628
    },
    {
        "id": "e1e43a72-40ba-cd45-fb82-ed3de2bcc5aa",
        "data": [
            {
                "text": "how to ask an ambulance",
                "userDefined": false
            }
        ],
        "isTemplate": false,
        "count": 0,
        "updated": 1560155628
    },
    {
        "id": "6a10e84c-e013-5d45-feb6-66643b9f87cd",
        "data": [
            {
                "text": "how can I declare accidents",
                "userDefined": false
            }
        ],
        "isTemplate": false,
        "count": 0,
        "updated": 1560155628
    },
    {
        "id": "b00b6eba-ff44-e45e-1ed8-def298347e15",
        "data": [
            {
                "text": "what'll be the number of the firefighters",
                "userDefined": false
            }
        ],
        "isTemplate": false,
        "count": 0,
        "updated": 1560155628
    },
    {
        "id": "53de62c5-c3de-825b-21c5-058b423ec5e4",
        "data": [
            {
                "text": "tell me about the university emergency phone numbers please",
                "userDefined": false
            }
        ],
        "isTemplate": false,
        "count": 0,
        "updated": 1560155628
    },
    {
        "id": "163e0d0d-7699-3775-2d79-83562b25b93d",
        "data": [
            {
                "text": "what will be the telephone number of the policemen",
                "userDefined": false
            }
        ],
        "isTemplate": false,
        "count": 0,
        "updated": 1560155628
    },
    {
        "id": "a5d93458-fdcd-f46f-535d-775c91b9de5d",
        "data": [
            {
                "text": "do you have a list of emergency phone numbers",
                "userDefined": false
            }
        ],
        "isTemplate": false,
        "count": 0,
        "updated": 1560155628
    },
    {
        "id": "16e536db-d18b-65cf-fdd2-7258340024ff",
        "data": [
            {
                "text": "do you please have a list of emergency telephone numbers",
                "userDefined": false
            }
        ],
        "isTemplate": false,
        "count": 0,
        "updated": 1560155628
    },
    {
        "id": "167e5d6f-d5cd-5bdc-8489-6214b3afbf32",
        "data": [
            {
                "text": "what about uclouvain emergency telephone numbers please",
                "userDefined": false
            }
        ],
        "isTemplate": false,
        "count": 0,
        "updated": 1560155628
    },
    {
        "id": "67813cd2-499b-9f8c-9fce-f91487d3dc8c",
        "data": [
            {
                "text": "what'd be the number of the policemen",
                "userDefined": false
            }
        ],
        "isTemplate": false,
        "count": 0,
        "updated": 1560155628
    },
    {
        "id": "201ae306-37f6-5685-05e7-aa2e31bb9a6d",
        "data": [
            {
                "text": "could I get a index of emergency phone numbers",
                "userDefined": false
            }
        ],
        "isTemplate": false,
        "count": 0,
        "updated": 1560155628
    },
    {
        "id": "df67a2e8-58f9-b479-0096-32b6608675f4",
        "data": [
            {
                "text": "how can I declare security concern",
                "userDefined": false
            }
        ],
        "isTemplate": false,
        "count": 0,
        "updated": 1560155628
    },
    {
        "id": "009693fb-b433-5a76-f9b8-4345fc88f68c",
        "data": [
            {
                "text": "would I receive a listing of emergency telephone numbers",
                "userDefined": false
            }
        ],
        "isTemplate": false,
        "count": 0,
        "updated": 1560155628
    },
    {
        "id": "32ef3b9e-f311-85e4-1efa-fc3e1bd3ab4d",
        "data": [
            {
                "text": "could I acquire a inventory of emergency telephone numbers",
                "userDefined": false
            }
        ],
        "isTemplate": false,
        "count": 0,
        "updated": 1560155628
    },
    {
        "id": "20394c06-a6cc-80f2-b956-496e7d41d990",
        "data": [
            {
                "text": "what about essential UCLouvain emergency telephone numbers",
                "userDefined": false
            }
        ],
        "isTemplate": false,
        "count": 0,
        "updated": 1560155628
    },
    {
        "id": "f2690ba7-814d-6b9e-c39e-0b91a4abb2a3",
        "data": [
            {
                "text": "what is the telephone number of the policemen",
                "userDefined": false
            }
        ],
        "isTemplate": false,
        "count": 0,
        "updated": 1560155628
    },
    {
        "id": "c56b19de-6e43-d979-0112-00dc2674a13f",
        "data": [
            {
                "text": "what about ucl emergency telephone numbers please",
                "userDefined": false
            }
        ],
        "isTemplate": false,
        "count": 0,
        "updated": 1560155628
    },
    {
        "id": "cb9ac5bd-9040-490d-1093-ec173a2f4763",
        "data": [
            {
                "text": "would I obtain a listing of emergency telephone numbers",
                "userDefined": false
            }
        ],
        "isTemplate": false,
        "count": 0,
        "updated": 1560155628
    },
    {
        "id": "be4d6833-b26e-1f0a-f88d-44463e3a77af",
        "data": [
            {
                "text": "what's the number of the firefighters",
                "userDefined": false
            }
        ],
        "isTemplate": false,
        "count": 0,
        "updated": 1560155628
    },
    {
        "id": "c4530616-c60d-67e8-33fe-4f09cac9dcc5",
        "data": [
            {
                "text": "what exactly are essential emergency numbers",
                "userDefined": false
            }
        ],
        "isTemplate": false,
        "count": 0,
        "updated": 1560155628
    },
    {
        "id": "bb06983b-d081-cdf6-6b63-bd3003ade7fb",
        "data": [
            {
                "text": "is it possible to get a listing of emergency telephone numbers",
                "userDefined": false
            }
        ],
        "isTemplate": false,
        "count": 0,
        "updated": 1560155628
    },
    {
        "id": "038fb6b1-e089-07ad-1d3d-ac6ecc5e0472",
        "data": [
            {
                "text": "would you have a list of emergency telephone numbers",
                "userDefined": false
            }
        ],
        "isTemplate": false,
        "count": 0,
        "updated": 1560155628
    },
    {
        "id": "bb326435-79d1-e4ad-df20-f931262c350a",
        "data": [
            {
                "text": "I need to report accident",
                "userDefined": false
            }
        ],
        "isTemplate": false,
        "count": 0,
        "updated": 1560155628
    },
    {
        "id": "dd4a6a0b-da72-4904-3bf3-48dcbfdac2d2",
        "data": [
            {
                "text": "where is it possible for me to report fight",
                "userDefined": false
            }
        ],
        "isTemplate": false,
        "count": 0,
        "updated": 1560155628
    },
    {
        "id": "fc62c223-c573-5343-32a6-426c67ced8f9",
        "data": [
            {
                "text": "is it possible for me to get a listing of emergency telephone numbers",
                "userDefined": false
            }
        ],
        "isTemplate": false,
        "count": 0,
        "updated": 1560155628
    },
    {
        "id": "4ec8b35e-3a53-ceba-526a-de881341f3a7",
        "data": [
            {
                "text": "what'll be the phone number of the police",
                "userDefined": false
            }
        ],
        "isTemplate": false,
        "count": 0,
        "updated": 1560155628
    },
    {
        "id": "30331e9d-0ff5-305d-49d6-7eff0be37874",
        "data": [
            {
                "text": "how do I declare accidents",
                "userDefined": false
            }
        ],
        "isTemplate": false,
        "count": 0,
        "updated": 1560155628
    },
    {
        "id": "a56d1ea7-7bf6-e230-4d1a-e7a32102c0d2",
        "data": [
            {
                "text": "what will be the number of the police",
                "userDefined": false
            }
        ],
        "isTemplate": false,
        "count": 0,
        "updated": 1560155628
    },
    {
        "id": "15c42128-4a6c-1899-c8aa-2d8ef906f48d",
        "data": [
            {
                "text": "is it possible for me to receive a listing of emergency phone numbers",
                "userDefined": false
            }
        ],
        "isTemplate": false,
        "count": 0,
        "updated": 1560155628
    },
    {
        "id": "2780d177-bac9-63c6-296e-42db3d3dd53b",
        "data": [
            {
                "text": "is it possible to get a listing of emergency phone numbers",
                "userDefined": false
            }
        ],
        "isTemplate": false,
        "count": 0,
        "updated": 1560155628
    },
    {
        "id": "9d5e7789-a64d-8bea-4a9f-035218941146",
        "data": [
            {
                "text": "is it possible to get a list of emergency telephone numbers",
                "userDefined": false
            }
        ],
        "isTemplate": false,
        "count": 0,
        "updated": 1560155628
    },
    {
        "id": "50c7d8fa-c663-b79e-0fe5-232bf4787433",
        "data": [
            {
                "text": "information about emergency telephone numbers please",
                "userDefined": false
            }
        ],
        "isTemplate": false,
        "count": 0,
        "updated": 1560155628
    },
    {
        "id": "eed5e732-3559-54f5-1498-112b86fcc072",
        "data": [
            {
                "text": "how is it possible for me to contact the firefighters",
                "userDefined": false
            }
        ],
        "isTemplate": false,
        "count": 0,
        "updated": 1560155628
    },
    {
        "id": "f67abcab-44e8-02c7-1405-c35fd63025b6",
        "data": [
            {
                "text": "how could I tell an ambulance",
                "userDefined": false
            }
        ],
        "isTemplate": false,
        "count": 0,
        "updated": 1560155628
    },
    {
        "id": "b4016752-150d-d0f6-42d4-48cc6da62103",
        "data": [
            {
                "text": "I need to tell the policemen",
                "userDefined": false
            }
        ],
        "isTemplate": false,
        "count": 0,
        "updated": 1560155628
    },
    {
        "id": "216ae836-7351-c20c-15c0-bf41c65dfc9a",
        "data": [
            {
                "text": "what would be the number of the police",
                "userDefined": false
            }
        ],
        "isTemplate": false,
        "count": 0,
        "updated": 1560155628
    },
    {
        "id": "fd45747b-6457-95c4-1699-45efe5bd8bc0",
        "data": [
            {
                "text": "would you tell me about important uclouvain emergency phone numbers",
                "userDefined": false
            }
        ],
        "isTemplate": false,
        "count": 0,
        "updated": 1560155628
    },
    {
        "id": "3c75ead6-3098-a99d-1e86-825732f7dfda",
        "data": [
            {
                "text": "where to go to declare open window",
                "userDefined": false
            }
        ],
        "isTemplate": false,
        "count": 0,
        "updated": 1560155628
    },
    {
        "id": "a90b3954-56e5-0859-fe85-f9f83fee5b2e",
        "data": [
            {
                "text": "where would I declare open doors",
                "userDefined": false
            }
        ],
        "isTemplate": false,
        "count": 0,
        "updated": 1560155628
    },
    {
        "id": "cf623a45-1f72-afbc-3263-71f883e7c7cd",
        "data": [
            {
                "text": "show me about uclouvain emergency phone numbers",
                "userDefined": false
            }
        ],
        "isTemplate": false,
        "count": 0,
        "updated": 1560155628
    },
    {
        "id": "74afb40d-a929-7bd0-606c-149b593abecf",
        "data": [
            {
                "text": "I'd really like to call the policemen",
                "userDefined": false
            }
        ],
        "isTemplate": false,
        "count": 0,
        "updated": 1560155628
    },
    {
        "id": "8220e1d7-f19c-c107-0e63-7df96214e8e5",
        "data": [
            {
                "text": "what exactly are crucial emergency phone numbers",
                "userDefined": false
            }
        ],
        "isTemplate": false,
        "count": 0,
        "updated": 1560155628
    },
    {
        "id": "9dcacb17-3a8a-9d4b-70dc-f684ca856022",
        "data": [
            {
                "text": "what exactly are crucial emergency numbers",
                "userDefined": false
            }
        ],
        "isTemplate": false,
        "count": 0,
        "updated": 1560155628
    },
    {
        "id": "fd885462-50fc-64b0-dfeb-ee0ca0dbf6ad",
        "data": [
            {
                "text": "how to report accident",
                "userDefined": false
            }
        ],
        "isTemplate": false,
        "count": 0,
        "updated": 1560155628
    },
    {
        "id": "71a3e1d3-d10c-2750-bc2c-9a03f18dc7bf",
        "data": [
            {
                "text": "what actually are crucial emergency numbers",
                "userDefined": false
            }
        ],
        "isTemplate": false,
        "count": 0,
        "updated": 1560155628
    },
    {
        "id": "32598622-ca8d-810f-dd83-f398463cdaa8",
        "data": [
            {
                "text": "what in fact are important emergency numbers",
                "userDefined": false
            }
        ],
        "isTemplate": false,
        "count": 0,
        "updated": 1560155628
    },
    {
        "id": "59f11647-d358-b860-8e80-1b1d3da313fc",
        "data": [
            {
                "text": "would you please have a listing of emergency phone numbers",
                "userDefined": false
            }
        ],
        "isTemplate": false,
        "count": 0,
        "updated": 1560155628
    },
    {
        "id": "d19fe250-f495-8b0f-8ff8-587e83b93eab",
        "data": [
            {
                "text": "how do we reach an ambulance",
                "userDefined": false
            }
        ],
        "isTemplate": false,
        "count": 0,
        "updated": 1560155628
    },
    {
        "id": "19bccd04-2d7f-ae3f-f634-82517aff2987",
        "data": [
            {
                "text": "I'd really love to report accident",
                "userDefined": false
            }
        ],
        "isTemplate": false,
        "count": 0,
        "updated": 1560155628
    },
    {
        "id": "c5b19fe9-b2b1-0dcc-247d-940f188b972c",
        "data": [
            {
                "text": "what's the phone number of the policemen",
                "userDefined": false
            }
        ],
        "isTemplate": false,
        "count": 0,
        "updated": 1560155628
    },
    {
        "id": "764e6e10-877b-ef30-902b-14edd530a1e9",
        "data": [
            {
                "text": "what exactly are essential emergency phone numbers",
                "userDefined": false
            }
        ],
        "isTemplate": false,
        "count": 0,
        "updated": 1560155628
    },
    {
        "id": "72f99000-105f-b9c8-40ab-9ec5eeb91f7a",
        "data": [
            {
                "text": "I'd want to call the police",
                "userDefined": false
            }
        ],
        "isTemplate": false,
        "count": 0,
        "updated": 1560155628
    },
    {
        "id": "0a7f17eb-0d38-94ea-497a-83e8b8cea1be",
        "data": [
            {
                "text": "what in fact are crucial emergency phone numbers",
                "userDefined": false
            }
        ],
        "isTemplate": false,
        "count": 0,
        "updated": 1560155628
    },
    {
        "id": "79eaad6b-2c78-0856-a5ed-c45c08ce8fe2",
        "data": [
            {
                "text": "what in fact are significant emergency numbers",
                "userDefined": false
            }
        ],
        "isTemplate": false,
        "count": 0,
        "updated": 1560155628
    },
    {
        "id": "f10eb81b-950e-990f-29b7-79c1410ee42d",
        "data": [
            {
                "text": "can I get a list of emergency telephone numbers",
                "userDefined": false
            }
        ],
        "isTemplate": false,
        "count": 0,
        "updated": 1560155628
    },
    {
        "id": "0d14d0c4-f00c-74a3-ec68-28c61d123641",
        "data": [
            {
                "text": "how is it possible to contact the firefighters",
                "userDefined": false
            }
        ],
        "isTemplate": false,
        "count": 0,
        "updated": 1560155628
    },
    {
        "id": "350cc35a-2559-a3ef-a8fe-9604bd1e6a8f",
        "data": [
            {
                "text": "what would be the telephone number of the police",
                "userDefined": false
            }
        ],
        "isTemplate": false,
        "count": 0,
        "updated": 1560155628
    },
    {
        "id": "c6ef27c2-071a-8a21-b36e-03416b37cf01",
        "data": [
            {
                "text": "what actually are significant emergency telephone numbers",
                "userDefined": false
            }
        ],
        "isTemplate": false,
        "count": 0,
        "updated": 1560155628
    },
    {
        "id": "007fecb4-11a2-57af-c4d0-6b61003ea2ff",
        "data": [
            {
                "text": "could you please show me about emergency telephone numbers please",
                "userDefined": false
            }
        ],
        "isTemplate": false,
        "count": 0,
        "updated": 1560155628
    },
    {
        "id": "6fcc2e16-54b2-3373-1d06-a322d17ab4a8",
        "data": [
            {
                "text": "is it possible to obtain a index of emergency telephone numbers",
                "userDefined": false
            }
        ],
        "isTemplate": false,
        "count": 0,
        "updated": 1560155628
    },
    {
        "id": "9466818c-95a5-9767-9482-3a82378ac26c",
        "data": [
            {
                "text": "could I obtain a table of emergency telephone numbers",
                "userDefined": false
            }
        ],
        "isTemplate": false,
        "count": 0,
        "updated": 1560155628
    },
    {
        "id": "2866c2ca-f13f-284b-ee87-29b8cad0b6b3",
        "data": [
            {
                "text": "who could assist to ask the firefighters",
                "userDefined": false
            }
        ],
        "isTemplate": false,
        "count": 0,
        "updated": 1560155628
    },
    {
        "id": "e72b5fcd-d8ce-df92-a321-b1441eb3ce92",
        "data": [
            {
                "text": "direction about emergency phone numbers",
                "userDefined": false
            }
        ],
        "isTemplate": false,
        "count": 0,
        "updated": 1560155628
    },
    {
        "id": "3431d037-eaf2-9c25-b96d-15e09908bc34",
        "data": [
            {
                "text": "would you have a inventory of emergency telephone numbers",
                "userDefined": false
            }
        ],
        "isTemplate": false,
        "count": 0,
        "updated": 1560155628
    },
    {
        "id": "bbae6499-2702-382f-631c-3805b606814b",
        "data": [
            {
                "text": "can I obtain a list of emergency telephone numbers",
                "userDefined": false
            }
        ],
        "isTemplate": false,
        "count": 0,
        "updated": 1560155628
    },
    {
        "id": "dabc4f6a-1b7f-0f7e-fc53-132fb360d68d",
        "data": [
            {
                "text": "is it possible for me to receive a record of emergency telephone numbers",
                "userDefined": false
            }
        ],
        "isTemplate": false,
        "count": 0,
        "updated": 1560155628
    }
]