[
    {
        "id": "ed37cdd5-0a05-3079-71bc-7b6568bfbf44",
        "data": [
            {
                "text": "what are the different districts of lln",
                "userDefined": false
            }
        ],
        "isTemplate": false,
        "count": 0,
        "updated": 1560155628
    },
    {
        "id": "80055409-8c8c-4287-3db9-c91d765a15da",
        "data": [
            {
                "text": "how do I receive a inventory of the neighborhoods in Louvain la Neuve",
                "userDefined": false
            }
        ],
        "isTemplate": false,
        "count": 0,
        "updated": 1560155628
    },
    {
        "id": "d3039e77-8bff-797f-e4e3-e13f68f5bd63",
        "data": [
            {
                "text": "I'd like to get a list of the neighborhoods in louvain la neuve",
                "userDefined": false
            }
        ],
        "isTemplate": false,
        "count": 0,
        "updated": 1560155628
    },
    {
        "id": "f27dfd44-0447-abb9-f51f-80a0d2679322",
        "data": [
            {
                "text": "what neighborhoods are there in louvain",
                "userDefined": false
            }
        ],
        "isTemplate": false,
        "count": 0,
        "updated": 1560155628
    },
    {
        "id": "dc855985-3823-45e1-01db-533bba6b917e",
        "data": [
            {
                "text": "which are the quartiers of louvain la neuve",
                "userDefined": false
            }
        ],
        "isTemplate": false,
        "count": 0,
        "updated": 1560155628
    },
    {
        "id": "d306e954-1914-f62f-506d-420a48c19df8",
        "data": [
            {
                "text": "do you please have a inventory of the neighborhoods in louvain-la-neuve",
                "userDefined": false
            }
        ],
        "isTemplate": false,
        "count": 0,
        "updated": 1560155628
    },
    {
        "id": "71ffb9d0-1977-5503-68b0-6743e25d2438",
        "data": [
            {
                "text": "which are the different parts at Louvain-la-Neuve",
                "userDefined": false
            }
        ],
        "isTemplate": false,
        "count": 0,
        "updated": 1560155628
    },
    {
        "id": "b4da1b9a-38ca-8a46-fbd2-33a20aa69f12",
        "data": [
            {
                "text": "which areas would there be in LLN",
                "userDefined": false
            }
        ],
        "isTemplate": false,
        "count": 0,
        "updated": 1560155628
    },
    {
        "id": "ca4ee916-8f18-b90c-e37c-1fc4295f29f1",
        "data": [
            {
                "text": "would you have a listing of the areas at louv",
                "userDefined": false
            }
        ],
        "isTemplate": false,
        "count": 0,
        "updated": 1560155628
    },
    {
        "id": "3ab669fb-fa09-a928-48a5-ebe92b292b38",
        "data": [
            {
                "text": "what are the different districts in Louvain la Neuve",
                "userDefined": false
            }
        ],
        "isTemplate": false,
        "count": 0,
        "updated": 1560155628
    },
    {
        "id": "69ec4631-24bf-eb30-b27c-2d95a734920c",
        "data": [
            {
                "text": "what are the neighbourhoods of lln",
                "userDefined": false
            }
        ],
        "isTemplate": false,
        "count": 0,
        "updated": 1560155628
    },
    {
        "id": "1d61f589-a095-d352-b624-886d8807a810",
        "data": [
            {
                "text": "what neighborhoods are there at lln",
                "userDefined": false
            }
        ],
        "isTemplate": false,
        "count": 0,
        "updated": 1560155628
    },
    {
        "id": "7738195d-959a-371d-55de-b65d66c32128",
        "data": [
            {
                "text": "which are the different zones of louv",
                "userDefined": false
            }
        ],
        "isTemplate": false,
        "count": 0,
        "updated": 1560155628
    },
    {
        "id": "64375b95-9894-931d-fef5-937c1d6e7f89",
        "data": [
            {
                "text": "which neighbourhoods are there at Louvain-la-Neuve",
                "userDefined": false
            }
        ],
        "isTemplate": false,
        "count": 0,
        "updated": 1560155628
    },
    {
        "id": "b96505ae-0769-4d5c-1f76-f783034730be",
        "data": [
            {
                "text": "which are the neighbourhoods in louvain",
                "userDefined": false
            }
        ],
        "isTemplate": false,
        "count": 0,
        "updated": 1560155628
    },
    {
        "id": "bca01664-e845-71ed-7cea-bc2fecc45950",
        "data": [
            {
                "text": "what districts are there in louv",
                "userDefined": false
            }
        ],
        "isTemplate": false,
        "count": 0,
        "updated": 1560155628
    },
    {
        "id": "3a9847cb-6ddd-f60a-7f9b-5b76309e6ea0",
        "data": [
            {
                "text": "how to get a table of the neighbourhoods in louv",
                "userDefined": false
            }
        ],
        "isTemplate": false,
        "count": 0,
        "updated": 1560155628
    },
    {
        "id": "2d7de5f0-0110-3e16-e3ed-0cb92d52fa02",
        "data": [
            {
                "text": "what districts are there in louvain la neuve",
                "userDefined": false
            }
        ],
        "isTemplate": false,
        "count": 0,
        "updated": 1560155628
    },
    {
        "id": "12865243-1a00-be00-fc9a-7df7d07a1a66",
        "data": [
            {
                "text": "what are the parts at Louv",
                "userDefined": false
            }
        ],
        "isTemplate": false,
        "count": 0,
        "updated": 1560155628
    },
    {
        "id": "1bd3c417-27e4-8123-2147-4c51580bcf17",
        "data": [
            {
                "text": "would you have a list of the quartiers at Louvain",
                "userDefined": false
            }
        ],
        "isTemplate": false,
        "count": 0,
        "updated": 1560155628
    },
    {
        "id": "f16fd7f1-8743-c758-8255-c8227936b78e",
        "data": [
            {
                "text": "where could I obtain a listing of the zones in Louvain-la-Neuve",
                "userDefined": false
            }
        ],
        "isTemplate": false,
        "count": 0,
        "updated": 1560155628
    },
    {
        "id": "d3d88e85-ceed-0206-e3f1-3d8d79b67263",
        "data": [
            {
                "text": "what districts are there in louvain-la-neuve",
                "userDefined": false
            }
        ],
        "isTemplate": false,
        "count": 0,
        "updated": 1560155628
    },
    {
        "id": "9f3f71a7-e3fa-1261-5f61-01c435772a3b",
        "data": [
            {
                "text": "which are the zones in LLN",
                "userDefined": false
            }
        ],
        "isTemplate": false,
        "count": 0,
        "updated": 1560155628
    },
    {
        "id": "f73853fd-341b-4b6c-1e28-429e39b838c9",
        "data": [
            {
                "text": "which neighborhoods would there be at Louvain",
                "userDefined": false
            }
        ],
        "isTemplate": false,
        "count": 0,
        "updated": 1560155628
    },
    {
        "id": "391f96ec-9dd1-e0c0-070f-1203883ab289",
        "data": [
            {
                "text": "I want to receive a inventory of the quartiers in louv",
                "userDefined": false
            }
        ],
        "isTemplate": false,
        "count": 0,
        "updated": 1560155628
    },
    {
        "id": "d4343937-3690-3496-e0f5-96ef5153a143",
        "data": [
            {
                "text": "which neighborhoods are there at Louvain la Neuve",
                "userDefined": false
            }
        ],
        "isTemplate": false,
        "count": 0,
        "updated": 1560155628
    },
    {
        "id": "1d443809-84ef-4b53-e35e-83b47b6fd4e3",
        "data": [
            {
                "text": "how to acquire a index of the quartiers at LLN",
                "userDefined": false
            }
        ],
        "isTemplate": false,
        "count": 0,
        "updated": 1560155628
    },
    {
        "id": "f506cef7-e09f-1d27-7c9c-0114423fdb16",
        "data": [
            {
                "text": "what districts would there be in lln",
                "userDefined": false
            }
        ],
        "isTemplate": false,
        "count": 0,
        "updated": 1560155628
    },
    {
        "id": "f3e44906-41e4-80af-8012-0abc59f89071",
        "data": [
            {
                "text": "what neighbourhoods are there at Louvain",
                "userDefined": false
            }
        ],
        "isTemplate": false,
        "count": 0,
        "updated": 1560155628
    },
    {
        "id": "77d8dfce-d576-b3c0-5d39-cdd9ba7b7f5d",
        "data": [
            {
                "text": "what are the areas in Louvain la Neuve",
                "userDefined": false
            }
        ],
        "isTemplate": false,
        "count": 0,
        "updated": 1560155628
    },
    {
        "id": "f131cf9d-f85b-07b0-a7a9-5563ea239d3e",
        "data": [
            {
                "text": "which zones would there be in louvain-la-neuve",
                "userDefined": false
            }
        ],
        "isTemplate": false,
        "count": 0,
        "updated": 1560155628
    },
    {
        "id": "2d6c060d-3bc0-416d-740f-d9e86cc04f16",
        "data": [
            {
                "text": "which are the parts of Louvain",
                "userDefined": false
            }
        ],
        "isTemplate": false,
        "count": 0,
        "updated": 1560155628
    },
    {
        "id": "efca200e-a736-dd7f-2e57-42864aef8bf1",
        "data": [
            {
                "text": "which zones would there be in Louvain-la-Neuve",
                "userDefined": false
            }
        ],
        "isTemplate": false,
        "count": 0,
        "updated": 1560155628
    },
    {
        "id": "24837358-dfa2-1753-b1e5-1c2b7c665f39",
        "data": [
            {
                "text": "which neighborhoods would there be at Louvain-la-Neuve",
                "userDefined": false
            }
        ],
        "isTemplate": false,
        "count": 0,
        "updated": 1560155628
    },
    {
        "id": "050cff04-f089-8ddf-b269-8aae0934fc4c",
        "data": [
            {
                "text": "how to acquire a inventory of the quartiers in Louvain",
                "userDefined": false
            }
        ],
        "isTemplate": false,
        "count": 0,
        "updated": 1560155628
    },
    {
        "id": "deb562fb-21df-65ba-30bd-cbba66733ca9",
        "data": [
            {
                "text": "what neighbourhoods would there be in louv",
                "userDefined": false
            }
        ],
        "isTemplate": false,
        "count": 0,
        "updated": 1560155628
    },
    {
        "id": "8379ad6e-98e0-5216-0bfa-ac94af9f6df6",
        "data": [
            {
                "text": "would you please have a listing of the zones in LLN",
                "userDefined": false
            }
        ],
        "isTemplate": false,
        "count": 0,
        "updated": 1560155628
    },
    {
        "id": "d0e371d5-9590-361a-9a2a-a78efe18374f",
        "data": [
            {
                "text": "what neighbourhoods are there at louv",
                "userDefined": false
            }
        ],
        "isTemplate": false,
        "count": 0,
        "updated": 1560155628
    },
    {
        "id": "5568dfee-5a48-e519-89e4-d2cc0092e782",
        "data": [
            {
                "text": "how to acquire a record of the neighbourhoods at lln",
                "userDefined": false
            }
        ],
        "isTemplate": false,
        "count": 0,
        "updated": 1560155628
    },
    {
        "id": "17bfeb03-ece4-97ad-3c7f-422cd0261ae5",
        "data": [
            {
                "text": "would you please have a inventory of the zones in Louvain-la-Neuve",
                "userDefined": false
            }
        ],
        "isTemplate": false,
        "count": 0,
        "updated": 1560155628
    },
    {
        "id": "7bb08e32-4c2b-c305-2bcf-98769bfb171f",
        "data": [
            {
                "text": "do you please have a listing of the neighbourhoods at Louvain-la-Neuve",
                "userDefined": false
            }
        ],
        "isTemplate": false,
        "count": 0,
        "updated": 1560155628
    },
    {
        "id": "cb71cedd-5ac6-3550-03e4-0a16a8a5ef37",
        "data": [
            {
                "text": "what are the parts of louvain",
                "userDefined": false
            }
        ],
        "isTemplate": false,
        "count": 0,
        "updated": 1560155628
    },
    {
        "id": "5f9b1261-c9e3-c3d4-6ad6-4fa8d0dcb5a4",
        "data": [
            {
                "text": "who would support to get a table of the zones at LLN",
                "userDefined": false
            }
        ],
        "isTemplate": false,
        "count": 0,
        "updated": 1560155628
    },
    {
        "id": "63215b4a-f7ff-f889-5efa-0a0a986b13ee",
        "data": [
            {
                "text": "what zones would there be at louvain",
                "userDefined": false
            }
        ],
        "isTemplate": false,
        "count": 0,
        "updated": 1560155628
    },
    {
        "id": "447654f0-c768-ef15-4a25-e159aa9cd635",
        "data": [
            {
                "text": "what neighborhoods would there be in Louv",
                "userDefined": false
            }
        ],
        "isTemplate": false,
        "count": 0,
        "updated": 1560155628
    },
    {
        "id": "126441e6-9f94-e8a7-674b-9e012df63a41",
        "data": [
            {
                "text": "what are the parts of Louvain-la-Neuve",
                "userDefined": false
            }
        ],
        "isTemplate": false,
        "count": 0,
        "updated": 1560155628
    },
    {
        "id": "b6a18d8f-5bf0-99dd-1459-9a5dfe1d78cc",
        "data": [
            {
                "text": "how can I obtain a index of the districts at lln",
                "userDefined": false
            }
        ],
        "isTemplate": false,
        "count": 0,
        "updated": 1560155628
    },
    {
        "id": "81faffd3-63fa-0c13-b6c2-b654a1d9c2ce",
        "data": [
            {
                "text": "what are the parts at Louvain-la-Neuve",
                "userDefined": false
            }
        ],
        "isTemplate": false,
        "count": 0,
        "updated": 1560155628
    },
    {
        "id": "95d6f63a-e279-c776-f026-305407395365",
        "data": [
            {
                "text": "what areas are there at lln",
                "userDefined": false
            }
        ],
        "isTemplate": false,
        "count": 0,
        "updated": 1560155628
    },
    {
        "id": "e69fa759-fffe-8b44-445b-5245130a94cb",
        "data": [
            {
                "text": "which are the neighborhoods in louvain",
                "userDefined": false
            }
        ],
        "isTemplate": false,
        "count": 0,
        "updated": 1560155628
    },
    {
        "id": "ed4269b7-4ef6-d839-5d4d-157405808256",
        "data": [
            {
                "text": "do you have a list of the areas at Louvain-la-Neuve",
                "userDefined": false
            }
        ],
        "isTemplate": false,
        "count": 0,
        "updated": 1560155628
    },
    {
        "id": "414db750-e3f7-6da5-015b-1d3032d87ab6",
        "data": [
            {
                "text": "what zones are there in Louv",
                "userDefined": false
            }
        ],
        "isTemplate": false,
        "count": 0,
        "updated": 1560155628
    },
    {
        "id": "62b3c74d-0c1e-9177-24a0-2651e5faed5a",
        "data": [
            {
                "text": "would you have a inventory of the zones in Louv",
                "userDefined": false
            }
        ],
        "isTemplate": false,
        "count": 0,
        "updated": 1560155628
    },
    {
        "id": "4d0c3629-7813-eeda-018b-3ce017ad4b28",
        "data": [
            {
                "text": "what are the different parts at LLN",
                "userDefined": false
            }
        ],
        "isTemplate": false,
        "count": 0,
        "updated": 1560155628
    },
    {
        "id": "c73e4c60-53d8-b0f7-2ef8-545ee561e049",
        "data": [
            {
                "text": "would you please have a inventory of the neighborhoods in Louvain",
                "userDefined": false
            }
        ],
        "isTemplate": false,
        "count": 0,
        "updated": 1560155628
    },
    {
        "id": "b82eb879-d9cf-963f-ca7b-e681046d6493",
        "data": [
            {
                "text": "what are the different neighbourhoods in LLN",
                "userDefined": false
            }
        ],
        "isTemplate": false,
        "count": 0,
        "updated": 1560155628
    },
    {
        "id": "f57f5ecd-f178-f7f1-7bf2-006b351ca1ba",
        "data": [
            {
                "text": "do you please have a list of the zones at louvain-la-neuve",
                "userDefined": false
            }
        ],
        "isTemplate": false,
        "count": 0,
        "updated": 1560155628
    },
    {
        "id": "e904445c-d83a-1597-f076-b689f07e8dfb",
        "data": [
            {
                "text": "which are the parts at Louvain-la-Neuve",
                "userDefined": false
            }
        ],
        "isTemplate": false,
        "count": 0,
        "updated": 1560155628
    },
    {
        "id": "9acdc5ab-9819-12b7-e440-fea17c5ab13c",
        "data": [
            {
                "text": "would you have a list of the neighbourhoods in Louvain la Neuve",
                "userDefined": false
            }
        ],
        "isTemplate": false,
        "count": 0,
        "updated": 1560155628
    },
    {
        "id": "cb49ab1d-c11a-9c99-1d64-8b98d630cad6",
        "data": [
            {
                "text": "what are the zones in Louvain la Neuve",
                "userDefined": false
            }
        ],
        "isTemplate": false,
        "count": 0,
        "updated": 1560155628
    },
    {
        "id": "8ca1e309-ce23-7fb0-2627-40452c04631f",
        "data": [
            {
                "text": "what are the different neighbourhoods at Louvain",
                "userDefined": false
            }
        ],
        "isTemplate": false,
        "count": 0,
        "updated": 1560155628
    },
    {
        "id": "f93553e7-0208-d90f-bbb8-c738f193de3d",
        "data": [
            {
                "text": "which zones would there be at lln",
                "userDefined": false
            }
        ],
        "isTemplate": false,
        "count": 0,
        "updated": 1560155628
    },
    {
        "id": "0ab3464e-779d-0a1c-da3e-c870d5c4693b",
        "data": [
            {
                "text": "how do we receive a list of the neighbourhoods in louvain la neuve",
                "userDefined": false
            }
        ],
        "isTemplate": false,
        "count": 0,
        "updated": 1560155628
    },
    {
        "id": "30f6e1ee-bde1-58e3-036f-e2a3060bb4e1",
        "data": [
            {
                "text": "where to go to receive a listing of the neighborhoods in LLN",
                "userDefined": false
            }
        ],
        "isTemplate": false,
        "count": 0,
        "updated": 1560155628
    },
    {
        "id": "a86d3cc0-b7cf-9ba7-d9ff-4c56678336be",
        "data": [
            {
                "text": "what are the zones of LLN",
                "userDefined": false
            }
        ],
        "isTemplate": false,
        "count": 0,
        "updated": 1560155628
    },
    {
        "id": "90a17246-9dc5-9795-f686-813dc4932e24",
        "data": [
            {
                "text": "do you have a table of the areas in lln",
                "userDefined": false
            }
        ],
        "isTemplate": false,
        "count": 0,
        "updated": 1560155628
    },
    {
        "id": "b8d04e0d-04a1-1198-f53c-455eb09c5c33",
        "data": [
            {
                "text": "would you please have a list of the neighborhoods in Louvain-la-Neuve",
                "userDefined": false
            }
        ],
        "isTemplate": false,
        "count": 0,
        "updated": 1560155628
    },
    {
        "id": "14ea6dce-37de-8f0c-e8da-0926ba8926d7",
        "data": [
            {
                "text": "what to do to receive a record of the neighbourhoods in Louvain",
                "userDefined": false
            }
        ],
        "isTemplate": false,
        "count": 0,
        "updated": 1560155628
    },
    {
        "id": "295ff2f8-bb99-becd-7485-7c9cbbfc86ab",
        "data": [
            {
                "text": "what are the zones of Louv",
                "userDefined": false
            }
        ],
        "isTemplate": false,
        "count": 0,
        "updated": 1560155628
    },
    {
        "id": "572d77ce-f2ce-2db9-cfda-585b0bb1ab59",
        "data": [
            {
                "text": "which neighbourhoods are there in LLN",
                "userDefined": false
            }
        ],
        "isTemplate": false,
        "count": 0,
        "updated": 1560155628
    },
    {
        "id": "d46baa48-d46f-d0d5-06de-f4f0d9f651e4",
        "data": [
            {
                "text": "which are the parts in Louvain",
                "userDefined": false
            }
        ],
        "isTemplate": false,
        "count": 0,
        "updated": 1560155628
    },
    {
        "id": "c56a34c4-3260-223d-b3ef-e51dd9bfcea2",
        "data": [
            {
                "text": "what quartiers are there in lln",
                "userDefined": false
            }
        ],
        "isTemplate": false,
        "count": 0,
        "updated": 1560155628
    },
    {
        "id": "f5285cab-7cbb-8385-20ce-80c55ed2dd49",
        "data": [
            {
                "text": "which neighbourhoods would there be at louvain",
                "userDefined": false
            }
        ],
        "isTemplate": false,
        "count": 0,
        "updated": 1560155628
    },
    {
        "id": "6b9a9c76-62c5-7db6-3574-03cc58480baa",
        "data": [
            {
                "text": "which are the areas at LLN",
                "userDefined": false
            }
        ],
        "isTemplate": false,
        "count": 0,
        "updated": 1560155628
    },
    {
        "id": "59a79bbf-994a-f090-5556-ce614c0563fa",
        "data": [
            {
                "text": "do you please have a index of the neighbourhoods in louvain-la-neuve",
                "userDefined": false
            }
        ],
        "isTemplate": false,
        "count": 0,
        "updated": 1560155628
    },
    {
        "id": "ad51c330-4d77-05ab-f6ad-590522e3b242",
        "data": [
            {
                "text": "which neighbourhoods would there be in louvain-la-neuve",
                "userDefined": false
            }
        ],
        "isTemplate": false,
        "count": 0,
        "updated": 1560155628
    },
    {
        "id": "d7d541ac-3a5d-6971-e948-43fc13a66c51",
        "data": [
            {
                "text": "which are the different quartiers at louvain",
                "userDefined": false
            }
        ],
        "isTemplate": false,
        "count": 0,
        "updated": 1560155628
    },
    {
        "id": "6dddc6ef-f049-ff7a-db10-2709900fec3d",
        "data": [
            {
                "text": "do you have a index of the areas at louvain",
                "userDefined": false
            }
        ],
        "isTemplate": false,
        "count": 0,
        "updated": 1560155628
    },
    {
        "id": "6286d964-2ec1-3b6b-7860-02bca0f9ce50",
        "data": [
            {
                "text": "what are the parts at Louvain la Neuve",
                "userDefined": false
            }
        ],
        "isTemplate": false,
        "count": 0,
        "updated": 1560155628
    },
    {
        "id": "f159ba01-2c7e-00b2-b8f6-d1e529ba92cf",
        "data": [
            {
                "text": "what are the different parts in lln",
                "userDefined": false
            }
        ],
        "isTemplate": false,
        "count": 0,
        "updated": 1560155628
    },
    {
        "id": "dfa78a10-9964-1a3c-09d9-f5c2b6701f25",
        "data": [
            {
                "text": "which zones are there in louvain",
                "userDefined": false
            }
        ],
        "isTemplate": false,
        "count": 0,
        "updated": 1560155628
    },
    {
        "id": "f9d0774f-213e-28a4-3c5d-9ca75c424abc",
        "data": [
            {
                "text": "which are the parts of Louvain-la-Neuve",
                "userDefined": false
            }
        ],
        "isTemplate": false,
        "count": 0,
        "updated": 1560155628
    },
    {
        "id": "444ef2a7-5dae-5c04-1184-c62e0329dd44",
        "data": [
            {
                "text": "which are the parts in Louv",
                "userDefined": false
            }
        ],
        "isTemplate": false,
        "count": 0,
        "updated": 1560155628
    },
    {
        "id": "de0a3f4f-aa66-5d3d-dd19-36237a7af9cc",
        "data": [
            {
                "text": "which areas are there in louvain",
                "userDefined": false
            }
        ],
        "isTemplate": false,
        "count": 0,
        "updated": 1560155628
    },
    {
        "id": "524d669c-c402-eb92-5d83-f5d46438eca4",
        "data": [
            {
                "text": "do you please have a list of the quartiers in louvain-la-neuve",
                "userDefined": false
            }
        ],
        "isTemplate": false,
        "count": 0,
        "updated": 1560155628
    },
    {
        "id": "22ee5ce4-e955-65ec-f650-636fa866e2be",
        "data": [
            {
                "text": "how do we acquire a table of the districts at Louvain",
                "userDefined": false
            }
        ],
        "isTemplate": false,
        "count": 0,
        "updated": 1560155628
    },
    {
        "id": "3dbf5cdb-18dd-9856-8ffd-b6f5219e814c",
        "data": [
            {
                "text": "what are the parts in LLN",
                "userDefined": false
            }
        ],
        "isTemplate": false,
        "count": 0,
        "updated": 1560155628
    },
    {
        "id": "2f0bacf4-e9ce-2892-65fb-8e7ab9699cd7",
        "data": [
            {
                "text": "what neighbourhoods would there be in louvain la neuve",
                "userDefined": false
            }
        ],
        "isTemplate": false,
        "count": 0,
        "updated": 1560155628
    },
    {
        "id": "ecdd6627-41c2-333c-abf1-1af9919d40a3",
        "data": [
            {
                "text": "how do I receive a list of the areas in LLN",
                "userDefined": false
            }
        ],
        "isTemplate": false,
        "count": 0,
        "updated": 1560155628
    },
    {
        "id": "f23cc20a-087e-8775-9896-c62a904dd99a",
        "data": [
            {
                "text": "I need to receive a inventory of the neighborhoods in louvain la neuve",
                "userDefined": false
            }
        ],
        "isTemplate": false,
        "count": 0,
        "updated": 1560155628
    },
    {
        "id": "097c29f1-8bd7-8a4d-8f54-3174985d6ed6",
        "data": [
            {
                "text": "what are the different districts at louv",
                "userDefined": false
            }
        ],
        "isTemplate": false,
        "count": 0,
        "updated": 1560155628
    },
    {
        "id": "4aaa2802-047b-42a5-cd76-b5c543f5f0e6",
        "data": [
            {
                "text": "what quartiers would there be in louvain-la-neuve",
                "userDefined": false
            }
        ],
        "isTemplate": false,
        "count": 0,
        "updated": 1560155628
    },
    {
        "id": "c115c2ba-4d10-607b-b75a-a6131855c9c8",
        "data": [
            {
                "text": "where is it possible for me to acquire a index of the districts at Louvain-la-Neuve",
                "userDefined": false
            }
        ],
        "isTemplate": false,
        "count": 0,
        "updated": 1560155628
    },
    {
        "id": "d46c4f89-f91a-95de-de09-f30c21fbe2b4",
        "data": [
            {
                "text": "do you please have a index of the areas at Louvain-la-Neuve",
                "userDefined": false
            }
        ],
        "isTemplate": false,
        "count": 0,
        "updated": 1560155628
    },
    {
        "id": "b16c4ed6-4f4f-e3a9-9117-753b81ce7a44",
        "data": [
            {
                "text": "what districts are there in Louvain la Neuve",
                "userDefined": false
            }
        ],
        "isTemplate": false,
        "count": 0,
        "updated": 1560155628
    },
    {
        "id": "25a6222c-96af-7b67-1a76-20fde039268c",
        "data": [
            {
                "text": "what are the quartiers in Louvain la Neuve",
                "userDefined": false
            }
        ],
        "isTemplate": false,
        "count": 0,
        "updated": 1560155628
    },
    {
        "id": "eafbd7d6-af81-9d92-093f-effc203c193e",
        "data": [
            {
                "text": "what are the parts of lln",
                "userDefined": false
            }
        ],
        "isTemplate": false,
        "count": 0,
        "updated": 1560155628
    },
    {
        "id": "016998bb-fa76-7cf9-9896-a3c241f6da9d",
        "data": [
            {
                "text": "do you please have a table of the neighborhoods at Louv",
                "userDefined": false
            }
        ],
        "isTemplate": false,
        "count": 0,
        "updated": 1560155628
    },
    {
        "id": "5793a047-79d6-d0a6-af84-e0a2f29a7955",
        "data": [
            {
                "text": "would you please have a index of the neighborhoods in louvain",
                "userDefined": false
            }
        ],
        "isTemplate": false,
        "count": 0,
        "updated": 1560155628
    },
    {
        "id": "aeefb81a-8634-84c7-a53e-056d11a6d51a",
        "data": [
            {
                "text": "do you have a inventory of the neighbourhoods in lln",
                "userDefined": false
            }
        ],
        "isTemplate": false,
        "count": 0,
        "updated": 1560155628
    },
    {
        "id": "44222e85-8b9c-c504-8b51-5f1d818b4774",
        "data": [
            {
                "text": "I need to obtain a listing of the neighbourhoods at LLN",
                "userDefined": false
            }
        ],
        "isTemplate": false,
        "count": 0,
        "updated": 1560155628
    },
    {
        "id": "e6b09d6b-b560-6d4a-f457-fff0f981931c",
        "data": [
            {
                "text": "do you have a list of the neighbourhoods in louvain",
                "userDefined": false
            }
        ],
        "isTemplate": false,
        "count": 0,
        "updated": 1560155628
    },
    {
        "id": "93232011-de0e-44af-305d-dee893a1f4db",
        "data": [
            {
                "text": "do you have a list of the quartiers in louvain-la-neuve",
                "userDefined": false
            }
        ],
        "isTemplate": false,
        "count": 0,
        "updated": 1560155628
    },
    {
        "id": "8c3f6142-835d-8db3-e685-e9a2984c1873",
        "data": [
            {
                "text": "where to go to get a inventory of the neighborhoods at Louvain la Neuve",
                "userDefined": false
            }
        ],
        "isTemplate": false,
        "count": 0,
        "updated": 1560155628
    },
    {
        "id": "80817940-3386-7fcf-1a18-275664a56948",
        "data": [
            {
                "text": "how do I get a inventory of the districts at louvain-la-neuve",
                "userDefined": false
            }
        ],
        "isTemplate": false,
        "count": 0,
        "updated": 1560155628
    },
    {
        "id": "40586034-9388-1e95-efbf-ed421c93890c",
        "data": [
            {
                "text": "which are the different parts at Louvain",
                "userDefined": false
            }
        ],
        "isTemplate": false,
        "count": 0,
        "updated": 1560155628
    },
    {
        "id": "2f6035b8-21a2-735e-b266-dab73069428a",
        "data": [
            {
                "text": "which areas would there be at louv",
                "userDefined": false
            }
        ],
        "isTemplate": false,
        "count": 0,
        "updated": 1560155628
    },
    {
        "id": "c3cc728b-6ecd-5b27-ce03-1d6015d583aa",
        "data": [
            {
                "text": "I'd really love to acquire a list of the neighborhoods at louvain",
                "userDefined": false
            }
        ],
        "isTemplate": false,
        "count": 0,
        "updated": 1560155628
    },
    {
        "id": "43b80ba5-64af-d757-7612-a2dc40e8e1f8",
        "data": [
            {
                "text": "what districts are there in Louv",
                "userDefined": false
            }
        ],
        "isTemplate": false,
        "count": 0,
        "updated": 1560155628
    },
    {
        "id": "ca28edca-c3db-ef28-ed73-3ab5b645d4f1",
        "data": [
            {
                "text": "which are the different parts at louvain la neuve",
                "userDefined": false
            }
        ],
        "isTemplate": false,
        "count": 0,
        "updated": 1560155628
    },
    {
        "id": "0781242e-4057-64e4-a2c4-eed6af55310e",
        "data": [
            {
                "text": "do you have a table of the neighborhoods in louvain-la-neuve",
                "userDefined": false
            }
        ],
        "isTemplate": false,
        "count": 0,
        "updated": 1560155628
    },
    {
        "id": "f37d6d6c-c421-5bfd-079e-59e269e3c2d5",
        "data": [
            {
                "text": "what neighborhoods would there be at Louvain la Neuve",
                "userDefined": false
            }
        ],
        "isTemplate": false,
        "count": 0,
        "updated": 1560155628
    },
    {
        "id": "59b618ae-ac1a-0cbe-71dd-7788aea4d309",
        "data": [
            {
                "text": "what zones would there be in LLN",
                "userDefined": false
            }
        ],
        "isTemplate": false,
        "count": 0,
        "updated": 1560155628
    },
    {
        "id": "7c522a72-af5a-ba30-49a3-5765c41a6c62",
        "data": [
            {
                "text": "where is it possible for me to acquire a listing of the neighborhoods at LLN",
                "userDefined": false
            }
        ],
        "isTemplate": false,
        "count": 0,
        "updated": 1560155628
    },
    {
        "id": "d59f304a-392f-2660-8626-0c34088c6acc",
        "data": [
            {
                "text": "which districts are there at Louv",
                "userDefined": false
            }
        ],
        "isTemplate": false,
        "count": 0,
        "updated": 1560155628
    },
    {
        "id": "83f1a80f-10d6-dc39-b7e0-9f21ab17c18f",
        "data": [
            {
                "text": "what are the districts of lln",
                "userDefined": false
            }
        ],
        "isTemplate": false,
        "count": 0,
        "updated": 1560155628
    },
    {
        "id": "54796726-9084-294e-d369-21ad7b70f04d",
        "data": [
            {
                "text": "which are the different neighbourhoods at louvain la neuve",
                "userDefined": false
            }
        ],
        "isTemplate": false,
        "count": 0,
        "updated": 1560155628
    },
    {
        "id": "78e9a573-44db-6c25-8f19-408b941c5409",
        "data": [
            {
                "text": "would you have a list of the zones in lln",
                "userDefined": false
            }
        ],
        "isTemplate": false,
        "count": 0,
        "updated": 1560155628
    },
    {
        "id": "dc14d3fc-9dc5-9a5f-e08c-4d379788ecfd",
        "data": [
            {
                "text": "I need to receive a list of the neighborhoods in Louvain la Neuve",
                "userDefined": false
            }
        ],
        "isTemplate": false,
        "count": 0,
        "updated": 1560155628
    },
    {
        "id": "7a14dc97-f3a6-d1b0-3f4a-67929a687552",
        "data": [
            {
                "text": "would you please have a record of the zones at louv",
                "userDefined": false
            }
        ],
        "isTemplate": false,
        "count": 0,
        "updated": 1560155628
    }
]