[
    {
        "id": "fca3c0c1-d7aa-22c2-9b5c-4f544449993e",
        "data": [
            {
                "text": "is there a celebration for meeting pupils from abroad set up by Coordination Generale des Etudiants Internationaux",
                "userDefined": false
            }
        ],
        "isTemplate": false,
        "count": 0,
        "updated": 1560155629
    },
    {
        "id": "e86338ea-43ad-8a4f-6319-5617ed79422a",
        "data": [
            {
                "text": "would there be a event to greet students from abroad arranged by cgei",
                "userDefined": false
            }
        ],
        "isTemplate": false,
        "count": 0,
        "updated": 1560155629
    },
    {
        "id": "b157838e-ae3c-89c1-bd69-767eb5a93179",
        "data": [
            {
                "text": "does the Coordination Generale des Etudiants Internationaux arrange a greeting ceremony",
                "userDefined": false
            }
        ],
        "isTemplate": false,
        "count": 0,
        "updated": 1560155629
    },
    {
        "id": "990d0507-2368-7f7d-694e-dec4ae45e56f",
        "data": [
            {
                "text": "what'll be the coordination générale des étudiants internationaux welcome party",
                "userDefined": false
            }
        ],
        "isTemplate": false,
        "count": 0,
        "updated": 1560155629
    },
    {
        "id": "614e1c3f-af52-5f70-0e51-a4b5ce7ec520",
        "data": [
            {
                "text": "is there a reception ceremony arranged by cgei",
                "userDefined": false
            }
        ],
        "isTemplate": false,
        "count": 0,
        "updated": 1560155629
    },
    {
        "id": "c708804b-043a-de37-42f4-62b1a7512bcc",
        "data": [
            {
                "text": "does coordination générale des étudiants internationaux set up a coordination generale des etudiants internationaux welcome party a taste of belgium",
                "userDefined": false
            }
        ],
        "isTemplate": false,
        "count": 0,
        "updated": 1560155629
    },
    {
        "id": "373dd5a8-a8b2-1be6-3460-50926cfa1608",
        "data": [
            {
                "text": "is there a celebration to meet undergraduates from abroad set up by Coordination Generale des Etudiants Internationaux",
                "userDefined": false
            }
        ],
        "isTemplate": false,
        "count": 0,
        "updated": 1560155629
    },
    {
        "id": "1f842f67-6cc9-360d-d0fe-ee1d093c9f81",
        "data": [
            {
                "text": "show me about welcome party a taste of belgium",
                "userDefined": false
            }
        ],
        "isTemplate": false,
        "count": 0,
        "updated": 1560155629
    },
    {
        "id": "2d6cc7d4-30c5-35e6-e0c9-a251c074b53b",
        "data": [
            {
                "text": "what is coordination generale des etudiants internationaux greeting party a taste of belgium",
                "userDefined": false
            }
        ],
        "isTemplate": false,
        "count": 0,
        "updated": 1560155629
    },
    {
        "id": "04e04742-f780-8268-6709-16b267e8a113",
        "data": [
            {
                "text": "I would love to know about what welcome party stands for",
                "userDefined": false
            }
        ],
        "isTemplate": false,
        "count": 0,
        "updated": 1560155629
    },
    {
        "id": "a74b3349-c155-5644-3cdf-42eb6c68a364",
        "data": [
            {
                "text": "what is welcome celebration \"a taste of belgium\"",
                "userDefined": false
            }
        ],
        "isTemplate": false,
        "count": 0,
        "updated": 1560155629
    },
    {
        "id": "0c1e8f53-7d2e-a5d8-50e7-91efb93cf09a",
        "data": [
            {
                "text": "is there a action for greeting students from abroad organized by Coordination Générale des Étudiants Internationaux",
                "userDefined": false
            }
        ],
        "isTemplate": false,
        "count": 0,
        "updated": 1560155629
    },
    {
        "id": "2e13ee01-996a-3cef-a243-54eb52e8bd3e",
        "data": [
            {
                "text": "what is the coordination generale des etudiants internationaux reception feast",
                "userDefined": false
            }
        ],
        "isTemplate": false,
        "count": 0,
        "updated": 1560155629
    },
    {
        "id": "9b94c5da-afd7-71b5-2f15-c9f266cc5acd",
        "data": [
            {
                "text": "what is greeting celebration a taste of belgium",
                "userDefined": false
            }
        ],
        "isTemplate": false,
        "count": 0,
        "updated": 1560155629
    },
    {
        "id": "42a8320b-310d-97d5-c860-b13ae19bfa4d",
        "data": [
            {
                "text": "define welcome party please",
                "userDefined": false
            }
        ],
        "isTemplate": false,
        "count": 0,
        "updated": 1560155629
    },
    {
        "id": "60c0f5d9-3843-289f-5079-deebafce70ab",
        "data": [
            {
                "text": "what's reception party of the Coordination Générale des Étudiants Internationaux",
                "userDefined": false
            }
        ],
        "isTemplate": false,
        "count": 0,
        "updated": 1560155629
    },
    {
        "id": "2384948c-6ea0-9445-00ab-bcdce81bbdf8",
        "data": [
            {
                "text": "does Coordination Generale des Etudiants Internationaux set up a Coordination Generale des Etudiants Internationaux greeting party a taste of belgium",
                "userDefined": false
            }
        ],
        "isTemplate": false,
        "count": 0,
        "updated": 1560155629
    },
    {
        "id": "7863f7d4-d07c-1cf3-5020-41aacece5e09",
        "data": [
            {
                "text": "does the Coordination Générale des Étudiants Internationaux arrange a event for welcoming undergraduates from abroad",
                "userDefined": false
            }
        ],
        "isTemplate": false,
        "count": 0,
        "updated": 1560155629
    },
    {
        "id": "c7429caf-20df-e273-bc73-002eb8f6cb90",
        "data": [
            {
                "text": "what is the reception feast \"a taste of belgium\"",
                "userDefined": false
            }
        ],
        "isTemplate": false,
        "count": 0,
        "updated": 1560155629
    },
    {
        "id": "437cd16c-4bd3-6b42-22e6-b5c80b2a12af",
        "data": [
            {
                "text": "does the coordination générale des étudiants internationaux organise a cgei welcome feast a taste of belgium",
                "userDefined": false
            }
        ],
        "isTemplate": false,
        "count": 0,
        "updated": 1560155629
    },
    {
        "id": "fa75da1e-03de-5ac2-af14-b85dff5ba8a1",
        "data": [
            {
                "text": "show me about what welcome party in fact means",
                "userDefined": false
            }
        ],
        "isTemplate": false,
        "count": 0,
        "updated": 1560155629
    },
    {
        "id": "fde8938b-ecf5-a23a-212d-27920dee5170",
        "data": [
            {
                "text": "what about what welcome party exactly is",
                "userDefined": false
            }
        ],
        "isTemplate": false,
        "count": 0,
        "updated": 1560155629
    },
    {
        "id": "525f2787-1222-4dea-90e6-134d11a5107e",
        "data": [
            {
                "text": "what'll be the Coordination Générale des Étudiants Internationaux welcome party \"a taste of belgium\"",
                "userDefined": false
            }
        ],
        "isTemplate": false,
        "count": 0,
        "updated": 1560155629
    },
    {
        "id": "74cb5a69-c905-27db-1f43-1fe14a087ae4",
        "data": [
            {
                "text": "would there be a celebration to welcome students from abroad arranged by coordination generale des etudiants internationaux",
                "userDefined": false
            }
        ],
        "isTemplate": false,
        "count": 0,
        "updated": 1560155629
    },
    {
        "id": "cc55f4e0-4f1e-6a2a-5bdb-df9648d75cdb",
        "data": [
            {
                "text": "is there a welcome ceremony arranged by CGEI",
                "userDefined": false
            }
        ],
        "isTemplate": false,
        "count": 0,
        "updated": 1560155629
    },
    {
        "id": "4058a968-9643-e0c5-8efb-57460dcedfbb",
        "data": [
            {
                "text": "what is the greeting feast of the coordination generale des etudiants internationaux",
                "userDefined": false
            }
        ],
        "isTemplate": false,
        "count": 0,
        "updated": 1560155629
    },
    {
        "id": "3b096666-c45a-bc3a-6307-19f4785e9538",
        "data": [
            {
                "text": "I need the definition of welcome party",
                "userDefined": false
            }
        ],
        "isTemplate": false,
        "count": 0,
        "updated": 1560155629
    },
    {
        "id": "19c0e0cf-c8ab-15ce-f93c-a2d26b7179aa",
        "data": [
            {
                "text": "I would really like to be informed about the cgei welcome party \"a taste of belgium\"",
                "userDefined": false
            }
        ],
        "isTemplate": false,
        "count": 0,
        "updated": 1560155629
    },
    {
        "id": "2519d6b3-8a76-4c0d-1557-87eaeb42acfc",
        "data": [
            {
                "text": "does CGEI arrange a reception feast of the Coordination Generale des Etudiants Internationaux",
                "userDefined": false
            }
        ],
        "isTemplate": false,
        "count": 0,
        "updated": 1560155629
    },
    {
        "id": "44238d35-d604-bd85-79d9-a65a639dab60",
        "data": [
            {
                "text": "what's welcome party in fact",
                "userDefined": false
            }
        ],
        "isTemplate": false,
        "count": 0,
        "updated": 1560155629
    },
    {
        "id": "cd656bfb-ceed-d34f-3dd6-1f45cdd261b5",
        "data": [
            {
                "text": "does coordination générale des étudiants internationaux arrange a ceremony for greeting foreign pupils",
                "userDefined": false
            }
        ],
        "isTemplate": false,
        "count": 0,
        "updated": 1560155629
    },
    {
        "id": "b4be94be-e24f-cdba-47dd-b365143c4003",
        "data": [
            {
                "text": "I would love to be informed about the CGEI greeting celebration",
                "userDefined": false
            }
        ],
        "isTemplate": false,
        "count": 0,
        "updated": 1560155629
    },
    {
        "id": "00429d2e-000d-2475-1fa1-9599255f1c6a",
        "data": [
            {
                "text": "does coordination generale des etudiants internationaux organise a ceremony to receive foreign pupils",
                "userDefined": false
            }
        ],
        "isTemplate": false,
        "count": 0,
        "updated": 1560155629
    },
    {
        "id": "c66b7a02-8453-a77b-8e4b-4f8cba9e8da3",
        "data": [
            {
                "text": "would there be a ceremony for meeting undergraduates from abroad set up by the Coordination Generale des Etudiants Internationaux",
                "userDefined": false
            }
        ],
        "isTemplate": false,
        "count": 0,
        "updated": 1560155629
    },
    {
        "id": "0b8b2b93-84da-9bd6-347b-511bd5fb6045",
        "data": [
            {
                "text": "is there a celebration to greet foreign students arranged by coordination générale des étudiants internationaux",
                "userDefined": false
            }
        ],
        "isTemplate": false,
        "count": 0,
        "updated": 1560155629
    },
    {
        "id": "9685aa1a-adc7-85a5-6b92-4cc64fb2a5df",
        "data": [
            {
                "text": "would there be a ceremony for welcoming students from abroad arranged by the cgei",
                "userDefined": false
            }
        ],
        "isTemplate": false,
        "count": 0,
        "updated": 1560155629
    },
    {
        "id": "f9a53923-3696-3311-06ac-26c064f80e0b",
        "data": [
            {
                "text": "I would like to know what welcome party is",
                "userDefined": false
            }
        ],
        "isTemplate": false,
        "count": 0,
        "updated": 1560155629
    },
    {
        "id": "fc6d20d2-aeeb-3d85-388c-80b3c417f3fc",
        "data": [
            {
                "text": "does the CGEI organize a event to greet students from abroad",
                "userDefined": false
            }
        ],
        "isTemplate": false,
        "count": 0,
        "updated": 1560155629
    },
    {
        "id": "2e63b308-d656-8832-4627-7bd409ec4406",
        "data": [
            {
                "text": "explain what welcome party stands for please",
                "userDefined": false
            }
        ],
        "isTemplate": false,
        "count": 0,
        "updated": 1560155629
    },
    {
        "id": "140979f1-a418-b0df-88a1-2136699dcb1b",
        "data": [
            {
                "text": "would there be a ceremony to meet pupils from abroad arranged by Coordination Generale des Etudiants Internationaux",
                "userDefined": false
            }
        ],
        "isTemplate": false,
        "count": 0,
        "updated": 1560155629
    },
    {
        "id": "dbac7fb9-ad88-fa24-d153-8affa9a23e55",
        "data": [
            {
                "text": "does the CGEI set up a Coordination Générale des Étudiants Internationaux welcome party \"a taste of belgium\"",
                "userDefined": false
            }
        ],
        "isTemplate": false,
        "count": 0,
        "updated": 1560155629
    },
    {
        "id": "6612315e-2e9b-11ae-64d9-845861b2cb8b",
        "data": [
            {
                "text": "is there a event for meeting undergraduates from abroad set up by the CGEI",
                "userDefined": false
            }
        ],
        "isTemplate": false,
        "count": 0,
        "updated": 1560155629
    },
    {
        "id": "78d817d9-4d3e-b6b2-2bc3-30cfe288fdb5",
        "data": [
            {
                "text": "does Coordination Générale des Étudiants Internationaux arrange a celebration for receiving undergraduates from abroad",
                "userDefined": false
            }
        ],
        "isTemplate": false,
        "count": 0,
        "updated": 1560155629
    },
    {
        "id": "00521f8c-abfb-15d5-4d98-4ef6ed3e2e17",
        "data": [
            {
                "text": "does CGEI arrange a action to meet undergraduates from abroad",
                "userDefined": false
            }
        ],
        "isTemplate": false,
        "count": 0,
        "updated": 1560155629
    },
    {
        "id": "a59defa3-ce54-dd74-3679-f8b0b507f166",
        "data": [
            {
                "text": "info on the greeting celebration \"a taste of belgium\" of the coordination generale des etudiants internationaux",
                "userDefined": false
            }
        ],
        "isTemplate": false,
        "count": 0,
        "updated": 1560155629
    },
    {
        "id": "b31aefbf-cbfa-dd1b-e80b-5bfbcd8b9883",
        "data": [
            {
                "text": "would there be a welcome ceremony organized by the CGEI",
                "userDefined": false
            }
        ],
        "isTemplate": false,
        "count": 0,
        "updated": 1560155629
    },
    {
        "id": "46785223-71a7-65ba-79d7-3d87030299ab",
        "data": [
            {
                "text": "does the Coordination Generale des Etudiants Internationaux set up a action to meet pupils from abroad",
                "userDefined": false
            }
        ],
        "isTemplate": false,
        "count": 0,
        "updated": 1560155629
    },
    {
        "id": "bc1311bf-a82f-f2d4-2113-d2cc83f617ee",
        "data": [
            {
                "text": "is there a action to welcome students from abroad set up by coordination generale des etudiants internationaux",
                "userDefined": false
            }
        ],
        "isTemplate": false,
        "count": 0,
        "updated": 1560155629
    },
    {
        "id": "8a412321-950e-a673-e844-4fd520240ca8",
        "data": [
            {
                "text": "does coordination generale des etudiants internationaux set up a Coordination Generale des Etudiants Internationaux welcome party",
                "userDefined": false
            }
        ],
        "isTemplate": false,
        "count": 0,
        "updated": 1560155629
    },
    {
        "id": "04b2efd0-5e7f-6607-f36d-4d133952d556",
        "data": [
            {
                "text": "what does welcome party mean",
                "userDefined": false
            }
        ],
        "isTemplate": false,
        "count": 0,
        "updated": 1560155629
    },
    {
        "id": "972967d8-883f-f27d-7241-f0fcfcdad1ee",
        "data": [
            {
                "text": "is there a ceremony to receive pupils from abroad arranged by cgei",
                "userDefined": false
            }
        ],
        "isTemplate": false,
        "count": 0,
        "updated": 1560155629
    },
    {
        "id": "2d94665c-b894-8e11-3f2c-bc0262b805b1",
        "data": [
            {
                "text": "would there be a action to meet foreign students set up by CGEI",
                "userDefined": false
            }
        ],
        "isTemplate": false,
        "count": 0,
        "updated": 1560155629
    },
    {
        "id": "ba60cc3d-7a2f-e26a-f711-d4cad5085309",
        "data": [
            {
                "text": "would there be a ceremony for welcoming international pupils organized by the CGEI",
                "userDefined": false
            }
        ],
        "isTemplate": false,
        "count": 0,
        "updated": 1560155629
    },
    {
        "id": "3899d1ef-ab58-aa05-38e5-0090bb9b0b9b",
        "data": [
            {
                "text": "would you be so kind and tell me about the welcome celebration a taste of belgium",
                "userDefined": false
            }
        ],
        "isTemplate": false,
        "count": 0,
        "updated": 1560155629
    },
    {
        "id": "858b512b-da7f-b372-c9ff-4518734d0399",
        "data": [
            {
                "text": "does the Coordination Générale des Étudiants Internationaux set up a welcome event",
                "userDefined": false
            }
        ],
        "isTemplate": false,
        "count": 0,
        "updated": 1560155629
    },
    {
        "id": "31e8e9bc-3144-74fd-29cc-81af7c5111c9",
        "data": [
            {
                "text": "I'd really want to learn about welcome celebration of the coordination generale des etudiants internationaux",
                "userDefined": false
            }
        ],
        "isTemplate": false,
        "count": 0,
        "updated": 1560155629
    },
    {
        "id": "1f40cd7f-1762-7333-1548-5e53844fd908",
        "data": [
            {
                "text": "I would really like to know what welcome party is",
                "userDefined": false
            }
        ],
        "isTemplate": false,
        "count": 0,
        "updated": 1560155629
    },
    {
        "id": "9e9256e4-aa2b-0c69-6f21-abfe8e8c27c5",
        "data": [
            {
                "text": "does the Coordination Generale des Etudiants Internationaux arrange a welcome party a taste of belgium",
                "userDefined": false
            }
        ],
        "isTemplate": false,
        "count": 0,
        "updated": 1560155629
    },
    {
        "id": "63105b7d-fb94-42b8-0b0b-0233a1d4d210",
        "data": [
            {
                "text": "what'll be welcome party",
                "userDefined": false
            }
        ],
        "isTemplate": false,
        "count": 0,
        "updated": 1560155629
    },
    {
        "id": "6488cd32-e936-852f-4588-f500ae989c17",
        "data": [
            {
                "text": "guidance about reception celebration \"a taste of belgium\"",
                "userDefined": false
            }
        ],
        "isTemplate": false,
        "count": 0,
        "updated": 1560155629
    },
    {
        "id": "814462d2-3cde-4ff8-25c4-546d7fd6d321",
        "data": [
            {
                "text": "tell me about what welcome party exactly means",
                "userDefined": false
            }
        ],
        "isTemplate": false,
        "count": 0,
        "updated": 1560155629
    },
    {
        "id": "4d088a79-292f-411d-fc73-997e6ab2a937",
        "data": [
            {
                "text": "what's welcome feast \"a taste of belgium\" of the cgei",
                "userDefined": false
            }
        ],
        "isTemplate": false,
        "count": 0,
        "updated": 1560155629
    },
    {
        "id": "c22b9a89-6aa5-9421-5d15-7e8f918bb03d",
        "data": [
            {
                "text": "does CGEI arrange a greeting celebration of the cgei",
                "userDefined": false
            }
        ],
        "isTemplate": false,
        "count": 0,
        "updated": 1560155629
    },
    {
        "id": "f78810d2-5b2d-670b-9681-b0b0d742b6ad",
        "data": [
            {
                "text": "would there be a ceremony for receiving graduates from abroad organized by the coordination générale des étudiants internationaux",
                "userDefined": false
            }
        ],
        "isTemplate": false,
        "count": 0,
        "updated": 1560155629
    },
    {
        "id": "c7a86944-7091-58e3-1a23-e5e0c8f2fe3b",
        "data": [
            {
                "text": "would there be a celebration to meet students from abroad arranged by Coordination Générale des Étudiants Internationaux",
                "userDefined": false
            }
        ],
        "isTemplate": false,
        "count": 0,
        "updated": 1560155629
    },
    {
        "id": "5d3ed60a-8ec4-8563-6aa0-e37c406bfa6a",
        "data": [
            {
                "text": "what'll be the CGEI greeting feast \"a taste of belgium\"",
                "userDefined": false
            }
        ],
        "isTemplate": false,
        "count": 0,
        "updated": 1560155629
    },
    {
        "id": "5c41641f-940d-b8d7-a288-729958fb24b4",
        "data": [
            {
                "text": "would there be a reception event organised by coordination generale des etudiants internationaux",
                "userDefined": false
            }
        ],
        "isTemplate": false,
        "count": 0,
        "updated": 1560155629
    },
    {
        "id": "fc50794f-4007-7d53-23ee-fcbfeb7178be",
        "data": [
            {
                "text": "I am searching for the meaning of welcome party",
                "userDefined": false
            }
        ],
        "isTemplate": false,
        "count": 0,
        "updated": 1560155629
    },
    {
        "id": "3133c034-7e31-b8c9-7c36-da067f0302f6",
        "data": [
            {
                "text": "does the coordination generale des etudiants internationaux arrange a ceremony for receiving foreign pupils",
                "userDefined": false
            }
        ],
        "isTemplate": false,
        "count": 0,
        "updated": 1560155629
    },
    {
        "id": "453f1ef1-0fb5-2583-192b-4e7960499242",
        "data": [
            {
                "text": "does the coordination generale des etudiants internationaux organize a event for welcoming international students",
                "userDefined": false
            }
        ],
        "isTemplate": false,
        "count": 0,
        "updated": 1560155629
    },
    {
        "id": "d5458d4d-56fb-755c-0043-0f6757621b26",
        "data": [
            {
                "text": "describe welcome party please",
                "userDefined": false
            }
        ],
        "isTemplate": false,
        "count": 0,
        "updated": 1560155629
    },
    {
        "id": "2a269361-c360-b742-7b42-03c17ce35538",
        "data": [
            {
                "text": "does coordination générale des étudiants internationaux set up a reception party of the coordination générale des étudiants internationaux",
                "userDefined": false
            }
        ],
        "isTemplate": false,
        "count": 0,
        "updated": 1560155629
    },
    {
        "id": "b62cda50-689b-ca2a-20f1-beb0474063f6",
        "data": [
            {
                "text": "does cgei arrange a celebration for receiving undergraduates from abroad",
                "userDefined": false
            }
        ],
        "isTemplate": false,
        "count": 0,
        "updated": 1560155629
    },
    {
        "id": "410f26d2-612b-fb13-277c-117a2d83794f",
        "data": [
            {
                "text": "would there be a event for receiving international pupils set up by coordination generale des etudiants internationaux",
                "userDefined": false
            }
        ],
        "isTemplate": false,
        "count": 0,
        "updated": 1560155629
    },
    {
        "id": "de32ef83-954f-7e1f-c5e2-ae6306ecbc71",
        "data": [
            {
                "text": "is there a greeting celebration arranged by coordination generale des etudiants internationaux",
                "userDefined": false
            }
        ],
        "isTemplate": false,
        "count": 0,
        "updated": 1560155629
    },
    {
        "id": "87d77fce-43c8-bf2e-bb17-784d467e7c27",
        "data": [
            {
                "text": "does Coordination Generale des Etudiants Internationaux organise a CGEI greeting party",
                "userDefined": false
            }
        ],
        "isTemplate": false,
        "count": 0,
        "updated": 1560155629
    },
    {
        "id": "5677a599-5ec2-59cc-6171-635352fb2710",
        "data": [
            {
                "text": "does Coordination Generale des Etudiants Internationaux organise a Coordination Generale des Etudiants Internationaux reception party \"a taste of belgium\"",
                "userDefined": false
            }
        ],
        "isTemplate": false,
        "count": 0,
        "updated": 1560155629
    },
    {
        "id": "685d68b2-6f72-66a0-45a0-aacc5625edfc",
        "data": [
            {
                "text": "what about what welcome party means",
                "userDefined": false
            }
        ],
        "isTemplate": false,
        "count": 0,
        "updated": 1560155629
    },
    {
        "id": "71bd3e6a-d30d-b6b7-d05e-75b1182b74b0",
        "data": [
            {
                "text": "guidance about welcome party \"a taste of belgium\" of the coordination générale des étudiants internationaux",
                "userDefined": false
            }
        ],
        "isTemplate": false,
        "count": 0,
        "updated": 1560155629
    },
    {
        "id": "3f29606a-6fb4-27d9-ea12-5aebfd4e4c48",
        "data": [
            {
                "text": "would there be a action to greet pupils from abroad arranged by the coordination générale des étudiants internationaux",
                "userDefined": false
            }
        ],
        "isTemplate": false,
        "count": 0,
        "updated": 1560155629
    },
    {
        "id": "0d0b1fbe-a1d9-e5b1-d211-21e8f80f47b6",
        "data": [
            {
                "text": "does coordination generale des etudiants internationaux organise a welcome party a taste of belgium",
                "userDefined": false
            }
        ],
        "isTemplate": false,
        "count": 0,
        "updated": 1560155629
    },
    {
        "id": "1117f8d9-ffd1-3056-9f86-f9d3edf6807d",
        "data": [
            {
                "text": "what'll be reception party a taste of belgium",
                "userDefined": false
            }
        ],
        "isTemplate": false,
        "count": 0,
        "updated": 1560155629
    },
    {
        "id": "6ef47a78-5b1f-e74f-a51e-72cb43ca5db9",
        "data": [
            {
                "text": "what'll be reception feast a taste of belgium of the Coordination Générale des Étudiants Internationaux",
                "userDefined": false
            }
        ],
        "isTemplate": false,
        "count": 0,
        "updated": 1560155629
    },
    {
        "id": "a210f338-8161-f043-ce65-bc3504c57f34",
        "data": [
            {
                "text": "does the coordination générale des étudiants internationaux arrange a ceremony to meet pupils from abroad",
                "userDefined": false
            }
        ],
        "isTemplate": false,
        "count": 0,
        "updated": 1560155629
    },
    {
        "id": "7f587986-386b-1332-c686-b086f875c417",
        "data": [
            {
                "text": "I'd want to know what welcome party is",
                "userDefined": false
            }
        ],
        "isTemplate": false,
        "count": 0,
        "updated": 1560155629
    },
    {
        "id": "685f930a-a6d1-154f-1105-bfd283ac8232",
        "data": [
            {
                "text": "what would be welcome feast \"a taste of belgium\"",
                "userDefined": false
            }
        ],
        "isTemplate": false,
        "count": 0,
        "updated": 1560155629
    },
    {
        "id": "74215722-59e6-65c0-e0b0-3f2a461219a6",
        "data": [
            {
                "text": "would there be a action to receive foreign pupils arranged by CGEI",
                "userDefined": false
            }
        ],
        "isTemplate": false,
        "count": 0,
        "updated": 1560155629
    },
    {
        "id": "2da79197-911b-611e-57ba-12e2a2fd7001",
        "data": [
            {
                "text": "does the coordination générale des étudiants internationaux organise a event to receive students from abroad",
                "userDefined": false
            }
        ],
        "isTemplate": false,
        "count": 0,
        "updated": 1560155629
    },
    {
        "id": "3cc58729-5192-7386-e6d4-d34f26c9b74a",
        "data": [
            {
                "text": "would there be a reception ceremony arranged by coordination générale des étudiants internationaux",
                "userDefined": false
            }
        ],
        "isTemplate": false,
        "count": 0,
        "updated": 1560155629
    },
    {
        "id": "a353f2d5-c004-b3a6-d138-76d660e7ea31",
        "data": [
            {
                "text": "would there be a event for meeting foreign pupils arranged by the Coordination Générale des Étudiants Internationaux",
                "userDefined": false
            }
        ],
        "isTemplate": false,
        "count": 0,
        "updated": 1560155629
    },
    {
        "id": "74b7424e-4e03-b2f1-6aca-462784c48e35",
        "data": [
            {
                "text": "what about cgei reception party \"a taste of belgium\"",
                "userDefined": false
            }
        ],
        "isTemplate": false,
        "count": 0,
        "updated": 1560155629
    },
    {
        "id": "5ff081a6-470d-da0d-f796-d36539388a4c",
        "data": [
            {
                "text": "info on the Coordination Générale des Étudiants Internationaux greeting feast",
                "userDefined": false
            }
        ],
        "isTemplate": false,
        "count": 0,
        "updated": 1560155629
    },
    {
        "id": "6061b719-7e17-02f1-562b-bb6a8f03c761",
        "data": [
            {
                "text": "does cgei organise a cgei greeting celebration a taste of belgium",
                "userDefined": false
            }
        ],
        "isTemplate": false,
        "count": 0,
        "updated": 1560155629
    },
    {
        "id": "df34b0e9-7622-c0af-8424-21e5b35d313f",
        "data": [
            {
                "text": "what would be the welcome party of the coordination générale des étudiants internationaux",
                "userDefined": false
            }
        ],
        "isTemplate": false,
        "count": 0,
        "updated": 1560155629
    },
    {
        "id": "83658e34-3c4e-e473-e5f5-65b646dd6ebf",
        "data": [
            {
                "text": "what'd be welcome party exactly",
                "userDefined": false
            }
        ],
        "isTemplate": false,
        "count": 0,
        "updated": 1560155629
    },
    {
        "id": "21510052-df6b-feaf-c2db-1e5a1f9b3236",
        "data": [
            {
                "text": "does coordination générale des étudiants internationaux organise a welcome celebration \"a taste of belgium\"",
                "userDefined": false
            }
        ],
        "isTemplate": false,
        "count": 0,
        "updated": 1560155629
    },
    {
        "id": "cfe6e685-08de-303c-54a4-8ca01b071de9",
        "data": [
            {
                "text": "what's welcome party exactly",
                "userDefined": false
            }
        ],
        "isTemplate": false,
        "count": 0,
        "updated": 1560155629
    },
    {
        "id": "ce9e2408-da51-0e22-27ea-1a99567856bf",
        "data": [
            {
                "text": "would there be a event to greet international students organised by coordination générale des étudiants internationaux",
                "userDefined": false
            }
        ],
        "isTemplate": false,
        "count": 0,
        "updated": 1560155629
    },
    {
        "id": "eec51286-cf52-dba6-10bc-cf37cfc77ca0",
        "data": [
            {
                "text": "does cgei set up a welcome party",
                "userDefined": false
            }
        ],
        "isTemplate": false,
        "count": 0,
        "updated": 1560155629
    },
    {
        "id": "618522a8-d389-441b-05fb-a4309129e98c",
        "data": [
            {
                "text": "I would really love to know what welcome party is",
                "userDefined": false
            }
        ],
        "isTemplate": false,
        "count": 0,
        "updated": 1560155629
    },
    {
        "id": "dab9a17c-ac2b-24eb-7f79-edf91f2b9090",
        "data": [
            {
                "text": "does the Coordination Générale des Étudiants Internationaux arrange a welcome party \"a taste of belgium\" of the coordination generale des etudiants internationaux",
                "userDefined": false
            }
        ],
        "isTemplate": false,
        "count": 0,
        "updated": 1560155629
    },
    {
        "id": "ddd407ce-e98c-bd2d-6a6d-78b5ee8c38a4",
        "data": [
            {
                "text": "what'd be the Coordination Generale des Etudiants Internationaux welcome party",
                "userDefined": false
            }
        ],
        "isTemplate": false,
        "count": 0,
        "updated": 1560155629
    },
    {
        "id": "e9574a21-8986-4ace-c193-38220afcec2e",
        "data": [
            {
                "text": "I am looking for the definition of welcome party",
                "userDefined": false
            }
        ],
        "isTemplate": false,
        "count": 0,
        "updated": 1560155629
    },
    {
        "id": "cf521c1b-0af9-5e39-4a71-aa776e7406d7",
        "data": [
            {
                "text": "would there be a ceremony to greet foreign pupils organized by the coordination generale des etudiants internationaux",
                "userDefined": false
            }
        ],
        "isTemplate": false,
        "count": 0,
        "updated": 1560155629
    },
    {
        "id": "12440903-7e8c-b50d-aea2-bd6d4c134285",
        "data": [
            {
                "text": "does the coordination générale des étudiants internationaux organize a ceremony for welcoming students from abroad",
                "userDefined": false
            }
        ],
        "isTemplate": false,
        "count": 0,
        "updated": 1560155629
    },
    {
        "id": "c9da75dd-566a-eccd-0dfa-0ee6979711cb",
        "data": [
            {
                "text": "does the coordination générale des étudiants internationaux arrange a Coordination Générale des Étudiants Internationaux greeting celebration",
                "userDefined": false
            }
        ],
        "isTemplate": false,
        "count": 0,
        "updated": 1560155629
    },
    {
        "id": "cd5ef62a-3b70-997a-40ab-76e16bf3bd18",
        "data": [
            {
                "text": "what about the Coordination Générale des Étudiants Internationaux reception party \"a taste of belgium\"",
                "userDefined": false
            }
        ],
        "isTemplate": false,
        "count": 0,
        "updated": 1560155629
    },
    {
        "id": "a70ed720-fd10-6138-2431-04f293424f7e",
        "data": [
            {
                "text": "I would love to know what welcome party means",
                "userDefined": false
            }
        ],
        "isTemplate": false,
        "count": 0,
        "updated": 1560155629
    },
    {
        "id": "4a0f5278-fab7-0c54-306e-44bab3fa2149",
        "data": [
            {
                "text": "what'd be the welcome party \"a taste of belgium\"",
                "userDefined": false
            }
        ],
        "isTemplate": false,
        "count": 0,
        "updated": 1560155629
    },
    {
        "id": "70b40ca8-1355-6bf3-ce25-8a619bd928bf",
        "data": [
            {
                "text": "would there be a ceremony to receive foreign graduates arranged by Coordination Générale des Étudiants Internationaux",
                "userDefined": false
            }
        ],
        "isTemplate": false,
        "count": 0,
        "updated": 1560155629
    },
    {
        "id": "14712864-6f7f-6810-91e8-9e25f60eaf56",
        "data": [
            {
                "text": "what does welcome party stand for",
                "userDefined": false
            }
        ],
        "isTemplate": false,
        "count": 0,
        "updated": 1560155629
    },
    {
        "id": "31037c2d-b488-ab02-2b87-b5b6c2eaf6d1",
        "data": [
            {
                "text": "I'd like the meaning of welcome party",
                "userDefined": false
            }
        ],
        "isTemplate": false,
        "count": 0,
        "updated": 1560155629
    },
    {
        "id": "b405fb8b-4cc8-d64a-80bd-c4dcfe68af90",
        "data": [
            {
                "text": "does coordination générale des étudiants internationaux arrange a welcome ceremony",
                "userDefined": false
            }
        ],
        "isTemplate": false,
        "count": 0,
        "updated": 1560155629
    },
    {
        "id": "0a8d4e7e-6a8f-6cb9-4cbc-e3087c993363",
        "data": [
            {
                "text": "would there be a welcome event organized by coordination generale des etudiants internationaux",
                "userDefined": false
            }
        ],
        "isTemplate": false,
        "count": 0,
        "updated": 1560155629
    },
    {
        "id": "1dd203dc-c98d-a6b3-2f2a-32c645971ae2",
        "data": [
            {
                "text": "does Coordination Generale des Etudiants Internationaux set up a celebration for meeting foreign graduates",
                "userDefined": false
            }
        ],
        "isTemplate": false,
        "count": 0,
        "updated": 1560155629
    },
    {
        "id": "9dcd53f7-608a-eca1-090a-5d368ef42113",
        "data": [
            {
                "text": "does the CGEI organise a reception party \"a taste of belgium\" of the cgei",
                "userDefined": false
            }
        ],
        "isTemplate": false,
        "count": 0,
        "updated": 1560155629
    },
    {
        "id": "775b00e7-50ed-4244-dd9e-fd87f18545e4",
        "data": [
            {
                "text": "what'd be reception celebration \"a taste of belgium\"",
                "userDefined": false
            }
        ],
        "isTemplate": false,
        "count": 0,
        "updated": 1560155629
    },
    {
        "id": "fcfe8178-781e-1bb7-ece1-a7a8b137566e",
        "data": [
            {
                "text": "does the CGEI set up a CGEI reception party",
                "userDefined": false
            }
        ],
        "isTemplate": false,
        "count": 0,
        "updated": 1560155629
    },
    {
        "id": "fd068fe6-2b7d-77e2-589f-b1697fde8ccd",
        "data": [
            {
                "text": "does coordination generale des etudiants internationaux organize a welcome party \"a taste of belgium\"",
                "userDefined": false
            }
        ],
        "isTemplate": false,
        "count": 0,
        "updated": 1560155629
    },
    {
        "id": "54b4fb10-908f-3b9c-4d90-cdb8e5349229",
        "data": [
            {
                "text": "what's the cgei reception party a taste of belgium",
                "userDefined": false
            }
        ],
        "isTemplate": false,
        "count": 0,
        "updated": 1560155629
    }
]