[
    {
        "id": "f4486a39-de73-f831-aa20-1701902fd861",
        "data": [
            {
                "text": "what in fact is a safety deposit of money for",
                "userDefined": false
            }
        ],
        "isTemplate": false,
        "count": 0,
        "updated": 1560155628
    },
    {
        "id": "c7bc92b7-6381-f884-7353-09e97d0042d4",
        "data": [
            {
                "text": "what actually is the safety deposit of money for",
                "userDefined": false
            }
        ],
        "isTemplate": false,
        "count": 0,
        "updated": 1560155628
    },
    {
        "id": "a6e6eeaf-20af-a17d-39bf-0e814276b566",
        "data": [
            {
                "text": "what is the safety deposit of money for",
                "userDefined": false
            }
        ],
        "isTemplate": false,
        "count": 0,
        "updated": 1560155628
    },
    {
        "id": "063413a4-7b94-1b10-24eb-0761f3c8be95",
        "data": [
            {
                "text": "what exactly is the safety deposit of money for",
                "userDefined": false
            }
        ],
        "isTemplate": false,
        "count": 0,
        "updated": 1560155628
    },
    {
        "id": "c49ddc59-feaf-484d-3ede-3b9ad09dbdd3",
        "data": [
            {
                "text": "explain safety deposit",
                "userDefined": false
            }
        ],
        "isTemplate": false,
        "count": 0,
        "updated": 1560155628
    },
    {
        "id": "14824147-f811-804d-1768-8c431d17d117",
        "data": [
            {
                "text": "explain what deposit is please",
                "userDefined": false
            }
        ],
        "isTemplate": false,
        "count": 0,
        "updated": 1560155628
    },
    {
        "id": "6c0a7c06-65af-c1cf-afdf-234d88191f4c",
        "data": [
            {
                "text": "I'd really love to learn about what deposit in fact is",
                "userDefined": false
            }
        ],
        "isTemplate": false,
        "count": 0,
        "updated": 1560155628
    },
    {
        "id": "a36de787-6e1b-3099-2145-4893d898604d",
        "data": [
            {
                "text": "define deposit please",
                "userDefined": false
            }
        ],
        "isTemplate": false,
        "count": 0,
        "updated": 1560155628
    },
    {
        "id": "d964a4a7-3bc6-00a9-9e10-b2c6808252a7",
        "data": [
            {
                "text": "what does safety deposit stand for",
                "userDefined": false
            }
        ],
        "isTemplate": false,
        "count": 0,
        "updated": 1560155628
    },
    {
        "id": "09a3f43f-4fff-ad1c-795f-a1934835028b",
        "data": [
            {
                "text": "what is a deposit for",
                "userDefined": false
            }
        ],
        "isTemplate": false,
        "count": 0,
        "updated": 1560155628
    },
    {
        "id": "a5fe08c2-5250-9695-25cc-90e7c6de626c",
        "data": [
            {
                "text": "what is a safety deposit of money for",
                "userDefined": false
            }
        ],
        "isTemplate": false,
        "count": 0,
        "updated": 1560155628
    },
    {
        "id": "c33ab42c-f411-6a1b-35aa-887d73b1568f",
        "data": [
            {
                "text": "I am looking for the definition of deposit",
                "userDefined": false
            }
        ],
        "isTemplate": false,
        "count": 0,
        "updated": 1560155628
    },
    {
        "id": "5ab4d4eb-df6e-e6ab-3668-b1d07766d3cd",
        "data": [
            {
                "text": "what is the deposit for",
                "userDefined": false
            }
        ],
        "isTemplate": false,
        "count": 0,
        "updated": 1560155628
    },
    {
        "id": "9195f89e-0539-6d53-308e-a6299eee2bd3",
        "data": [
            {
                "text": "what'll be safety deposit actually",
                "userDefined": false
            }
        ],
        "isTemplate": false,
        "count": 0,
        "updated": 1560155628
    },
    {
        "id": "fbb851bf-9bdc-b67b-211b-e4edaae912e5",
        "data": [
            {
                "text": "what does deposit stand for",
                "userDefined": false
            }
        ],
        "isTemplate": false,
        "count": 0,
        "updated": 1560155628
    },
    {
        "id": "72e6a709-6c3b-dc9f-fe36-4bc996704cbe",
        "data": [
            {
                "text": "I am searching for the definition of deposit",
                "userDefined": false
            }
        ],
        "isTemplate": false,
        "count": 0,
        "updated": 1560155628
    },
    {
        "id": "6c276f02-d6a8-ccb0-4317-18965ea0096e",
        "data": [
            {
                "text": "what does safety deposit mean",
                "userDefined": false
            }
        ],
        "isTemplate": false,
        "count": 0,
        "updated": 1560155628
    },
    {
        "id": "e188b4c7-25b3-d8f6-3bd2-b05235e0cb2e",
        "data": [
            {
                "text": "describe what deposit is",
                "userDefined": false
            }
        ],
        "isTemplate": false,
        "count": 0,
        "updated": 1560155628
    },
    {
        "id": "c270f465-9c9f-8457-f0d2-b0a583918d72",
        "data": [
            {
                "text": "counseling on what safety deposit actually stands for",
                "userDefined": false
            }
        ],
        "isTemplate": false,
        "count": 0,
        "updated": 1560155628
    },
    {
        "id": "a3a9fad1-4189-7821-2aa4-0f36610340bb",
        "data": [
            {
                "text": "what'd be safety deposit",
                "userDefined": false
            }
        ],
        "isTemplate": false,
        "count": 0,
        "updated": 1560155628
    },
    {
        "id": "ee0bc0d0-14a6-66e2-8f19-5bbfbc83815d",
        "data": [
            {
                "text": "describe what safety deposit stands for please",
                "userDefined": false
            }
        ],
        "isTemplate": false,
        "count": 0,
        "updated": 1560155628
    },
    {
        "id": "73294b58-8ec4-95ec-d3e0-6b4177edfb8a",
        "data": [
            {
                "text": "what is deposit exactly",
                "userDefined": false
            }
        ],
        "isTemplate": false,
        "count": 0,
        "updated": 1560155628
    },
    {
        "id": "00579550-48b3-78a6-c0e7-e3a4d1046303",
        "data": [
            {
                "text": "what about what safety deposit exactly means",
                "userDefined": false
            }
        ],
        "isTemplate": false,
        "count": 0,
        "updated": 1560155628
    },
    {
        "id": "8414f74f-fb33-eb5b-5362-d2033b5a7a2d",
        "data": [
            {
                "text": "what actually is a deposit for",
                "userDefined": false
            }
        ],
        "isTemplate": false,
        "count": 0,
        "updated": 1560155628
    },
    {
        "id": "983ccc56-fda4-6926-9260-a1e719bec60d",
        "data": [
            {
                "text": "what actually is a safety deposit of money for",
                "userDefined": false
            }
        ],
        "isTemplate": false,
        "count": 0,
        "updated": 1560155628
    },
    {
        "id": "8e6061a3-2d65-b263-2449-651d38c7ba61",
        "data": [
            {
                "text": "what exactly is the deposit for",
                "userDefined": false
            }
        ],
        "isTemplate": false,
        "count": 0,
        "updated": 1560155628
    },
    {
        "id": "2b2ca6aa-1454-26af-a1b2-116dded2aa82",
        "data": [
            {
                "text": "I am searching for the meaning of safety deposit",
                "userDefined": false
            }
        ],
        "isTemplate": false,
        "count": 0,
        "updated": 1560155628
    },
    {
        "id": "c7034658-b4f1-2385-0882-d6a22dbd15c1",
        "data": [
            {
                "text": "what does deposit mean",
                "userDefined": false
            }
        ],
        "isTemplate": false,
        "count": 0,
        "updated": 1560155628
    },
    {
        "id": "d0157fe6-cbf6-7162-db84-30e06ced68ef",
        "data": [
            {
                "text": "I would like to learn about what deposit in fact is",
                "userDefined": false
            }
        ],
        "isTemplate": false,
        "count": 0,
        "updated": 1560155628
    },
    {
        "id": "6795164e-51b2-6378-7376-7e2f8722d9f2",
        "data": [
            {
                "text": "I want to know what safety deposit is",
                "userDefined": false
            }
        ],
        "isTemplate": false,
        "count": 0,
        "updated": 1560155628
    },
    {
        "id": "772f0be6-7dda-fafe-c24c-1385f79716b3",
        "data": [
            {
                "text": "I'd like to know what deposit means",
                "userDefined": false
            }
        ],
        "isTemplate": false,
        "count": 0,
        "updated": 1560155628
    },
    {
        "id": "51ed0a1f-05fc-7457-e7e4-20fac6e7e467",
        "data": [
            {
                "text": "explain what safety deposit means",
                "userDefined": false
            }
        ],
        "isTemplate": false,
        "count": 0,
        "updated": 1560155628
    },
    {
        "id": "7e6173e2-8551-548f-41f8-280a4ace2e6f",
        "data": [
            {
                "text": "what is deposit in fact",
                "userDefined": false
            }
        ],
        "isTemplate": false,
        "count": 0,
        "updated": 1560155628
    },
    {
        "id": "84838d1c-31fc-1abb-34a5-c35aac997b3e",
        "data": [
            {
                "text": "what's safety deposit actually",
                "userDefined": false
            }
        ],
        "isTemplate": false,
        "count": 0,
        "updated": 1560155628
    },
    {
        "id": "cde53b94-205e-1d0c-5e7f-7c5274e6d19b",
        "data": [
            {
                "text": "describe safety deposit please",
                "userDefined": false
            }
        ],
        "isTemplate": false,
        "count": 0,
        "updated": 1560155628
    },
    {
        "id": "4ae9880c-2f31-343c-35f4-246e363cea02",
        "data": [
            {
                "text": "I want the meaning of deposit",
                "userDefined": false
            }
        ],
        "isTemplate": false,
        "count": 0,
        "updated": 1560155628
    },
    {
        "id": "b9e29323-f556-a6be-7383-69e7bc75bb88",
        "data": [
            {
                "text": "what would be deposit in fact",
                "userDefined": false
            }
        ],
        "isTemplate": false,
        "count": 0,
        "updated": 1560155628
    },
    {
        "id": "3ec21b08-ea9a-ca67-7249-1653f05393b3",
        "data": [
            {
                "text": "what actually is the deposit for",
                "userDefined": false
            }
        ],
        "isTemplate": false,
        "count": 0,
        "updated": 1560155628
    },
    {
        "id": "63c52c4f-8fb2-712f-6afa-97a939f05a40",
        "data": [
            {
                "text": "I want to know what safety deposit means",
                "userDefined": false
            }
        ],
        "isTemplate": false,
        "count": 0,
        "updated": 1560155628
    },
    {
        "id": "313f60b4-6817-417a-cdf1-f5c24b3261b9",
        "data": [
            {
                "text": "describe what deposit means please",
                "userDefined": false
            }
        ],
        "isTemplate": false,
        "count": 0,
        "updated": 1560155628
    },
    {
        "id": "d152c686-5ea6-aff6-b645-44ac9a7db0c0",
        "data": [
            {
                "text": "explain what deposit means please",
                "userDefined": false
            }
        ],
        "isTemplate": false,
        "count": 0,
        "updated": 1560155628
    },
    {
        "id": "be7fa253-6f14-d24d-a006-40ba86ade8c3",
        "data": [
            {
                "text": "describe what deposit stands for please",
                "userDefined": false
            }
        ],
        "isTemplate": false,
        "count": 0,
        "updated": 1560155628
    },
    {
        "id": "c93b9838-b2ad-ccd8-d2a8-54ea53a43b71",
        "data": [
            {
                "text": "what exactly is a deposit for",
                "userDefined": false
            }
        ],
        "isTemplate": false,
        "count": 0,
        "updated": 1560155628
    },
    {
        "id": "73bd99cc-918a-487a-9cb8-352bbca340b2",
        "data": [
            {
                "text": "explain deposit",
                "userDefined": false
            }
        ],
        "isTemplate": false,
        "count": 0,
        "updated": 1560155628
    },
    {
        "id": "4c62c29d-ea24-3ff9-44f1-c3c94dcde02d",
        "data": [
            {
                "text": "I would really want to know what safety deposit means",
                "userDefined": false
            }
        ],
        "isTemplate": false,
        "count": 0,
        "updated": 1560155628
    },
    {
        "id": "60105eaf-fed0-5c51-cb02-285b85ddfc00",
        "data": [
            {
                "text": "what'd be safety deposit actually",
                "userDefined": false
            }
        ],
        "isTemplate": false,
        "count": 0,
        "updated": 1560155628
    },
    {
        "id": "b0625608-b83f-cb81-98ae-1dd767effbb8",
        "data": [
            {
                "text": "explain what safety deposit stands for",
                "userDefined": false
            }
        ],
        "isTemplate": false,
        "count": 0,
        "updated": 1560155628
    },
    {
        "id": "c8be5c8d-e122-477f-f964-3615c6ba228f",
        "data": [
            {
                "text": "I need the meaning of safety deposit",
                "userDefined": false
            }
        ],
        "isTemplate": false,
        "count": 0,
        "updated": 1560155628
    },
    {
        "id": "d53ebfd9-39ba-ca32-b88c-83a2d553d57e",
        "data": [
            {
                "text": "I would like to know what deposit means",
                "userDefined": false
            }
        ],
        "isTemplate": false,
        "count": 0,
        "updated": 1560155628
    },
    {
        "id": "3b0732ca-8d89-b57f-11da-feff4143227f",
        "data": [
            {
                "text": "I'd really like to know what safety deposit means",
                "userDefined": false
            }
        ],
        "isTemplate": false,
        "count": 0,
        "updated": 1560155628
    },
    {
        "id": "d147e9d9-ac04-9684-a4d1-d7bf1cb34a45",
        "data": [
            {
                "text": "what about what safety deposit means",
                "userDefined": false
            }
        ],
        "isTemplate": false,
        "count": 0,
        "updated": 1560155628
    },
    {
        "id": "eae229e4-f53b-7863-5d9a-d46e5bfbbf19",
        "data": [
            {
                "text": "explain what safety deposit means please",
                "userDefined": false
            }
        ],
        "isTemplate": false,
        "count": 0,
        "updated": 1560155628
    },
    {
        "id": "81685dd5-b920-be2f-4840-6453efc7e352",
        "data": [
            {
                "text": "what in fact is the safety deposit of money for",
                "userDefined": false
            }
        ],
        "isTemplate": false,
        "count": 0,
        "updated": 1560155628
    },
    {
        "id": "2f695742-42b7-05df-49d6-1499d98214e3",
        "data": [
            {
                "text": "I'd want to know what deposit is",
                "userDefined": false
            }
        ],
        "isTemplate": false,
        "count": 0,
        "updated": 1560155628
    },
    {
        "id": "125f5882-1e65-c186-aa91-754131c0d9ec",
        "data": [
            {
                "text": "I would really like to know what safety deposit means",
                "userDefined": false
            }
        ],
        "isTemplate": false,
        "count": 0,
        "updated": 1560155628
    },
    {
        "id": "74cc54d5-37a5-fcda-81cb-7b282701c9d8",
        "data": [
            {
                "text": "I would like to know what safety deposit is",
                "userDefined": false
            }
        ],
        "isTemplate": false,
        "count": 0,
        "updated": 1560155628
    },
    {
        "id": "49f7c1c5-6da7-e86d-6c68-8b4c431df88f",
        "data": [
            {
                "text": "can you please show me about what safety deposit in fact is",
                "userDefined": false
            }
        ],
        "isTemplate": false,
        "count": 0,
        "updated": 1560155628
    },
    {
        "id": "824bb9cf-8e88-5157-1950-440c5b4cf0f0",
        "data": [
            {
                "text": "what'll be safety deposit",
                "userDefined": false
            }
        ],
        "isTemplate": false,
        "count": 0,
        "updated": 1560155628
    },
    {
        "id": "842f9ac2-d89d-fa5f-b76c-7be83b4b1e01",
        "data": [
            {
                "text": "I'd like the meaning of deposit",
                "userDefined": false
            }
        ],
        "isTemplate": false,
        "count": 0,
        "updated": 1560155628
    },
    {
        "id": "365e1283-0f87-1e18-2d25-489ad3c1aeda",
        "data": [
            {
                "text": "I would really love to learn about what deposit actually is",
                "userDefined": false
            }
        ],
        "isTemplate": false,
        "count": 0,
        "updated": 1560155628
    },
    {
        "id": "b0d4f85c-ef73-eff2-615c-27478a30221a",
        "data": [
            {
                "text": "describe deposit please",
                "userDefined": false
            }
        ],
        "isTemplate": false,
        "count": 0,
        "updated": 1560155628
    },
    {
        "id": "adf85364-10e5-0a88-55dd-4789a56da51f",
        "data": [
            {
                "text": "I'd really like to know what deposit means",
                "userDefined": false
            }
        ],
        "isTemplate": false,
        "count": 0,
        "updated": 1560155628
    },
    {
        "id": "f8c47743-b82f-0fc5-52bd-6b93965f7d20",
        "data": [
            {
                "text": "what will be safety deposit actually",
                "userDefined": false
            }
        ],
        "isTemplate": false,
        "count": 0,
        "updated": 1560155628
    },
    {
        "id": "d03d0423-e157-ae63-a2e1-8671ef14da51",
        "data": [
            {
                "text": "would you be so kind and tell me about what safety deposit actually means",
                "userDefined": false
            }
        ],
        "isTemplate": false,
        "count": 0,
        "updated": 1560155628
    },
    {
        "id": "65eb8a06-5682-096b-7f33-9d3c888d8689",
        "data": [
            {
                "text": "what in fact is the deposit for",
                "userDefined": false
            }
        ],
        "isTemplate": false,
        "count": 0,
        "updated": 1560155628
    },
    {
        "id": "51f8aae8-77fe-4cd2-a221-73afd8c60776",
        "data": [
            {
                "text": "explain what safety deposit is please",
                "userDefined": false
            }
        ],
        "isTemplate": false,
        "count": 0,
        "updated": 1560155628
    },
    {
        "id": "16403927-60b9-284d-f287-634842bab846",
        "data": [
            {
                "text": "I'd really like to know what deposit is",
                "userDefined": false
            }
        ],
        "isTemplate": false,
        "count": 0,
        "updated": 1560155628
    },
    {
        "id": "695cc454-d065-a2a1-4748-334c4922d2f8",
        "data": [
            {
                "text": "what's safety deposit",
                "userDefined": false
            }
        ],
        "isTemplate": false,
        "count": 0,
        "updated": 1560155628
    },
    {
        "id": "961bf63e-e860-9908-c7c6-693f8ee3bf6f",
        "data": [
            {
                "text": "what'd be deposit actually",
                "userDefined": false
            }
        ],
        "isTemplate": false,
        "count": 0,
        "updated": 1560155628
    },
    {
        "id": "33d7c7f8-4539-f3a1-956d-f30c91981b1a",
        "data": [
            {
                "text": "what's safety deposit exactly",
                "userDefined": false
            }
        ],
        "isTemplate": false,
        "count": 0,
        "updated": 1560155628
    },
    {
        "id": "623a264c-2098-a46e-2271-aa6c4cb7bbf1",
        "data": [
            {
                "text": "what's deposit actually",
                "userDefined": false
            }
        ],
        "isTemplate": false,
        "count": 0,
        "updated": 1560155628
    },
    {
        "id": "1130d8dd-d2e2-5323-0511-4756c8468edd",
        "data": [
            {
                "text": "I am looking for the meaning of safety deposit",
                "userDefined": false
            }
        ],
        "isTemplate": false,
        "count": 0,
        "updated": 1560155628
    },
    {
        "id": "7efbe841-8e12-17bd-7d7e-c7ddbc6d8bab",
        "data": [
            {
                "text": "what exactly is a safety deposit of money for",
                "userDefined": false
            }
        ],
        "isTemplate": false,
        "count": 0,
        "updated": 1560155628
    },
    {
        "id": "84295317-acb7-7219-21d7-a79bc75e1549",
        "data": [
            {
                "text": "define safety deposit",
                "userDefined": false
            }
        ],
        "isTemplate": false,
        "count": 0,
        "updated": 1560155628
    },
    {
        "id": "4875ae1f-e4fb-f9f1-13c1-cfc311c4984a",
        "data": [
            {
                "text": "what'd be deposit in fact",
                "userDefined": false
            }
        ],
        "isTemplate": false,
        "count": 0,
        "updated": 1560155628
    },
    {
        "id": "b44c581b-cf5e-149b-abe6-25d01c0d38f8",
        "data": [
            {
                "text": "I would really love to know what deposit means",
                "userDefined": false
            }
        ],
        "isTemplate": false,
        "count": 0,
        "updated": 1560155628
    },
    {
        "id": "2085ece5-464b-55ab-b964-2a44ca7a7fde",
        "data": [
            {
                "text": "describe deposit",
                "userDefined": false
            }
        ],
        "isTemplate": false,
        "count": 0,
        "updated": 1560155628
    },
    {
        "id": "bd3900a3-1cbe-bef4-533c-007a8f1da735",
        "data": [
            {
                "text": "what in fact is a deposit for",
                "userDefined": false
            }
        ],
        "isTemplate": false,
        "count": 0,
        "updated": 1560155628
    },
    {
        "id": "e8da283e-9071-4005-3680-5f6f2f3848ac",
        "data": [
            {
                "text": "piece of advice on what deposit exactly means",
                "userDefined": false
            }
        ],
        "isTemplate": false,
        "count": 0,
        "updated": 1560155628
    },
    {
        "id": "9aa260d6-d662-364e-10d0-da4b83e3de47",
        "data": [
            {
                "text": "I would like to know about what deposit stands for",
                "userDefined": false
            }
        ],
        "isTemplate": false,
        "count": 0,
        "updated": 1560155628
    },
    {
        "id": "ffc9532b-779f-399a-99a9-c8421a23973e",
        "data": [
            {
                "text": "explain what deposit means",
                "userDefined": false
            }
        ],
        "isTemplate": false,
        "count": 0,
        "updated": 1560155628
    },
    {
        "id": "9238db67-146d-ff9a-644e-a76f0df55a59",
        "data": [
            {
                "text": "I would really want the definition of deposit",
                "userDefined": false
            }
        ],
        "isTemplate": false,
        "count": 0,
        "updated": 1560155628
    },
    {
        "id": "d14618cb-9482-230d-fa96-919fb1565f09",
        "data": [
            {
                "text": "could you tell me about what deposit is",
                "userDefined": false
            }
        ],
        "isTemplate": false,
        "count": 0,
        "updated": 1560155628
    },
    {
        "id": "59e9f0be-9b14-d77e-70be-96902b48d194",
        "data": [
            {
                "text": "describe what deposit stands for",
                "userDefined": false
            }
        ],
        "isTemplate": false,
        "count": 0,
        "updated": 1560155628
    },
    {
        "id": "56400c71-065d-2dda-07e1-359c2c867eb6",
        "data": [
            {
                "text": "I want to be informed about what safety deposit exactly stands for",
                "userDefined": false
            }
        ],
        "isTemplate": false,
        "count": 0,
        "updated": 1560155628
    },
    {
        "id": "1a4e3223-e3f4-c925-8e27-c0a171d5af77",
        "data": [
            {
                "text": "explain what deposit stands for please",
                "userDefined": false
            }
        ],
        "isTemplate": false,
        "count": 0,
        "updated": 1560155628
    },
    {
        "id": "ecb6215f-a490-8903-6687-f08879f422d5",
        "data": [
            {
                "text": "I would really love to know what safety deposit means",
                "userDefined": false
            }
        ],
        "isTemplate": false,
        "count": 0,
        "updated": 1560155628
    },
    {
        "id": "ff9ac60f-ab25-762b-2abf-c39a6a8b3927",
        "data": [
            {
                "text": "what about what safety deposit is",
                "userDefined": false
            }
        ],
        "isTemplate": false,
        "count": 0,
        "updated": 1560155628
    },
    {
        "id": "98bb36d8-5e03-186b-a02b-466073c76981",
        "data": [
            {
                "text": "describe safety deposit",
                "userDefined": false
            }
        ],
        "isTemplate": false,
        "count": 0,
        "updated": 1560155628
    },
    {
        "id": "e0eaab99-7c03-76fe-73a9-1e1d2163347b",
        "data": [
            {
                "text": "I want to know what deposit is",
                "userDefined": false
            }
        ],
        "isTemplate": false,
        "count": 0,
        "updated": 1560155628
    },
    {
        "id": "0b5151b8-d2b7-4087-b803-9dbbc5b00d0d",
        "data": [
            {
                "text": "explain what safety deposit is",
                "userDefined": false
            }
        ],
        "isTemplate": false,
        "count": 0,
        "updated": 1560155628
    },
    {
        "id": "0010283c-3edd-a4ef-5305-882420b6dd9d",
        "data": [
            {
                "text": "what would be safety deposit in fact",
                "userDefined": false
            }
        ],
        "isTemplate": false,
        "count": 0,
        "updated": 1560155628
    },
    {
        "id": "e4438948-1240-aa6b-183d-f51c6a2026b8",
        "data": [
            {
                "text": "info on what deposit exactly stands for",
                "userDefined": false
            }
        ],
        "isTemplate": false,
        "count": 0,
        "updated": 1560155628
    },
    {
        "id": "e248d022-ae45-dc30-98c6-4f986e6397ce",
        "data": [
            {
                "text": "would you be so kind and show me about what deposit in fact means",
                "userDefined": false
            }
        ],
        "isTemplate": false,
        "count": 0,
        "updated": 1560155628
    },
    {
        "id": "a2d422ed-0db5-6439-4564-f04c2e4a9771",
        "data": [
            {
                "text": "advice about what safety deposit in fact stands for",
                "userDefined": false
            }
        ],
        "isTemplate": false,
        "count": 0,
        "updated": 1560155628
    },
    {
        "id": "ba90a698-66ec-6268-908f-8c8e144f22d4",
        "data": [
            {
                "text": "define safety deposit please",
                "userDefined": false
            }
        ],
        "isTemplate": false,
        "count": 0,
        "updated": 1560155628
    },
    {
        "id": "ac31a67d-0b9d-9c3f-953f-97f9378afc6a",
        "data": [
            {
                "text": "could you please show me about what deposit actually stands for",
                "userDefined": false
            }
        ],
        "isTemplate": false,
        "count": 0,
        "updated": 1560155628
    },
    {
        "id": "e5b00d83-8398-f8dd-fa9e-6d2f5c678748",
        "data": [
            {
                "text": "describe what safety deposit means please",
                "userDefined": false
            }
        ],
        "isTemplate": false,
        "count": 0,
        "updated": 1560155628
    },
    {
        "id": "7e2f7d7b-d383-9999-9399-8f19221c4858",
        "data": [
            {
                "text": "I would love the definition of deposit",
                "userDefined": false
            }
        ],
        "isTemplate": false,
        "count": 0,
        "updated": 1560155628
    },
    {
        "id": "a5b4ab89-af5f-2092-5109-ca8385649377",
        "data": [
            {
                "text": "info about what deposit is",
                "userDefined": false
            }
        ],
        "isTemplate": false,
        "count": 0,
        "updated": 1560155628
    },
    {
        "id": "7d0dc894-06fd-a693-731e-33e432568072",
        "data": [
            {
                "text": "I would really want to know what safety deposit is",
                "userDefined": false
            }
        ],
        "isTemplate": false,
        "count": 0,
        "updated": 1560155628
    },
    {
        "id": "ca1b5454-2b0c-65db-0af0-c328d622cb1f",
        "data": [
            {
                "text": "would you be so kind and tell me about what deposit actually is",
                "userDefined": false
            }
        ],
        "isTemplate": false,
        "count": 0,
        "updated": 1560155628
    },
    {
        "id": "d35e94b3-4935-96d5-3e5d-e4db0e09d23a",
        "data": [
            {
                "text": "what would be safety deposit actually",
                "userDefined": false
            }
        ],
        "isTemplate": false,
        "count": 0,
        "updated": 1560155628
    },
    {
        "id": "0c8eec8a-23ba-f1dc-022a-a69f8b19f3ad",
        "data": [
            {
                "text": "I need the definition of safety deposit",
                "userDefined": false
            }
        ],
        "isTemplate": false,
        "count": 0,
        "updated": 1560155628
    },
    {
        "id": "f08f6061-5ddc-4a86-c072-3cf3e5b6a228",
        "data": [
            {
                "text": "what about what deposit stands for",
                "userDefined": false
            }
        ],
        "isTemplate": false,
        "count": 0,
        "updated": 1560155628
    },
    {
        "id": "802cd672-9e9d-2b9e-db7f-ebdb151a2409",
        "data": [
            {
                "text": "what is safety deposit in fact",
                "userDefined": false
            }
        ],
        "isTemplate": false,
        "count": 0,
        "updated": 1560155628
    },
    {
        "id": "7523319f-7906-7628-9544-50a4aec2de14",
        "data": [
            {
                "text": "I'd really like to know about what safety deposit exactly stands for",
                "userDefined": false
            }
        ],
        "isTemplate": false,
        "count": 0,
        "updated": 1560155628
    },
    {
        "id": "e9ddb486-3cdd-aeba-30d7-9703bd21a9a6",
        "data": [
            {
                "text": "I'd really love to learn about what safety deposit exactly means",
                "userDefined": false
            }
        ],
        "isTemplate": false,
        "count": 0,
        "updated": 1560155628
    },
    {
        "id": "c7820778-6f79-6973-c88e-fd40db9001de",
        "data": [
            {
                "text": "I would love to know what safety deposit means",
                "userDefined": false
            }
        ],
        "isTemplate": false,
        "count": 0,
        "updated": 1560155628
    },
    {
        "id": "f9de956e-d4cb-a61e-bc8e-4f1c8dafbc5d",
        "data": [
            {
                "text": "I would like to know what deposit is",
                "userDefined": false
            }
        ],
        "isTemplate": false,
        "count": 0,
        "updated": 1560155628
    },
    {
        "id": "bf943aac-36fa-abf4-5039-e30f96b8da7a",
        "data": [
            {
                "text": "I'd like to be informed about what safety deposit actually is",
                "userDefined": false
            }
        ],
        "isTemplate": false,
        "count": 0,
        "updated": 1560155628
    },
    {
        "id": "9f1cf5f0-4e01-2408-7808-ce6f7a682b4e",
        "data": [
            {
                "text": "what is safety deposit",
                "userDefined": false
            }
        ],
        "isTemplate": false,
        "count": 0,
        "updated": 1560155628
    },
    {
        "id": "a93e54b4-1bb9-b87b-9824-da765130e17b",
        "data": [
            {
                "text": "what's deposit",
                "userDefined": false
            }
        ],
        "isTemplate": false,
        "count": 0,
        "updated": 1560155628
    },
    {
        "id": "9de994d8-87c1-ee37-3a87-9cd27d7daae4",
        "data": [
            {
                "text": "I am looking for the definition of safety deposit",
                "userDefined": false
            }
        ],
        "isTemplate": false,
        "count": 0,
        "updated": 1560155628
    },
    {
        "id": "d1200dd2-0a5e-c39c-755e-7a6a3ec10f6d",
        "data": [
            {
                "text": "describe what safety deposit means",
                "userDefined": false
            }
        ],
        "isTemplate": false,
        "count": 0,
        "updated": 1560155628
    },
    {
        "id": "3881b782-ff2c-ad23-a739-062beb0365e1",
        "data": [
            {
                "text": "describe what deposit is please",
                "userDefined": false
            }
        ],
        "isTemplate": false,
        "count": 0,
        "updated": 1560155628
    },
    {
        "id": "e2caca81-da28-b9c4-efa4-8ab8bb763115",
        "data": [
            {
                "text": "I'd love to know what safety deposit means",
                "userDefined": false
            }
        ],
        "isTemplate": false,
        "count": 0,
        "updated": 1560155628
    },
    {
        "id": "37ae8151-348d-41db-7870-05ede538a4a2",
        "data": [
            {
                "text": "I would really want the definition of safety deposit",
                "userDefined": false
            }
        ],
        "isTemplate": false,
        "count": 0,
        "updated": 1560155628
    },
    {
        "id": "c121d511-2fd8-3deb-30e5-a7b07354c621",
        "data": [
            {
                "text": "what about what safety deposit in fact is",
                "userDefined": false
            }
        ],
        "isTemplate": false,
        "count": 0,
        "updated": 1560155628
    },
    {
        "id": "03e9c0fb-3ec4-178a-5431-c5846255e693",
        "data": [
            {
                "text": "I'd really want to know what deposit is",
                "userDefined": false
            }
        ],
        "isTemplate": false,
        "count": 0,
        "updated": 1560155628
    }
]