[
    {
        "id": "8514e602-4cda-dbc8-56ce-e4037c7a75e0",
        "data": [
            {
                "text": "what'd be an option for",
                "userDefined": false
            }
        ],
        "isTemplate": false,
        "count": 0,
        "updated": 1560155629
    },
    {
        "id": "0583ac95-43c3-944d-c240-fb47bf8f1fd2",
        "data": [
            {
                "text": "explain what an option stands for",
                "userDefined": false
            }
        ],
        "isTemplate": false,
        "count": 0,
        "updated": 1560155629
    },
    {
        "id": "8d88743d-ac1e-5397-b155-eaee40613c67",
        "data": [
            {
                "text": "what'll be an option for",
                "userDefined": false
            }
        ],
        "isTemplate": false,
        "count": 0,
        "updated": 1560155629
    },
    {
        "id": "c89b18ab-b657-300d-2930-e3f284e7d46a",
        "data": [
            {
                "text": "explain what a specialisation means",
                "userDefined": false
            }
        ],
        "isTemplate": false,
        "count": 0,
        "updated": 1560155629
    },
    {
        "id": "fb2ce264-3835-8052-58bd-828c1c82de0b",
        "data": [
            {
                "text": "information on what an option is",
                "userDefined": false
            }
        ],
        "isTemplate": false,
        "count": 0,
        "updated": 1560155629
    },
    {
        "id": "ec5f62ce-a2fc-0758-5cf5-755eaa62dc59",
        "data": [
            {
                "text": "what would be a specialization",
                "userDefined": false
            }
        ],
        "isTemplate": false,
        "count": 0,
        "updated": 1560155629
    },
    {
        "id": "03439a69-f3f0-914c-be7e-13f7743ef5d8",
        "data": [
            {
                "text": "what's an option for",
                "userDefined": false
            }
        ],
        "isTemplate": false,
        "count": 0,
        "updated": 1560155629
    },
    {
        "id": "2ec18c23-4bdd-b087-ad2a-c5d64b4e367d",
        "data": [
            {
                "text": "what exactly are options",
                "userDefined": false
            }
        ],
        "isTemplate": false,
        "count": 0,
        "updated": 1560155629
    },
    {
        "id": "3c2077eb-e89f-544a-bc95-428727b5154c",
        "data": [
            {
                "text": "what will be an option for",
                "userDefined": false
            }
        ],
        "isTemplate": false,
        "count": 0,
        "updated": 1560155629
    },
    {
        "id": "cdff4d2d-8a8d-6155-c6f3-386f1391e4a2",
        "data": [
            {
                "text": "I need the meaning of a specialization",
                "userDefined": false
            }
        ],
        "isTemplate": false,
        "count": 0,
        "updated": 1560155629
    },
    {
        "id": "8c5f6649-1390-bca9-9076-3435444ce4e8",
        "data": [
            {
                "text": "what's an option",
                "userDefined": false
            }
        ],
        "isTemplate": false,
        "count": 0,
        "updated": 1560155629
    },
    {
        "id": "8939dd30-454d-d503-10e1-1ff6ce8fb22c",
        "data": [
            {
                "text": "what in fact are options in fact",
                "userDefined": false
            }
        ],
        "isTemplate": false,
        "count": 0,
        "updated": 1560155629
    },
    {
        "id": "3b75ffa9-48be-3af4-7278-5bab828e88c0",
        "data": [
            {
                "text": "what in fact are options exactly",
                "userDefined": false
            }
        ],
        "isTemplate": false,
        "count": 0,
        "updated": 1560155629
    },
    {
        "id": "85c641ed-9c38-e13b-ce63-68ece8892066",
        "data": [
            {
                "text": "I would really like to know what an option is",
                "userDefined": false
            }
        ],
        "isTemplate": false,
        "count": 0,
        "updated": 1560155629
    },
    {
        "id": "3ec1a277-673e-0b69-dbb3-0e9f544667d2",
        "data": [
            {
                "text": "I'd really want to know what a specialisation is",
                "userDefined": false
            }
        ],
        "isTemplate": false,
        "count": 0,
        "updated": 1560155629
    },
    {
        "id": "81c3934b-1248-9cd3-bd80-1ae8a5e39d55",
        "data": [
            {
                "text": "what is an option for",
                "userDefined": false
            }
        ],
        "isTemplate": false,
        "count": 0,
        "updated": 1560155629
    },
    {
        "id": "d6f8f0b1-1fb0-a6c3-b8be-12f364aa094e",
        "data": [
            {
                "text": "what actually are options in fact",
                "userDefined": false
            }
        ],
        "isTemplate": false,
        "count": 0,
        "updated": 1560155629
    },
    {
        "id": "536c9d5f-f77e-2978-bdc4-4f15468ce329",
        "data": [
            {
                "text": "what about what a specialisation is",
                "userDefined": false
            }
        ],
        "isTemplate": false,
        "count": 0,
        "updated": 1560155629
    },
    {
        "id": "c27ac4c0-9e4a-2b67-64d8-3152d17f3f7e",
        "data": [
            {
                "text": "I'd really like to know what an option means",
                "userDefined": false
            }
        ],
        "isTemplate": false,
        "count": 0,
        "updated": 1560155629
    },
    {
        "id": "f21c9903-f989-d976-50b9-c9214069c5f4",
        "data": [
            {
                "text": "what actually are options",
                "userDefined": false
            }
        ],
        "isTemplate": false,
        "count": 0,
        "updated": 1560155629
    },
    {
        "id": "3e7d7023-d0bf-47c6-5834-e5e2a53eac2a",
        "data": [
            {
                "text": "what does an option stand for",
                "userDefined": false
            }
        ],
        "isTemplate": false,
        "count": 0,
        "updated": 1560155629
    },
    {
        "id": "fe2e45f0-ea4f-10a9-8a35-531085cd3a97",
        "data": [
            {
                "text": "what does a specialization mean",
                "userDefined": false
            }
        ],
        "isTemplate": false,
        "count": 0,
        "updated": 1560155629
    },
    {
        "id": "92074f0b-402c-d2d4-36ff-c2d18dd0bb70",
        "data": [
            {
                "text": "what in fact are options",
                "userDefined": false
            }
        ],
        "isTemplate": false,
        "count": 0,
        "updated": 1560155629
    },
    {
        "id": "b1fa4e5f-9889-ac56-f5a8-3c8bfbf77bf8",
        "data": [
            {
                "text": "what does an option mean",
                "userDefined": false
            }
        ],
        "isTemplate": false,
        "count": 0,
        "updated": 1560155629
    },
    {
        "id": "4e797c98-7775-66e8-93d2-badbe4ebdcb8",
        "data": [
            {
                "text": "describe a specialisation",
                "userDefined": false
            }
        ],
        "isTemplate": false,
        "count": 0,
        "updated": 1560155629
    },
    {
        "id": "7b6406ac-8200-5ddd-d5ae-098944556ce8",
        "data": [
            {
                "text": "tips about what a specialization actually means",
                "userDefined": false
            }
        ],
        "isTemplate": false,
        "count": 0,
        "updated": 1560155629
    },
    {
        "id": "032d3519-90c0-f6f4-c1b3-a89bbdd48526",
        "data": [
            {
                "text": "I'd love to know what an option is",
                "userDefined": false
            }
        ],
        "isTemplate": false,
        "count": 0,
        "updated": 1560155629
    },
    {
        "id": "eb21343b-20b9-b1b8-c0c6-86fc7bc88a3c",
        "data": [
            {
                "text": "define a specialisation",
                "userDefined": false
            }
        ],
        "isTemplate": false,
        "count": 0,
        "updated": 1560155629
    },
    {
        "id": "0ef32854-1dc4-1a6b-fa3d-1e30e4aed45d",
        "data": [
            {
                "text": "explain a specialisation please",
                "userDefined": false
            }
        ],
        "isTemplate": false,
        "count": 0,
        "updated": 1560155629
    },
    {
        "id": "47daf3ca-cb06-cba9-9dd3-e752d70c9588",
        "data": [
            {
                "text": "what will be an option actually",
                "userDefined": false
            }
        ],
        "isTemplate": false,
        "count": 0,
        "updated": 1560155629
    },
    {
        "id": "948d135e-eb19-ad46-c786-df27a4f6b7a7",
        "data": [
            {
                "text": "I would like to know what a specialization means",
                "userDefined": false
            }
        ],
        "isTemplate": false,
        "count": 0,
        "updated": 1560155629
    },
    {
        "id": "c967d534-6c0d-dd4b-c86f-2f74aea4b33f",
        "data": [
            {
                "text": "what about what an option stands for",
                "userDefined": false
            }
        ],
        "isTemplate": false,
        "count": 0,
        "updated": 1560155629
    },
    {
        "id": "e95d5fe4-5fc9-2997-efc9-388f5e1fc3bb",
        "data": [
            {
                "text": "explain what a specialization is please",
                "userDefined": false
            }
        ],
        "isTemplate": false,
        "count": 0,
        "updated": 1560155629
    },
    {
        "id": "0fb9566b-77a7-b512-b2f3-840768d71a70",
        "data": [
            {
                "text": "explain what an option is please",
                "userDefined": false
            }
        ],
        "isTemplate": false,
        "count": 0,
        "updated": 1560155629
    },
    {
        "id": "146c552b-d616-cec8-ae76-fbe9649d44f9",
        "data": [
            {
                "text": "what would be an option for",
                "userDefined": false
            }
        ],
        "isTemplate": false,
        "count": 0,
        "updated": 1560155629
    },
    {
        "id": "cb50d231-870f-d2df-f2de-e6b79c646b13",
        "data": [
            {
                "text": "describe what a specialisation is",
                "userDefined": false
            }
        ],
        "isTemplate": false,
        "count": 0,
        "updated": 1560155629
    },
    {
        "id": "20e554c4-d67b-15fa-111b-98eec3fa59c1",
        "data": [
            {
                "text": "I'd really like to know what a specialisation is",
                "userDefined": false
            }
        ],
        "isTemplate": false,
        "count": 0,
        "updated": 1560155629
    },
    {
        "id": "fc63052e-e0ed-165d-2709-b7b1b25badc1",
        "data": [
            {
                "text": "explain what a specialization stands for please",
                "userDefined": false
            }
        ],
        "isTemplate": false,
        "count": 0,
        "updated": 1560155629
    },
    {
        "id": "e15ec554-9681-8e5b-a09b-4aae8354f72d",
        "data": [
            {
                "text": "I would really want to know what a specialisation is",
                "userDefined": false
            }
        ],
        "isTemplate": false,
        "count": 0,
        "updated": 1560155629
    },
    {
        "id": "93a2d958-6dd7-abb4-03a4-eeb3921f05f6",
        "data": [
            {
                "text": "I need the definition of an option",
                "userDefined": false
            }
        ],
        "isTemplate": false,
        "count": 0,
        "updated": 1560155629
    },
    {
        "id": "e363c6fa-b2a8-f250-ca07-5ced25e16e4f",
        "data": [
            {
                "text": "what is a specialization",
                "userDefined": false
            }
        ],
        "isTemplate": false,
        "count": 0,
        "updated": 1560155629
    },
    {
        "id": "86cefc39-7440-73af-04f9-f02f2d94241e",
        "data": [
            {
                "text": "what about what a specialization exactly stands for",
                "userDefined": false
            }
        ],
        "isTemplate": false,
        "count": 0,
        "updated": 1560155629
    },
    {
        "id": "dbdf2bc5-cc74-0317-f48f-f75a3cfa3da6",
        "data": [
            {
                "text": "what does a specialisation stand for",
                "userDefined": false
            }
        ],
        "isTemplate": false,
        "count": 0,
        "updated": 1560155629
    },
    {
        "id": "c8f09193-b14a-c776-8fbc-1f2f09806832",
        "data": [
            {
                "text": "what exactly are options in fact",
                "userDefined": false
            }
        ],
        "isTemplate": false,
        "count": 0,
        "updated": 1560155629
    },
    {
        "id": "a95c4eaf-7eca-7880-cb77-d4dce0903229",
        "data": [
            {
                "text": "direction about what a specialisation exactly is",
                "userDefined": false
            }
        ],
        "isTemplate": false,
        "count": 0,
        "updated": 1560155629
    },
    {
        "id": "4805640d-09fd-8e66-16f5-030f8aaeddae",
        "data": [
            {
                "text": "what does a specialization stand for",
                "userDefined": false
            }
        ],
        "isTemplate": false,
        "count": 0,
        "updated": 1560155629
    },
    {
        "id": "afebcd4e-6dd0-8e28-7d70-87e83c5ac444",
        "data": [
            {
                "text": "explain what a specialization means please",
                "userDefined": false
            }
        ],
        "isTemplate": false,
        "count": 0,
        "updated": 1560155629
    },
    {
        "id": "f1ce3b51-9845-7dcf-755f-affde98d218e",
        "data": [
            {
                "text": "I'd like to know what an option means",
                "userDefined": false
            }
        ],
        "isTemplate": false,
        "count": 0,
        "updated": 1560155629
    },
    {
        "id": "69fc2161-e3b4-8f0c-8969-39d6fcc2d063",
        "data": [
            {
                "text": "can you please show me about what an option actually is",
                "userDefined": false
            }
        ],
        "isTemplate": false,
        "count": 0,
        "updated": 1560155629
    },
    {
        "id": "90f54604-5e46-696b-b948-fffd367b5315",
        "data": [
            {
                "text": "I am looking for the meaning of a specialisation",
                "userDefined": false
            }
        ],
        "isTemplate": false,
        "count": 0,
        "updated": 1560155629
    },
    {
        "id": "eaf3221e-dfc5-cd7b-2a65-2afcd5aeadfe",
        "data": [
            {
                "text": "I am looking for the definition of a specialisation",
                "userDefined": false
            }
        ],
        "isTemplate": false,
        "count": 0,
        "updated": 1560155629
    },
    {
        "id": "691899e4-0c07-a35a-402e-272b14094f5d",
        "data": [
            {
                "text": "what in fact are options actually",
                "userDefined": false
            }
        ],
        "isTemplate": false,
        "count": 0,
        "updated": 1560155629
    },
    {
        "id": "774b7722-9f09-b63e-42ff-ab8da6c36d73",
        "data": [
            {
                "text": "what does a specialisation mean",
                "userDefined": false
            }
        ],
        "isTemplate": false,
        "count": 0,
        "updated": 1560155629
    },
    {
        "id": "5e07a7f0-60ae-8d63-1c9e-eec16c51bb99",
        "data": [
            {
                "text": "I'd love the meaning of an option",
                "userDefined": false
            }
        ],
        "isTemplate": false,
        "count": 0,
        "updated": 1560155629
    },
    {
        "id": "246604ea-0681-57e8-f354-a136b9012aee",
        "data": [
            {
                "text": "what will be an option",
                "userDefined": false
            }
        ],
        "isTemplate": false,
        "count": 0,
        "updated": 1560155629
    },
    {
        "id": "f63cd764-69ae-8a02-29fc-55893f986f28",
        "data": [
            {
                "text": "what's an option actually",
                "userDefined": false
            }
        ],
        "isTemplate": false,
        "count": 0,
        "updated": 1560155629
    },
    {
        "id": "ef24a0a2-b7be-d2cf-3760-d169811f2c60",
        "data": [
            {
                "text": "what exactly are options actually",
                "userDefined": false
            }
        ],
        "isTemplate": false,
        "count": 0,
        "updated": 1560155629
    },
    {
        "id": "741704ea-332e-1ad7-6331-b5385371cd76",
        "data": [
            {
                "text": "describe a specialization",
                "userDefined": false
            }
        ],
        "isTemplate": false,
        "count": 0,
        "updated": 1560155629
    },
    {
        "id": "690c4126-4773-1f0b-56bd-a61281c90d02",
        "data": [
            {
                "text": "I'd really like to learn about what a specialization actually is",
                "userDefined": false
            }
        ],
        "isTemplate": false,
        "count": 0,
        "updated": 1560155629
    },
    {
        "id": "6d97fdb9-0ec8-5b07-bb86-44f722daa074",
        "data": [
            {
                "text": "define a specialization please",
                "userDefined": false
            }
        ],
        "isTemplate": false,
        "count": 0,
        "updated": 1560155629
    },
    {
        "id": "7c57c8f2-0b06-6f63-95fb-5474e7cfebf7",
        "data": [
            {
                "text": "I'd really love to know what a specialization means",
                "userDefined": false
            }
        ],
        "isTemplate": false,
        "count": 0,
        "updated": 1560155629
    },
    {
        "id": "3c15b53b-891d-6116-abce-f3deb94cbe86",
        "data": [
            {
                "text": "tell me about what a specialisation is",
                "userDefined": false
            }
        ],
        "isTemplate": false,
        "count": 0,
        "updated": 1560155629
    },
    {
        "id": "1eadff7a-b866-234b-b5be-d2b4c157f769",
        "data": [
            {
                "text": "what is a specialization actually",
                "userDefined": false
            }
        ],
        "isTemplate": false,
        "count": 0,
        "updated": 1560155629
    },
    {
        "id": "b1d6f1e8-9ee7-134d-59a3-caecdf28e9fb",
        "data": [
            {
                "text": "I'd love to know what a specialisation means",
                "userDefined": false
            }
        ],
        "isTemplate": false,
        "count": 0,
        "updated": 1560155629
    },
    {
        "id": "fed99d29-eb04-96f5-576b-a2285d24cdec",
        "data": [
            {
                "text": "what actually are options actually",
                "userDefined": false
            }
        ],
        "isTemplate": false,
        "count": 0,
        "updated": 1560155629
    },
    {
        "id": "e587a954-c907-0931-4b2c-cab2c55e5e4c",
        "data": [
            {
                "text": "what about what a specialization in fact is",
                "userDefined": false
            }
        ],
        "isTemplate": false,
        "count": 0,
        "updated": 1560155629
    },
    {
        "id": "a5954310-e9ab-dd90-72d6-b00e3daf6e1d",
        "data": [
            {
                "text": "information on what a specialization stands for",
                "userDefined": false
            }
        ],
        "isTemplate": false,
        "count": 0,
        "updated": 1560155629
    },
    {
        "id": "20133f56-5bb3-af37-8b4b-d446176ef79c",
        "data": [
            {
                "text": "I'd really want the meaning of a specialization",
                "userDefined": false
            }
        ],
        "isTemplate": false,
        "count": 0,
        "updated": 1560155629
    },
    {
        "id": "f564f90f-b931-bb92-da65-fd78f05e9b91",
        "data": [
            {
                "text": "describe what a specialisation means",
                "userDefined": false
            }
        ],
        "isTemplate": false,
        "count": 0,
        "updated": 1560155629
    },
    {
        "id": "4c7de2d8-637d-a800-3ee2-23297133424e",
        "data": [
            {
                "text": "information on what a specialization means",
                "userDefined": false
            }
        ],
        "isTemplate": false,
        "count": 0,
        "updated": 1560155629
    },
    {
        "id": "d721a3ed-3fc2-b25d-2063-c676038d6a73",
        "data": [
            {
                "text": "explain what an option means",
                "userDefined": false
            }
        ],
        "isTemplate": false,
        "count": 0,
        "updated": 1560155629
    },
    {
        "id": "1dd11c79-1c00-b21a-fefb-a6020cc75072",
        "data": [
            {
                "text": "what'll be a specialisation",
                "userDefined": false
            }
        ],
        "isTemplate": false,
        "count": 0,
        "updated": 1560155629
    },
    {
        "id": "ee3e2bab-db6e-b3af-3d45-882cd4908738",
        "data": [
            {
                "text": "what exactly are options exactly",
                "userDefined": false
            }
        ],
        "isTemplate": false,
        "count": 0,
        "updated": 1560155629
    },
    {
        "id": "6b38be3a-3b9a-caea-13dc-8d7b3379584e",
        "data": [
            {
                "text": "I'd really love to know what a specialisation is",
                "userDefined": false
            }
        ],
        "isTemplate": false,
        "count": 0,
        "updated": 1560155629
    },
    {
        "id": "5699db9f-6f22-1e6a-edeb-808d670d7a36",
        "data": [
            {
                "text": "I'd really love to be informed about what a specialization is",
                "userDefined": false
            }
        ],
        "isTemplate": false,
        "count": 0,
        "updated": 1560155629
    },
    {
        "id": "7a9ff3c8-571f-fdad-b2ad-b3b4d01c627e",
        "data": [
            {
                "text": "what is a specialisation",
                "userDefined": false
            }
        ],
        "isTemplate": false,
        "count": 0,
        "updated": 1560155629
    },
    {
        "id": "8f6bb679-e603-6446-3284-974b6a63631d",
        "data": [
            {
                "text": "what's a specialisation",
                "userDefined": false
            }
        ],
        "isTemplate": false,
        "count": 0,
        "updated": 1560155629
    },
    {
        "id": "b21bdd2e-d37d-b912-41ea-fc3039a3fd6c",
        "data": [
            {
                "text": "I'd love to know about what a specialization stands for",
                "userDefined": false
            }
        ],
        "isTemplate": false,
        "count": 0,
        "updated": 1560155629
    },
    {
        "id": "12e573b1-f921-bfc7-5f5d-d5cb1db1582f",
        "data": [
            {
                "text": "I need the meaning of an option",
                "userDefined": false
            }
        ],
        "isTemplate": false,
        "count": 0,
        "updated": 1560155629
    },
    {
        "id": "f5607f83-cdd8-bc1a-1834-51c01dffe3f9",
        "data": [
            {
                "text": "I want to know what an option means",
                "userDefined": false
            }
        ],
        "isTemplate": false,
        "count": 0,
        "updated": 1560155629
    },
    {
        "id": "9e18851a-ab8c-2206-3df0-4bcbc6afb0a5",
        "data": [
            {
                "text": "I would really want to know what a specialization means",
                "userDefined": false
            }
        ],
        "isTemplate": false,
        "count": 0,
        "updated": 1560155629
    },
    {
        "id": "23a87561-189a-7a53-fd67-007ddc223f26",
        "data": [
            {
                "text": "I'd really love to know what an option means",
                "userDefined": false
            }
        ],
        "isTemplate": false,
        "count": 0,
        "updated": 1560155629
    },
    {
        "id": "d73c2a15-5c9e-631e-a5ce-10d74b3bf407",
        "data": [
            {
                "text": "explain what a specialisation stands for",
                "userDefined": false
            }
        ],
        "isTemplate": false,
        "count": 0,
        "updated": 1560155629
    },
    {
        "id": "24e3901a-2beb-67e2-04d6-830539105bec",
        "data": [
            {
                "text": "I am searching for the definition of an option",
                "userDefined": false
            }
        ],
        "isTemplate": false,
        "count": 0,
        "updated": 1560155629
    },
    {
        "id": "ccdf00ed-10f9-1070-989c-8850f634a72a",
        "data": [
            {
                "text": "what'll be a specialisation in fact",
                "userDefined": false
            }
        ],
        "isTemplate": false,
        "count": 0,
        "updated": 1560155629
    },
    {
        "id": "8ba66b76-eee8-2477-7e64-2fb0757396a4",
        "data": [
            {
                "text": "I would really like to know what a specialization means",
                "userDefined": false
            }
        ],
        "isTemplate": false,
        "count": 0,
        "updated": 1560155629
    },
    {
        "id": "553afde3-202d-b042-6854-578c49655ac9",
        "data": [
            {
                "text": "show me about what an option exactly stands for",
                "userDefined": false
            }
        ],
        "isTemplate": false,
        "count": 0,
        "updated": 1560155629
    },
    {
        "id": "48f3a592-1be3-d7d1-6708-35c485889458",
        "data": [
            {
                "text": "I would like to know what an option means",
                "userDefined": false
            }
        ],
        "isTemplate": false,
        "count": 0,
        "updated": 1560155629
    },
    {
        "id": "5d2fbc2d-99fa-8ad7-a68f-5a8147d4e481",
        "data": [
            {
                "text": "describe what an option stands for",
                "userDefined": false
            }
        ],
        "isTemplate": false,
        "count": 0,
        "updated": 1560155629
    },
    {
        "id": "75c2b9c9-97ae-021d-c12e-a0d5c98e0fa7",
        "data": [
            {
                "text": "I would like the definition of an option",
                "userDefined": false
            }
        ],
        "isTemplate": false,
        "count": 0,
        "updated": 1560155629
    },
    {
        "id": "0504f103-1f21-d5f7-71d2-38391dd78638",
        "data": [
            {
                "text": "would you please show me about what an option in fact stands for",
                "userDefined": false
            }
        ],
        "isTemplate": false,
        "count": 0,
        "updated": 1560155629
    },
    {
        "id": "97e84faf-7225-5a23-b3ea-c7333bd3627f",
        "data": [
            {
                "text": "I need the meaning of a specialisation",
                "userDefined": false
            }
        ],
        "isTemplate": false,
        "count": 0,
        "updated": 1560155629
    },
    {
        "id": "173f1773-23d8-0382-07a7-2ebbd4cec09c",
        "data": [
            {
                "text": "what actually are options exactly",
                "userDefined": false
            }
        ],
        "isTemplate": false,
        "count": 0,
        "updated": 1560155629
    },
    {
        "id": "a12b93d7-c347-5e78-3d19-ac6fc17864e2",
        "data": [
            {
                "text": "describe what a specialization stands for",
                "userDefined": false
            }
        ],
        "isTemplate": false,
        "count": 0,
        "updated": 1560155629
    },
    {
        "id": "019a0cd0-4eaa-3d7b-f370-b4a846ec20d9",
        "data": [
            {
                "text": "explain what an option is",
                "userDefined": false
            }
        ],
        "isTemplate": false,
        "count": 0,
        "updated": 1560155629
    },
    {
        "id": "152fab52-29f6-32f2-8f66-c802009319b7",
        "data": [
            {
                "text": "explain what a specialisation is",
                "userDefined": false
            }
        ],
        "isTemplate": false,
        "count": 0,
        "updated": 1560155629
    },
    {
        "id": "b41a68c8-34cb-9384-a04b-37289ad3f907",
        "data": [
            {
                "text": "what would be an option",
                "userDefined": false
            }
        ],
        "isTemplate": false,
        "count": 0,
        "updated": 1560155629
    },
    {
        "id": "54218739-6df9-0f7b-900f-0a9cc316f105",
        "data": [
            {
                "text": "what is a specialisation in fact",
                "userDefined": false
            }
        ],
        "isTemplate": false,
        "count": 0,
        "updated": 1560155629
    },
    {
        "id": "7706cd3b-cd46-e2f9-fbf6-e5fc1838ad32",
        "data": [
            {
                "text": "describe what a specialisation stands for",
                "userDefined": false
            }
        ],
        "isTemplate": false,
        "count": 0,
        "updated": 1560155629
    },
    {
        "id": "e6ff9ec6-25ad-8df0-7fd2-26b66ea4f5f2",
        "data": [
            {
                "text": "describe what a specialisation is please",
                "userDefined": false
            }
        ],
        "isTemplate": false,
        "count": 0,
        "updated": 1560155629
    },
    {
        "id": "1d68d552-fc40-f512-6c8c-83e375b3b3ce",
        "data": [
            {
                "text": "I want to know what an option is",
                "userDefined": false
            }
        ],
        "isTemplate": false,
        "count": 0,
        "updated": 1560155629
    },
    {
        "id": "dd8136be-4fa7-95ba-21eb-fd95345c4925",
        "data": [
            {
                "text": "explain a specialisation",
                "userDefined": false
            }
        ],
        "isTemplate": false,
        "count": 0,
        "updated": 1560155629
    },
    {
        "id": "8e032f5a-c404-f1c8-bd87-5c66283a4d65",
        "data": [
            {
                "text": "I am looking for the meaning of a specialization",
                "userDefined": false
            }
        ],
        "isTemplate": false,
        "count": 0,
        "updated": 1560155629
    },
    {
        "id": "f7af1919-8e13-31e8-b68f-40b4340e44b0",
        "data": [
            {
                "text": "define a specialisation please",
                "userDefined": false
            }
        ],
        "isTemplate": false,
        "count": 0,
        "updated": 1560155629
    },
    {
        "id": "cce431df-1774-c661-c166-ed8b2544114b",
        "data": [
            {
                "text": "describe what a specialization means",
                "userDefined": false
            }
        ],
        "isTemplate": false,
        "count": 0,
        "updated": 1560155629
    },
    {
        "id": "266cf643-41da-1f19-5bd1-d925b8fed15d",
        "data": [
            {
                "text": "would you be so kind and tell me about what a specialisation stands for",
                "userDefined": false
            }
        ],
        "isTemplate": false,
        "count": 0,
        "updated": 1560155629
    },
    {
        "id": "bcef9710-f72c-2798-bca3-b77dffab9415",
        "data": [
            {
                "text": "I want to know about what an option means",
                "userDefined": false
            }
        ],
        "isTemplate": false,
        "count": 0,
        "updated": 1560155629
    },
    {
        "id": "0486a045-cffb-af5c-db23-2808be5721cc",
        "data": [
            {
                "text": "explain an option please",
                "userDefined": false
            }
        ],
        "isTemplate": false,
        "count": 0,
        "updated": 1560155629
    },
    {
        "id": "04185214-2e16-c239-6e82-45a701e50a6f",
        "data": [
            {
                "text": "what's a specialization exactly",
                "userDefined": false
            }
        ],
        "isTemplate": false,
        "count": 0,
        "updated": 1560155629
    },
    {
        "id": "314238c8-a5e4-da79-d933-58b5dbf146cb",
        "data": [
            {
                "text": "describe what an option means please",
                "userDefined": false
            }
        ],
        "isTemplate": false,
        "count": 0,
        "updated": 1560155629
    },
    {
        "id": "e66b754e-5418-b5d0-5d77-4a0305d574f9",
        "data": [
            {
                "text": "tell me about what a specialization means",
                "userDefined": false
            }
        ],
        "isTemplate": false,
        "count": 0,
        "updated": 1560155629
    },
    {
        "id": "baeba0d3-1464-1147-8537-62c8fb624a5e",
        "data": [
            {
                "text": "explain what a specialization stands for",
                "userDefined": false
            }
        ],
        "isTemplate": false,
        "count": 0,
        "updated": 1560155629
    },
    {
        "id": "c8cc38b9-3c1b-bf3f-254d-8b745b4b9f0b",
        "data": [
            {
                "text": "describe what an option is",
                "userDefined": false
            }
        ],
        "isTemplate": false,
        "count": 0,
        "updated": 1560155629
    },
    {
        "id": "368ecf19-0fc3-9eb4-e14f-7ba2289c07a1",
        "data": [
            {
                "text": "what'd be an option exactly",
                "userDefined": false
            }
        ],
        "isTemplate": false,
        "count": 0,
        "updated": 1560155629
    },
    {
        "id": "2e748d9c-15a2-4965-7c93-d16c368b475d",
        "data": [
            {
                "text": "aid on what an option exactly means",
                "userDefined": false
            }
        ],
        "isTemplate": false,
        "count": 0,
        "updated": 1560155629
    },
    {
        "id": "7d734043-2627-c52a-7a27-15a7ad7df302",
        "data": [
            {
                "text": "what will be a specialisation",
                "userDefined": false
            }
        ],
        "isTemplate": false,
        "count": 0,
        "updated": 1560155629
    },
    {
        "id": "ecd558d6-7413-1b58-f03f-8f6249f3f4b5",
        "data": [
            {
                "text": "I'd really like to know what a specialisation means",
                "userDefined": false
            }
        ],
        "isTemplate": false,
        "count": 0,
        "updated": 1560155629
    },
    {
        "id": "f92558fe-87d1-5bd6-d673-6fb575fe2a7a",
        "data": [
            {
                "text": "what'd be a specialisation",
                "userDefined": false
            }
        ],
        "isTemplate": false,
        "count": 0,
        "updated": 1560155629
    },
    {
        "id": "2e8445a5-29cf-6d9c-c411-baf30dc412df",
        "data": [
            {
                "text": "what is an option exactly",
                "userDefined": false
            }
        ],
        "isTemplate": false,
        "count": 0,
        "updated": 1560155629
    },
    {
        "id": "2989d790-f586-8332-5011-23a050fd5b1b",
        "data": [
            {
                "text": "I'd want to know what a specialization means",
                "userDefined": false
            }
        ],
        "isTemplate": false,
        "count": 0,
        "updated": 1560155629
    }
]