[
    {
        "id": "a28efda5-db1f-3569-f64d-61039dd90935",
        "data": [
            {
                "text": "what dialects is spoken in LLN",
                "userDefined": false
            }
        ],
        "isTemplate": false,
        "count": 0,
        "updated": 1560155629
    },
    {
        "id": "c898974b-d0ed-c8e9-1cbf-b8458de0a465",
        "data": [
            {
                "text": "which languages gets spoken in belgium",
                "userDefined": false
            }
        ],
        "isTemplate": false,
        "count": 0,
        "updated": 1560155629
    },
    {
        "id": "4f73fcff-fbfd-a365-96b6-f9cb2dd2dd0d",
        "data": [
            {
                "text": "which language gets spoken in Louvain",
                "userDefined": false
            }
        ],
        "isTemplate": false,
        "count": 0,
        "updated": 1560155629
    },
    {
        "id": "7f596a1f-894b-8479-62a8-c608366ec06d",
        "data": [
            {
                "text": "which language is spoken in belgium",
                "userDefined": false
            }
        ],
        "isTemplate": false,
        "count": 0,
        "updated": 1560155629
    },
    {
        "id": "04ccc4e2-718e-e9eb-319e-8694d80d6c9f",
        "data": [
            {
                "text": "language in belgium",
                "userDefined": false
            }
        ],
        "isTemplate": false,
        "count": 0,
        "updated": 1560155629
    },
    {
        "id": "36ce07ff-136d-f589-91bf-ad0f502fb337",
        "data": [
            {
                "text": "guidance about language in belgium",
                "userDefined": false
            }
        ],
        "isTemplate": false,
        "count": 0,
        "updated": 1560155629
    },
    {
        "id": "f6851231-e992-4d96-e69d-36a02b4d5aca",
        "data": [
            {
                "text": "dialect in belgium",
                "userDefined": false
            }
        ],
        "isTemplate": false,
        "count": 0,
        "updated": 1560155629
    },
    {
        "id": "98f1293d-8172-e48d-8379-b5a8fd59e483",
        "data": [
            {
                "text": "which dialect gets spoken in belgium",
                "userDefined": false
            }
        ],
        "isTemplate": false,
        "count": 0,
        "updated": 1560155629
    },
    {
        "id": "8ccc9e8f-c35d-f0fc-5a06-9955b918b1ec",
        "data": [
            {
                "text": "what languages gets spoken in belgium",
                "userDefined": false
            }
        ],
        "isTemplate": false,
        "count": 0,
        "updated": 1560155629
    },
    {
        "id": "f9ad2701-7a19-6b70-cfcd-efd195533fa3",
        "data": [
            {
                "text": "I'd like to be informed about dialect in belgium",
                "userDefined": false
            }
        ],
        "isTemplate": false,
        "count": 0,
        "updated": 1560155629
    },
    {
        "id": "ac7e26e4-0215-8051-a157-18390a287b0c",
        "data": [
            {
                "text": "I would really like to be informed about dialect in belgium",
                "userDefined": false
            }
        ],
        "isTemplate": false,
        "count": 0,
        "updated": 1560155629
    },
    {
        "id": "97143a85-8b35-7d21-3479-9d18b2c142c5",
        "data": [
            {
                "text": "what language gets used in Louvain la Neuve",
                "userDefined": false
            }
        ],
        "isTemplate": false,
        "count": 0,
        "updated": 1560155629
    },
    {
        "id": "1ad291d4-5518-8a26-7522-c9dba440f3d7",
        "data": [
            {
                "text": "info about language in belgium",
                "userDefined": false
            }
        ],
        "isTemplate": false,
        "count": 0,
        "updated": 1560155629
    },
    {
        "id": "1df17078-ce4a-b812-62b1-3b5337242c79",
        "data": [
            {
                "text": "what languages gets used in louv",
                "userDefined": false
            }
        ],
        "isTemplate": false,
        "count": 0,
        "updated": 1560155629
    },
    {
        "id": "0577ad87-7cdb-9155-7bbf-4eeaf26db06c",
        "data": [
            {
                "text": "which dialects is used in Louvain",
                "userDefined": false
            }
        ],
        "isTemplate": false,
        "count": 0,
        "updated": 1560155629
    },
    {
        "id": "46871b41-e391-4c69-54e6-5a6886f0bc94",
        "data": [
            {
                "text": "what language gets spoken in louv",
                "userDefined": false
            }
        ],
        "isTemplate": false,
        "count": 0,
        "updated": 1560155629
    },
    {
        "id": "01aadce7-f283-c967-05b6-f2e21edf4a3e",
        "data": [
            {
                "text": "I would love to be informed about language in belgium",
                "userDefined": false
            }
        ],
        "isTemplate": false,
        "count": 0,
        "updated": 1560155629
    },
    {
        "id": "f488fda3-8324-a779-7196-007dd618f89e",
        "data": [
            {
                "text": "what language is spoken in belgium",
                "userDefined": false
            }
        ],
        "isTemplate": false,
        "count": 0,
        "updated": 1560155629
    },
    {
        "id": "7b1392fd-d04e-5509-8fdf-662ac614929a",
        "data": [
            {
                "text": "what about language in belgium",
                "userDefined": false
            }
        ],
        "isTemplate": false,
        "count": 0,
        "updated": 1560155629
    },
    {
        "id": "f82f87cb-2d39-3023-b8bf-45be4eb64fdd",
        "data": [
            {
                "text": "what language is used in louvain-la-neuve",
                "userDefined": false
            }
        ],
        "isTemplate": false,
        "count": 0,
        "updated": 1560155629
    },
    {
        "id": "9d8f0130-48c6-8d5e-60fb-c32aaafd58cd",
        "data": [
            {
                "text": "what dialects gets spoken in louv",
                "userDefined": false
            }
        ],
        "isTemplate": false,
        "count": 0,
        "updated": 1560155629
    },
    {
        "id": "d8fd4385-0054-7af8-b1dd-4889c62b9ce5",
        "data": [
            {
                "text": "I'd really love to know about language in belgium",
                "userDefined": false
            }
        ],
        "isTemplate": false,
        "count": 0,
        "updated": 1560155629
    },
    {
        "id": "006967b4-98ec-908a-a598-2dedfd0d8b4d",
        "data": [
            {
                "text": "which dialects gets spoken in lln",
                "userDefined": false
            }
        ],
        "isTemplate": false,
        "count": 0,
        "updated": 1560155629
    },
    {
        "id": "128ade9a-2a5e-0f11-0a0c-9144c96a7bdd",
        "data": [
            {
                "text": "what languages is spoken in belgium",
                "userDefined": false
            }
        ],
        "isTemplate": false,
        "count": 0,
        "updated": 1560155629
    },
    {
        "id": "950f489a-a0ce-25ba-1299-959f3b3dabc7",
        "data": [
            {
                "text": "what languages is spoken in LLN",
                "userDefined": false
            }
        ],
        "isTemplate": false,
        "count": 0,
        "updated": 1560155629
    },
    {
        "id": "6ca1366a-7649-fbd7-e388-397c1281a291",
        "data": [
            {
                "text": "what languages is used in belgium",
                "userDefined": false
            }
        ],
        "isTemplate": false,
        "count": 0,
        "updated": 1560155629
    },
    {
        "id": "ffdce7b7-bd08-c301-65be-730abc86d6a1",
        "data": [
            {
                "text": "I want to learn about language in belgium",
                "userDefined": false
            }
        ],
        "isTemplate": false,
        "count": 0,
        "updated": 1560155629
    },
    {
        "id": "a3f17922-592d-9634-edfa-335247b6bd89",
        "data": [
            {
                "text": "what dialects gets used in Louvain-la-Neuve",
                "userDefined": false
            }
        ],
        "isTemplate": false,
        "count": 0,
        "updated": 1560155629
    },
    {
        "id": "29494ae6-e4e4-e932-b10c-02e17f22935c",
        "data": [
            {
                "text": "which language gets spoken in lln",
                "userDefined": false
            }
        ],
        "isTemplate": false,
        "count": 0,
        "updated": 1560155629
    },
    {
        "id": "9667bdc4-09d5-2ac4-267e-0853f5d6f90c",
        "data": [
            {
                "text": "what dialects is spoken in belgium",
                "userDefined": false
            }
        ],
        "isTemplate": false,
        "count": 0,
        "updated": 1560155629
    },
    {
        "id": "a8bff4d2-a38e-8087-61e4-8d9292fb35cf",
        "data": [
            {
                "text": "what languages is used in Louv",
                "userDefined": false
            }
        ],
        "isTemplate": false,
        "count": 0,
        "updated": 1560155629
    },
    {
        "id": "a4edb599-15bb-d738-30c4-b1a365dbda65",
        "data": [
            {
                "text": "enlightenment about dialect in belgium",
                "userDefined": false
            }
        ],
        "isTemplate": false,
        "count": 0,
        "updated": 1560155629
    },
    {
        "id": "8e3ebe6b-c67e-705d-15f0-2d9458b8368f",
        "data": [
            {
                "text": "would you be so kind and show me about language in belgium",
                "userDefined": false
            }
        ],
        "isTemplate": false,
        "count": 0,
        "updated": 1560155629
    },
    {
        "id": "e86ee5b7-b25a-1601-10c5-4ceac4d65606",
        "data": [
            {
                "text": "what dialect gets spoken in LLN",
                "userDefined": false
            }
        ],
        "isTemplate": false,
        "count": 0,
        "updated": 1560155629
    },
    {
        "id": "7027484b-09ac-2465-e1f1-ea75b596faea",
        "data": [
            {
                "text": "what dialect is used in belgium",
                "userDefined": false
            }
        ],
        "isTemplate": false,
        "count": 0,
        "updated": 1560155629
    },
    {
        "id": "5ba61174-56ea-69b3-fa08-faa7bf83209c",
        "data": [
            {
                "text": "direction about language in belgium",
                "userDefined": false
            }
        ],
        "isTemplate": false,
        "count": 0,
        "updated": 1560155629
    },
    {
        "id": "b800f69e-f6b8-3dd1-bcbc-03a1b7d259a6",
        "data": [
            {
                "text": "which language gets spoken in belgium",
                "userDefined": false
            }
        ],
        "isTemplate": false,
        "count": 0,
        "updated": 1560155629
    },
    {
        "id": "d1381c9c-3ecf-5541-9e57-d58f109a1edf",
        "data": [
            {
                "text": "what language is used in louvain la neuve",
                "userDefined": false
            }
        ],
        "isTemplate": false,
        "count": 0,
        "updated": 1560155629
    },
    {
        "id": "30aafccb-b7b9-2736-3804-1187baab7a95",
        "data": [
            {
                "text": "info on language in belgium",
                "userDefined": false
            }
        ],
        "isTemplate": false,
        "count": 0,
        "updated": 1560155629
    },
    {
        "id": "7e45ea6d-f8aa-cd35-07a1-159378519587",
        "data": [
            {
                "text": "which dialect gets spoken in Louv",
                "userDefined": false
            }
        ],
        "isTemplate": false,
        "count": 0,
        "updated": 1560155629
    },
    {
        "id": "ee3683d7-b914-3ab9-325a-db1af2105db6",
        "data": [
            {
                "text": "which languages is used in belgium",
                "userDefined": false
            }
        ],
        "isTemplate": false,
        "count": 0,
        "updated": 1560155629
    },
    {
        "id": "1a6e7083-6305-cf91-1a02-73fb68719c09",
        "data": [
            {
                "text": "which language gets used in belgium",
                "userDefined": false
            }
        ],
        "isTemplate": false,
        "count": 0,
        "updated": 1560155629
    },
    {
        "id": "893ff786-ab46-180c-d6ea-54904c4a6d14",
        "data": [
            {
                "text": "which languages gets spoken in Louvain",
                "userDefined": false
            }
        ],
        "isTemplate": false,
        "count": 0,
        "updated": 1560155629
    },
    {
        "id": "30ee2bbc-0af9-246b-3d79-b10b826b7b6b",
        "data": [
            {
                "text": "what languages is spoken in louvain-la-neuve",
                "userDefined": false
            }
        ],
        "isTemplate": false,
        "count": 0,
        "updated": 1560155629
    },
    {
        "id": "1ccc0ab5-8d69-18d1-8c12-ab850f311552",
        "data": [
            {
                "text": "which language is used in belgium",
                "userDefined": false
            }
        ],
        "isTemplate": false,
        "count": 0,
        "updated": 1560155629
    },
    {
        "id": "a16cf6f2-6eaa-9624-8401-cab3217c7a1f",
        "data": [
            {
                "text": "which language gets used in Louvain-la-Neuve",
                "userDefined": false
            }
        ],
        "isTemplate": false,
        "count": 0,
        "updated": 1560155629
    },
    {
        "id": "ce94e690-6d2b-decb-ae6f-a5b7a3fc5456",
        "data": [
            {
                "text": "I would love to learn about language in belgium",
                "userDefined": false
            }
        ],
        "isTemplate": false,
        "count": 0,
        "updated": 1560155629
    },
    {
        "id": "8524eec6-1c7a-98f4-53df-360c829e407d",
        "data": [
            {
                "text": "I'd really want to learn about language in belgium",
                "userDefined": false
            }
        ],
        "isTemplate": false,
        "count": 0,
        "updated": 1560155629
    },
    {
        "id": "e71c4940-5bcf-2ec1-d609-945777151804",
        "data": [
            {
                "text": "what dialects gets used in LLN",
                "userDefined": false
            }
        ],
        "isTemplate": false,
        "count": 0,
        "updated": 1560155629
    },
    {
        "id": "26c31158-0c4b-b70c-2ad2-3bd0bf01b935",
        "data": [
            {
                "text": "what languages gets spoken in louvain",
                "userDefined": false
            }
        ],
        "isTemplate": false,
        "count": 0,
        "updated": 1560155629
    },
    {
        "id": "7755d927-4ca2-30da-fc70-e6f0f20b8c8d",
        "data": [
            {
                "text": "what language is used in LLN",
                "userDefined": false
            }
        ],
        "isTemplate": false,
        "count": 0,
        "updated": 1560155629
    },
    {
        "id": "346bbcc0-943b-97bf-b951-ec5414ec3cab",
        "data": [
            {
                "text": "what languages is used in louvain-la-neuve",
                "userDefined": false
            }
        ],
        "isTemplate": false,
        "count": 0,
        "updated": 1560155629
    },
    {
        "id": "45c4c911-8eba-e515-b966-708451aa8bdc",
        "data": [
            {
                "text": "instruction on language in belgium",
                "userDefined": false
            }
        ],
        "isTemplate": false,
        "count": 0,
        "updated": 1560155629
    },
    {
        "id": "e2351b34-87d6-dd16-4d8e-29bc91003403",
        "data": [
            {
                "text": "what language gets used in belgium",
                "userDefined": false
            }
        ],
        "isTemplate": false,
        "count": 0,
        "updated": 1560155629
    },
    {
        "id": "23b2abb3-4856-09f8-852c-cc81bb604a38",
        "data": [
            {
                "text": "what languages gets used in Louvain-la-Neuve",
                "userDefined": false
            }
        ],
        "isTemplate": false,
        "count": 0,
        "updated": 1560155629
    },
    {
        "id": "d9a11aec-5ed0-beda-5b1e-e1ae0d12afbc",
        "data": [
            {
                "text": "I'd love to know about language in belgium",
                "userDefined": false
            }
        ],
        "isTemplate": false,
        "count": 0,
        "updated": 1560155629
    },
    {
        "id": "a49cdcb4-1dad-0473-c681-fcba5c6701a6",
        "data": [
            {
                "text": "what dialect gets used in belgium",
                "userDefined": false
            }
        ],
        "isTemplate": false,
        "count": 0,
        "updated": 1560155629
    },
    {
        "id": "fe12709f-d795-2cbf-7b3c-8a09f7d897df",
        "data": [
            {
                "text": "which languages is used in Louvain la Neuve",
                "userDefined": false
            }
        ],
        "isTemplate": false,
        "count": 0,
        "updated": 1560155629
    },
    {
        "id": "d88a0ebb-66e2-1eb7-d8db-298845ef06d5",
        "data": [
            {
                "text": "would you be so kind and tell me about language in belgium",
                "userDefined": false
            }
        ],
        "isTemplate": false,
        "count": 0,
        "updated": 1560155629
    },
    {
        "id": "74ca82a0-e8e0-ae4b-5d69-59defb4eda3e",
        "data": [
            {
                "text": "what language is used in Louvain la Neuve",
                "userDefined": false
            }
        ],
        "isTemplate": false,
        "count": 0,
        "updated": 1560155629
    },
    {
        "id": "7dba8e31-7579-50f6-723a-f6bd1a021b4e",
        "data": [
            {
                "text": "which language gets used in Louvain",
                "userDefined": false
            }
        ],
        "isTemplate": false,
        "count": 0,
        "updated": 1560155629
    },
    {
        "id": "1b7d2cc6-f759-e548-c14f-72bca527e61e",
        "data": [
            {
                "text": "what dialect gets spoken in belgium",
                "userDefined": false
            }
        ],
        "isTemplate": false,
        "count": 0,
        "updated": 1560155629
    },
    {
        "id": "082d9ee0-1418-7ec0-001a-3673c76f1557",
        "data": [
            {
                "text": "could you tell me about dialect in belgium",
                "userDefined": false
            }
        ],
        "isTemplate": false,
        "count": 0,
        "updated": 1560155629
    },
    {
        "id": "4564cd1c-de1c-55cc-1c39-069f1cbb9d2b",
        "data": [
            {
                "text": "which dialect gets spoken in louvain",
                "userDefined": false
            }
        ],
        "isTemplate": false,
        "count": 0,
        "updated": 1560155629
    },
    {
        "id": "fad7495b-0977-1162-83f8-b6bce44da150",
        "data": [
            {
                "text": "aid about dialect in belgium",
                "userDefined": false
            }
        ],
        "isTemplate": false,
        "count": 0,
        "updated": 1560155629
    },
    {
        "id": "18afdad8-2f8c-76d6-73cc-028177b78c39",
        "data": [
            {
                "text": "which dialects gets used in belgium",
                "userDefined": false
            }
        ],
        "isTemplate": false,
        "count": 0,
        "updated": 1560155629
    },
    {
        "id": "c68c7c3c-b67d-0811-c7ef-9ddb6d89e57c",
        "data": [
            {
                "text": "what language gets spoken in Louv",
                "userDefined": false
            }
        ],
        "isTemplate": false,
        "count": 0,
        "updated": 1560155629
    },
    {
        "id": "f7281465-5cf4-9ebd-f36a-75f39a2d9902",
        "data": [
            {
                "text": "what languages gets used in belgium",
                "userDefined": false
            }
        ],
        "isTemplate": false,
        "count": 0,
        "updated": 1560155629
    },
    {
        "id": "b456bd04-2454-2d3b-3d17-1df6e7b53f4b",
        "data": [
            {
                "text": "what language is used in belgium",
                "userDefined": false
            }
        ],
        "isTemplate": false,
        "count": 0,
        "updated": 1560155629
    },
    {
        "id": "08759bf2-de86-09cb-4def-ec4b44941b8d",
        "data": [
            {
                "text": "which languages is used in Louvain",
                "userDefined": false
            }
        ],
        "isTemplate": false,
        "count": 0,
        "updated": 1560155629
    },
    {
        "id": "12cac479-ca4c-015c-c1ce-7cb288f1e94a",
        "data": [
            {
                "text": "which dialect is used in belgium",
                "userDefined": false
            }
        ],
        "isTemplate": false,
        "count": 0,
        "updated": 1560155629
    },
    {
        "id": "886f76ed-16ca-b83e-6680-b40b3b2292a3",
        "data": [
            {
                "text": "show me about dialect in belgium",
                "userDefined": false
            }
        ],
        "isTemplate": false,
        "count": 0,
        "updated": 1560155629
    },
    {
        "id": "4e230795-157d-9349-a659-66d579a247cd",
        "data": [
            {
                "text": "instructions on dialect in belgium",
                "userDefined": false
            }
        ],
        "isTemplate": false,
        "count": 0,
        "updated": 1560155629
    },
    {
        "id": "dc75b3b3-81c0-903e-630a-a61defcbd375",
        "data": [
            {
                "text": "information about dialect in belgium",
                "userDefined": false
            }
        ],
        "isTemplate": false,
        "count": 0,
        "updated": 1560155629
    },
    {
        "id": "5552bf41-3fda-81ae-6932-0ef7fd79f53c",
        "data": [
            {
                "text": "which dialect gets used in belgium",
                "userDefined": false
            }
        ],
        "isTemplate": false,
        "count": 0,
        "updated": 1560155629
    },
    {
        "id": "b0dd332e-e064-dc59-b4ac-72c8b8871ddc",
        "data": [
            {
                "text": "what languages is used in Louvain-la-Neuve",
                "userDefined": false
            }
        ],
        "isTemplate": false,
        "count": 0,
        "updated": 1560155629
    },
    {
        "id": "7c565060-fc76-dd9e-9ec2-da05f449b742",
        "data": [
            {
                "text": "which language is used in louvain la neuve",
                "userDefined": false
            }
        ],
        "isTemplate": false,
        "count": 0,
        "updated": 1560155629
    },
    {
        "id": "ca590d19-2219-ba62-fd16-420d6b40763d",
        "data": [
            {
                "text": "what languages gets used in Louv",
                "userDefined": false
            }
        ],
        "isTemplate": false,
        "count": 0,
        "updated": 1560155629
    },
    {
        "id": "0faa1f3d-40b9-eee9-2e1b-adbb11736c89",
        "data": [
            {
                "text": "what language gets spoken in belgium",
                "userDefined": false
            }
        ],
        "isTemplate": false,
        "count": 0,
        "updated": 1560155629
    },
    {
        "id": "f711ce07-af87-9ac1-9454-b8120b499fec",
        "data": [
            {
                "text": "show me about language in belgium",
                "userDefined": false
            }
        ],
        "isTemplate": false,
        "count": 0,
        "updated": 1560155629
    }
]