[
    {
        "id": "6f1e74a3-d357-523d-55bd-38622cb82917",
        "data": [
            {
                "text": "what would be the goal of a myucl account",
                "userDefined": false
            }
        ],
        "isTemplate": false,
        "count": 0,
        "updated": 1560155629
    },
    {
        "id": "140aca36-dfdf-7162-ff16-64b8da3f4680",
        "data": [
            {
                "text": "what's a myucl account meant for",
                "userDefined": false
            }
        ],
        "isTemplate": false,
        "count": 0,
        "updated": 1560155629
    },
    {
        "id": "24513d21-e158-23c4-df66-34216970fb25",
        "data": [
            {
                "text": "I would really want to know about the the uni account",
                "userDefined": false
            }
        ],
        "isTemplate": false,
        "count": 0,
        "updated": 1560155629
    },
    {
        "id": "882e51b3-f28f-4b34-52ab-eb421e9dd186",
        "data": [
            {
                "text": "show me about my myUCL account",
                "userDefined": false
            }
        ],
        "isTemplate": false,
        "count": 0,
        "updated": 1560155629
    },
    {
        "id": "f3163182-c30d-db63-d741-4db7841e7921",
        "data": [
            {
                "text": "what's the myUCL account for",
                "userDefined": false
            }
        ],
        "isTemplate": false,
        "count": 0,
        "updated": 1560155629
    },
    {
        "id": "8d4a204f-c7ea-c195-9ef4-c54ffe606016",
        "data": [
            {
                "text": "what is the objective of the ucl account",
                "userDefined": false
            }
        ],
        "isTemplate": false,
        "count": 0,
        "updated": 1560155629
    },
    {
        "id": "dc34bac9-15c6-291d-4dbe-c4e0f3f8edd8",
        "data": [
            {
                "text": "what's a myucl account for",
                "userDefined": false
            }
        ],
        "isTemplate": false,
        "count": 0,
        "updated": 1560155629
    },
    {
        "id": "8612ac87-f2b6-d219-9428-17ce0d7e198e",
        "data": [
            {
                "text": "what is the aim of a uclouvain account",
                "userDefined": false
            }
        ],
        "isTemplate": false,
        "count": 0,
        "updated": 1560155629
    },
    {
        "id": "20de1093-38e0-c0a8-1af9-90465bd7ed15",
        "data": [
            {
                "text": "I'd really love to be informed about my myUCL account",
                "userDefined": false
            }
        ],
        "isTemplate": false,
        "count": 0,
        "updated": 1560155629
    },
    {
        "id": "e6a710f7-6cb1-be01-0814-07dbfc77520d",
        "data": [
            {
                "text": "information about the ucl account",
                "userDefined": false
            }
        ],
        "isTemplate": false,
        "count": 0,
        "updated": 1560155629
    },
    {
        "id": "b49bff28-0055-9aa5-ba68-cedf40b20a9d",
        "data": [
            {
                "text": "pieces of advice about my myUCL account",
                "userDefined": false
            }
        ],
        "isTemplate": false,
        "count": 0,
        "updated": 1560155629
    },
    {
        "id": "d8302cb5-f9d2-8f02-aa27-8a7146477a5a",
        "data": [
            {
                "text": "what would be the goal of a uni account",
                "userDefined": false
            }
        ],
        "isTemplate": false,
        "count": 0,
        "updated": 1560155629
    },
    {
        "id": "629239c1-c17a-99e1-d93e-609bca023937",
        "data": [
            {
                "text": "what'd be a myucl account meant for",
                "userDefined": false
            }
        ],
        "isTemplate": false,
        "count": 0,
        "updated": 1560155629
    },
    {
        "id": "544adf96-0c43-3c6f-2c3d-0329ef1dae06",
        "data": [
            {
                "text": "what about my myUCL account",
                "userDefined": false
            }
        ],
        "isTemplate": false,
        "count": 0,
        "updated": 1560155629
    },
    {
        "id": "87a26d62-091a-82c7-5b01-05f7aa1746a1",
        "data": [
            {
                "text": "what is the myucl account meant for",
                "userDefined": false
            }
        ],
        "isTemplate": false,
        "count": 0,
        "updated": 1560155629
    },
    {
        "id": "4e1566b3-d404-7d41-ad05-17b20a7e8b8e",
        "data": [
            {
                "text": "what will be my UCLouvain account for",
                "userDefined": false
            }
        ],
        "isTemplate": false,
        "count": 0,
        "updated": 1560155629
    },
    {
        "id": "77835bd4-cc5f-7aac-3dc1-1e396996987f",
        "data": [
            {
                "text": "what is the aim of the myUCL account",
                "userDefined": false
            }
        ],
        "isTemplate": false,
        "count": 0,
        "updated": 1560155629
    },
    {
        "id": "8e8db3f4-fedf-80d9-7bb6-fd76ceb5b5a3",
        "data": [
            {
                "text": "what's the purpose of a myucl account",
                "userDefined": false
            }
        ],
        "isTemplate": false,
        "count": 0,
        "updated": 1560155629
    },
    {
        "id": "37dd5870-969c-eabd-f89b-cbcba0072fe6",
        "data": [
            {
                "text": "what is my myUCL account for",
                "userDefined": false
            }
        ],
        "isTemplate": false,
        "count": 0,
        "updated": 1560155629
    },
    {
        "id": "97c98299-6975-7fbe-c06c-89183d3b50d9",
        "data": [
            {
                "text": "what would be the objective of a myUCL account",
                "userDefined": false
            }
        ],
        "isTemplate": false,
        "count": 0,
        "updated": 1560155629
    },
    {
        "id": "de213690-664a-0225-5856-ab23bc42d43e",
        "data": [
            {
                "text": "what would be the purpose of a myucl account",
                "userDefined": false
            }
        ],
        "isTemplate": false,
        "count": 0,
        "updated": 1560155629
    },
    {
        "id": "f71b7279-2510-c065-cc4c-795067655dbc",
        "data": [
            {
                "text": "what is the myucl account for",
                "userDefined": false
            }
        ],
        "isTemplate": false,
        "count": 0,
        "updated": 1560155629
    },
    {
        "id": "202d8f32-159f-de98-2f99-282b48d63737",
        "data": [
            {
                "text": "what'd be a myucl account for",
                "userDefined": false
            }
        ],
        "isTemplate": false,
        "count": 0,
        "updated": 1560155629
    },
    {
        "id": "a02d92dc-9426-a423-f4ad-d6175a35c9dc",
        "data": [
            {
                "text": "I'd really love to know about the myucl account",
                "userDefined": false
            }
        ],
        "isTemplate": false,
        "count": 0,
        "updated": 1560155629
    },
    {
        "id": "5a32055b-2953-f038-6b18-a28fd96666b4",
        "data": [
            {
                "text": "what will be the purpose of a myUCL account",
                "userDefined": false
            }
        ],
        "isTemplate": false,
        "count": 0,
        "updated": 1560155629
    },
    {
        "id": "9b9070ce-dcdd-a6c3-e542-190b232d09f4",
        "data": [
            {
                "text": "what is my myucl account for",
                "userDefined": false
            }
        ],
        "isTemplate": false,
        "count": 0,
        "updated": 1560155629
    },
    {
        "id": "a07ca2aa-9848-3584-03f5-715d5949cbb3",
        "data": [
            {
                "text": "what about the the uni account",
                "userDefined": false
            }
        ],
        "isTemplate": false,
        "count": 0,
        "updated": 1560155629
    },
    {
        "id": "55bf676a-1a39-b175-6dea-06169f701cc8",
        "data": [
            {
                "text": "I'd love to know about my myUCL account",
                "userDefined": false
            }
        ],
        "isTemplate": false,
        "count": 0,
        "updated": 1560155629
    },
    {
        "id": "c8f86a3e-9df5-7aff-610c-bea374a87f6e",
        "data": [
            {
                "text": "tell me about the myUCL account",
                "userDefined": false
            }
        ],
        "isTemplate": false,
        "count": 0,
        "updated": 1560155629
    },
    {
        "id": "54271f17-ece4-02fc-f601-bb688942b463",
        "data": [
            {
                "text": "would you be so kind and tell me about the myucl account",
                "userDefined": false
            }
        ],
        "isTemplate": false,
        "count": 0,
        "updated": 1560155629
    },
    {
        "id": "b146d0b4-b2a8-3933-eed7-45fcf0659304",
        "data": [
            {
                "text": "what's the objective of my myucl account",
                "userDefined": false
            }
        ],
        "isTemplate": false,
        "count": 0,
        "updated": 1560155629
    },
    {
        "id": "10c06c50-cf44-d6cc-f7d7-d34a758ccb8d",
        "data": [
            {
                "text": "what will be my myucl account meant for",
                "userDefined": false
            }
        ],
        "isTemplate": false,
        "count": 0,
        "updated": 1560155629
    },
    {
        "id": "4419a9e4-3843-e544-8704-da38f4ad7662",
        "data": [
            {
                "text": "what's the purpose of a UCLouvain account",
                "userDefined": false
            }
        ],
        "isTemplate": false,
        "count": 0,
        "updated": 1560155629
    },
    {
        "id": "dea76352-c97a-aaf7-fc1e-bb59a59ff1b7",
        "data": [
            {
                "text": "what about the the university account",
                "userDefined": false
            }
        ],
        "isTemplate": false,
        "count": 0,
        "updated": 1560155629
    },
    {
        "id": "3980ab4b-2e4d-cf32-671e-b373a180e001",
        "data": [
            {
                "text": "I would like to learn about the myucl account",
                "userDefined": false
            }
        ],
        "isTemplate": false,
        "count": 0,
        "updated": 1560155629
    },
    {
        "id": "77225775-aeef-b887-67a7-e6fb5a567d2d",
        "data": [
            {
                "text": "information on my myucl account",
                "userDefined": false
            }
        ],
        "isTemplate": false,
        "count": 0,
        "updated": 1560155629
    },
    {
        "id": "4b739116-66c9-c961-1c96-112a5ab0e73c",
        "data": [
            {
                "text": "tell me about my uclouvain account",
                "userDefined": false
            }
        ],
        "isTemplate": false,
        "count": 0,
        "updated": 1560155629
    },
    {
        "id": "b13391b9-cc12-7788-a0c3-0b894368dd89",
        "data": [
            {
                "text": "what would be my myucl account meant for",
                "userDefined": false
            }
        ],
        "isTemplate": false,
        "count": 0,
        "updated": 1560155629
    },
    {
        "id": "b921b44c-f774-8305-36e2-1e3328d95d86",
        "data": [
            {
                "text": "I want to learn about my myUCL account",
                "userDefined": false
            }
        ],
        "isTemplate": false,
        "count": 0,
        "updated": 1560155629
    },
    {
        "id": "d8d305ad-6fc0-0a0f-b5ed-d01cd2dd1019",
        "data": [
            {
                "text": "what about my the university account",
                "userDefined": false
            }
        ],
        "isTemplate": false,
        "count": 0,
        "updated": 1560155629
    },
    {
        "id": "ed5a3a9e-b318-4a11-7fe3-834f1a1deb17",
        "data": [
            {
                "text": "I would really love to be informed about the UCL account",
                "userDefined": false
            }
        ],
        "isTemplate": false,
        "count": 0,
        "updated": 1560155629
    },
    {
        "id": "d12f9711-b799-6f84-1ecd-fd2ee27d8940",
        "data": [
            {
                "text": "information about my myucl account",
                "userDefined": false
            }
        ],
        "isTemplate": false,
        "count": 0,
        "updated": 1560155629
    },
    {
        "id": "61542e82-4dcd-77b1-87a3-87fb314f515d",
        "data": [
            {
                "text": "what's the objective of the myucl account",
                "userDefined": false
            }
        ],
        "isTemplate": false,
        "count": 0,
        "updated": 1560155629
    },
    {
        "id": "b3c99f6a-8bf7-1c1d-ae3e-6bda1970f642",
        "data": [
            {
                "text": "what's the the university account meant for",
                "userDefined": false
            }
        ],
        "isTemplate": false,
        "count": 0,
        "updated": 1560155629
    },
    {
        "id": "ab279d4c-7720-8b99-e944-e9073905a5cd",
        "data": [
            {
                "text": "what would be my myucl account for",
                "userDefined": false
            }
        ],
        "isTemplate": false,
        "count": 0,
        "updated": 1560155629
    },
    {
        "id": "4d41e16c-5a35-bf85-f1a2-8f7ffc369d60",
        "data": [
            {
                "text": "what will be the aim of my myUCL account",
                "userDefined": false
            }
        ],
        "isTemplate": false,
        "count": 0,
        "updated": 1560155629
    },
    {
        "id": "a7ee38a1-909e-99a3-4f7a-700ff4c639be",
        "data": [
            {
                "text": "what about the ucl account",
                "userDefined": false
            }
        ],
        "isTemplate": false,
        "count": 0,
        "updated": 1560155629
    },
    {
        "id": "865b0dc8-855e-7a78-54f4-4ea678d9b44e",
        "data": [
            {
                "text": "what's the goal of my myucl account",
                "userDefined": false
            }
        ],
        "isTemplate": false,
        "count": 0,
        "updated": 1560155629
    },
    {
        "id": "9659ea23-88a5-4ba4-d7f8-41d88c265520",
        "data": [
            {
                "text": "what will be the myUCL account meant for",
                "userDefined": false
            }
        ],
        "isTemplate": false,
        "count": 0,
        "updated": 1560155629
    },
    {
        "id": "9f57f03e-c551-c18c-d7b1-2eabcaa70f5c",
        "data": [
            {
                "text": "what about my UCL account",
                "userDefined": false
            }
        ],
        "isTemplate": false,
        "count": 0,
        "updated": 1560155629
    },
    {
        "id": "bee10ab5-baa1-cf78-6713-9817bcc6cc67",
        "data": [
            {
                "text": "what would be the objective of my UCL account",
                "userDefined": false
            }
        ],
        "isTemplate": false,
        "count": 0,
        "updated": 1560155629
    },
    {
        "id": "b2f0c236-e939-1d73-154a-725b50ecdd3a",
        "data": [
            {
                "text": "what's the objective of the myUCL account",
                "userDefined": false
            }
        ],
        "isTemplate": false,
        "count": 0,
        "updated": 1560155629
    },
    {
        "id": "c417d3e2-6a1f-33bf-cc87-b4db12491de7",
        "data": [
            {
                "text": "what's my the college account meant for",
                "userDefined": false
            }
        ],
        "isTemplate": false,
        "count": 0,
        "updated": 1560155629
    },
    {
        "id": "4a429fe0-e9de-5d5a-766a-7d4240616ee9",
        "data": [
            {
                "text": "what is my university account for",
                "userDefined": false
            }
        ],
        "isTemplate": false,
        "count": 0,
        "updated": 1560155629
    },
    {
        "id": "4f63f319-8c4e-f892-2101-128546411567",
        "data": [
            {
                "text": "what's the objective of the the college account",
                "userDefined": false
            }
        ],
        "isTemplate": false,
        "count": 0,
        "updated": 1560155629
    },
    {
        "id": "26b0b4e5-edee-62a8-c50e-2274baf14c14",
        "data": [
            {
                "text": "what would be the goal of a myUCL account",
                "userDefined": false
            }
        ],
        "isTemplate": false,
        "count": 0,
        "updated": 1560155629
    },
    {
        "id": "e23c26c2-29bc-a84a-4aa9-ee58dab4d07e",
        "data": [
            {
                "text": "what is a the college account meant for",
                "userDefined": false
            }
        ],
        "isTemplate": false,
        "count": 0,
        "updated": 1560155629
    },
    {
        "id": "2b6162ef-fb70-9abd-54b8-ecc8b67b3bd5",
        "data": [
            {
                "text": "information about my UCLouvain account",
                "userDefined": false
            }
        ],
        "isTemplate": false,
        "count": 0,
        "updated": 1560155629
    },
    {
        "id": "0b4b1d90-3ccc-a355-9ca3-bf41a80f9302",
        "data": [
            {
                "text": "what will be the myucl account meant for",
                "userDefined": false
            }
        ],
        "isTemplate": false,
        "count": 0,
        "updated": 1560155629
    },
    {
        "id": "4b91e71f-d727-3fdf-81a3-568d82aa0dee",
        "data": [
            {
                "text": "what's the goal of a UCL account",
                "userDefined": false
            }
        ],
        "isTemplate": false,
        "count": 0,
        "updated": 1560155629
    },
    {
        "id": "995e6650-e0c7-bb06-98cc-3bb785315305",
        "data": [
            {
                "text": "what'll be the purpose of the myucl account",
                "userDefined": false
            }
        ],
        "isTemplate": false,
        "count": 0,
        "updated": 1560155629
    },
    {
        "id": "d9896a38-069f-210d-c2ab-080ee1d06d5f",
        "data": [
            {
                "text": "I would really love to be informed about my uclouvain account",
                "userDefined": false
            }
        ],
        "isTemplate": false,
        "count": 0,
        "updated": 1560155629
    },
    {
        "id": "cc565eca-916e-1f43-6842-f61ff9a14246",
        "data": [
            {
                "text": "what's my myUCL account for",
                "userDefined": false
            }
        ],
        "isTemplate": false,
        "count": 0,
        "updated": 1560155629
    },
    {
        "id": "bf806062-f559-2ef7-c20b-b13f8ed645cc",
        "data": [
            {
                "text": "I'd really want to know about my myucl account",
                "userDefined": false
            }
        ],
        "isTemplate": false,
        "count": 0,
        "updated": 1560155629
    },
    {
        "id": "556f6693-b8c3-4167-0ba8-11b9b0c20163",
        "data": [
            {
                "text": "what's the aim of my myucl account",
                "userDefined": false
            }
        ],
        "isTemplate": false,
        "count": 0,
        "updated": 1560155629
    },
    {
        "id": "7d4592b8-992e-d9d3-d177-4dbd309cf60b",
        "data": [
            {
                "text": "what is a myucl account for",
                "userDefined": false
            }
        ],
        "isTemplate": false,
        "count": 0,
        "updated": 1560155629
    },
    {
        "id": "160a72c5-b3ed-65b7-7db9-08999d64f8b7",
        "data": [
            {
                "text": "what about the uclouvain account",
                "userDefined": false
            }
        ],
        "isTemplate": false,
        "count": 0,
        "updated": 1560155629
    },
    {
        "id": "2a719508-62f4-6a81-7555-c8e0ee818192",
        "data": [
            {
                "text": "what would be the purpose of the myucl account",
                "userDefined": false
            }
        ],
        "isTemplate": false,
        "count": 0,
        "updated": 1560155629
    },
    {
        "id": "cf1c5327-252e-964b-e52d-fad28562114a",
        "data": [
            {
                "text": "what'd be a myUCL account meant for",
                "userDefined": false
            }
        ],
        "isTemplate": false,
        "count": 0,
        "updated": 1560155629
    },
    {
        "id": "c877c0b8-fee4-d9c5-092c-5310f4f6b895",
        "data": [
            {
                "text": "what is the purpose of the myucl account",
                "userDefined": false
            }
        ],
        "isTemplate": false,
        "count": 0,
        "updated": 1560155629
    },
    {
        "id": "66b52dcf-6426-4b36-3194-0eb778b6ae77",
        "data": [
            {
                "text": "what'd be the goal of the myUCL account",
                "userDefined": false
            }
        ],
        "isTemplate": false,
        "count": 0,
        "updated": 1560155629
    },
    {
        "id": "01ba1abe-a947-c55a-d6d2-3444220df60e",
        "data": [
            {
                "text": "what is the objective of a myucl account",
                "userDefined": false
            }
        ],
        "isTemplate": false,
        "count": 0,
        "updated": 1560155629
    },
    {
        "id": "6fde79a3-2682-d482-ef96-bc9044fa9ba8",
        "data": [
            {
                "text": "what'll be the myUCL account meant for",
                "userDefined": false
            }
        ],
        "isTemplate": false,
        "count": 0,
        "updated": 1560155629
    },
    {
        "id": "dd415402-c593-a814-c14e-2ad94679e291",
        "data": [
            {
                "text": "counseling about the myucl account",
                "userDefined": false
            }
        ],
        "isTemplate": false,
        "count": 0,
        "updated": 1560155629
    },
    {
        "id": "02d5b93a-5101-3ba0-f37a-891b893162cb",
        "data": [
            {
                "text": "what'll be the goal of my university account",
                "userDefined": false
            }
        ],
        "isTemplate": false,
        "count": 0,
        "updated": 1560155629
    },
    {
        "id": "c5d425d8-5860-a912-bc59-4c9886ee5c39",
        "data": [
            {
                "text": "what'll be the goal of the uclouvain account",
                "userDefined": false
            }
        ],
        "isTemplate": false,
        "count": 0,
        "updated": 1560155629
    },
    {
        "id": "9832cda9-559d-7fda-d13d-f97013702423",
        "data": [
            {
                "text": "what will be a ucl account meant for",
                "userDefined": false
            }
        ],
        "isTemplate": false,
        "count": 0,
        "updated": 1560155629
    },
    {
        "id": "b52a002c-27ab-5630-a78c-da6ba77b3f77",
        "data": [
            {
                "text": "what would be a the uni account meant for",
                "userDefined": false
            }
        ],
        "isTemplate": false,
        "count": 0,
        "updated": 1560155629
    },
    {
        "id": "1039ed62-15b1-4e37-85be-bb32b7bf26be",
        "data": [
            {
                "text": "information about the myUCL account",
                "userDefined": false
            }
        ],
        "isTemplate": false,
        "count": 0,
        "updated": 1560155629
    },
    {
        "id": "f2739d71-8f24-ed99-8cf1-53c2439c7653",
        "data": [
            {
                "text": "what will be the aim of my uni account",
                "userDefined": false
            }
        ],
        "isTemplate": false,
        "count": 0,
        "updated": 1560155629
    },
    {
        "id": "1df08a55-aa03-0071-3137-29a9ad0861c0",
        "data": [
            {
                "text": "what'd be the goal of a the uni account",
                "userDefined": false
            }
        ],
        "isTemplate": false,
        "count": 0,
        "updated": 1560155629
    },
    {
        "id": "025b4aed-b6f8-acc5-e3dd-e2d6b1e6ae34",
        "data": [
            {
                "text": "what's my myucl account for",
                "userDefined": false
            }
        ],
        "isTemplate": false,
        "count": 0,
        "updated": 1560155629
    },
    {
        "id": "9b7dcf14-f5ec-fd2c-feb2-abfa44d3fa34",
        "data": [
            {
                "text": "tell me about the myucl account",
                "userDefined": false
            }
        ],
        "isTemplate": false,
        "count": 0,
        "updated": 1560155629
    },
    {
        "id": "5b6730f5-e4e7-f813-01cd-9475787b1c15",
        "data": [
            {
                "text": "what about the myucl account",
                "userDefined": false
            }
        ],
        "isTemplate": false,
        "count": 0,
        "updated": 1560155629
    },
    {
        "id": "1b78ec75-239d-80da-2a1a-5b9ecfee077e",
        "data": [
            {
                "text": "what is the goal of the myucl account",
                "userDefined": false
            }
        ],
        "isTemplate": false,
        "count": 0,
        "updated": 1560155629
    },
    {
        "id": "9768dffe-ea15-229f-51c4-2eec1a59b9fe",
        "data": [
            {
                "text": "what about the UCLouvain account",
                "userDefined": false
            }
        ],
        "isTemplate": false,
        "count": 0,
        "updated": 1560155629
    },
    {
        "id": "5bece15c-eb28-0674-0b16-3e3821ec2e89",
        "data": [
            {
                "text": "what would be the objective of a uclouvain account",
                "userDefined": false
            }
        ],
        "isTemplate": false,
        "count": 0,
        "updated": 1560155629
    },
    {
        "id": "bac71e6c-f59b-44c4-ef9a-9bd55ec579c9",
        "data": [
            {
                "text": "can you please show me about the myUCL account",
                "userDefined": false
            }
        ],
        "isTemplate": false,
        "count": 0,
        "updated": 1560155629
    },
    {
        "id": "fbc7826e-1229-9f07-074a-3c67d7065ccb",
        "data": [
            {
                "text": "what is a myucl account meant for",
                "userDefined": false
            }
        ],
        "isTemplate": false,
        "count": 0,
        "updated": 1560155629
    },
    {
        "id": "1eb3460f-999a-62b8-d64a-2a3017902e79",
        "data": [
            {
                "text": "I would really love to know about my uclouvain account",
                "userDefined": false
            }
        ],
        "isTemplate": false,
        "count": 0,
        "updated": 1560155629
    },
    {
        "id": "67312497-dc24-4b67-ec12-1b7300eca47e",
        "data": [
            {
                "text": "what will be the aim of a uclouvain account",
                "userDefined": false
            }
        ],
        "isTemplate": false,
        "count": 0,
        "updated": 1560155629
    },
    {
        "id": "ff1fb28d-cc5c-0c11-c5e5-707e72a1494a",
        "data": [
            {
                "text": "would you be so kind and show me about my college account",
                "userDefined": false
            }
        ],
        "isTemplate": false,
        "count": 0,
        "updated": 1560155629
    },
    {
        "id": "4692107c-b2d0-8894-d3ba-cdc8f80055d7",
        "data": [
            {
                "text": "what'd be the aim of the UCL account",
                "userDefined": false
            }
        ],
        "isTemplate": false,
        "count": 0,
        "updated": 1560155629
    },
    {
        "id": "07d473dc-58f0-5aaa-e109-a0e3a7743112",
        "data": [
            {
                "text": "what'd be a UCL account for",
                "userDefined": false
            }
        ],
        "isTemplate": false,
        "count": 0,
        "updated": 1560155629
    },
    {
        "id": "9c27e164-1e5d-f62e-18c3-3315eda51576",
        "data": [
            {
                "text": "what is the aim of my myucl account",
                "userDefined": false
            }
        ],
        "isTemplate": false,
        "count": 0,
        "updated": 1560155629
    },
    {
        "id": "b4ee229c-bb04-f931-a40b-6af5853b33d0",
        "data": [
            {
                "text": "what's a UCL account meant for",
                "userDefined": false
            }
        ],
        "isTemplate": false,
        "count": 0,
        "updated": 1560155629
    },
    {
        "id": "d4081a1e-808c-c6c1-d251-c820271082cd",
        "data": [
            {
                "text": "what will be my myUCL account meant for",
                "userDefined": false
            }
        ],
        "isTemplate": false,
        "count": 0,
        "updated": 1560155629
    },
    {
        "id": "6506c74f-6d8b-2618-66be-b4078e31ac92",
        "data": [
            {
                "text": "what would be the aim of my myUCL account",
                "userDefined": false
            }
        ],
        "isTemplate": false,
        "count": 0,
        "updated": 1560155629
    },
    {
        "id": "6d5148df-6f56-bfd4-5d67-49cb2efbf41d",
        "data": [
            {
                "text": "could you please tell me about my myUCL account",
                "userDefined": false
            }
        ],
        "isTemplate": false,
        "count": 0,
        "updated": 1560155629
    },
    {
        "id": "dde1dfae-29cc-7e86-9e0a-0221e232e230",
        "data": [
            {
                "text": "I'd like to know about the myUCL account",
                "userDefined": false
            }
        ],
        "isTemplate": false,
        "count": 0,
        "updated": 1560155629
    }
]