[
    {
        "id": "39c6a357-86c3-83ed-cfbf-f923557f9e80",
        "data": [
            {
                "text": "where will be the uni foreign greeting celebration occurring",
                "userDefined": false
            }
        ],
        "isTemplate": false,
        "count": 0,
        "updated": 1560155629
    },
    {
        "id": "7def2865-49c9-49e1-234d-60293ef09955",
        "data": [
            {
                "text": "how do we be present at the uclouvain foreign welcome event",
                "userDefined": false
            }
        ],
        "isTemplate": false,
        "count": 0,
        "updated": 1560155629
    },
    {
        "id": "76e18190-2730-000e-788e-40a9a2c4f30e",
        "data": [
            {
                "text": "I am searching for the the college foreign welcome celebration",
                "userDefined": false
            }
        ],
        "isTemplate": false,
        "count": 0,
        "updated": 1560155629
    },
    {
        "id": "9de3bf15-43ef-1941-f79c-31b9195092a5",
        "data": [
            {
                "text": "when will the ucl international greeting ceremony take place",
                "userDefined": false
            }
        ],
        "isTemplate": false,
        "count": 0,
        "updated": 1560155629
    },
    {
        "id": "bfb7429a-23aa-6760-aeb9-ea3517c7d2bc",
        "data": [
            {
                "text": "where will be the ucl foreign reception celebration organised",
                "userDefined": false
            }
        ],
        "isTemplate": false,
        "count": 0,
        "updated": 1560155629
    },
    {
        "id": "afea0b79-a9f6-3ae5-fd63-2a3535de0912",
        "data": [
            {
                "text": "I'd really want the UCL international reception event",
                "userDefined": false
            }
        ],
        "isTemplate": false,
        "count": 0,
        "updated": 1560155629
    },
    {
        "id": "bfe54f3d-76a1-cca0-a822-6be6d87fa054",
        "data": [
            {
                "text": "how do I attend the UCLouvain international reception ceremony",
                "userDefined": false
            }
        ],
        "isTemplate": false,
        "count": 0,
        "updated": 1560155629
    },
    {
        "id": "b26dc3b2-971e-f9d7-5170-e54f2c74a5b9",
        "data": [
            {
                "text": "how do I be present at the uni international greeting ceremony",
                "userDefined": false
            }
        ],
        "isTemplate": false,
        "count": 0,
        "updated": 1560155629
    },
    {
        "id": "561eccef-d214-30e4-2900-5fbf03822694",
        "data": [
            {
                "text": "when and where will the ucl international welcome action occur",
                "userDefined": false
            }
        ],
        "isTemplate": false,
        "count": 0,
        "updated": 1560155629
    },
    {
        "id": "f5a1e64b-df96-c093-d3ec-20305d678b5b",
        "data": [
            {
                "text": "where does the UCLouvain foreign welcome action take place",
                "userDefined": false
            }
        ],
        "isTemplate": false,
        "count": 0,
        "updated": 1560155629
    },
    {
        "id": "49938e78-fb12-e34a-7fb6-d26fa422235e",
        "data": [
            {
                "text": "what about when will the the uni international reception event occur",
                "userDefined": false
            }
        ],
        "isTemplate": false,
        "count": 0,
        "updated": 1560155629
    },
    {
        "id": "ee848417-a254-21c9-9294-e41a0b39410d",
        "data": [
            {
                "text": "how do we attend the the university foreign welcome celebration",
                "userDefined": false
            }
        ],
        "isTemplate": false,
        "count": 0,
        "updated": 1560155629
    },
    {
        "id": "57d20b3a-ec68-4171-0207-9a58dc319200",
        "data": [
            {
                "text": "when is the UCLouvain international reception ceremony organized",
                "userDefined": false
            }
        ],
        "isTemplate": false,
        "count": 0,
        "updated": 1560155629
    },
    {
        "id": "dc7ac7eb-8e63-51fe-e0f7-b503388d5e99",
        "data": [
            {
                "text": "I am searching for the uni international greeting celebration",
                "userDefined": false
            }
        ],
        "isTemplate": false,
        "count": 0,
        "updated": 1560155629
    },
    {
        "id": "5b9a4abb-b6d2-fe18-3d21-5a62ceabe3f8",
        "data": [
            {
                "text": "I would really like the UCLouvain international welcome action",
                "userDefined": false
            }
        ],
        "isTemplate": false,
        "count": 0,
        "updated": 1560155629
    },
    {
        "id": "c9becb6b-1dd3-9368-5165-694433868d50",
        "data": [
            {
                "text": "I need the UCLouvain international greeting celebration",
                "userDefined": false
            }
        ],
        "isTemplate": false,
        "count": 0,
        "updated": 1560155629
    },
    {
        "id": "fdd8fe14-5d8e-95ab-10c5-f0473edfc783",
        "data": [
            {
                "text": "I would like to know about when and where will the ucl foreign greeting ceremony take place",
                "userDefined": false
            }
        ],
        "isTemplate": false,
        "count": 0,
        "updated": 1560155629
    },
    {
        "id": "417cfa2e-af73-4065-802d-0b85de41f205",
        "data": [
            {
                "text": "I need to be present at the uclouvain foreign welcome action",
                "userDefined": false
            }
        ],
        "isTemplate": false,
        "count": 0,
        "updated": 1560155629
    },
    {
        "id": "b68e42f3-7984-7c4e-d4b2-9d6813674a14",
        "data": [
            {
                "text": "show me about when will be the UCL foreign welcome ceremony occurring",
                "userDefined": false
            }
        ],
        "isTemplate": false,
        "count": 0,
        "updated": 1560155629
    },
    {
        "id": "510951d3-77d5-4633-01be-28072e772b0c",
        "data": [
            {
                "text": "what do I need to do to go to the UCLouvain international greeting ceremony",
                "userDefined": false
            }
        ],
        "isTemplate": false,
        "count": 0,
        "updated": 1560155629
    },
    {
        "id": "9c563f96-fa98-06e2-f922-dbf3e9a65450",
        "data": [
            {
                "text": "I would love to be present at the uclouvain international welcome event",
                "userDefined": false
            }
        ],
        "isTemplate": false,
        "count": 0,
        "updated": 1560155629
    },
    {
        "id": "b752afd4-4cfa-ea7f-d6c8-1e2ede62754b",
        "data": [
            {
                "text": "when and where is the UCLouvain foreign welcome action taking place",
                "userDefined": false
            }
        ],
        "isTemplate": false,
        "count": 0,
        "updated": 1560155629
    },
    {
        "id": "97d82ffe-286a-6cd6-1518-e6856c9f74b4",
        "data": [
            {
                "text": "what about when and where will be the uclouvain international reception celebration taking place",
                "userDefined": false
            }
        ],
        "isTemplate": false,
        "count": 0,
        "updated": 1560155629
    },
    {
        "id": "828dc5f7-d7e0-8578-65dc-5847571b3dd8",
        "data": [
            {
                "text": "when is the UCL international greeting celebration organised",
                "userDefined": false
            }
        ],
        "isTemplate": false,
        "count": 0,
        "updated": 1560155629
    },
    {
        "id": "a7f76ea9-b3b6-3b36-a4f6-286eb1823771",
        "data": [
            {
                "text": "I need to go to the uclouvain international welcome celebration",
                "userDefined": false
            }
        ],
        "isTemplate": false,
        "count": 0,
        "updated": 1560155629
    },
    {
        "id": "f0753d91-ec35-b108-66ec-c23e9aa4af16",
        "data": [
            {
                "text": "I am searching for the the university international welcome event",
                "userDefined": false
            }
        ],
        "isTemplate": false,
        "count": 0,
        "updated": 1560155629
    },
    {
        "id": "1b984a2e-80c1-99fc-20a6-3245b14a1a46",
        "data": [
            {
                "text": "I need the UCLouvain foreign greeting event",
                "userDefined": false
            }
        ],
        "isTemplate": false,
        "count": 0,
        "updated": 1560155629
    },
    {
        "id": "bd905b17-de1f-3d98-698e-499ce6b4ceb6",
        "data": [
            {
                "text": "I need to attend the the uni foreign welcome event",
                "userDefined": false
            }
        ],
        "isTemplate": false,
        "count": 0,
        "updated": 1560155629
    },
    {
        "id": "a343533a-2572-2315-74f2-429ad4c76f55",
        "data": [
            {
                "text": "tell me about where and when will the UCL foreign reception celebration take place",
                "userDefined": false
            }
        ],
        "isTemplate": false,
        "count": 0,
        "updated": 1560155629
    },
    {
        "id": "28f9b4c6-b03e-9434-cc83-6dcc7f4533b5",
        "data": [
            {
                "text": "when will be the uclouvain foreign reception ceremony taking place",
                "userDefined": false
            }
        ],
        "isTemplate": false,
        "count": 0,
        "updated": 1560155629
    },
    {
        "id": "fe6398de-fd93-efda-0430-48b6c61bae49",
        "data": [
            {
                "text": "when will the UCL foreign welcome celebration occur",
                "userDefined": false
            }
        ],
        "isTemplate": false,
        "count": 0,
        "updated": 1560155629
    },
    {
        "id": "ee8fdffc-339d-79cb-fedb-af03ac079dab",
        "data": [
            {
                "text": "I need the UCL foreign reception event",
                "userDefined": false
            }
        ],
        "isTemplate": false,
        "count": 0,
        "updated": 1560155629
    },
    {
        "id": "fbe4b3cb-c4fe-fc24-ca74-f2f2e8780b30",
        "data": [
            {
                "text": "I would really love to be informed about where and when will be the UCL foreign welcome ceremony organized",
                "userDefined": false
            }
        ],
        "isTemplate": false,
        "count": 0,
        "updated": 1560155629
    },
    {
        "id": "620d8bf1-56bd-705a-469e-ce99329bd4aa",
        "data": [
            {
                "text": "where is it possible for me to be present at the UCL international greeting event",
                "userDefined": false
            }
        ],
        "isTemplate": false,
        "count": 0,
        "updated": 1560155629
    },
    {
        "id": "3eb16d19-51b3-d06f-d69c-9276971b5f7d",
        "data": [
            {
                "text": "I would really want the uclouvain international greeting celebration",
                "userDefined": false
            }
        ],
        "isTemplate": false,
        "count": 0,
        "updated": 1560155629
    },
    {
        "id": "a6865f69-f817-4b10-2971-54d0ada0c53c",
        "data": [
            {
                "text": "I'd really want the UCL foreign reception ceremony",
                "userDefined": false
            }
        ],
        "isTemplate": false,
        "count": 0,
        "updated": 1560155629
    },
    {
        "id": "72de1172-46bd-1d23-e49d-00ac66afa741",
        "data": [
            {
                "text": "I would really want to attend the ucl foreign greeting ceremony",
                "userDefined": false
            }
        ],
        "isTemplate": false,
        "count": 0,
        "updated": 1560155629
    },
    {
        "id": "95c7f4b3-066d-9cb0-f1e0-a13ff5cbf262",
        "data": [
            {
                "text": "info on where will the UCLouvain international greeting action take place",
                "userDefined": false
            }
        ],
        "isTemplate": false,
        "count": 0,
        "updated": 1560155629
    },
    {
        "id": "6e1e79ae-a721-08df-5476-6bb277e9b10b",
        "data": [
            {
                "text": "what about when and where does the the college international welcome action take place",
                "userDefined": false
            }
        ],
        "isTemplate": false,
        "count": 0,
        "updated": 1560155629
    },
    {
        "id": "107a1b19-42b9-2472-72b1-cc094c596ad0",
        "data": [
            {
                "text": "I would really want the uclouvain foreign reception celebration",
                "userDefined": false
            }
        ],
        "isTemplate": false,
        "count": 0,
        "updated": 1560155629
    },
    {
        "id": "90d6aacd-bf5a-3de7-cccc-c89161560903",
        "data": [
            {
                "text": "I am searching for the ucl international reception event",
                "userDefined": false
            }
        ],
        "isTemplate": false,
        "count": 0,
        "updated": 1560155629
    },
    {
        "id": "7dcc337f-dba2-c830-9a55-9af5aef1dae4",
        "data": [
            {
                "text": "I need to attend the ucl international greeting event",
                "userDefined": false
            }
        ],
        "isTemplate": false,
        "count": 0,
        "updated": 1560155629
    },
    {
        "id": "6df9c444-d3d3-f2cc-5e3f-9279af7fccbe",
        "data": [
            {
                "text": "I would really want to learn about when will be the UCLouvain international reception action taking place",
                "userDefined": false
            }
        ],
        "isTemplate": false,
        "count": 0,
        "updated": 1560155629
    },
    {
        "id": "4c9d18b4-7d5b-eadb-9fb9-28614a903434",
        "data": [
            {
                "text": "what about where and when does the the college international reception celebration occur",
                "userDefined": false
            }
        ],
        "isTemplate": false,
        "count": 0,
        "updated": 1560155629
    },
    {
        "id": "30ab1b0a-5e73-aba0-469b-d8d236b369a9",
        "data": [
            {
                "text": "I would really like to be informed about where does the the university foreign greeting ceremony occur",
                "userDefined": false
            }
        ],
        "isTemplate": false,
        "count": 0,
        "updated": 1560155629
    },
    {
        "id": "2592336e-91b6-2d31-6777-18540bc885f4",
        "data": [
            {
                "text": "what about when will be the uclouvain foreign reception event occurring",
                "userDefined": false
            }
        ],
        "isTemplate": false,
        "count": 0,
        "updated": 1560155629
    },
    {
        "id": "6073eb37-7d61-fe86-cd94-93e2fb4bf3b1",
        "data": [
            {
                "text": "when does the university international greeting celebration take place",
                "userDefined": false
            }
        ],
        "isTemplate": false,
        "count": 0,
        "updated": 1560155629
    },
    {
        "id": "bac5bbbe-1084-193d-6095-1749e3e5a154",
        "data": [
            {
                "text": "can you please show me about where does the UCLouvain foreign reception ceremony occur",
                "userDefined": false
            }
        ],
        "isTemplate": false,
        "count": 0,
        "updated": 1560155629
    },
    {
        "id": "653e572c-1b03-a277-cb40-9706117d66f0",
        "data": [
            {
                "text": "where is the college foreign greeting ceremony occurring",
                "userDefined": false
            }
        ],
        "isTemplate": false,
        "count": 0,
        "updated": 1560155629
    },
    {
        "id": "0eb8eed9-f6cd-b5ce-8bec-164cc0b6bfe4",
        "data": [
            {
                "text": "when and where will the UCLouvain international welcome celebration take place",
                "userDefined": false
            }
        ],
        "isTemplate": false,
        "count": 0,
        "updated": 1560155629
    },
    {
        "id": "e6ff8cee-b5c0-3e33-3e68-7762bb931c84",
        "data": [
            {
                "text": "where and when does the UCL foreign reception action take place",
                "userDefined": false
            }
        ],
        "isTemplate": false,
        "count": 0,
        "updated": 1560155629
    },
    {
        "id": "8f9776cd-c8fa-2a9e-15a7-abaefe86247a",
        "data": [
            {
                "text": "I would really love the university international reception celebration",
                "userDefined": false
            }
        ],
        "isTemplate": false,
        "count": 0,
        "updated": 1560155629
    },
    {
        "id": "481826ca-437a-7854-8cd1-fa91b2b8091f",
        "data": [
            {
                "text": "I'd really want the uclouvain foreign reception event",
                "userDefined": false
            }
        ],
        "isTemplate": false,
        "count": 0,
        "updated": 1560155629
    },
    {
        "id": "60e1c99c-be6f-3af8-3d2c-161bede87638",
        "data": [
            {
                "text": "where and when will be the UCL international welcome event taking place",
                "userDefined": false
            }
        ],
        "isTemplate": false,
        "count": 0,
        "updated": 1560155629
    },
    {
        "id": "144e92ab-5bac-b019-0286-ea036227d95a",
        "data": [
            {
                "text": "I need to be present at the the uni international greeting celebration",
                "userDefined": false
            }
        ],
        "isTemplate": false,
        "count": 0,
        "updated": 1560155629
    },
    {
        "id": "68496bf0-c5c0-9ad6-9660-d9e09e3ce25b",
        "data": [
            {
                "text": "where and when will be the ucl foreign greeting event organised",
                "userDefined": false
            }
        ],
        "isTemplate": false,
        "count": 0,
        "updated": 1560155629
    },
    {
        "id": "0c08c098-2fca-18ce-ca64-c98a6d5e514d",
        "data": [
            {
                "text": "info about where will be the college international welcome celebration occurring",
                "userDefined": false
            }
        ],
        "isTemplate": false,
        "count": 0,
        "updated": 1560155629
    },
    {
        "id": "10496da1-8570-89ac-8028-eb143dd72c39",
        "data": [
            {
                "text": "how to be present at the college international reception event",
                "userDefined": false
            }
        ],
        "isTemplate": false,
        "count": 0,
        "updated": 1560155629
    },
    {
        "id": "0082f0b9-56d6-018d-c5e4-31c93827b1bb",
        "data": [
            {
                "text": "info about when and where is the the college foreign greeting celebration organised",
                "userDefined": false
            }
        ],
        "isTemplate": false,
        "count": 0,
        "updated": 1560155629
    },
    {
        "id": "e4af5d3a-320d-e580-274d-508becc6a94d",
        "data": [
            {
                "text": "where will be the ucl international welcome event taking place",
                "userDefined": false
            }
        ],
        "isTemplate": false,
        "count": 0,
        "updated": 1560155629
    },
    {
        "id": "955af5a9-0398-0112-1eb4-3e56dd0aac7a",
        "data": [
            {
                "text": "I'd like to attend the the uni foreign welcome event",
                "userDefined": false
            }
        ],
        "isTemplate": false,
        "count": 0,
        "updated": 1560155629
    },
    {
        "id": "bba3affc-751e-f248-bfe2-c772e4c6b07e",
        "data": [
            {
                "text": "what about where and when is the UCL international greeting celebration organized",
                "userDefined": false
            }
        ],
        "isTemplate": false,
        "count": 0,
        "updated": 1560155629
    },
    {
        "id": "6d82b0bd-4f44-cb9c-4775-05fe52735f06",
        "data": [
            {
                "text": "when will be the college foreign greeting celebration taking place",
                "userDefined": false
            }
        ],
        "isTemplate": false,
        "count": 0,
        "updated": 1560155629
    },
    {
        "id": "474ffc4a-77c6-c7c2-0b50-4c6e6d48830d",
        "data": [
            {
                "text": "how to go to the uclouvain international reception action",
                "userDefined": false
            }
        ],
        "isTemplate": false,
        "count": 0,
        "updated": 1560155629
    },
    {
        "id": "2f3e0ffd-17ba-f94c-643c-93263aa5b178",
        "data": [
            {
                "text": "when will the the college international greeting action occur",
                "userDefined": false
            }
        ],
        "isTemplate": false,
        "count": 0,
        "updated": 1560155629
    },
    {
        "id": "ac4339a4-29ca-334b-9eb5-42a162c1d9e7",
        "data": [
            {
                "text": "how is it possible to be present at the ucl international greeting event",
                "userDefined": false
            }
        ],
        "isTemplate": false,
        "count": 0,
        "updated": 1560155629
    },
    {
        "id": "2c483f7c-4472-bb21-5e0b-012e536380eb",
        "data": [
            {
                "text": "show me about when and where will the the uni foreign reception action take place",
                "userDefined": false
            }
        ],
        "isTemplate": false,
        "count": 0,
        "updated": 1560155629
    },
    {
        "id": "7a07232e-00b5-55c0-94b5-ad4d84fbff4c",
        "data": [
            {
                "text": "I need to go to the ucl foreign reception action",
                "userDefined": false
            }
        ],
        "isTemplate": false,
        "count": 0,
        "updated": 1560155629
    },
    {
        "id": "469ee209-b459-e4e9-7edf-a967096253fc",
        "data": [
            {
                "text": "I need the UCL international welcome ceremony",
                "userDefined": false
            }
        ],
        "isTemplate": false,
        "count": 0,
        "updated": 1560155629
    },
    {
        "id": "17e52669-8deb-1216-c476-e3652d92fcf0",
        "data": [
            {
                "text": "could you please tell me about where and when will be the the uni foreign welcome celebration organised",
                "userDefined": false
            }
        ],
        "isTemplate": false,
        "count": 0,
        "updated": 1560155629
    },
    {
        "id": "bf8dc254-4e9f-1cee-22c1-779a6fe09ec0",
        "data": [
            {
                "text": "I would really want the ucl international greeting action",
                "userDefined": false
            }
        ],
        "isTemplate": false,
        "count": 0,
        "updated": 1560155629
    },
    {
        "id": "769ffb15-4b39-f599-be5f-d4d8034d9f2e",
        "data": [
            {
                "text": "where will the the university foreign greeting celebration take place",
                "userDefined": false
            }
        ],
        "isTemplate": false,
        "count": 0,
        "updated": 1560155629
    },
    {
        "id": "9155f36d-b6e5-4944-6f14-053965c81c6c",
        "data": [
            {
                "text": "would you be so kind and tell me about when and where will the ucl foreign welcome action occur",
                "userDefined": false
            }
        ],
        "isTemplate": false,
        "count": 0,
        "updated": 1560155629
    },
    {
        "id": "680e78b6-71df-addc-e696-c1fb948d7997",
        "data": [
            {
                "text": "where is the uclouvain international greeting ceremony occurring",
                "userDefined": false
            }
        ],
        "isTemplate": false,
        "count": 0,
        "updated": 1560155629
    },
    {
        "id": "7bf97431-54f2-4054-96ff-6b350093cfbc",
        "data": [
            {
                "text": "how could I attend the uclouvain international welcome ceremony",
                "userDefined": false
            }
        ],
        "isTemplate": false,
        "count": 0,
        "updated": 1560155629
    },
    {
        "id": "809a706b-aa9c-eb35-3137-53e78a14602c",
        "data": [
            {
                "text": "I am looking for the college foreign greeting action",
                "userDefined": false
            }
        ],
        "isTemplate": false,
        "count": 0,
        "updated": 1560155629
    },
    {
        "id": "400a5322-9338-a3f3-d36c-99fa7e4e555d",
        "data": [
            {
                "text": "I'd really like the uni international welcome celebration",
                "userDefined": false
            }
        ],
        "isTemplate": false,
        "count": 0,
        "updated": 1560155629
    },
    {
        "id": "e5c1bfa9-1cca-25b0-d65d-a71665d9a2af",
        "data": [
            {
                "text": "enlightenment on where will the UCLouvain international welcome celebration occur",
                "userDefined": false
            }
        ],
        "isTemplate": false,
        "count": 0,
        "updated": 1560155629
    },
    {
        "id": "05a7d65e-59c2-7161-482b-cf3686ce0f8b",
        "data": [
            {
                "text": "what about where and when will the UCLouvain international welcome celebration take place",
                "userDefined": false
            }
        ],
        "isTemplate": false,
        "count": 0,
        "updated": 1560155629
    },
    {
        "id": "e39005b4-356f-29d0-43c1-7053014abc8a",
        "data": [
            {
                "text": "where is it possible for me to go to the UCL international reception celebration",
                "userDefined": false
            }
        ],
        "isTemplate": false,
        "count": 0,
        "updated": 1560155629
    },
    {
        "id": "7cc5412b-f335-c280-f913-55e91a993198",
        "data": [
            {
                "text": "I want the UCLouvain international greeting ceremony",
                "userDefined": false
            }
        ],
        "isTemplate": false,
        "count": 0,
        "updated": 1560155629
    },
    {
        "id": "b2c83817-221d-2a03-2925-3bacb20f05b4",
        "data": [
            {
                "text": "where and when does the uni foreign reception ceremony occur",
                "userDefined": false
            }
        ],
        "isTemplate": false,
        "count": 0,
        "updated": 1560155629
    },
    {
        "id": "0005c223-1dd3-ec50-1b91-82ef45e5b381",
        "data": [
            {
                "text": "where can I attend the college foreign greeting action",
                "userDefined": false
            }
        ],
        "isTemplate": false,
        "count": 0,
        "updated": 1560155629
    },
    {
        "id": "60fb8bd5-8e10-d814-537a-9442009932ae",
        "data": [
            {
                "text": "where is the college foreign greeting celebration taking place",
                "userDefined": false
            }
        ],
        "isTemplate": false,
        "count": 0,
        "updated": 1560155629
    },
    {
        "id": "7f1acf84-a4a3-624c-f3c8-213a8b3cbeca",
        "data": [
            {
                "text": "can you tell me about where is the college foreign welcome event organized",
                "userDefined": false
            }
        ],
        "isTemplate": false,
        "count": 0,
        "updated": 1560155629
    },
    {
        "id": "50a4d38e-1245-70a1-a981-2db905546234",
        "data": [
            {
                "text": "I'd like the UCL international greeting action",
                "userDefined": false
            }
        ],
        "isTemplate": false,
        "count": 0,
        "updated": 1560155629
    },
    {
        "id": "6dbf885c-6d6d-1215-016e-75f2d93992c3",
        "data": [
            {
                "text": "where and when is the uni foreign welcome ceremony occurring",
                "userDefined": false
            }
        ],
        "isTemplate": false,
        "count": 0,
        "updated": 1560155629
    },
    {
        "id": "dca10a38-9c7f-03bd-2c23-625fee1ae3ad",
        "data": [
            {
                "text": "guidance on when and where is the university foreign reception action taking place",
                "userDefined": false
            }
        ],
        "isTemplate": false,
        "count": 0,
        "updated": 1560155629
    },
    {
        "id": "60d2087a-a757-8e9e-e09e-58a382910656",
        "data": [
            {
                "text": "how can I go to the UCLouvain international reception ceremony",
                "userDefined": false
            }
        ],
        "isTemplate": false,
        "count": 0,
        "updated": 1560155629
    },
    {
        "id": "cf211cd4-40c9-813b-2967-8ad8864738c7",
        "data": [
            {
                "text": "I'd really love to learn about when and where will the uni foreign welcome celebration occur",
                "userDefined": false
            }
        ],
        "isTemplate": false,
        "count": 0,
        "updated": 1560155629
    },
    {
        "id": "d7cb3cec-1a40-7402-f33c-9fd723c70ba8",
        "data": [
            {
                "text": "how do I go to the UCLouvain foreign greeting ceremony",
                "userDefined": false
            }
        ],
        "isTemplate": false,
        "count": 0,
        "updated": 1560155629
    },
    {
        "id": "3cc701ad-6b82-d564-766a-5cfb972752d0",
        "data": [
            {
                "text": "where and when will be the the college international welcome action organised",
                "userDefined": false
            }
        ],
        "isTemplate": false,
        "count": 0,
        "updated": 1560155629
    },
    {
        "id": "3b86264e-6f2b-6264-319a-390f41020f07",
        "data": [
            {
                "text": "I'd want to know about where will be the the college foreign welcome celebration organised",
                "userDefined": false
            }
        ],
        "isTemplate": false,
        "count": 0,
        "updated": 1560155629
    },
    {
        "id": "c1714ffb-44c4-52ef-081b-15000002a8f4",
        "data": [
            {
                "text": "I am searching for the uclouvain international greeting action",
                "userDefined": false
            }
        ],
        "isTemplate": false,
        "count": 0,
        "updated": 1560155629
    },
    {
        "id": "e3dcdf74-f927-4a2a-ec28-3c6d769ee987",
        "data": [
            {
                "text": "I'd really love to be informed about where and when does the ucl international welcome event take place",
                "userDefined": false
            }
        ],
        "isTemplate": false,
        "count": 0,
        "updated": 1560155629
    },
    {
        "id": "4dbdf34a-2ad1-866c-be91-9e4c5e18f4e3",
        "data": [
            {
                "text": "when does the the university foreign reception ceremony take place",
                "userDefined": false
            }
        ],
        "isTemplate": false,
        "count": 0,
        "updated": 1560155629
    },
    {
        "id": "1797ff62-c8a9-a40e-4f6e-e58d967497c1",
        "data": [
            {
                "text": "instructions about when will the uclouvain foreign greeting celebration take place",
                "userDefined": false
            }
        ],
        "isTemplate": false,
        "count": 0,
        "updated": 1560155629
    },
    {
        "id": "58e83229-f7c6-508e-c10f-5d44045d1144",
        "data": [
            {
                "text": "where will be the college foreign welcome celebration organized",
                "userDefined": false
            }
        ],
        "isTemplate": false,
        "count": 0,
        "updated": 1560155629
    },
    {
        "id": "8170aea6-aff6-1115-7945-b01842e12499",
        "data": [
            {
                "text": "what about when and where is the UCL foreign reception celebration occurring",
                "userDefined": false
            }
        ],
        "isTemplate": false,
        "count": 0,
        "updated": 1560155629
    },
    {
        "id": "f0b2826c-2f2d-c3dd-fedd-0103c4d9f7a3",
        "data": [
            {
                "text": "I'd love the the college international greeting action",
                "userDefined": false
            }
        ],
        "isTemplate": false,
        "count": 0,
        "updated": 1560155629
    },
    {
        "id": "2ea9c0bd-cfd5-931f-ccd3-bce276772902",
        "data": [
            {
                "text": "show me about where and when is the UCLouvain foreign welcome event occurring",
                "userDefined": false
            }
        ],
        "isTemplate": false,
        "count": 0,
        "updated": 1560155629
    },
    {
        "id": "fb85ab85-5e9a-d25c-6928-4d1176d96fdc",
        "data": [
            {
                "text": "what about when will be the the college foreign greeting ceremony taking place",
                "userDefined": false
            }
        ],
        "isTemplate": false,
        "count": 0,
        "updated": 1560155629
    },
    {
        "id": "f25718c3-2033-a0d9-172f-cd07f0dbc2fc",
        "data": [
            {
                "text": "I need the UCL international reception celebration",
                "userDefined": false
            }
        ],
        "isTemplate": false,
        "count": 0,
        "updated": 1560155629
    },
    {
        "id": "84912a4e-d8ee-fead-cdfd-949a29f16c60",
        "data": [
            {
                "text": "I need to be present at the UCL international greeting ceremony",
                "userDefined": false
            }
        ],
        "isTemplate": false,
        "count": 0,
        "updated": 1560155629
    },
    {
        "id": "e138d885-5493-ddf2-11cc-756dbf0097b2",
        "data": [
            {
                "text": "what about where is the the college foreign welcome celebration taking place",
                "userDefined": false
            }
        ],
        "isTemplate": false,
        "count": 0,
        "updated": 1560155629
    },
    {
        "id": "bbc37962-3d6e-95f7-4ad7-c633f96d22c4",
        "data": [
            {
                "text": "I want to be informed about where and when will the the university foreign welcome celebration occur",
                "userDefined": false
            }
        ],
        "isTemplate": false,
        "count": 0,
        "updated": 1560155629
    },
    {
        "id": "f6575ee5-dbfd-5270-ecca-0aaa84f5b497",
        "data": [
            {
                "text": "when is the the college international greeting celebration occurring",
                "userDefined": false
            }
        ],
        "isTemplate": false,
        "count": 0,
        "updated": 1560155629
    },
    {
        "id": "e64f2f97-b7b5-191c-283c-0636129a9026",
        "data": [
            {
                "text": "I am searching for the UCLouvain international reception ceremony",
                "userDefined": false
            }
        ],
        "isTemplate": false,
        "count": 0,
        "updated": 1560155629
    },
    {
        "id": "1c9d0167-ef19-53c7-c4cd-84669e91783c",
        "data": [
            {
                "text": "when and where does the uni international welcome ceremony take place",
                "userDefined": false
            }
        ],
        "isTemplate": false,
        "count": 0,
        "updated": 1560155629
    },
    {
        "id": "c3d994c4-a5da-5ed0-5f0e-e044a531ce52",
        "data": [
            {
                "text": "how to attend the uclouvain foreign reception celebration",
                "userDefined": false
            }
        ],
        "isTemplate": false,
        "count": 0,
        "updated": 1560155629
    },
    {
        "id": "59c79f45-7471-1a7c-295e-72e3d8830555",
        "data": [
            {
                "text": "when is the UCLouvain foreign reception event taking place",
                "userDefined": false
            }
        ],
        "isTemplate": false,
        "count": 0,
        "updated": 1560155629
    },
    {
        "id": "23b15ee7-277b-0c42-0fbf-d0684d4c670f",
        "data": [
            {
                "text": "where is the uni international greeting action occurring",
                "userDefined": false
            }
        ],
        "isTemplate": false,
        "count": 0,
        "updated": 1560155629
    },
    {
        "id": "ea44065f-b887-a8e4-e594-035253e471f8",
        "data": [
            {
                "text": "where and when will be the UCLouvain international welcome event occurring",
                "userDefined": false
            }
        ],
        "isTemplate": false,
        "count": 0,
        "updated": 1560155629
    },
    {
        "id": "ce92a6cc-69bf-8f08-6419-5702307c1625",
        "data": [
            {
                "text": "where and when does the uclouvain foreign greeting event occur",
                "userDefined": false
            }
        ],
        "isTemplate": false,
        "count": 0,
        "updated": 1560155629
    },
    {
        "id": "be711216-af46-1b9c-bf6a-22985730cae2",
        "data": [
            {
                "text": "when does the the university international greeting celebration occur",
                "userDefined": false
            }
        ],
        "isTemplate": false,
        "count": 0,
        "updated": 1560155629
    },
    {
        "id": "186dfdde-96a3-c96b-362e-7b224d23585e",
        "data": [
            {
                "text": "I am looking for the uclouvain international reception celebration",
                "userDefined": false
            }
        ],
        "isTemplate": false,
        "count": 0,
        "updated": 1560155629
    },
    {
        "id": "657458ec-fdd6-2659-983e-4448fa78f5f1",
        "data": [
            {
                "text": "would you be so kind and show me about where and when will be the UCL foreign reception ceremony organized",
                "userDefined": false
            }
        ],
        "isTemplate": false,
        "count": 0,
        "updated": 1560155629
    },
    {
        "id": "9cd25e84-dd04-4cc3-514f-0591de0ef91e",
        "data": [
            {
                "text": "I am searching for the ucl international reception celebration",
                "userDefined": false
            }
        ],
        "isTemplate": false,
        "count": 0,
        "updated": 1560155629
    },
    {
        "id": "1203b1d7-cd9b-f08b-57e0-727a0f88a4ed",
        "data": [
            {
                "text": "I'd really love the UCL international welcome celebration",
                "userDefined": false
            }
        ],
        "isTemplate": false,
        "count": 0,
        "updated": 1560155629
    },
    {
        "id": "0684ff7a-f950-7144-9b11-65c262d94171",
        "data": [
            {
                "text": "when and where will be the UCL international welcome action occurring",
                "userDefined": false
            }
        ],
        "isTemplate": false,
        "count": 0,
        "updated": 1560155629
    }
]