[
    {
        "id": "285bfd85-cceb-6378-a854-7e5985942789",
        "data": [
            {
                "text": "where to go if the accommodation is not accessible",
                "userDefined": false
            }
        ],
        "isTemplate": false,
        "count": 0,
        "updated": 1560155629
    },
    {
        "id": "691827a1-4cd8-1795-46f5-08dbee131ec8",
        "data": [
            {
                "text": "I don't know who is it possible to tell I don't have a accommodation",
                "userDefined": false
            }
        ],
        "isTemplate": false,
        "count": 0,
        "updated": 1560155629
    },
    {
        "id": "9f91cc05-f887-8b03-cd0f-16170e4efa4e",
        "data": [
            {
                "text": "I'd really like to a place to stay for a few days, where to go",
                "userDefined": false
            }
        ],
        "isTemplate": false,
        "count": 0,
        "updated": 1560155629
    },
    {
        "id": "c4cc79d5-ff1d-fde1-bf8d-210cf70e7f92",
        "data": [
            {
                "text": "I don't know what to do I don't have a room",
                "userDefined": false
            }
        ],
        "isTemplate": false,
        "count": 0,
        "updated": 1560155629
    },
    {
        "id": "4fb74a0e-2aa2-a849-3166-e9c2a01e4e8f",
        "data": [
            {
                "text": "where to go if I'd want to a place to stay for a few days",
                "userDefined": false
            }
        ],
        "isTemplate": false,
        "count": 0,
        "updated": 1560155629
    },
    {
        "id": "f380b385-838b-737f-3743-9c2324effe73",
        "data": [
            {
                "text": "I have nowhere to live",
                "userDefined": false
            }
        ],
        "isTemplate": false,
        "count": 0,
        "updated": 1560155629
    },
    {
        "id": "31bd6c17-705c-90b7-008c-dde29a5ab0ce",
        "data": [
            {
                "text": "I have no place to stay",
                "userDefined": false
            }
        ],
        "isTemplate": false,
        "count": 0,
        "updated": 1560155629
    },
    {
        "id": "1b85d354-7345-1720-952a-eb4295750a12",
        "data": [
            {
                "text": "who can support if the housing is not available",
                "userDefined": false
            }
        ],
        "isTemplate": false,
        "count": 0,
        "updated": 1560155629
    },
    {
        "id": "dc6d81e8-f2d3-9bf9-9756-f0f7d389168f",
        "data": [
            {
                "text": "who is it possible for me to tell if my kot isn't available",
                "userDefined": false
            }
        ],
        "isTemplate": false,
        "count": 0,
        "updated": 1560155629
    },
    {
        "id": "a03ee646-1084-b4ec-4506-7631d6140e97",
        "data": [
            {
                "text": "who could help if my room isn't accessible",
                "userDefined": false
            }
        ],
        "isTemplate": false,
        "count": 0,
        "updated": 1560155629
    },
    {
        "id": "a7881b58-1753-0cb9-7da1-23bc9f6d6758",
        "data": [
            {
                "text": "I'd really like to a place to stay for a few days",
                "userDefined": false
            }
        ],
        "isTemplate": false,
        "count": 0,
        "updated": 1560155629
    },
    {
        "id": "d3556154-31fa-465e-2436-b8246f1e3756",
        "data": [
            {
                "text": "info on where should I need to go when I have nowhere to live",
                "userDefined": false
            }
        ],
        "isTemplate": false,
        "count": 0,
        "updated": 1560155629
    },
    {
        "id": "e870127a-1540-543a-2276-254209c82d96",
        "data": [
            {
                "text": "what to do if the room isn't available for a few days when I would arrive",
                "userDefined": false
            }
        ],
        "isTemplate": false,
        "count": 0,
        "updated": 1560155629
    },
    {
        "id": "f536650b-0d38-724a-d383-9913ee622a17",
        "data": [
            {
                "text": "I have no place",
                "userDefined": false
            }
        ],
        "isTemplate": false,
        "count": 0,
        "updated": 1560155629
    },
    {
        "id": "16e75e48-a30f-53d7-de06-442e89ba5129",
        "data": [
            {
                "text": "I'd really love to a place to stay for a few days",
                "userDefined": false
            }
        ],
        "isTemplate": false,
        "count": 0,
        "updated": 1560155629
    },
    {
        "id": "dda043d9-b124-049e-ded3-0f3c7f39efec",
        "data": [
            {
                "text": "where will I go if my kot isn't accessible",
                "userDefined": false
            }
        ],
        "isTemplate": false,
        "count": 0,
        "updated": 1560155629
    },
    {
        "id": "124c7a48-3c9a-bbbe-fe73-ca90198e5739",
        "data": [
            {
                "text": "info about who would aid when I have nowhere to stay",
                "userDefined": false
            }
        ],
        "isTemplate": false,
        "count": 0,
        "updated": 1560155629
    },
    {
        "id": "f53e1a65-72e1-3ed6-f289-55a673a621f3",
        "data": [
            {
                "text": "I would like to a place to stay for a few days, where should I go",
                "userDefined": false
            }
        ],
        "isTemplate": false,
        "count": 0,
        "updated": 1560155629
    },
    {
        "id": "93038437-f0ca-3d16-5427-316c38db36a3",
        "data": [
            {
                "text": "what to do when I have no room",
                "userDefined": false
            }
        ],
        "isTemplate": false,
        "count": 0,
        "updated": 1560155629
    },
    {
        "id": "113803b8-234d-b981-a621-19874c3dd43c",
        "data": [
            {
                "text": "who should I get in touch with if my kot is not accessible for a few days on arrival",
                "userDefined": false
            }
        ],
        "isTemplate": false,
        "count": 0,
        "updated": 1560155629
    },
    {
        "id": "79b4598d-ea01-fcc4-a1ab-adc69cc1996c",
        "data": [
            {
                "text": "I'd really love to a place to stay for a few days, what to do",
                "userDefined": false
            }
        ],
        "isTemplate": false,
        "count": 0,
        "updated": 1560155629
    },
    {
        "id": "6f958f2b-c42f-398e-ba92-08916f27d8f3",
        "data": [
            {
                "text": "I'd like to a place to stay for a few days, who could support",
                "userDefined": false
            }
        ],
        "isTemplate": false,
        "count": 0,
        "updated": 1560155629
    },
    {
        "id": "332e4670-ecc8-08fb-ffbb-0e516d70e921",
        "data": [
            {
                "text": "where do I have to go if I'd really love to a place to stay for a few days",
                "userDefined": false
            }
        ],
        "isTemplate": false,
        "count": 0,
        "updated": 1560155629
    },
    {
        "id": "9e134ad0-1152-766e-cd83-c9210c88583d",
        "data": [
            {
                "text": "who can I call if I have no place",
                "userDefined": false
            }
        ],
        "isTemplate": false,
        "count": 0,
        "updated": 1560155629
    },
    {
        "id": "a38731b2-5336-894a-3282-fe46ef87de5d",
        "data": [
            {
                "text": "where should I go if the housing isn't available",
                "userDefined": false
            }
        ],
        "isTemplate": false,
        "count": 0,
        "updated": 1560155629
    },
    {
        "id": "be5bc605-d692-6111-9725-94cebda63f0e",
        "data": [
            {
                "text": "what to do when I have no accommodation",
                "userDefined": false
            }
        ],
        "isTemplate": false,
        "count": 0,
        "updated": 1560155629
    },
    {
        "id": "bc9e6bae-1b1b-9c23-4613-6681b3419adf",
        "data": [
            {
                "text": "who would assist if I'd really like to a place to stay for a few days",
                "userDefined": false
            }
        ],
        "isTemplate": false,
        "count": 0,
        "updated": 1560155629
    },
    {
        "id": "d27724f1-a9e8-f863-4d6f-4dce6e7e026f",
        "data": [
            {
                "text": "I would really want to a place to stay for a few days",
                "userDefined": false
            }
        ],
        "isTemplate": false,
        "count": 0,
        "updated": 1560155629
    },
    {
        "id": "9ad93017-e1da-8e19-f4ca-e380f6d08938",
        "data": [
            {
                "text": "I have no kot",
                "userDefined": false
            }
        ],
        "isTemplate": false,
        "count": 0,
        "updated": 1560155629
    },
    {
        "id": "75e6659f-de7c-b692-6218-48bc66eef6e4",
        "data": [
            {
                "text": "what about what to do if I have no place to stay",
                "userDefined": false
            }
        ],
        "isTemplate": false,
        "count": 0,
        "updated": 1560155629
    },
    {
        "id": "c30a3ec2-ea5b-fd88-9158-9940934f8b4b",
        "data": [
            {
                "text": "I don't know where do I have to go I don't have a room",
                "userDefined": false
            }
        ],
        "isTemplate": false,
        "count": 0,
        "updated": 1560155629
    },
    {
        "id": "3254fe31-0d70-5a38-4114-4fcc4cfa3384",
        "data": [
            {
                "text": "could you please tell me about what to do when I have nowhere to live",
                "userDefined": false
            }
        ],
        "isTemplate": false,
        "count": 0,
        "updated": 1560155629
    },
    {
        "id": "e9f5ee61-2791-5002-4430-cf11b97b1428",
        "data": [
            {
                "text": "I have no housing",
                "userDefined": false
            }
        ],
        "isTemplate": false,
        "count": 0,
        "updated": 1560155629
    },
    {
        "id": "d9b7f345-c243-32f5-426e-e7525e575813",
        "data": [
            {
                "text": "who would I get in touch with if I have no place to stay",
                "userDefined": false
            }
        ],
        "isTemplate": false,
        "count": 0,
        "updated": 1560155629
    },
    {
        "id": "59d7805e-290f-3fa7-0ca3-e7a6b195c670",
        "data": [
            {
                "text": "who could assist if I have nowhere to go",
                "userDefined": false
            }
        ],
        "isTemplate": false,
        "count": 0,
        "updated": 1560155629
    },
    {
        "id": "1ee9b252-ae1b-0488-d3d1-b2ea1a71ed9f",
        "data": [
            {
                "text": "I'd really want to a place to stay for a few days",
                "userDefined": false
            }
        ],
        "isTemplate": false,
        "count": 0,
        "updated": 1560155629
    },
    {
        "id": "657270ce-0b04-62b2-387e-aa47c58229d2",
        "data": [
            {
                "text": "I would really want to a place to stay for a few days, who could assist",
                "userDefined": false
            }
        ],
        "isTemplate": false,
        "count": 0,
        "updated": 1560155629
    },
    {
        "id": "35d047f8-0e0e-6a6c-41f5-fb41c8004714",
        "data": [
            {
                "text": "who can assist if my kot isn't available for a few days upon my arrival",
                "userDefined": false
            }
        ],
        "isTemplate": false,
        "count": 0,
        "updated": 1560155629
    },
    {
        "id": "ea45b4a0-0803-1f8e-2617-89cfce310d00",
        "data": [
            {
                "text": "who could aid if my housing is not available for a few days when I arrive",
                "userDefined": false
            }
        ],
        "isTemplate": false,
        "count": 0,
        "updated": 1560155629
    },
    {
        "id": "76ff1fe2-61cb-7f12-d264-cd6385c2c85a",
        "data": [
            {
                "text": "I don't know who can help I have no place",
                "userDefined": false
            }
        ],
        "isTemplate": false,
        "count": 0,
        "updated": 1560155629
    },
    {
        "id": "c7bccf07-8014-6bab-9613-91ae28fffbeb",
        "data": [
            {
                "text": "I don't know where would I go I have no place to stay",
                "userDefined": false
            }
        ],
        "isTemplate": false,
        "count": 0,
        "updated": 1560155629
    },
    {
        "id": "675f8f88-9582-61d7-3e5a-a5dd56ea8ba8",
        "data": [
            {
                "text": "info about who could aid when I have no housing",
                "userDefined": false
            }
        ],
        "isTemplate": false,
        "count": 0,
        "updated": 1560155629
    },
    {
        "id": "c1ff184a-48b8-0db8-36c1-25da2ff7aa3e",
        "data": [
            {
                "text": "I don't know who can help I don't have a room",
                "userDefined": false
            }
        ],
        "isTemplate": false,
        "count": 0,
        "updated": 1560155629
    },
    {
        "id": "1b37661a-f713-461e-ec1d-cb425f220979",
        "data": [
            {
                "text": "who is it possible to get in touch with when I'd really love to a place to stay for a few days",
                "userDefined": false
            }
        ],
        "isTemplate": false,
        "count": 0,
        "updated": 1560155629
    },
    {
        "id": "32aa826c-0d08-b94b-5644-432031e598cb",
        "data": [
            {
                "text": "where to go if the kot is not available",
                "userDefined": false
            }
        ],
        "isTemplate": false,
        "count": 0,
        "updated": 1560155629
    },
    {
        "id": "a809688e-78c7-703e-c450-f48e56beef01",
        "data": [
            {
                "text": "I don't know who would I get in touch with I have nowhere to go",
                "userDefined": false
            }
        ],
        "isTemplate": false,
        "count": 0,
        "updated": 1560155629
    },
    {
        "id": "ab017d94-1ac0-ff85-97c4-b433bfa377d8",
        "data": [
            {
                "text": "what to do if I have nowhere to stay",
                "userDefined": false
            }
        ],
        "isTemplate": false,
        "count": 0,
        "updated": 1560155629
    },
    {
        "id": "28846485-3561-39aa-605b-e42e193844e4",
        "data": [
            {
                "text": "I don't know where to go I have nowhere to live",
                "userDefined": false
            }
        ],
        "isTemplate": false,
        "count": 0,
        "updated": 1560155629
    },
    {
        "id": "20617bf6-da7c-664c-3d18-f6c28c073b94",
        "data": [
            {
                "text": "show me about where do I need to go if I have nowhere to live",
                "userDefined": false
            }
        ],
        "isTemplate": false,
        "count": 0,
        "updated": 1560155629
    },
    {
        "id": "262d111f-49d7-7a8d-db93-135d8698ebe0",
        "data": [
            {
                "text": "I don't know where to go I don't have a kot",
                "userDefined": false
            }
        ],
        "isTemplate": false,
        "count": 0,
        "updated": 1560155629
    },
    {
        "id": "d9335244-4e32-8faa-70af-ee2fb53c9078",
        "data": [
            {
                "text": "who could support if I have no kot",
                "userDefined": false
            }
        ],
        "isTemplate": false,
        "count": 0,
        "updated": 1560155629
    },
    {
        "id": "75f6498e-6354-d7e1-742e-935c50508a0e",
        "data": [
            {
                "text": "where do I need to go if my place is not available for a few days on arrival",
                "userDefined": false
            }
        ],
        "isTemplate": false,
        "count": 0,
        "updated": 1560155629
    },
    {
        "id": "b12643f6-5ddd-3cfc-5173-9515c75bfe77",
        "data": [
            {
                "text": "I don't know who could support I have no kot",
                "userDefined": false
            }
        ],
        "isTemplate": false,
        "count": 0,
        "updated": 1560155629
    },
    {
        "id": "7c5bf6d6-87a1-eb18-d258-09458a8c785f",
        "data": [
            {
                "text": "where to go if my accommodation isn't accessible",
                "userDefined": false
            }
        ],
        "isTemplate": false,
        "count": 0,
        "updated": 1560155629
    },
    {
        "id": "09c15772-4723-d0d7-4c02-3f770d8bcf0f",
        "data": [
            {
                "text": "what will I need to do if the housing isn't available",
                "userDefined": false
            }
        ],
        "isTemplate": false,
        "count": 0,
        "updated": 1560155629
    },
    {
        "id": "0c4c3ba8-2591-fd98-8f36-74c91f803753",
        "data": [
            {
                "text": "I don't know what to do I don't have a housing",
                "userDefined": false
            }
        ],
        "isTemplate": false,
        "count": 0,
        "updated": 1560155629
    },
    {
        "id": "05f742b9-c99c-aa1d-be74-4dd7c944e32e",
        "data": [
            {
                "text": "what should I do when I have no place to stay",
                "userDefined": false
            }
        ],
        "isTemplate": false,
        "count": 0,
        "updated": 1560155629
    },
    {
        "id": "ac79363d-486c-6e6c-afc2-c27b9e988d6a",
        "data": [
            {
                "text": "I'd want to a place to stay for a few days",
                "userDefined": false
            }
        ],
        "isTemplate": false,
        "count": 0,
        "updated": 1560155629
    },
    {
        "id": "5946cb11-daad-70d8-940d-01107aeb721a",
        "data": [
            {
                "text": "show me about what would I have to do when I have nowhere to stay",
                "userDefined": false
            }
        ],
        "isTemplate": false,
        "count": 0,
        "updated": 1560155629
    },
    {
        "id": "e7ac05ca-0d33-b0dd-0571-96ddad01e826",
        "data": [
            {
                "text": "I have nowhere to go",
                "userDefined": false
            }
        ],
        "isTemplate": false,
        "count": 0,
        "updated": 1560155629
    },
    {
        "id": "aee55eb4-a06a-af9b-bec1-90265b743601",
        "data": [
            {
                "text": "I don't know what would I do I don't have a place",
                "userDefined": false
            }
        ],
        "isTemplate": false,
        "count": 0,
        "updated": 1560155629
    },
    {
        "id": "e03a217e-b8d8-320d-3a9d-3b0d4664b299",
        "data": [
            {
                "text": "I'd like to a place to stay for a few days where to go",
                "userDefined": false
            }
        ],
        "isTemplate": false,
        "count": 0,
        "updated": 1560155629
    },
    {
        "id": "ee6afc65-c88e-409b-6326-d78511abf0b4",
        "data": [
            {
                "text": "where to go if my housing is not accessible",
                "userDefined": false
            }
        ],
        "isTemplate": false,
        "count": 0,
        "updated": 1560155629
    },
    {
        "id": "b3893b25-d220-3d11-15ee-37984565e767",
        "data": [
            {
                "text": "where to go if the housing is not accessible for a few days on arrival",
                "userDefined": false
            }
        ],
        "isTemplate": false,
        "count": 0,
        "updated": 1560155629
    },
    {
        "id": "46a80090-f4ae-0efb-32ca-db5b4df641f7",
        "data": [
            {
                "text": "would you be so kind and show me about who could I reach if I have no place",
                "userDefined": false
            }
        ],
        "isTemplate": false,
        "count": 0,
        "updated": 1560155629
    },
    {
        "id": "30106855-003d-c1d7-b4d4-99df05483555",
        "data": [
            {
                "text": "who could support if I want to a place to stay for a few days",
                "userDefined": false
            }
        ],
        "isTemplate": false,
        "count": 0,
        "updated": 1560155629
    },
    {
        "id": "69d6ff9a-28ca-b28b-2cc4-1b00958346ca",
        "data": [
            {
                "text": "where should I go when I have no place to stay",
                "userDefined": false
            }
        ],
        "isTemplate": false,
        "count": 0,
        "updated": 1560155629
    },
    {
        "id": "1301f78f-7d80-53b6-14dd-89a5cb1c2877",
        "data": [
            {
                "text": "where should I go if my room is not accessible",
                "userDefined": false
            }
        ],
        "isTemplate": false,
        "count": 0,
        "updated": 1560155629
    },
    {
        "id": "44d07cac-758c-cb99-86a8-ec8e50f0652e",
        "data": [
            {
                "text": "I'd like to be informed about what to do when I have no kot",
                "userDefined": false
            }
        ],
        "isTemplate": false,
        "count": 0,
        "updated": 1560155629
    },
    {
        "id": "4687d4bc-a75b-7330-9daa-e047809d84fb",
        "data": [
            {
                "text": "where should I go if the place is not accessible",
                "userDefined": false
            }
        ],
        "isTemplate": false,
        "count": 0,
        "updated": 1560155629
    },
    {
        "id": "33ac79a6-039d-01cf-118c-3316a5072724",
        "data": [
            {
                "text": "I don't know what do I have to do I don't have a housing",
                "userDefined": false
            }
        ],
        "isTemplate": false,
        "count": 0,
        "updated": 1560155629
    },
    {
        "id": "80ca6c3c-42ff-17d5-8af7-f2841604733b",
        "data": [
            {
                "text": "what to do when I have nowhere to stay",
                "userDefined": false
            }
        ],
        "isTemplate": false,
        "count": 0,
        "updated": 1560155629
    },
    {
        "id": "09ff8b6b-daf9-7fb0-3138-6dfd26854bfa",
        "data": [
            {
                "text": "who would aid when I have no place to stay",
                "userDefined": false
            }
        ],
        "isTemplate": false,
        "count": 0,
        "updated": 1560155629
    },
    {
        "id": "51457ba8-dedd-fc18-5f1f-decfe27a93f6",
        "data": [
            {
                "text": "I would love to a place to stay for a few days",
                "userDefined": false
            }
        ],
        "isTemplate": false,
        "count": 0,
        "updated": 1560155629
    },
    {
        "id": "7d9db0ef-d091-fc58-3c35-fba215f580cf",
        "data": [
            {
                "text": "I don't know where do I need to go I have no place",
                "userDefined": false
            }
        ],
        "isTemplate": false,
        "count": 0,
        "updated": 1560155629
    },
    {
        "id": "3de0071e-2a75-059a-c189-2ed994d31a4c",
        "data": [
            {
                "text": "I have nowhere to stay",
                "userDefined": false
            }
        ],
        "isTemplate": false,
        "count": 0,
        "updated": 1560155629
    },
    {
        "id": "91622cff-0da4-4f40-39f6-2df80b2544fe",
        "data": [
            {
                "text": "I'd like to a place to stay for a few days",
                "userDefined": false
            }
        ],
        "isTemplate": false,
        "count": 0,
        "updated": 1560155629
    },
    {
        "id": "a0829db7-fdc6-9cfc-d7d6-56b08b9937c0",
        "data": [
            {
                "text": "who can help if I'd really want to a place to stay for a few days",
                "userDefined": false
            }
        ],
        "isTemplate": false,
        "count": 0,
        "updated": 1560155629
    },
    {
        "id": "9b804866-3827-9f19-2646-ce3860609edf",
        "data": [
            {
                "text": "what would I do if I have nowhere to go",
                "userDefined": false
            }
        ],
        "isTemplate": false,
        "count": 0,
        "updated": 1560155629
    },
    {
        "id": "10ebea2a-55ae-44f8-a3ab-1fb77cb426ac",
        "data": [
            {
                "text": "I don't know what do I need to do I have nowhere to live",
                "userDefined": false
            }
        ],
        "isTemplate": false,
        "count": 0,
        "updated": 1560155629
    },
    {
        "id": "b0889919-9fdb-b509-11fb-7a9215752fcd",
        "data": [
            {
                "text": "what should I do if I would love to a place to stay for a few days",
                "userDefined": false
            }
        ],
        "isTemplate": false,
        "count": 0,
        "updated": 1560155629
    },
    {
        "id": "a0120f2e-4307-e0ea-30b2-bd5376bbb3f0",
        "data": [
            {
                "text": "what do I have to do if the place isn't available for a few days on arrival",
                "userDefined": false
            }
        ],
        "isTemplate": false,
        "count": 0,
        "updated": 1560155629
    },
    {
        "id": "229c1eef-bd84-199a-f0c0-973b791601b6",
        "data": [
            {
                "text": "I would like to a place to stay for a few days",
                "userDefined": false
            }
        ],
        "isTemplate": false,
        "count": 0,
        "updated": 1560155629
    },
    {
        "id": "240aa750-fb0f-a325-9c7f-8f76de1ebc87",
        "data": [
            {
                "text": "where do I have to go if my place isn't available for a few days when I come",
                "userDefined": false
            }
        ],
        "isTemplate": false,
        "count": 0,
        "updated": 1560155629
    },
    {
        "id": "f19440f6-e254-c1f9-53e8-d57ba9a02257",
        "data": [
            {
                "text": "I don't know who will I need to get in touch with I have nowhere to go",
                "userDefined": false
            }
        ],
        "isTemplate": false,
        "count": 0,
        "updated": 1560155629
    },
    {
        "id": "92ff1c81-b7ba-4a71-2af6-bd11bf2ee43f",
        "data": [
            {
                "text": "I'd really want to a place to stay for a few days, who can help",
                "userDefined": false
            }
        ],
        "isTemplate": false,
        "count": 0,
        "updated": 1560155629
    },
    {
        "id": "45b33718-4b9f-6748-4e31-58e28d52c0d2",
        "data": [
            {
                "text": "I'd really want to a place to stay for a few days where should I go",
                "userDefined": false
            }
        ],
        "isTemplate": false,
        "count": 0,
        "updated": 1560155629
    },
    {
        "id": "7f857b6a-aea1-994b-eccc-65ae9812e2d5",
        "data": [
            {
                "text": "what to do if my room is not accessible for a few days when I would show up",
                "userDefined": false
            }
        ],
        "isTemplate": false,
        "count": 0,
        "updated": 1560155629
    },
    {
        "id": "4e8f502e-c522-e157-dcfd-b77e87a4385e",
        "data": [
            {
                "text": "what to do if my housing isn't available",
                "userDefined": false
            }
        ],
        "isTemplate": false,
        "count": 0,
        "updated": 1560155629
    },
    {
        "id": "34e87a5a-cc68-a192-efe2-1fd7d638710c",
        "data": [
            {
                "text": "I don't know where would I go I have nowhere to stay",
                "userDefined": false
            }
        ],
        "isTemplate": false,
        "count": 0,
        "updated": 1560155629
    },
    {
        "id": "2039023c-9a10-34cc-d9e2-0bf2c1408178",
        "data": [
            {
                "text": "I don't know who could help I have no place",
                "userDefined": false
            }
        ],
        "isTemplate": false,
        "count": 0,
        "updated": 1560155629
    },
    {
        "id": "3a59cd86-4e7e-ad58-aaed-9f3fe12d01a9",
        "data": [
            {
                "text": "what should I do when I'd really love to a place to stay for a few days",
                "userDefined": false
            }
        ],
        "isTemplate": false,
        "count": 0,
        "updated": 1560155629
    },
    {
        "id": "467ca9f5-d813-c96a-a720-b02cc6acd71a",
        "data": [
            {
                "text": "what should I have to do if my kot is not available for a few days when I show up",
                "userDefined": false
            }
        ],
        "isTemplate": false,
        "count": 0,
        "updated": 1560155629
    },
    {
        "id": "ede591ab-3b65-f058-721a-5270ae5525f5",
        "data": [
            {
                "text": "who should I have to contact if my room isn't available",
                "userDefined": false
            }
        ],
        "isTemplate": false,
        "count": 0,
        "updated": 1560155629
    },
    {
        "id": "34d59f39-b165-76c6-dba8-6584b73491b8",
        "data": [
            {
                "text": "I don't know who could I ask I have nowhere to go",
                "userDefined": false
            }
        ],
        "isTemplate": false,
        "count": 0,
        "updated": 1560155629
    },
    {
        "id": "f7e8546b-9eac-94db-2184-bbbae5d37641",
        "data": [
            {
                "text": "I don't know who do I have to reach I have nowhere to go",
                "userDefined": false
            }
        ],
        "isTemplate": false,
        "count": 0,
        "updated": 1560155629
    },
    {
        "id": "443b3434-53d2-9e0a-cbe4-360cda2e2b75",
        "data": [
            {
                "text": "where would I go if the housing isn't available for a few days upon my arrival",
                "userDefined": false
            }
        ],
        "isTemplate": false,
        "count": 0,
        "updated": 1560155629
    },
    {
        "id": "1b945156-6e85-ad97-840a-24e5d7d3fb89",
        "data": [
            {
                "text": "I don't know what to do I have no place to stay",
                "userDefined": false
            }
        ],
        "isTemplate": false,
        "count": 0,
        "updated": 1560155629
    },
    {
        "id": "d5fa0088-d3da-05e0-8dc2-51a9a1c38bf3",
        "data": [
            {
                "text": "what to do if I have no room",
                "userDefined": false
            }
        ],
        "isTemplate": false,
        "count": 0,
        "updated": 1560155629
    },
    {
        "id": "329446b0-b4a0-2ed4-a073-89b2d08cb3e2",
        "data": [
            {
                "text": "where to go if my place is not accessible for a few days upon my arrival",
                "userDefined": false
            }
        ],
        "isTemplate": false,
        "count": 0,
        "updated": 1560155629
    },
    {
        "id": "3e4de96d-d2f7-1f2b-8ef5-bb10234665a7",
        "data": [
            {
                "text": "who can assist when I have no accommodation",
                "userDefined": false
            }
        ],
        "isTemplate": false,
        "count": 0,
        "updated": 1560155629
    },
    {
        "id": "93bdfbd4-c206-b68f-ec6f-5cbc1811eb80",
        "data": [
            {
                "text": "I have no accommodation",
                "userDefined": false
            }
        ],
        "isTemplate": false,
        "count": 0,
        "updated": 1560155629
    },
    {
        "id": "c1fe8312-595a-1db0-bfbd-8fff995e1e94",
        "data": [
            {
                "text": "where will I need to go if I have no housing",
                "userDefined": false
            }
        ],
        "isTemplate": false,
        "count": 0,
        "updated": 1560155629
    },
    {
        "id": "e711474c-6f7f-8b77-e995-6638f53f0026",
        "data": [
            {
                "text": "who do I have to reach if I'd really like to a place to stay for a few days",
                "userDefined": false
            }
        ],
        "isTemplate": false,
        "count": 0,
        "updated": 1560155629
    },
    {
        "id": "b7a18211-8146-e384-233c-0205c16406f2",
        "data": [
            {
                "text": "I would really want to a place to stay for a few days, where would I go",
                "userDefined": false
            }
        ],
        "isTemplate": false,
        "count": 0,
        "updated": 1560155629
    },
    {
        "id": "bc9ef330-44e7-6a96-46fd-24c9f98742fc",
        "data": [
            {
                "text": "where should I go if my accommodation isn't available",
                "userDefined": false
            }
        ],
        "isTemplate": false,
        "count": 0,
        "updated": 1560155629
    },
    {
        "id": "f66a87f8-8755-559c-f29a-3df061f641f3",
        "data": [
            {
                "text": "I have no room",
                "userDefined": false
            }
        ],
        "isTemplate": false,
        "count": 0,
        "updated": 1560155629
    },
    {
        "id": "507efaa2-73da-94a7-7a2b-2ed376fddabb",
        "data": [
            {
                "text": "I would really want to a place to stay for a few days where to go",
                "userDefined": false
            }
        ],
        "isTemplate": false,
        "count": 0,
        "updated": 1560155629
    },
    {
        "id": "0d97272e-e378-9fe4-75ac-9a76c4eb454a",
        "data": [
            {
                "text": "who can I ask if I would love to a place to stay for a few days",
                "userDefined": false
            }
        ],
        "isTemplate": false,
        "count": 0,
        "updated": 1560155629
    },
    {
        "id": "eafa659e-45d4-7822-9757-fc1f3768d306",
        "data": [
            {
                "text": "what to do when I'd really love to a place to stay for a few days",
                "userDefined": false
            }
        ],
        "isTemplate": false,
        "count": 0,
        "updated": 1560155629
    },
    {
        "id": "e2fdffda-7fa3-3af0-f5f8-51f1749b3094",
        "data": [
            {
                "text": "I don't know what do I have to do I have no place to stay",
                "userDefined": false
            }
        ],
        "isTemplate": false,
        "count": 0,
        "updated": 1560155629
    },
    {
        "id": "81de3456-daf6-ab72-d707-3c85373d30ea",
        "data": [
            {
                "text": "who will I get in touch with if I have nowhere to live",
                "userDefined": false
            }
        ],
        "isTemplate": false,
        "count": 0,
        "updated": 1560155629
    },
    {
        "id": "99084b05-f0bc-b32f-4e6a-f403a28b954d",
        "data": [
            {
                "text": "I would like to a place to stay for a few days, where will I go",
                "userDefined": false
            }
        ],
        "isTemplate": false,
        "count": 0,
        "updated": 1560155629
    },
    {
        "id": "01c246c5-77c3-5dce-fcd2-69d8bc01144d",
        "data": [
            {
                "text": "I'd love to a place to stay for a few days, what would I do",
                "userDefined": false
            }
        ],
        "isTemplate": false,
        "count": 0,
        "updated": 1560155629
    },
    {
        "id": "31129322-f6f8-a09e-9868-e4874dcb187e",
        "data": [
            {
                "text": "where to go when I have nowhere to live",
                "userDefined": false
            }
        ],
        "isTemplate": false,
        "count": 0,
        "updated": 1560155629
    },
    {
        "id": "feed2c43-cf3a-4f49-d2f2-f1962bd3656e",
        "data": [
            {
                "text": "info about where to go if I have no place to stay",
                "userDefined": false
            }
        ],
        "isTemplate": false,
        "count": 0,
        "updated": 1560155629
    },
    {
        "id": "6222bc25-f698-14ae-e7be-3a7736bd598c",
        "data": [
            {
                "text": "what to do if my accommodation is not available for a few days on arrival",
                "userDefined": false
            }
        ],
        "isTemplate": false,
        "count": 0,
        "updated": 1560155629
    },
    {
        "id": "0ced4462-8446-e8a7-1c62-998be47eb437",
        "data": [
            {
                "text": "what to do if my kot isn't accessible",
                "userDefined": false
            }
        ],
        "isTemplate": false,
        "count": 0,
        "updated": 1560155629
    },
    {
        "id": "404bf090-2bd4-46d5-fcd8-1b8f6103fdd4",
        "data": [
            {
                "text": "I want to a place to stay for a few days",
                "userDefined": false
            }
        ],
        "isTemplate": false,
        "count": 0,
        "updated": 1560155629
    },
    {
        "id": "32b1c64e-f22f-62ee-9191-8f2adf03502c",
        "data": [
            {
                "text": "I don't know where will I have to go I have no accommodation",
                "userDefined": false
            }
        ],
        "isTemplate": false,
        "count": 0,
        "updated": 1560155629
    }
]