[
    {
        "id": "5f2bd62c-6b39-d6d4-d56e-17bb9d39d7f9",
        "data": [
            {
                "text": "would there be a plan of the auditoria",
                "userDefined": false
            }
        ],
        "isTemplate": false,
        "count": 0,
        "updated": 1560155628
    },
    {
        "id": "d7bca8da-0a3b-f59a-54cf-a9eef6590009",
        "data": [
            {
                "text": "are there a map of the amphitheaters",
                "userDefined": false
            }
        ],
        "isTemplate": false,
        "count": 0,
        "updated": 1560155628
    },
    {
        "id": "fc744070-3600-4921-d214-a0884cbc75b6",
        "data": [
            {
                "text": "where'll be the A auditorium",
                "userDefined": false
            }
        ],
        "isTemplate": false,
        "count": 0,
        "updated": 1560155628
    },
    {
        "id": "61533cb0-255b-d704-5ea0-e1bc2bb8a7c1",
        "data": [
            {
                "text": "where would be the amphitheatres socr",
                "userDefined": false
            }
        ],
        "isTemplate": false,
        "count": 0,
        "updated": 1560155628
    },
    {
        "id": "a9bf354d-e960-a6f7-08d4-cbe4320f9324",
        "data": [
            {
                "text": "are there a map of the amphitheatres",
                "userDefined": false
            }
        ],
        "isTemplate": false,
        "count": 0,
        "updated": 1560155628
    },
    {
        "id": "66a55606-cf27-6263-e973-f0d34ed7e48f",
        "data": [
            {
                "text": "how do I go to auditoriums sces",
                "userDefined": false
            }
        ],
        "isTemplate": false,
        "count": 0,
        "updated": 1560155628
    },
    {
        "id": "52dbab43-0407-e230-8bb5-da9c63904443",
        "data": [
            {
                "text": "who can support to go to auditoria leclerc",
                "userDefined": false
            }
        ],
        "isTemplate": false,
        "count": 0,
        "updated": 1560155628
    },
    {
        "id": "ae49c2c5-bab6-05e2-f157-bd53ad068d02",
        "data": [
            {
                "text": "how to get to the amphitheater DESC",
                "userDefined": false
            }
        ],
        "isTemplate": false,
        "count": 0,
        "updated": 1560155628
    },
    {
        "id": "47a26547-a38d-b5df-e385-13a5ea7da32a",
        "data": [
            {
                "text": "what about the place of the auditoria",
                "userDefined": false
            }
        ],
        "isTemplate": false,
        "count": 0,
        "updated": 1560155628
    },
    {
        "id": "38b8c692-16f0-1f83-714b-7c70300e467a",
        "data": [
            {
                "text": "info about the place of the amphitheatres",
                "userDefined": false
            }
        ],
        "isTemplate": false,
        "count": 0,
        "updated": 1560155628
    },
    {
        "id": "5c2875e4-7ed5-7bc9-e3b3-3026660052c9",
        "data": [
            {
                "text": "what about the location of the auditoriums",
                "userDefined": false
            }
        ],
        "isTemplate": false,
        "count": 0,
        "updated": 1560155628
    },
    {
        "id": "89dcc45d-5a16-c2f3-df02-f2e8ddfa73e1",
        "data": [
            {
                "text": "where's auditoriums montesquieu",
                "userDefined": false
            }
        ],
        "isTemplate": false,
        "count": 0,
        "updated": 1560155628
    },
    {
        "id": "a03afd6b-1754-44b6-a82a-ef23fa007668",
        "data": [
            {
                "text": "where do I need to go to get to the AGOR auditorium",
                "userDefined": false
            }
        ],
        "isTemplate": false,
        "count": 0,
        "updated": 1560155628
    },
    {
        "id": "5586ba51-2872-3aae-108f-1950f0af4191",
        "data": [
            {
                "text": "where is it possible for me to reach ESOP amphitheatre",
                "userDefined": false
            }
        ],
        "isTemplate": false,
        "count": 0,
        "updated": 1560155628
    },
    {
        "id": "bd44e342-f72d-ef18-b9fd-94313294c2fb",
        "data": [
            {
                "text": "what about the spot of the auditoriums",
                "userDefined": false
            }
        ],
        "isTemplate": false,
        "count": 0,
        "updated": 1560155628
    },
    {
        "id": "9244fcec-5d7b-e54c-3b60-9489a566687d",
        "data": [
            {
                "text": "where'd be situated stud amphitheater",
                "userDefined": false
            }
        ],
        "isTemplate": false,
        "count": 0,
        "updated": 1560155628
    },
    {
        "id": "4b540efd-9177-c302-32c4-820291ca1e28",
        "data": [
            {
                "text": "is there a plan of the auditoria",
                "userDefined": false
            }
        ],
        "isTemplate": false,
        "count": 0,
        "updated": 1560155628
    },
    {
        "id": "e475ee6e-f856-38fe-6dc8-e62fe2a0014f",
        "data": [
            {
                "text": "how do I go to descamps amphitheatres",
                "userDefined": false
            }
        ],
        "isTemplate": false,
        "count": 0,
        "updated": 1560155628
    },
    {
        "id": "a619992b-e9e5-5e51-1ef3-15cc8203069d",
        "data": [
            {
                "text": "I would really like to know about the situation of the amphitheaters please",
                "userDefined": false
            }
        ],
        "isTemplate": false,
        "count": 0,
        "updated": 1560155628
    },
    {
        "id": "99944b64-a156-d4b0-1521-8362ddbe95e5",
        "data": [
            {
                "text": "where will be the lecl amphitheatres",
                "userDefined": false
            }
        ],
        "isTemplate": false,
        "count": 0,
        "updated": 1560155628
    },
    {
        "id": "41ffe736-b275-cd8b-0ce3-2baebaae8c15",
        "data": [
            {
                "text": "would there be a map of the auditoriums",
                "userDefined": false
            }
        ],
        "isTemplate": false,
        "count": 0,
        "updated": 1560155628
    },
    {
        "id": "a88aa083-86fd-ee2d-80e5-0a02d305f12d",
        "data": [
            {
                "text": "I need to go to the DESC amphitheatre",
                "userDefined": false
            }
        ],
        "isTemplate": false,
        "count": 0,
        "updated": 1560155628
    },
    {
        "id": "4d560565-7355-36bd-61fe-1d0fa90ee143",
        "data": [
            {
                "text": "where is located the studio amphitheatres",
                "userDefined": false
            }
        ],
        "isTemplate": false,
        "count": 0,
        "updated": 1560155628
    },
    {
        "id": "b7ce929d-f855-daea-deff-e3a6eb7e3039",
        "data": [
            {
                "text": "I need to get to more auditoria",
                "userDefined": false
            }
        ],
        "isTemplate": false,
        "count": 0,
        "updated": 1560155628
    },
    {
        "id": "f8a85f61-6bff-9b67-38ea-f041f404e290",
        "data": [
            {
                "text": "I need to get to descamps amphitheatres",
                "userDefined": false
            }
        ],
        "isTemplate": false,
        "count": 0,
        "updated": 1560155628
    },
    {
        "id": "ef4c9fcc-029a-3f5d-55ae-26c4bfbef1cc",
        "data": [
            {
                "text": "where is the auditoriums ste barbe",
                "userDefined": false
            }
        ],
        "isTemplate": false,
        "count": 0,
        "updated": 1560155628
    },
    {
        "id": "50fcf61d-78e2-753d-1c9c-f9de8b77bffb",
        "data": [
            {
                "text": "information about the situation of the auditoria please",
                "userDefined": false
            }
        ],
        "isTemplate": false,
        "count": 0,
        "updated": 1560155628
    },
    {
        "id": "37cea514-7284-0f56-812f-7e3345aa4af0",
        "data": [
            {
                "text": "I need to go to auditoriums A",
                "userDefined": false
            }
        ],
        "isTemplate": false,
        "count": 0,
        "updated": 1560155628
    },
    {
        "id": "0fa4a8f7-7193-e74e-7fc5-c01815785cf3",
        "data": [
            {
                "text": "how to go to the auditorium merc",
                "userDefined": false
            }
        ],
        "isTemplate": false,
        "count": 0,
        "updated": 1560155628
    },
    {
        "id": "e71526e5-aa3d-f245-ddac-98951d500779",
        "data": [
            {
                "text": "is there a map of the amphitheatres",
                "userDefined": false
            }
        ],
        "isTemplate": false,
        "count": 0,
        "updated": 1560155628
    },
    {
        "id": "ea1176a3-c1ce-7437-a032-4f83d499be77",
        "data": [
            {
                "text": "where would be located the amphitheater SUD",
                "userDefined": false
            }
        ],
        "isTemplate": false,
        "count": 0,
        "updated": 1560155628
    },
    {
        "id": "7664a72d-0f69-74f3-6535-2440d6be0df4",
        "data": [
            {
                "text": "info on the location of the auditoria",
                "userDefined": false
            }
        ],
        "isTemplate": false,
        "count": 0,
        "updated": 1560155628
    },
    {
        "id": "f6d62e5a-d271-0bce-4992-0a1600b8fefb",
        "data": [
            {
                "text": "where'd be the studio amphitheatre",
                "userDefined": false
            }
        ],
        "isTemplate": false,
        "count": 0,
        "updated": 1560155628
    },
    {
        "id": "edf58fce-6185-b27e-2829-c7ec51d0b62f",
        "data": [
            {
                "text": "I would really want to know about the location of the auditoriums please",
                "userDefined": false
            }
        ],
        "isTemplate": false,
        "count": 0,
        "updated": 1560155628
    },
    {
        "id": "ce10f4db-9e41-4df9-1811-44fce1674375",
        "data": [
            {
                "text": "what about the spot of the auditoria",
                "userDefined": false
            }
        ],
        "isTemplate": false,
        "count": 0,
        "updated": 1560155628
    },
    {
        "id": "4ce04642-5c81-20e2-bd9d-6dc8b8f20a91",
        "data": [
            {
                "text": "I would like to know about the location of the amphitheatres",
                "userDefined": false
            }
        ],
        "isTemplate": false,
        "count": 0,
        "updated": 1560155628
    },
    {
        "id": "f3d508ab-d66d-29d7-a505-d932ccff5cee",
        "data": [
            {
                "text": "I would really want to get to auditorium ste barbe",
                "userDefined": false
            }
        ],
        "isTemplate": false,
        "count": 0,
        "updated": 1560155628
    },
    {
        "id": "307ba9e4-04ec-ebb8-ffcc-3c01974a90c1",
        "data": [
            {
                "text": "help about the spot of the amphitheaters",
                "userDefined": false
            }
        ],
        "isTemplate": false,
        "count": 0,
        "updated": 1560155628
    },
    {
        "id": "2434f005-6e2b-716b-261a-6805a59586cf",
        "data": [
            {
                "text": "how to get to the ste barbe auditoriums",
                "userDefined": false
            }
        ],
        "isTemplate": false,
        "count": 0,
        "updated": 1560155628
    },
    {
        "id": "bae674a6-448b-308a-215b-0779f2de26f2",
        "data": [
            {
                "text": "I'd like to be informed about the situation of the amphitheaters please",
                "userDefined": false
            }
        ],
        "isTemplate": false,
        "count": 0,
        "updated": 1560155628
    },
    {
        "id": "2d1cc645-ec65-4d6c-0595-fbb895d55edc",
        "data": [
            {
                "text": "how do I reach the amphitheatre lecl",
                "userDefined": false
            }
        ],
        "isTemplate": false,
        "count": 0,
        "updated": 1560155628
    },
    {
        "id": "75cad60c-a894-42f9-4fd5-0640bd80e99c",
        "data": [
            {
                "text": "I'd want to learn about the spot of the auditoriums",
                "userDefined": false
            }
        ],
        "isTemplate": false,
        "count": 0,
        "updated": 1560155628
    },
    {
        "id": "b8bdc876-fd75-9774-3534-30067170ef22",
        "data": [
            {
                "text": "I would really like to reach auditoriums Agora",
                "userDefined": false
            }
        ],
        "isTemplate": false,
        "count": 0,
        "updated": 1560155628
    },
    {
        "id": "5c1d9c91-b70f-3a34-4ee3-dae0205cb7fa",
        "data": [
            {
                "text": "is there a plan of the amphitheaters",
                "userDefined": false
            }
        ],
        "isTemplate": false,
        "count": 0,
        "updated": 1560155628
    },
    {
        "id": "f48977e5-e1c7-ce73-7715-ede350b19932",
        "data": [
            {
                "text": "could you tell me about the location of the amphitheaters please",
                "userDefined": false
            }
        ],
        "isTemplate": false,
        "count": 0,
        "updated": 1560155628
    },
    {
        "id": "7ebc20f2-1877-4f9e-4fc4-16f0b7a95272",
        "data": [
            {
                "text": "would there be a plan of the amphitheatres",
                "userDefined": false
            }
        ],
        "isTemplate": false,
        "count": 0,
        "updated": 1560155628
    },
    {
        "id": "0282e2f8-5900-202e-4a47-471275125c43",
        "data": [
            {
                "text": "where'd be situated the auditoria mont",
                "userDefined": false
            }
        ],
        "isTemplate": false,
        "count": 0,
        "updated": 1560155628
    },
    {
        "id": "0ca29a40-8457-da8b-3440-9967cabeeca2",
        "data": [
            {
                "text": "is there a map of the amphitheaters",
                "userDefined": false
            }
        ],
        "isTemplate": false,
        "count": 0,
        "updated": 1560155628
    },
    {
        "id": "2caf69ed-2c19-8b50-97e6-ce281a0f6c18",
        "data": [
            {
                "text": "would there be a map of the amphitheatres",
                "userDefined": false
            }
        ],
        "isTemplate": false,
        "count": 0,
        "updated": 1560155628
    },
    {
        "id": "0b5120cd-750b-654c-bb5e-2a279eaef0f5",
        "data": [
            {
                "text": "I need to reach coub amphitheatre",
                "userDefined": false
            }
        ],
        "isTemplate": false,
        "count": 0,
        "updated": 1560155628
    },
    {
        "id": "94867bbd-1a51-782d-32c6-ecc320c9cf41",
        "data": [
            {
                "text": "where is located the auditoria sainte-barbe",
                "userDefined": false
            }
        ],
        "isTemplate": false,
        "count": 0,
        "updated": 1560155628
    },
    {
        "id": "8d05dc73-8695-dd26-86ce-3f72b00b7a10",
        "data": [
            {
                "text": "would there be a map of the amphitheaters",
                "userDefined": false
            }
        ],
        "isTemplate": false,
        "count": 0,
        "updated": 1560155628
    },
    {
        "id": "309b9c9d-ab1b-9227-b877-19d5663a8a62",
        "data": [
            {
                "text": "would you be so kind and tell me about the location of the amphitheatres",
                "userDefined": false
            }
        ],
        "isTemplate": false,
        "count": 0,
        "updated": 1560155628
    },
    {
        "id": "bfd20a74-f304-b6e4-c886-0255da11d04e",
        "data": [
            {
                "text": "I would really love to learn about the location of the auditoria please",
                "userDefined": false
            }
        ],
        "isTemplate": false,
        "count": 0,
        "updated": 1560155628
    },
    {
        "id": "2502dfd6-8889-0c68-2567-107459d08056",
        "data": [
            {
                "text": "where is the ste barbe amphitheatres",
                "userDefined": false
            }
        ],
        "isTemplate": false,
        "count": 0,
        "updated": 1560155628
    },
    {
        "id": "1c04c44b-4f59-2bc4-8673-6a33f5e0287d",
        "data": [
            {
                "text": "how do I go to auditoriums lecl",
                "userDefined": false
            }
        ],
        "isTemplate": false,
        "count": 0,
        "updated": 1560155628
    },
    {
        "id": "3509a800-4809-0d9f-e3ab-0dc6cce73725",
        "data": [
            {
                "text": "I would like to know about the place of the amphitheatres please",
                "userDefined": false
            }
        ],
        "isTemplate": false,
        "count": 0,
        "updated": 1560155628
    },
    {
        "id": "cb296e5b-ae10-4de4-5800-7562374afb6a",
        "data": [
            {
                "text": "show me about the place of the amphitheatres",
                "userDefined": false
            }
        ],
        "isTemplate": false,
        "count": 0,
        "updated": 1560155628
    },
    {
        "id": "d1854847-3eba-8d60-3528-78a417bedd0a",
        "data": [
            {
                "text": "where'll be lecl auditorium",
                "userDefined": false
            }
        ],
        "isTemplate": false,
        "count": 0,
        "updated": 1560155628
    },
    {
        "id": "e6059205-2d6d-cd67-33f8-11d1118100ed",
        "data": [
            {
                "text": "where'll be located the amphitheatres stud",
                "userDefined": false
            }
        ],
        "isTemplate": false,
        "count": 0,
        "updated": 1560155628
    },
    {
        "id": "06c01410-fbae-5733-1179-1c23b1f5a588",
        "data": [
            {
                "text": "would there be a plan of the auditoriums",
                "userDefined": false
            }
        ],
        "isTemplate": false,
        "count": 0,
        "updated": 1560155628
    },
    {
        "id": "07338b19-5379-8d8e-82c6-93a71ba3feec",
        "data": [
            {
                "text": "how to go to the auditoriums more",
                "userDefined": false
            }
        ],
        "isTemplate": false,
        "count": 0,
        "updated": 1560155628
    },
    {
        "id": "6956028a-c3ec-fbcc-c455-8ca708612ccb",
        "data": [
            {
                "text": "I need to get to the socr auditorium",
                "userDefined": false
            }
        ],
        "isTemplate": false,
        "count": 0,
        "updated": 1560155628
    },
    {
        "id": "411745d3-720a-a55e-e23f-2d89f8191968",
        "data": [
            {
                "text": "where to go to get to amphitheaters mont",
                "userDefined": false
            }
        ],
        "isTemplate": false,
        "count": 0,
        "updated": 1560155628
    },
    {
        "id": "c175b1e6-75dc-63e0-86ef-1c29de9ec469",
        "data": [
            {
                "text": "show me about the location of the amphitheatres please",
                "userDefined": false
            }
        ],
        "isTemplate": false,
        "count": 0,
        "updated": 1560155628
    },
    {
        "id": "f26f2a78-6446-e25a-e274-469cd2bda2bc",
        "data": [
            {
                "text": "where is auditoriums merc",
                "userDefined": false
            }
        ],
        "isTemplate": false,
        "count": 0,
        "updated": 1560155628
    },
    {
        "id": "a8eca1cd-9d3e-e7d7-933a-3a39d56f96ec",
        "data": [
            {
                "text": "would there be a map of the auditoria",
                "userDefined": false
            }
        ],
        "isTemplate": false,
        "count": 0,
        "updated": 1560155628
    },
    {
        "id": "490724b6-186b-fade-c6b0-579e37d4affc",
        "data": [
            {
                "text": "would you be so kind and show me about the place of the auditoriums",
                "userDefined": false
            }
        ],
        "isTemplate": false,
        "count": 0,
        "updated": 1560155628
    },
    {
        "id": "6548a317-261a-7442-3de0-33c3548b6598",
        "data": [
            {
                "text": "info on the spot of the auditoria please",
                "userDefined": false
            }
        ],
        "isTemplate": false,
        "count": 0,
        "updated": 1560155628
    },
    {
        "id": "28643355-9568-8214-f188-aeaaa618c4eb",
        "data": [
            {
                "text": "what to do to go to amphitheatre MONT",
                "userDefined": false
            }
        ],
        "isTemplate": false,
        "count": 0,
        "updated": 1560155628
    },
    {
        "id": "8f75b2e2-af28-02b9-4cfa-7d1a125f7ad4",
        "data": [
            {
                "text": "where's auditoriums eras",
                "userDefined": false
            }
        ],
        "isTemplate": false,
        "count": 0,
        "updated": 1560155628
    },
    {
        "id": "49e713eb-9b54-a922-a29d-25b8c8bed45f",
        "data": [
            {
                "text": "are there a map of the auditoriums",
                "userDefined": false
            }
        ],
        "isTemplate": false,
        "count": 0,
        "updated": 1560155628
    },
    {
        "id": "26980b4f-d80e-15dc-8e93-49d2f47c97e6",
        "data": [
            {
                "text": "how to get to the leclerc amphitheatres",
                "userDefined": false
            }
        ],
        "isTemplate": false,
        "count": 0,
        "updated": 1560155628
    },
    {
        "id": "89718f80-f9c2-52c9-c357-3996577fe373",
        "data": [
            {
                "text": "where's socr auditorium",
                "userDefined": false
            }
        ],
        "isTemplate": false,
        "count": 0,
        "updated": 1560155628
    },
    {
        "id": "0641a8cd-136c-9a1f-1b4a-3e9bc99bad11",
        "data": [
            {
                "text": "where'll be amphitheatres doyen",
                "userDefined": false
            }
        ],
        "isTemplate": false,
        "count": 0,
        "updated": 1560155628
    },
    {
        "id": "27c9c0df-e489-7630-ccb6-f50253287ee0",
        "data": [
            {
                "text": "I want to be informed about the situation of the amphitheatres",
                "userDefined": false
            }
        ],
        "isTemplate": false,
        "count": 0,
        "updated": 1560155628
    },
    {
        "id": "359ca121-8207-ad99-4a76-571ee33ef090",
        "data": [
            {
                "text": "are there a plan of the auditoria",
                "userDefined": false
            }
        ],
        "isTemplate": false,
        "count": 0,
        "updated": 1560155628
    },
    {
        "id": "4b6f0b4f-2a1d-014f-9edd-097b271c6abc",
        "data": [
            {
                "text": "what about the situation of the auditoriums please",
                "userDefined": false
            }
        ],
        "isTemplate": false,
        "count": 0,
        "updated": 1560155628
    },
    {
        "id": "0082f94a-c274-c463-06dd-6b6fa98f0406",
        "data": [
            {
                "text": "I need to reach the auditoriums STUD",
                "userDefined": false
            }
        ],
        "isTemplate": false,
        "count": 0,
        "updated": 1560155628
    },
    {
        "id": "b6070698-7c39-b304-6941-d2982b218e86",
        "data": [
            {
                "text": "what about the place of the auditoriums",
                "userDefined": false
            }
        ],
        "isTemplate": false,
        "count": 0,
        "updated": 1560155628
    },
    {
        "id": "953bf191-d023-6266-aea5-371a2ebb75f7",
        "data": [
            {
                "text": "where is placed lecl amphitheatres",
                "userDefined": false
            }
        ],
        "isTemplate": false,
        "count": 0,
        "updated": 1560155628
    },
    {
        "id": "ee494eb9-fed6-f1a3-817a-c5de8b573cfe",
        "data": [
            {
                "text": "where'll be the montesquieu amphitheaters",
                "userDefined": false
            }
        ],
        "isTemplate": false,
        "count": 0,
        "updated": 1560155628
    },
    {
        "id": "461b34cb-826a-609d-a01b-fb50ee65610b",
        "data": [
            {
                "text": "how can I get to amphitheatre eras",
                "userDefined": false
            }
        ],
        "isTemplate": false,
        "count": 0,
        "updated": 1560155628
    },
    {
        "id": "fa76ec6d-40bd-e52e-454b-1c5e2a29a4e5",
        "data": [
            {
                "text": "where's located amphitheater AGOR",
                "userDefined": false
            }
        ],
        "isTemplate": false,
        "count": 0,
        "updated": 1560155628
    },
    {
        "id": "252a8c06-3a4e-94bd-fee0-5a7e6fe011b3",
        "data": [
            {
                "text": "show me about the spot of the amphitheaters please",
                "userDefined": false
            }
        ],
        "isTemplate": false,
        "count": 0,
        "updated": 1560155628
    },
    {
        "id": "b56b9cab-9e97-0ea8-1f01-63f5ac04f5e7",
        "data": [
            {
                "text": "how do we go to the coub auditorium",
                "userDefined": false
            }
        ],
        "isTemplate": false,
        "count": 0,
        "updated": 1560155628
    },
    {
        "id": "229cc7f5-40f3-69f0-1976-8ca84bb9e45d",
        "data": [
            {
                "text": "would there be a plan of the amphitheaters",
                "userDefined": false
            }
        ],
        "isTemplate": false,
        "count": 0,
        "updated": 1560155628
    },
    {
        "id": "f03b608d-8f5b-bf78-1b1e-0bf3c6f9cee8",
        "data": [
            {
                "text": "where's located leclerc amphitheatres",
                "userDefined": false
            }
        ],
        "isTemplate": false,
        "count": 0,
        "updated": 1560155628
    },
    {
        "id": "07741789-1a22-9806-bebb-080a3eca7d37",
        "data": [
            {
                "text": "where will be the amphitheatre montesquieu",
                "userDefined": false
            }
        ],
        "isTemplate": false,
        "count": 0,
        "updated": 1560155628
    },
    {
        "id": "d815dd00-df46-e635-1d78-bdc095a5a4ac",
        "data": [
            {
                "text": "I'd like to reach the auditorium AGOR",
                "userDefined": false
            }
        ],
        "isTemplate": false,
        "count": 0,
        "updated": 1560155628
    },
    {
        "id": "cbbbbf4a-1a9c-c0b0-9bc8-e9d37dac7175",
        "data": [
            {
                "text": "how do I reach auditoriums SOCR",
                "userDefined": false
            }
        ],
        "isTemplate": false,
        "count": 0,
        "updated": 1560155628
    },
    {
        "id": "eb268afb-9445-c174-44bb-82fdfbd36813",
        "data": [
            {
                "text": "can you tell me about the spot of the auditoria please",
                "userDefined": false
            }
        ],
        "isTemplate": false,
        "count": 0,
        "updated": 1560155628
    },
    {
        "id": "a51968d1-4a59-b7b3-b31a-7fac86239aa8",
        "data": [
            {
                "text": "where is located doyen auditorium",
                "userDefined": false
            }
        ],
        "isTemplate": false,
        "count": 0,
        "updated": 1560155628
    },
    {
        "id": "5ea1d0c8-9f52-1224-3809-f87bdbb946e5",
        "data": [
            {
                "text": "where will be the amphitheatre socrate",
                "userDefined": false
            }
        ],
        "isTemplate": false,
        "count": 0,
        "updated": 1560155628
    },
    {
        "id": "3acf5b3d-9af7-85d5-2f85-6719fc6f9ed9",
        "data": [
            {
                "text": "where's auditoria AGOR",
                "userDefined": false
            }
        ],
        "isTemplate": false,
        "count": 0,
        "updated": 1560155628
    },
    {
        "id": "9bbccf65-040a-7779-4571-424a01d553fc",
        "data": [
            {
                "text": "where'd be located the auditorium sciences",
                "userDefined": false
            }
        ],
        "isTemplate": false,
        "count": 0,
        "updated": 1560155628
    },
    {
        "id": "1ad2b0db-462e-f38a-461e-30957e0a0de3",
        "data": [
            {
                "text": "what about the place of the amphitheatres",
                "userDefined": false
            }
        ],
        "isTemplate": false,
        "count": 0,
        "updated": 1560155628
    },
    {
        "id": "82ac8935-7adf-6b95-4f59-3b14f9640fcf",
        "data": [
            {
                "text": "where's located the socrate amphitheatres",
                "userDefined": false
            }
        ],
        "isTemplate": false,
        "count": 0,
        "updated": 1560155628
    },
    {
        "id": "1759f44f-eaa2-f14a-e3b0-74d91dbfe6b1",
        "data": [
            {
                "text": "I need to reach the auditoria erasme",
                "userDefined": false
            }
        ],
        "isTemplate": false,
        "count": 0,
        "updated": 1560155628
    },
    {
        "id": "df368684-4a0b-de8e-ac85-0fbf3d84d448",
        "data": [
            {
                "text": "I would really want to go to amphitheatre STUD",
                "userDefined": false
            }
        ],
        "isTemplate": false,
        "count": 0,
        "updated": 1560155628
    },
    {
        "id": "cb72d647-21f2-5971-6ed9-7de20205d370",
        "data": [
            {
                "text": "where'd be placed auditoria MERC",
                "userDefined": false
            }
        ],
        "isTemplate": false,
        "count": 0,
        "updated": 1560155628
    },
    {
        "id": "38da8b77-aa73-2e5a-7b17-2b08549b6cf6",
        "data": [
            {
                "text": "where'll be placed the amphitheater STUD",
                "userDefined": false
            }
        ],
        "isTemplate": false,
        "count": 0,
        "updated": 1560155628
    },
    {
        "id": "532bc812-696e-a990-c7b2-0aa2915529b1",
        "data": [
            {
                "text": "what about the spot of the amphitheaters please",
                "userDefined": false
            }
        ],
        "isTemplate": false,
        "count": 0,
        "updated": 1560155628
    },
    {
        "id": "072671f3-a021-d4c9-b240-ed239d69622c",
        "data": [
            {
                "text": "where is placed amphitheatre AGOR",
                "userDefined": false
            }
        ],
        "isTemplate": false,
        "count": 0,
        "updated": 1560155628
    },
    {
        "id": "02bab4dc-1fc3-85da-4a67-d248a94f6c87",
        "data": [
            {
                "text": "I need to go to amphitheaters socr",
                "userDefined": false
            }
        ],
        "isTemplate": false,
        "count": 0,
        "updated": 1560155628
    },
    {
        "id": "3d207312-e3fc-fd6f-2da1-b32df0c1c858",
        "data": [
            {
                "text": "information about the location of the amphitheatres",
                "userDefined": false
            }
        ],
        "isTemplate": false,
        "count": 0,
        "updated": 1560155628
    },
    {
        "id": "db6fe175-efcd-0dff-ad72-40ea38464c1e",
        "data": [
            {
                "text": "I would really want to be informed about the situation of the auditoriums please",
                "userDefined": false
            }
        ],
        "isTemplate": false,
        "count": 0,
        "updated": 1560155628
    },
    {
        "id": "b59ce6a8-2b0e-7627-ab54-603beacf2c61",
        "data": [
            {
                "text": "where will be placed merc auditorium",
                "userDefined": false
            }
        ],
        "isTemplate": false,
        "count": 0,
        "updated": 1560155628
    },
    {
        "id": "29a17847-af9f-b314-66e8-f9ffd1d031f6",
        "data": [
            {
                "text": "can you please tell me about the place of the auditoriums",
                "userDefined": false
            }
        ],
        "isTemplate": false,
        "count": 0,
        "updated": 1560155628
    },
    {
        "id": "05782616-7ec6-7808-6602-679854d2f1ba",
        "data": [
            {
                "text": "what would I have to do to go to auditorium erasme",
                "userDefined": false
            }
        ],
        "isTemplate": false,
        "count": 0,
        "updated": 1560155628
    },
    {
        "id": "3f3e96a4-6454-80c5-9446-4e6ad240e66b",
        "data": [
            {
                "text": "where will be eras auditoriums",
                "userDefined": false
            }
        ],
        "isTemplate": false,
        "count": 0,
        "updated": 1560155628
    },
    {
        "id": "1cf33eeb-af14-347f-1d9a-38c9652db6f9",
        "data": [
            {
                "text": "where would be situated auditorium MERC",
                "userDefined": false
            }
        ],
        "isTemplate": false,
        "count": 0,
        "updated": 1560155628
    },
    {
        "id": "136ebcea-c225-693d-ca3f-c132c844ceb0",
        "data": [
            {
                "text": "where is the amphitheatre sciences",
                "userDefined": false
            }
        ],
        "isTemplate": false,
        "count": 0,
        "updated": 1560155628
    },
    {
        "id": "bb839e63-3575-769d-e35c-d18a2a99e072",
        "data": [
            {
                "text": "I need to get to Agora auditoria",
                "userDefined": false
            }
        ],
        "isTemplate": false,
        "count": 0,
        "updated": 1560155628
    },
    {
        "id": "dadbfb21-2e8c-2e8e-1c37-e2345e384b4a",
        "data": [
            {
                "text": "where is sciences auditorium",
                "userDefined": false
            }
        ],
        "isTemplate": false,
        "count": 0,
        "updated": 1560155628
    },
    {
        "id": "7a0b94d3-fe5c-0c1d-7b7c-1039a2e15851",
        "data": [
            {
                "text": "I need to get to the LECL amphitheatres",
                "userDefined": false
            }
        ],
        "isTemplate": false,
        "count": 0,
        "updated": 1560155628
    },
    {
        "id": "010c05c8-dc0c-a8b9-06a3-d6e86a60132b",
        "data": [
            {
                "text": "are there a plan of the auditoriums",
                "userDefined": false
            }
        ],
        "isTemplate": false,
        "count": 0,
        "updated": 1560155628
    },
    {
        "id": "424b60e2-6d67-b8eb-857b-5042bc5d59b8",
        "data": [
            {
                "text": "how do I get to amphitheaters sud",
                "userDefined": false
            }
        ],
        "isTemplate": false,
        "count": 0,
        "updated": 1560155628
    },
    {
        "id": "4c08b25c-e57d-f49c-caa9-00222442d77c",
        "data": [
            {
                "text": "where'll be placed the amphitheaters A",
                "userDefined": false
            }
        ],
        "isTemplate": false,
        "count": 0,
        "updated": 1560155628
    },
    {
        "id": "b98defd0-6bf0-6125-728e-dbe8d1e3ba27",
        "data": [
            {
                "text": "info on the spot of the amphitheatres",
                "userDefined": false
            }
        ],
        "isTemplate": false,
        "count": 0,
        "updated": 1560155628
    }
]